yapim_id,yapim_adi,yapim_turu,tur,yonetmen,yapimci,yapim_yili,produksiyon_sirketi,oyuncular,lokasyon_id,lokasyon_adi,sehir,ilce,lat,lon,koordinat,turizm_potansiyeli,ziyaret_durumu,populer_aktiviteler,gorsel_url,sahne_bilgisi
258,Dönence (dizi),Dizi,Romantik,Serdar Gözelekli,Ali Cengiz Deveci,2023.0,D Media,"Emre Kınay, Caner Topçu",301,Halfeti (Eski),Şanlıurfa,Halfeti,37.247,37.868,"37.247, 37.868",Çok Yüksek,Kısmi Açık,Tekne Turu,https://gorsel-linki.com/halfeti.jpg,Gizlenen geçmişin yaşandığı sahil kasabası (Flashback)
258,Dönence (dizi),Dizi,Romantik,Serdar Gözelekli,Ali Cengiz Deveci,2023.0,D Media,"Emre Kınay, Caner Topçu",170,Balat Sokakları,İstanbul,Fatih,41.031,28.947,"41.031, 28.947",Yüksek,Açık,Cafe-Kültür Gezisi,https://gorsel-linki.com/balat.jpg,Karakterlerin yeni hayatlarını kurduğu mahalle
258,Dönence (dizi),Dizi,Romantik,Serdar Gözelekli,Ali Cengiz Deveci,2023.0,D Media,"Emre Kınay, Caner Topçu",286,Konak Meydanı,İzmir,Konak,38.418,27.128,"38.418, 27.128",Yüksek,Açık,Tarihi Gezi,https://gorsel-linki.com/konak.jpg,Şehirler arası geçiş sahneleri
837,Zapping Ailesi,Dizi,Dram,Bilinmiyor,Bilinmiyor,2001.0,Bilinmiyor,Bilinmiyor,134,Kapadokya Peribacaları,Nevşehir,Ürgüp,38.63,34.912,"38.630, 34.912",Çok Yüksek,Açık,"Balon Turu, Fotoğraf",https://gorsel-linki.com/kapadokya.jpg,Dizinin başladığı masalsı atmosfer
837,Zapping Ailesi,Dizi,Dram,Bilinmiyor,Bilinmiyor,2001.0,Bilinmiyor,Bilinmiyor,135,Mustafapaşa Köyü,Nevşehir,Ürgüp,38.584,34.897,"38.584, 34.897",Orta,Açık,Kültür Gezisi,https://gorsel-linki.com/mustafapasa.jpg,Ana konak ve aile evinin bulunduğu köy
837,Zapping Ailesi,Dizi,Dram,Bilinmiyor,Bilinmiyor,2001.0,Bilinmiyor,Bilinmiyor,170,Balat Sokakları,İstanbul,Fatih,41.031,28.947,"41.031, 28.947",Yüksek,Açık,Cafe-Kültür Gezisi,https://gorsel-linki.com/balat.jpg,İstanbul sahneleri ve kaçış rotası
528,,,,,,,,,134,Kapadokya Peribacaları,Nevşehir,Ürgüp,38.63,34.912,"38.630, 34.912",Çok Yüksek,Açık,"Balon Turu, Fotoğraf",https://gorsel-linki.com/kapadokya.jpg,Maria ve Mustafa'nın ilk tanıştığı vadiler
528,,,,,,,,,135,Mustafapaşa Köyü,Nevşehir,Ürgüp,38.584,34.897,"38.584, 34.897",Orta,Açık,Kültür Gezisi,https://gorsel-linki.com/mustafapasa.jpg,Candemir ailesinin tarihi taş konağı
528,,,,,,,,,74,Eğirdir Gölü,Isparta,Eğirdir,37.873,30.852,"37.873, 30.852",Orta,Açık,"Doğa Yürüyüşü, Balıkçılık",https://gorsel-linki.com/egirdir.jpg,Dış çekimler ve kaçış sahneleri
104,Aşk ve Mavi,Dizi,Dram,Hakan Arslan,Mehmet Yiğit Alp,2016.0,NTC Medya,"Emrah, Burcu Kıratlı",134,Kapadokya Peribacaları,Nevşehir,Ürgüp,38.63,34.912,"38.630, 34.912",Çok Yüksek,Açık,"Balon Turu, Fotoğraf",https://gorsel-linki.com/kapadokya.jpg,Görele ve Ürgüp genelindeki açık hava çekimleri
104,Aşk ve Mavi,Dizi,Dram,Hakan Arslan,Mehmet Yiğit Alp,2016.0,NTC Medya,"Emrah, Burcu Kıratlı",135,Mustafapaşa Köyü,Nevşehir,Ürgüp,38.584,34.897,"38.584, 34.897",Orta,Açık,Kültür Gezisi,https://gorsel-linki.com/mustafapasa.jpg,Mavi ve Ali'nin ana çekim platosu olan konak
104,Aşk ve Mavi,Dizi,Dram,Hakan Arslan,Mehmet Yiğit Alp,2016.0,NTC Medya,"Emrah, Burcu Kıratlı",74,Eğirdir Gölü,Isparta,Eğirdir,37.873,30.852,"37.873, 30.852",Orta,Açık,"Doğa Yürüyüşü, Balıkçılık",https://gorsel-linki.com/egirdir.jpg,Duygusal geçiş sahnelerindeki doğa manzaraları
367,Hareket Sekiz,Film,Gerilim/Suç,Ali Yorgancıoğlu,Levent Cengizhan,2019.0,Dada Vision,"{{Yalın liste, , * Ali Sunal, * Onur Atilla, * Sarp Bozkurt, * Devrim Yakut, * Gürgen Öz, * Bihter Dinçel, * Hakan Bilgin, * Hande Katipoğlu, * Aykut Taşkın",97,Mardin Eski Şehir,Mardin,Artuklu,37.312,40.735,"37.312, 40.735",Çok Yüksek,Açık,Mimari Fotoğrafçılık,https://gorsel-linki.com/mardin.jpg,Hikayenin başladığı töre temalı Mardin evleri
367,Hareket Sekiz,Film,Gerilim/Suç,Ali Yorgancıoğlu,Levent Cengizhan,2019.0,Dada Vision,"{{Yalın liste, , * Ali Sunal, * Onur Atilla, * Sarp Bozkurt, * Devrim Yakut, * Gürgen Öz, * Bihter Dinçel, * Hakan Bilgin, * Hande Katipoğlu, * Aykut Taşkın",170,Balat Sokakları,İstanbul,Fatih,41.031,28.947,"41.031, 28.947",Yüksek,Açık,Cafe-Kültür Gezisi,https://gorsel-linki.com/balat.jpg,Ailenin İstanbul'a göç ettikten sonra yerleştiği semt
367,Hareket Sekiz,Film,Gerilim/Suç,Ali Yorgancıoğlu,Levent Cengizhan,2019.0,Dada Vision,"{{Yalın liste, , * Ali Sunal, * Onur Atilla, * Sarp Bozkurt, * Devrim Yakut, * Gürgen Öz, * Bihter Dinçel, * Hakan Bilgin, * Hande Katipoğlu, * Aykut Taşkın",286,Konak Meydanı,İzmir,Konak,38.418,27.128,"38.418, 27.128",Yüksek,Açık,Tarihi Gezi,https://gorsel-linki.com/konak.jpg,Kentsel dönüşüm temalı dış çekimler
791,Yalancı Yarim (dizi),Dizi,Romantik,Özer Kızıltan,Bilinmiyor,2006.0,FM Yapım,"Barış Akarsu, Merve Sevi",138,Yer Gök Aşk Konağı (Hancıoğlu Konağı),Nevşehir,Ürgüp,38.632,34.915,"38.632, 34.915",Yüksek,Ziyarete Açık,"Müze Gezisi, Fotoğraf",https://gorsel-linki.com/yergokask.jpg,Hancıoğlu ailesinin yaşadığı ana merkez konak
791,Yalancı Yarim (dizi),Dizi,Romantik,Özer Kızıltan,Bilinmiyor,2006.0,FM Yapım,"Barış Akarsu, Merve Sevi",134,Kapadokya Peribacaları,Nevşehir,Ürgüp,38.63,34.912,"38.630, 34.912",Çok Yüksek,Açık,"Balon Turu, Fotoğraf",https://gorsel-linki.com/kapadokya.jpg,Havva ve Toprak karakterlerinin dertleştiği vadiler
791,Yalancı Yarim (dizi),Dizi,Romantik,Özer Kızıltan,Bilinmiyor,2006.0,FM Yapım,"Barış Akarsu, Merve Sevi",135,Mustafapaşa Köyü,Nevşehir,Ürgüp,38.584,34.897,"38.584, 34.897",Orta,Açık,Kültür Gezisi,https://gorsel-linki.com/mustafapasa.jpg,Kasaba merkezi ve genel dış çekimler
73,Asmalı Konak,Dizi,Dram,Çağan Irmak,Abdullah Oğuz,2002.0,ANS Productions,"Özcan Deniz, Nurgül Yeşilçay",136,Old Greek House (Asmalı Konak),Nevşehir,Mustafapaşa,38.583,34.899,"38.583, 34.899",Çok Yüksek,Müze/Restoran,Tarihi Konak Gezisi,https://gorsel-linki.com/asmalikonak.jpg,Seymen Ağa ve Bahar'ın yaşadığı efsanevi konak
73,Asmalı Konak,Dizi,Dram,Çağan Irmak,Abdullah Oğuz,2002.0,ANS Productions,"Özcan Deniz, Nurgül Yeşilçay",134,Kapadokya Peribacaları,Nevşehir,Ürgüp,38.63,34.912,"38.630, 34.912",Çok Yüksek,Açık,"Balon Turu, Fotoğraf",https://gorsel-linki.com/kapadokya.jpg,Kapadokya genel manzaraları ve dış çekimler
73,Asmalı Konak,Dizi,Dram,Çağan Irmak,Abdullah Oğuz,2002.0,ANS Productions,"Özcan Deniz, Nurgül Yeşilçay",135,Mustafapaşa Köyü,Nevşehir,Ürgüp,38.584,34.897,"38.584, 34.897",Orta,Açık,Kültür Gezisi,https://gorsel-linki.com/mustafapasa.jpg,Köy sahneleri ve yerel halkın toplandığı meydanlar
872,Ölmüş Bir Koyunu Değerlendirmenin 37 Yolu,Film,Belgesel,Ben Hopkins,Bilinmiyor,2006.0,Bilinmiyor,"Sereban Aslan, Süleyman Atanisev",260,Çengelköy Sahili,İstanbul,Üsküdar,41.05,29.052,"41.050, 29.052",Yüksek,Açık,"Çay Bahçesi, Yürüyüş",https://gorsel-linki.com/cengelkoy.jpg,Ana karakterlerin deniz kenarındaki hesaplaşma sahneleri
872,Ölmüş Bir Koyunu Değerlendirmenin 37 Yolu,Film,Belgesel,Ben Hopkins,Bilinmiyor,2006.0,Bilinmiyor,"Sereban Aslan, Süleyman Atanisev",257,Zekeriyaköy Villaları,İstanbul,Sarıyer,41.205,29.028,"41.205, 29.028",Düşük,Özel Mülk,Konut Projeleri İnceleme,https://gorsel-linki.com/zekeriyakoy.jpg,İstanbul'daki lüks yaşam ve entrikaların döndüğü villalar
872,Ölmüş Bir Koyunu Değerlendirmenin 37 Yolu,Film,Belgesel,Ben Hopkins,Bilinmiyor,2006.0,Bilinmiyor,"Sereban Aslan, Süleyman Atanisev",286,Konak Meydanı,İzmir,Konak,38.418,27.128,"38.418, 27.128",Yüksek,Açık,Tarihi Gezi,https://gorsel-linki.com/konak.jpg,İzmir bağlantılı geçmiş sahneleri ve liman
841,Zübük (film),Film,Komedi,Kartal Tibet,Türker İnanoğlu,1981.0,Erler Film,"Kemal Sunal, Nevra Serezli, Bülent Kayabaş",171,Balat/Ayvansaray Sokakları (Çukur),İstanbul,Fatih,41.034,28.941,"41.034, 28.941",Çok Yüksek,Açık,"Dizi Turu, Duvar Yazısı Avı",https://gorsel-linki.com/cukur-balat.jpg,Çukur mahallesinin kalbi olan sokaklar ve kahvehane
841,Zübük (film),Film,Komedi,Kartal Tibet,Türker İnanoğlu,1981.0,Erler Film,"Kemal Sunal, Nevra Serezli, Bülent Kayabaş",170,Balat Sokakları,İstanbul,Fatih,41.031,28.947,"41.031, 28.947",Yüksek,Açık,Cafe-Kültür Gezisi,https://gorsel-linki.com/balat.jpg,Yan mahalle çatışmaları ve genel Haliç çevresi
841,Zübük (film),Film,Komedi,Kartal Tibet,Türker İnanoğlu,1981.0,Erler Film,"Kemal Sunal, Nevra Serezli, Bülent Kayabaş",257,Zekeriyaköy Villaları,İstanbul,Sarıyer,41.205,29.028,"41.205, 29.028",Düşük,Özel Mülk,Konut Projeleri İnceleme,https://gorsel-linki.com/zekeriyakoy.jpg,Koçovalı ailesinin gizli buluşma ve sığınma noktaları
115,Baba Candır,Dizi,Komedi,Yusuf Pirhasan,Faruk Bayhan,2015.0,MF Yapım,"Settar Tanrıöğen, Uraz Kaygılaroğlu",260,Çengelköy Sahili,İstanbul,Üsküdar,41.05,29.052,"41.050, 29.052",Yüksek,Açık,"Çay Bahçesi, Yürüyüş",https://gorsel-linki.com/cengelkoy.jpg,Salih Usta'nın fırınının bulunduğu mahalle atmosferi
115,Baba Candır,Dizi,Komedi,Yusuf Pirhasan,Faruk Bayhan,2015.0,MF Yapım,"Settar Tanrıöğen, Uraz Kaygılaroğlu",219,Kuzguncuk Evleri,İstanbul,Üsküdar,41.037,29.03,"41.037, 29.030",Yüksek,Açık,"Fotoğrafçılık, Nostalji Gezisi",https://gorsel-linki.com/kuzguncuk.jpg,Kuzguncuk'taki samimi mahalle ve komşu ilişkileri
115,Baba Candır,Dizi,Komedi,Yusuf Pirhasan,Faruk Bayhan,2015.0,MF Yapım,"Settar Tanrıöğen, Uraz Kaygılaroğlu",170,Balat Sokakları,İstanbul,Fatih,41.031,28.947,"41.031, 28.947",Yüksek,Açık,Cafe-Kültür Gezisi,https://gorsel-linki.com/balat.jpg,Karakterlerin iş yerleri ve şehir içindeki komik maceraları
502,Küçük Kadınlar,Dizi,Dram,Hakan Arslan (Yönetmen),Ayşe Durmaz (Yapımcı),2008.0,D Productions,"Özge Borak, Hande Soral, Fulya Zenginer, Ekin Türkmen, Elit İşcan, Selin Ilgar, Ali İl, Birsen Dürülü, Ahmet Tansu Taşanlar, Nur Hayat Boz, Kıvanç Kasabalı, Ahmet Levendoğlu, Burak Sağyaşar, Simge Selçuk, Hülya Şen, Cevdet Arıcılar Ayşegül Günay, Duygu Keser, Emre Tetikel, Kemal Pekser",134,Kapadokya Peribacaları,Nevşehir,Ürgüp,38.63,34.912,"38.630, 34.912",Çok Yüksek,Açık,"Balon Turu, Fotoğraf",https://gorsel-linki.com/kapadokya.jpg,Candan Ağa ve ailesinin hikayesinin geçtiği Kapadokya platosu
502,Küçük Kadınlar,Dizi,Dram,Hakan Arslan (Yönetmen),Ayşe Durmaz (Yapımcı),2008.0,D Productions,"Özge Borak, Hande Soral, Fulya Zenginer, Ekin Türkmen, Elit İşcan, Selin Ilgar, Ali İl, Birsen Dürülü, Ahmet Tansu Taşanlar, Nur Hayat Boz, Kıvanç Kasabalı, Ahmet Levendoğlu, Burak Sağyaşar, Simge Selçuk, Hülya Şen, Cevdet Arıcılar Ayşegül Günay, Duygu Keser, Emre Tetikel, Kemal Pekser",135,Mustafapaşa Köyü,Nevşehir,Ürgüp,38.584,34.897,"38.584, 34.897",Orta,Açık,Kültür Gezisi,https://gorsel-linki.com/mustafapasa.jpg,Dönemin kırsal sahneleri ve kasaba yaşantısı
502,Küçük Kadınlar,Dizi,Dram,Hakan Arslan (Yönetmen),Ayşe Durmaz (Yapımcı),2008.0,D Productions,"Özge Borak, Hande Soral, Fulya Zenginer, Ekin Türkmen, Elit İşcan, Selin Ilgar, Ali İl, Birsen Dürülü, Ahmet Tansu Taşanlar, Nur Hayat Boz, Kıvanç Kasabalı, Ahmet Levendoğlu, Burak Sağyaşar, Simge Selçuk, Hülya Şen, Cevdet Arıcılar Ayşegül Günay, Duygu Keser, Emre Tetikel, Kemal Pekser",138,Yer Gök Aşk Konağı (Hancıoğlu Konağı),Nevşehir,Ürgüp,38.632,34.915,"38.632, 34.915",Yüksek,Ziyarete Açık,"Müze Gezisi, Fotoğraf",https://gorsel-linki.com/yergokask.jpg,Dizideki ana çekim merkezlerinden biri olan tarihi taş yapılar
347,Güneşi Gördüm,Film,Dram,Mahsun Kırmızıgül,Murat Tokat,2009.0,Boyut Film,"Mahsun Kırmızıgül, Demet Evgar",56,Karagöz ve Hacivat Anıtı ve Orman Köyleri,Bursa,Orhaneli,39.902,28.985,"39.902, 28.985",Yüksek,Açık,"Kültür Gezisi, Atölye",https://gorsel-linki.com/orhaneli.jpg,Bursa Orhaneli ve çevresindeki tarihi atmosfer sahneleri
347,Güneşi Gördüm,Film,Dram,Mahsun Kırmızıgül,Murat Tokat,2009.0,Boyut Film,"Mahsun Kırmızıgül, Demet Evgar",61,Tophane Yamaçları ve Tarihi Konaklar,Bursa,Osmangazi,40.188,29.061,"40.188, 29.061",Çok Yüksek,Açık,"Şehir Manzarası, Nostalji",https://gorsel-linki.com/tophane.jpg,Bursa şehir merkezindeki eski han ve hamam çekimleri
347,Güneşi Gördüm,Film,Dram,Mahsun Kırmızıgül,Murat Tokat,2009.0,Boyut Film,"Mahsun Kırmızıgül, Demet Evgar",217,Kundura Fabrikası Dönem Platosu,İstanbul,Beykoz,41.134,29.071,"41.134, 29.071",Çok Yüksek,Özel İzinle,Dönem Dizisi Turu,https://gorsel-linki.com/donem-platosu.jpg,Beykoz platolarında kurulan 14. yüzyıl Bursa sokakları
353,Güzel Köylü,Dizi,Komedi,Mustafa Şevki Doğan,Faruk Turgut,2014.0,Gold Film,"Gizem Karaca, Berk Cankat",75,Eğirdir Gölü ve Tarihi Halı Atölyeleri,Isparta,Eğirdir,37.873,30.851,"37.873, 30.851",Yüksek,Açık,"Halı Dokuma Gözlemi, Göl Turu",https://gorsel-linki.com/egirdir.jpg,Gül'ün Isparta Eğirdir'deki halı dokuma ve köy sahneleri
353,Güzel Köylü,Dizi,Komedi,Mustafa Şevki Doğan,Faruk Turgut,2014.0,Gold Film,"Gizem Karaca, Berk Cankat",87,İzmit Garı ve Tarihi Tren Rayları,Kocaeli,İzmit,40.762,29.919,"40.762, 29.919",Orta,Açık,"Ulaşım, Fotoğraf",https://gorsel-linki.com/izmit-gar.jpg,Isparta-İstanbul arası tren yolculuğu sahneleri
353,Güzel Köylü,Dizi,Komedi,Mustafa Şevki Doğan,Faruk Turgut,2014.0,Gold Film,"Gizem Karaca, Berk Cankat",170,Balat Sokakları,İstanbul,Fatih,41.031,28.947,"41.031, 28.947",Yüksek,Açık,Cafe-Kültür Gezisi,https://gorsel-linki.com/balat.jpg,İstanbul'daki tekstil atölyeleri ve şehir hayatı çekimleri
133,Baybora'nın Oğlu,Film,Aksiyon,Suat Yalaz,Suat Yalaz,1966.0,Olcay Prodüksiyon,"Kartal Tibet, Emel Turgut, Reha Yurdakul",134,Kapadokya Peribacaları,Nevşehir,Ürgüp,38.63,34.912,"38.630, 34.912",Çok Yüksek,Açık,"Balon Turu, Fotoğraf",https://gorsel-linki.com/kapadokya.jpg,Karaoğlan'ın Bizans ve Moğol ordularıyla Kapadokya vadilerindeki savaş sahneleri
133,Baybora'nın Oğlu,Film,Aksiyon,Suat Yalaz,Suat Yalaz,1966.0,Olcay Prodüksiyon,"Kartal Tibet, Emel Turgut, Reha Yurdakul",133,Kapadokya Kayalıkları ve Vadiler,Nevşehir,Avanos,38.715,34.843,"38.715, 34.843",Çok Yüksek,Açık,"At Binme, Yürüyüş",https://gorsel-linki.com/avanos.jpg,Avanos ve çevresindeki tarihi kale ve mağara çekimleri
133,Baybora'nın Oğlu,Film,Aksiyon,Suat Yalaz,Suat Yalaz,1966.0,Olcay Prodüksiyon,"Kartal Tibet, Emel Turgut, Reha Yurdakul",140,Ürgüp Şehir Merkezi,Nevşehir,Ürgüp,38.63,34.912,"38.630, 34.912",Çok Yüksek,Açık,"Alışveriş, Kültür Turu",https://gorsel-linki.com/urgup.jpg,Genel dış mekan ve Orta Asya atmosferini yansıtan bozkır sahneleri
179,"Bir Varmış Bir Yokmuş (dizi, 2008)",Dizi,Dram,Bülent İşbilen,Necati Akpınar,2008.0,BKM,"Ahmet Mekin, Onur Ünsal, Şahika Koldemir",10,Varda Köprüsü ve Karaisalı Platoları,Adana,Çukurova,37.243,34.976,"37.243, 34.976",Çok Yüksek,Açık,"Tren İzleme, Tarih Gezisi",https://gorsel-linki.com/varda-adana.jpg,Yamanlar Çiftliği ve Adana Çukurova'nın uçsuz bucaksız pamuk tarlaları
179,"Bir Varmış Bir Yokmuş (dizi, 2008)",Dizi,Dram,Bülent İşbilen,Necati Akpınar,2008.0,BKM,"Ahmet Mekin, Onur Ünsal, Şahika Koldemir",2,Adana Tren Garı,Adana,Seyhan,36.999,35.321,"36.999, 35.321",Yüksek,Açık,"Mimari Gezi, Ulaşım",https://gorsel-linki.com/adana-gar.jpg,Adana şehir merkezi ve 1970'lerin atmosferini yansıtan çarşı sahneleri
179,"Bir Varmış Bir Yokmuş (dizi, 2008)",Dizi,Dram,Bülent İşbilen,Necati Akpınar,2008.0,BKM,"Ahmet Mekin, Onur Ünsal, Şahika Koldemir",9,Varda Köprüsü (Alman Köprüsü),Adana,Karaisalı,37.243,34.976,"37.243, 34.976",Yüksek,Açık,"Mimari Gözlem, Tren İzleme",https://gorsel-linki.com/varda.jpg,İkonik tren ve köprü sahneleri (Varda Köprüsü)
561,,,,,,,,,129,İztuzu Plajı ve Kral Mezarları Hattı,Muğla,Dalyan,36.791,28.621,"36.791, 28.621",Çok Yüksek,Açık,"Tekne Turu, Caretta Gözlemi",https://gorsel-linki.com/dalyan.jpg,Nadide Hanım'ın üniversite sonrası katıldığı Dalyan mavi tur sahneleri
561,,,,,,,,,128,Ölüdeniz ve Kelebekler Vadisi Hattı,Muğla,Fethiye,36.548,29.126,"36.548, 29.126",Çok Yüksek,Açık,"Paragliding, Manzara",https://gorsel-linki.com/oludeniz.jpg,Fethiye ve Ölüdeniz çevresindeki sualtı ve tekne çekimleri
561,,,,,,,,,173,Bebek Sahil Şeridi,İstanbul,Beşiktaş,41.076,29.043,"41.076, 29.043",Çok Yüksek,Açık,"Yürüyüş, Lüks Kafe Kültürü",https://gorsel-linki.com/bebek.jpg,İstanbul sahneleri ve başlangıç sekansları
266,Ekşi Elmalar,Film,Komedi,Yılmaz Erdoğan,Necati Akpınar,2016.0,BKM,"Yılmaz Erdoğan, Farah Zeynep Abdullah",46,Doğanbey Köyü (Eski Domatia),Aydın,Söke,37.618,27.214,"37.618, 27.214",Çok Yüksek,Açık,"Taş Ev Gezisi, Fotoğraf",https://gorsel-linki.com/doganbey.jpg,Aydın Söke Doğanbey köyündeki termal santral protestosu ve köy sahneleri
266,Ekşi Elmalar,Film,Komedi,Yılmaz Erdoğan,Necati Akpınar,2016.0,BKM,"Yılmaz Erdoğan, Farah Zeynep Abdullah",273,Alaçatı Sokakları ve Taş Evler,İzmir,Çeşme,38.283,26.374,"38.283, 26.374",Çok Yüksek,Açık,"Sörf, Butik Otel Gezisi",https://gorsel-linki.com/alacati.jpg,Muğla-Aydın hattındaki Ege kasabası atmosferi çekimleri
266,Ekşi Elmalar,Film,Komedi,Yılmaz Erdoğan,Necati Akpınar,2016.0,BKM,"Yılmaz Erdoğan, Farah Zeynep Abdullah",296,Urla Bağ Yolları ve Taş Konaklar,İzmir,Urla,38.324,26.764,"38.324, 26.764",Yüksek,Açık,"Gastronomi, Bağ Gezisi",https://gorsel-linki.com/urla.jpg,Doğal tarım ve çevre bilinci temalı dış mekan çekimleri
443,Kayıp Kral,Film,Dram,"Peter Brosens, Jessica Woodworth","Peter Brosens, Jessica Woodworth",2014.0,"ülke = Belçika, Hollanda, Bulgaristan",Peter Van den Begin,279,Birgi Tarihi Köy Meydanı,İzmir,Ödemiş,38.257,28.066,"38.257, 28.066",Yüksek,Açık,"Tarih Gezisi, Gastronomi",https://gorsel-linki.com/birgi-meydan.jpg,İzmir Ödemiş/Birgi çevresindeki köy hayatı ve komedi sahneleri
443,Kayıp Kral,Film,Dram,"Peter Brosens, Jessica Woodworth","Peter Brosens, Jessica Woodworth",2014.0,"ülke = Belçika, Hollanda, Bulgaristan",Peter Van den Begin,286,Konak Meydanı,İzmir,Konak,38.418,27.128,"38.418, 27.128",Yüksek,Açık,Tarihi Gezi,https://gorsel-linki.com/konak.jpg,İzmir genelindeki dış çekimler ve çarşı sahneleri
443,Kayıp Kral,Film,Dram,"Peter Brosens, Jessica Woodworth","Peter Brosens, Jessica Woodworth",2014.0,"ülke = Belçika, Hollanda, Bulgaristan",Peter Van den Begin,33,Antalya Havalimanı Çevresi,Antalya,Muratpaşa,36.9,30.792,"36.900, 30.792",Düşük,Açık,Ulaşım,https://gorsel-linki.com/havalimani.jpg,Yol ve ulaşım sekansları
851,Çarpışma,Dizi,Gerilim/Suç,"Uluç Bayraktar (1-6, 10-24)Ahmet Katıksız (7-9)Ufuk Hakan Eren (7-9) (Yönetmen)",Kerem ÇatayPelin Diştaş (Yapımcı),2018.0,Ay Yapım,"Kıvanç Tatlıtuğ, Elçin Sangu, Onur Saylak, Melisa Aslı Pamuk, Alperen Duymaz",170,Balat Sokakları,İstanbul,Fatih,41.031,28.947,"41.031, 28.947",Yüksek,Açık,Cafe-Kültür Gezisi,https://gorsel-linki.com/balat.jpg,Cüneyt Arkın'ın İstanbul sokaklarındaki intikam ve dövüş sahneleri
851,Çarpışma,Dizi,Gerilim/Suç,"Uluç Bayraktar (1-6, 10-24)Ahmet Katıksız (7-9)Ufuk Hakan Eren (7-9) (Yönetmen)",Kerem ÇatayPelin Diştaş (Yapımcı),2018.0,Ay Yapım,"Kıvanç Tatlıtuğ, Elçin Sangu, Onur Saylak, Melisa Aslı Pamuk, Alperen Duymaz",264,Üsküdar İskelesi ve Çevresi,İstanbul,Üsküdar,41.027,29.015,"41.027, 29.015",Çok Yüksek,Açık,"Vapur Gezisi, Manzara",https://gorsel-linki.com/uskudar.jpg,Liman ve depo bölgelerindeki aksiyon çekimleri
851,Çarpışma,Dizi,Gerilim/Suç,"Uluç Bayraktar (1-6, 10-24)Ahmet Katıksız (7-9)Ufuk Hakan Eren (7-9) (Yönetmen)",Kerem ÇatayPelin Diştaş (Yapımcı),2018.0,Ay Yapım,"Kıvanç Tatlıtuğ, Elçin Sangu, Onur Saylak, Melisa Aslı Pamuk, Alperen Duymaz",266,İstanbul Çağlayan Adliyesi,İstanbul,Kağıthane,41.082,28.981,"41.082, 28.981",Düşük,Kısıtlı (Resmi Kurum),Gözlem,https://gorsel-linki.com/adliye.jpg,Mahkeme ve cezaevi atmosferi sahneleri
47,Allah Allah (film),Film,Dram,Bilinmiyor,Bilinmiyor,1975.0,Bilinmiyor,Bilinmiyor,2,Adana Tren Garı,Adana,Seyhan,36.999,35.321,"36.999, 35.321",Yüksek,Açık,"Mimari Gezi, Ulaşım",https://gorsel-linki.com/adana-gar.jpg,İbrahim Tatlıses'in Adana konser ve şehir içi macera sahneleri
47,Allah Allah (film),Film,Dram,Bilinmiyor,Bilinmiyor,1975.0,Bilinmiyor,Bilinmiyor,4,Adana Şehir Hastanesi ve Çevresi,Adana,Yüreğir,37.016,35.361,"37.016, 35.361",Düşük,Kısıtlı,Gözlem,https://gorsel-linki.com/adana-sehir.jpg,Adana mahalle kültürü ve dostluk sahneleri
47,Allah Allah (film),Film,Dram,Bilinmiyor,Bilinmiyor,1975.0,Bilinmiyor,Bilinmiyor,170,Balat Sokakları,İstanbul,Fatih,41.031,28.947,"41.031, 28.947",Yüksek,Açık,Cafe-Kültür Gezisi,https://gorsel-linki.com/balat.jpg,İstanbul bağlantılı stüdyo ve müzik dünyası çekimleri
267,Elbet Bir Gün,Dizi,Romantik,Gül Oğuz,Gül Oğuz,2021.0,Most Production,"Sinem Ünsal, Şebnem Bozoklu",170,Balat Sokakları,İstanbul,Fatih,41.031,28.947,"41.031, 28.947",Yüksek,Açık,Cafe-Kültür Gezisi,https://gorsel-linki.com/balat.jpg,İstanbul'un gece hayatı ve polisiye aksiyon sahneleri
267,Elbet Bir Gün,Dizi,Romantik,Gül Oğuz,Gül Oğuz,2021.0,Most Production,"Sinem Ünsal, Şebnem Bozoklu",173,Bebek Sahil Şeridi,İstanbul,Beşiktaş,41.076,29.043,"41.076, 29.043",Çok Yüksek,Açık,"Yürüyüş, Lüks Kafe Kültürü",https://gorsel-linki.com/bebek.jpg,Sahil şeridindeki takip ve çatışma sekansları
267,Elbet Bir Gün,Dizi,Romantik,Gül Oğuz,Gül Oğuz,2021.0,Most Production,"Sinem Ünsal, Şebnem Bozoklu",222,Levent ve Maslak İş Merkezleri,İstanbul,Beşiktaş,41.077,29.012,"41.077, 29.012",Orta,Açık,Şehir Gezisi,https://gorsel-linki.com/levent.jpg,Modern ofis ve holding binaları çekimleri
500,Küçük Besleme,Dizi,Dram,Tunca Yönder (Yönetmen),Tunca Yönder (Yapımcı),1999.0,"Yeni Yapımlar Yönder Ltd, Şti.","Tomris Oğuzalp, Nur Kulakoğlu, Esmeray, Gökhan Eğilmezbaş, Kuzey Vargın",146,Fırtına Deresi ve Taş Köprüler,Rize,Ardeşen,41.192,41.002,"41.192, 41.002",Çok Yüksek,Açık,"Rafting, Kültür Turu",https://gorsel-linki.com/firtina.jpg,Rize Fırtına Deresi ve çevresindeki su mücadelesi sahneleri
500,Küçük Besleme,Dizi,Dram,Tunca Yönder (Yönetmen),Tunca Yönder (Yapımcı),1999.0,"Yeni Yapımlar Yönder Ltd, Şti.","Tomris Oğuzalp, Nur Kulakoğlu, Esmeray, Gökhan Eğilmezbaş, Kuzey Vargın",148,Çamlıhemşin Konakları,Rize,Çamlıhemşin,41.045,41.062,"41.045, 41.062",Çok Yüksek,Açık,Yayla Turizmi,https://gorsel-linki.com/rize-konak.jpg,Karadeniz yayla evleri ve doğal yaşam sahneleri
500,Küçük Besleme,Dizi,Dram,Tunca Yönder (Yönetmen),Tunca Yönder (Yapımcı),1999.0,"Yeni Yapımlar Yönder Ltd, Şti.","Tomris Oğuzalp, Nur Kulakoğlu, Esmeray, Gökhan Eğilmezbaş, Kuzey Vargın",154,Sürmene Köyleri ve Yaylaları,Trabzon,Sürmene,40.91,40.118,"40.910, 40.118",Yüksek,Açık,"Doğa Fotoğrafçılığı, Gastronomi",https://gorsel-linki.com/surmene.jpg,Genel dış mekan ve çevre aktivizmi temalı çekimler
140,Ben Bu Cihana Sığmazam,Dizi,Aksiyon,Onur Tan,Oktay Kaynarca,2022.0,Güzel Adamlar,"Oktay Kaynarca, Ebru Özkan",185,Beyoğlu Arka Sokaklar ve Tarihi Apartmanlar,İstanbul,Beyoğlu,41.033,28.977,"41.033, 28.977",Çok Yüksek,Açık,"Kültür ve Sanat Turu, Gece Hayatı",https://gorsel-linki.com/beyoglu-sokak.jpg,Leman'ın Beyoğlu'ndaki dramatik yaşamı ve mahalle sahneleri
140,Ben Bu Cihana Sığmazam,Dizi,Aksiyon,Onur Tan,Oktay Kaynarca,2022.0,Güzel Adamlar,"Oktay Kaynarca, Ebru Özkan",170,Balat Sokakları,İstanbul,Fatih,41.031,28.947,"41.031, 28.947",Yüksek,Açık,Cafe-Kültür Gezisi,https://gorsel-linki.com/balat.jpg,İstanbul'un tarihi semtlerinde geçen dış çekimler
140,Ben Bu Cihana Sığmazam,Dizi,Aksiyon,Onur Tan,Oktay Kaynarca,2022.0,Güzel Adamlar,"Oktay Kaynarca, Ebru Özkan",173,Bebek Sahil Şeridi,İstanbul,Beşiktaş,41.076,29.043,"41.076, 29.043",Çok Yüksek,Açık,"Yürüyüş, Lüks Kafe Kültürü",https://gorsel-linki.com/bebek.jpg,Sahil şeridi ve modern İstanbul silüeti sahneleri
671,Sevda'nın Bahçesi,Dizi,Romantik,Emir Khalilzadeh (Yönetmen),Faruk Turgut (Yapımcı),2017.0,Gold Film,"Sibel Can, Emre Kınay, Begüm Kütük, Mehmet Bozdoğan",196,Eski İstanbul Mahalleleri ve Sokak Kültürü,İstanbul,Fatih,41.018,28.944,"41.018, 28.944",Yüksek,Açık,"Nostalji Gezisi, Sokak Lezzetleri",https://gorsel-linki.com/fatih-mahalle.jpg,Ali Poyrazoğlu ve Oya Başar'ın İstanbul sokaklarındaki müzikal ve dramatik sahneleri
671,Sevda'nın Bahçesi,Dizi,Romantik,Emir Khalilzadeh (Yönetmen),Faruk Turgut (Yapımcı),2017.0,Gold Film,"Sibel Can, Emre Kınay, Begüm Kütük, Mehmet Bozdoğan",170,Balat Sokakları,İstanbul,Fatih,41.031,28.947,"41.031, 28.947",Yüksek,Açık,Cafe-Kültür Gezisi,https://gorsel-linki.com/balat.jpg,Beyoğlu ve İstiklal Caddesi çevresindeki dış çekimler
671,Sevda'nın Bahçesi,Dizi,Romantik,Emir Khalilzadeh (Yönetmen),Faruk Turgut (Yapımcı),2017.0,Gold Film,"Sibel Can, Emre Kınay, Begüm Kütük, Mehmet Bozdoğan",239,Sirkeci Garı ve Çevresi,İstanbul,Fatih,41.014,28.977,"41.014, 28.977",Çok Yüksek,Açık,"Tarih Gezisi, Fotoğraf",https://gorsel-linki.com/sirkeci.jpg,Sirkeci ve Eminönü hattındaki nostaljik sahneler
551,Meleklerin Aşkı,Dizi,Komedi,Hamdi Alkan (Yönetmen),İnci Gündoğduİsmail Gündoğdu (Yapımcı),2018.0,Süreç Film,"Oya Başar, Berkay Hardal, Gülper Özdemir, Didem Balçın, Toygan Avanoğlu",301,Halfeti (Eski),Şanlıurfa,Halfeti,37.247,37.868,"37.247, 37.868",Çok Yüksek,Kısmi Açık,Tekne Turu,https://gorsel-linki.com/halfeti.jpg,Güneydoğu Anadolu atmosferini yansıtan dış mekan sahneleri
551,Meleklerin Aşkı,Dizi,Komedi,Hamdi Alkan (Yönetmen),İnci Gündoğduİsmail Gündoğdu (Yapımcı),2018.0,Süreç Film,"Oya Başar, Berkay Hardal, Gülper Özdemir, Didem Balçın, Toygan Avanoğlu",97,Mardin Eski Şehir,Mardin,Artuklu,37.312,40.735,"37.312, 40.735",Çok Yüksek,Açık,Mimari Fotoğrafçılık,https://gorsel-linki.com/mardin.jpg,Karakterlerin yaşadığı tarihi taş ev ve sokak çekimleri
551,Meleklerin Aşkı,Dizi,Komedi,Hamdi Alkan (Yönetmen),İnci Gündoğduİsmail Gündoğdu (Yapımcı),2018.0,Süreç Film,"Oya Başar, Berkay Hardal, Gülper Özdemir, Didem Balçın, Toygan Avanoğlu",140,Ürgüp Şehir Merkezi,Nevşehir,Ürgüp,38.63,34.912,"38.630, 34.912",Çok Yüksek,Açık,"Alışveriş, Kültür Turu",https://gorsel-linki.com/urgup.jpg,Genel dış mekan ve kasaba merkezi sahneleri
200,Bu Şehir Arkandan Gelecek,Dizi,Aksiyon,Çağrı Vila Lostuvalı (Yönetmen),Kerem Çatay (Yapımcı),2017.0,Ay Yapım,"Kerem Bürsin, Leyla Lydia Tuğutlu, Gürkan Uygun",116,Muğla Eski Şehir ve Tarihi Evler,Muğla,Menteşe,37.218,28.366,"37.218, 28.366",Çok Yüksek,Açık,"Kültür Gezisi, Fotoğrafçılık",https://gorsel-linki.com/mugla-arasta.jpg,Vardar ailesinin Muğla merkezdeki tarihi konağı ve şehir içi sahneleri
200,Bu Şehir Arkandan Gelecek,Dizi,Aksiyon,Çağrı Vila Lostuvalı (Yönetmen),Kerem Çatay (Yapımcı),2017.0,Ay Yapım,"Kerem Bürsin, Leyla Lydia Tuğutlu, Gürkan Uygun",123,Selimiye ve Bozburun Kıyıları,Muğla,Marmaris,36.708,28.093,"36.708, 28.093",Çok Yüksek,Açık,"Yat Turizmi, Sakinlik",https://gorsel-linki.com/selimiye.jpg,Marmaris ve çevresindeki lüks yaşam ve sahil çekimleri
200,Bu Şehir Arkandan Gelecek,Dizi,Aksiyon,Çağrı Vila Lostuvalı (Yönetmen),Kerem Çatay (Yapımcı),2017.0,Ay Yapım,"Kerem Bürsin, Leyla Lydia Tuğutlu, Gürkan Uygun",126,Yatağan Kırsalı ve Zeytinlikler,Muğla,Yatağan,37.341,28.133,"37.341, 28.133",Orta,Açık,"Doğa Yürüyüşü, Yerel Gözlem",https://gorsel-linki.com/yatagan-kirsal.jpg,Dizinin dramatik yapısını destekleyen Muğla kırsalı ve zeytinlik sahneleri
686,"Siyah Beyaz (film, 2010)",Film,Dram,Ahmet Boyacıoğlu,Ali Akman,2010.0,Akman Film,"Tuncel Kurtiz, Erkan Can, Nejat İşler",126,Yatağan Kırsalı ve Zeytinlikler,Muğla,Yatağan,37.341,28.133,"37.341, 28.133",Orta,Açık,"Doğa Yürüyüşü, Yerel Gözlem",https://gorsel-linki.com/yatagan-kirsal.jpg,Muğla Yatağan/Bozüyük (Güzelköy) çevresinde geçen komik olaylar ve köy meydanı sahneleri
686,"Siyah Beyaz (film, 2010)",Film,Dram,Ahmet Boyacıoğlu,Ali Akman,2010.0,Akman Film,"Tuncel Kurtiz, Erkan Can, Nejat İşler",116,Muğla Eski Şehir ve Tarihi Evler,Muğla,Menteşe,37.218,28.366,"37.218, 28.366",Çok Yüksek,Açık,"Kültür Gezisi, Fotoğrafçılık",https://gorsel-linki.com/mugla-arasta.jpg,Resmi daireler ve kasaba merkezi için kullanılan Muğla sahneleri
686,"Siyah Beyaz (film, 2010)",Film,Dram,Ahmet Boyacıoğlu,Ali Akman,2010.0,Akman Film,"Tuncel Kurtiz, Erkan Can, Nejat İşler",296,Urla Bağ Yolları ve Taş Konaklar,İzmir,Urla,38.324,26.764,"38.324, 26.764",Yüksek,Açık,"Gastronomi, Bağ Gezisi",https://gorsel-linki.com/urla.jpg,Ege'nin doğal dokusunu yansıtan dış mekan çekimleri
127,Bandırma Füze Kulübü (film),Film,Dram,Ömer Faruk Sorak,Mustafa Uslu,2021.0,Dijital Sanatlar,"Alina Boz, Deniz Can Aktaş, Erkan Kolçak Köstendil",51,Bandırma Sahil ve Eski Tren Garı Çevresi,Balıkesir,Bandırma,40.352,27.971,"40.352, 27.971",Yüksek,Açık,"Nostalji Turu, Fotoğraf",https://gorsel-linki.com/bandirma-sahil.jpg,Umut ve arkadaşlarının füze denemeleri yaptığı Bandırma sahili ve okul çevresi
127,Bandırma Füze Kulübü (film),Film,Dram,Ömer Faruk Sorak,Mustafa Uslu,2021.0,Dijital Sanatlar,"Alina Boz, Deniz Can Aktaş, Erkan Kolçak Köstendil",170,Balat Sokakları,İstanbul,Fatih,41.031,28.947,"41.031, 28.947",Yüksek,Açık,Cafe-Kültür Gezisi,https://gorsel-linki.com/balat.jpg,İstanbul bağlantılı resmi kurum ve mühendislik sahneleri
127,Bandırma Füze Kulübü (film),Film,Dram,Ömer Faruk Sorak,Mustafa Uslu,2021.0,Dijital Sanatlar,"Alina Boz, Deniz Can Aktaş, Erkan Kolçak Köstendil",140,Ürgüp Şehir Merkezi,Nevşehir,Ürgüp,38.63,34.912,"38.630, 34.912",Çok Yüksek,Açık,"Alışveriş, Kültür Turu",https://gorsel-linki.com/urgup.jpg,Genel dış çekimler ve dönem atmosferini yansıtan kasaba sahneleri
198,Bornova Bornova,Film,Dram,İnan Temelkuran,İnan Temelkuran,2009.0,Temelkuran Film,"Öner Erkan, Kadir Çermik, Damla Sönmez",58,Mudanya Eski Evleri ve Mütareke Meydanı,Bursa,Mudanya,40.375,28.883,"40.375, 28.883",Çok Yüksek,Açık,"Tarih Gezisi, Gastronomi",https://gorsel-linki.com/mudanya-mutareke.jpg,Cengiz Sezen'in 80'li yıllardaki Bursa/Mudanya sahneleri ve sahil çekimleri
198,Bornova Bornova,Film,Dram,İnan Temelkuran,İnan Temelkuran,2009.0,Temelkuran Film,"Öner Erkan, Kadir Çermik, Damla Sönmez",61,Tophane Yamaçları ve Tarihi Konaklar,Bursa,Osmangazi,40.188,29.061,"40.188, 29.061",Çok Yüksek,Açık,"Şehir Manzarası, Nostalji",https://gorsel-linki.com/tophane.jpg,Bursa şehir merkezindeki tarihi çay bahçesi ve kasetçi sahneleri
198,Bornova Bornova,Film,Dram,İnan Temelkuran,İnan Temelkuran,2009.0,Temelkuran Film,"Öner Erkan, Kadir Çermik, Damla Sönmez",60,Tarihi Cumalıkızık Köyü ve Taş Yollar,Bursa,Cumalıkızık,40.175,29.172,"40.175, 29.172",Çok Yüksek,Açık,"Köy Kahvaltısı, Dizi Turu",https://gorsel-linki.com/cumalikizik.jpg,Dönem atmosferini yansıtan tarihi sokak çekimleri
611,Perihan Abla,Dizi,Komedi,Yalçın Yelence (Yönetmen),Umur BugayGüner Namlı (Yapımcı),1986.0,İstanbul TVBugay Film,Perran Kutman Şevket Altuğ Tuluğ Çizgen Ercan Yazgan Cihat Tamer,31,Alanya Çiçek Bahçeleri ve Kalesi,Antalya,Alanya,36.544,31.991,"36.544, 31.991",Çok Yüksek,Açık,"Manzara İzleme, Tarih Turu",https://gorsel-linki.com/alanya.jpg,Karacaören Köyü (Bursa/Karacabey) çevresinde kurulan Kenya platosu sahneleri
611,Perihan Abla,Dizi,Komedi,Yalçın Yelence (Yönetmen),Umur BugayGüner Namlı (Yapımcı),1986.0,İstanbul TVBugay Film,Perran Kutman Şevket Altuğ Tuluğ Çizgen Ercan Yazgan Cihat Tamer,170,Balat Sokakları,İstanbul,Fatih,41.031,28.947,"41.031, 28.947",Yüksek,Açık,Cafe-Kültür Gezisi,https://gorsel-linki.com/balat.jpg,Filmin başlangıcındaki İstanbul şehir hayatı ve havalimanı sahneleri
611,Perihan Abla,Dizi,Komedi,Yalçın Yelence (Yönetmen),Umur BugayGüner Namlı (Yapımcı),1986.0,İstanbul TVBugay Film,Perran Kutman Şevket Altuğ Tuluğ Çizgen Ercan Yazgan Cihat Tamer,32,Antalya EXPO Alanı ve Stüdyolar,Antalya,Aksu,36.936,30.893,"36.936, 30.893",Yüksek,Ziyarete Açık,"Etkinlik, Fotoğrafçılık",https://gorsel-linki.com/expo-antalya.jpg,Bazı dış mekan sahil çekimleri için kullanılan bölgeler
748,Türk Malı,Dizi,Komedi,Tayfun Güneyer (Yönetmen),Ali Gündoğdu Mehmet Yiğit Alp (Yapımcı),2010.0,Kuzey Production,"Şafak Sezer, Binnur Kaya, Hazal Şenel, Barış Çelikkol, Özkan Uğur, Melek Baykal, Bekir Aksoy, Devin Özgür Çınar, Sinan Çalışkanoğlu",76,Tarihi Safranbolu Evleri ve Çarşısı,Karabük,Safranbolu,41.245,32.691,"41.245, 32.691",Çok Yüksek,Açık,"Kültür Turu, Tarihi Doku",https://gorsel-linki.com/safranbolu.jpg,Bulgar Ali ve ailesinin yerleştiği tarihi kasaba ve istasyon sahneleri
748,Türk Malı,Dizi,Komedi,Tayfun Güneyer (Yönetmen),Ali Gündoğdu Mehmet Yiğit Alp (Yapımcı),2010.0,Kuzey Production,"Şafak Sezer, Binnur Kaya, Hazal Şenel, Barış Çelikkol, Özkan Uğur, Melek Baykal, Bekir Aksoy, Devin Özgür Çınar, Sinan Çalışkanoğlu",73,Barla Dağları (Karabel Mevkii),Isparta,Eğirdir,38.012,30.725,"38.012, 30.725",Düşük,Kısıtlı (Zorlu Arazi),Doğa Yürüyüşü,https://gorsel-linki.com/barla.jpg,Kütahya ve çevresindeki demiryolu hattı ve doğa çekimleri
748,Türk Malı,Dizi,Komedi,Tayfun Güneyer (Yönetmen),Ali Gündoğdu Mehmet Yiğit Alp (Yapımcı),2010.0,Kuzey Production,"Şafak Sezer, Binnur Kaya, Hazal Şenel, Barış Çelikkol, Özkan Uğur, Melek Baykal, Bekir Aksoy, Devin Özgür Çınar, Sinan Çalışkanoğlu",140,Ürgüp Şehir Merkezi,Nevşehir,Ürgüp,38.63,34.912,"38.630, 34.912",Çok Yüksek,Açık,"Alışveriş, Kültür Turu",https://gorsel-linki.com/urgup.jpg,Genel dış mekan ve 1950'li yılların atmosfer çekimleri
622,Racon: Ailem İçin,Dizi,Aksiyon,Mehmet Ada Öztekin (Yönetmen),Erol Avcı (Yapımcı),2015.0,TMC,"Mehmet Aslantuğ, Hande Doğandemir, Seçkin Özdemir, Barış Arduç, Ekin Türkmen, Sarp Akkaya, Sezin Akbaşoğulları, Emir Benderlioğlu, Çağkan Çulha",170,Balat Sokakları,İstanbul,Fatih,41.031,28.947,"41.031, 28.947",Yüksek,Açık,Cafe-Kültür Gezisi,https://gorsel-linki.com/balat.jpg,Cüneyt Arkın ve Emel Sayın'ın İstanbul sahneleri ve villa çekimleri
622,Racon: Ailem İçin,Dizi,Aksiyon,Mehmet Ada Öztekin (Yönetmen),Erol Avcı (Yapımcı),2015.0,TMC,"Mehmet Aslantuğ, Hande Doğandemir, Seçkin Özdemir, Barış Arduç, Ekin Türkmen, Sarp Akkaya, Sezin Akbaşoğulları, Emir Benderlioğlu, Çağkan Çulha",173,Bebek Sahil Şeridi,İstanbul,Beşiktaş,41.076,29.043,"41.076, 29.043",Çok Yüksek,Açık,"Yürüyüş, Lüks Kafe Kültürü",https://gorsel-linki.com/bebek.jpg,Sahil şeridi ve romantik/macera dolu dış mekan sahneleri
622,Racon: Ailem İçin,Dizi,Aksiyon,Mehmet Ada Öztekin (Yönetmen),Erol Avcı (Yapımcı),2015.0,TMC,"Mehmet Aslantuğ, Hande Doğandemir, Seçkin Özdemir, Barış Arduç, Ekin Türkmen, Sarp Akkaya, Sezin Akbaşoğulları, Emir Benderlioğlu, Çağkan Çulha",264,Üsküdar İskelesi ve Çevresi,İstanbul,Üsküdar,41.027,29.015,"41.027, 29.015",Çok Yüksek,Açık,"Vapur Gezisi, Manzara",https://gorsel-linki.com/uskudar.jpg,Karakterlerin kaçış ve aksiyon dolu takip sahneleri
562,Moskova'nın Şifresi: Temel,Film,Macera,Adem Kılıç,Adem Kılıç,2012.0,Pinema,"Alper Kul, Aslıhan Güner",170,Balat Sokakları,İstanbul,Fatih,41.031,28.947,"41.031, 28.947",Yüksek,Açık,Cafe-Kültür Gezisi,https://gorsel-linki.com/balat.jpg,Şener Şen ve Levent Kırca'nın İstanbul mahalle ve iş hayatı sahneleri
562,Moskova'nın Şifresi: Temel,Film,Macera,Adem Kılıç,Adem Kılıç,2012.0,Pinema,"Alper Kul, Aslıhan Güner",219,Kuzguncuk Evleri,İstanbul,Üsküdar,41.037,29.03,"41.037, 29.030",Yüksek,Açık,"Fotoğrafçılık, Nostalji Gezisi",https://gorsel-linki.com/kuzguncuk.jpg,Samimi mahalle kültürü ve dönemin sosyal yaşamını yansıtan çekimler
562,Moskova'nın Şifresi: Temel,Film,Macera,Adem Kılıç,Adem Kılıç,2012.0,Pinema,"Alper Kul, Aslıhan Güner",239,Sirkeci Garı ve Çevresi,İstanbul,Fatih,41.014,28.977,"41.014, 28.977",Çok Yüksek,Açık,"Tarih Gezisi, Fotoğraf",https://gorsel-linki.com/sirkeci.jpg,Sirkeci ve Eminönü hattındaki seyahat ve ayrılık sahneleri
336,Gülizar (dizi),Dizi,Dram,Çağan Irmak,Onur Güvenatam,2018.0,O3 Medya,"Farah Zeynep Abdullah, Berk Cankat",170,Balat Sokakları,İstanbul,Fatih,41.031,28.947,"41.031, 28.947",Yüksek,Açık,Cafe-Kültür Gezisi,https://gorsel-linki.com/balat.jpg,Karakterlerin yaşadığı Kanlıca/Beykoz hattındaki lüks ev sahneleri
336,Gülizar (dizi),Dizi,Dram,Çağan Irmak,Onur Güvenatam,2018.0,O3 Medya,"Farah Zeynep Abdullah, Berk Cankat",222,Levent ve Maslak İş Merkezleri,İstanbul,Beşiktaş,41.077,29.012,"41.077, 29.012",Orta,Açık,Şehir Gezisi,https://gorsel-linki.com/levent.jpg,Sayer Koleji ve çevresindeki modern okul sahneleri
336,Gülizar (dizi),Dizi,Dram,Çağan Irmak,Onur Güvenatam,2018.0,O3 Medya,"Farah Zeynep Abdullah, Berk Cankat",216,Kireçburnu Sahili ve Parkı,İstanbul,Sarıyer,41.141,29.052,"41.141, 29.052",Çok Yüksek,Açık,"Çay İçme, Dizi Anması",https://gorsel-linki.com/kirecburnu.jpg,Karakterlerin sahil şeridi ve dış mekan sosyal yaşam çekimleri
313,G.O.R.A.,Film,Bilim Kurgu,Ömer Faruk Sorak,Necati Akpınar,2004.0,BKM,"Cem Yılmaz, Rasim Öztekin",61,Tophane Yamaçları ve Tarihi Konaklar,Bursa,Osmangazi,40.188,29.061,"40.188, 29.061",Çok Yüksek,Açık,"Şehir Manzarası, Nostalji",https://gorsel-linki.com/tophane.jpg,"Dizinin meşhur Bursa sokakları, mahalleleri ve iç mekan çekimleri"
313,G.O.R.A.,Film,Bilim Kurgu,Ömer Faruk Sorak,Necati Akpınar,2004.0,BKM,"Cem Yılmaz, Rasim Öztekin",58,Mudanya Eski Evleri ve Mütareke Meydanı,Bursa,Mudanya,40.375,28.883,"40.375, 28.883",Çok Yüksek,Açık,"Tarih Gezisi, Gastronomi",https://gorsel-linki.com/mudanya-mutareke.jpg,Mudanya çevresindeki dramatik olay sahneleri
313,G.O.R.A.,Film,Bilim Kurgu,Ömer Faruk Sorak,Necati Akpınar,2004.0,BKM,"Cem Yılmaz, Rasim Öztekin",60,Tarihi Cumalıkızık Köyü ve Taş Yollar,Bursa,Cumalıkızık,40.175,29.172,"40.175, 29.172",Çok Yüksek,Açık,"Köy Kahvaltısı, Dizi Turu",https://gorsel-linki.com/cumalikizik.jpg,Bursa genelindeki farklı mahalle ve park sahneleri
535,Mahpus (film),Film,Dram,Nejat Saydam,Murat Köseoğlu,1973.0,Acar Film,"Türkân Şoray, Hakan Balamir",248,Tuzla Marina ve Sahil Şeridi,İstanbul,Tuzla,40.816,29.303,"40.816, 29.303",Yüksek,Açık,"Yürüyüş, Gençlik Aktivite",https://gorsel-linki.com/tuzla-sahil.jpg,Yaman ve Selim Serez ailesinin Tuzla'daki lüks site ve sahil sahneleri
535,Mahpus (film),Film,Dram,Nejat Saydam,Murat Köseoğlu,1973.0,Acar Film,"Türkân Şoray, Hakan Balamir",173,Bebek Sahil Şeridi,İstanbul,Beşiktaş,41.076,29.043,"41.076, 29.043",Çok Yüksek,Açık,"Yürüyüş, Lüks Kafe Kültürü",https://gorsel-linki.com/bebek.jpg,Boğaz hattındaki sosyal etkinlik ve üniversite sahneleri
535,Mahpus (film),Film,Dram,Nejat Saydam,Murat Köseoğlu,1973.0,Acar Film,"Türkân Şoray, Hakan Balamir",222,Levent ve Maslak İş Merkezleri,İstanbul,Beşiktaş,41.077,29.012,"41.077, 29.012",Orta,Açık,Şehir Gezisi,https://gorsel-linki.com/levent.jpg,İş dünyası ve modern İstanbul silüeti çekimleri
37,Al Yazmalım,Dizi,Romantik,Ali Bilgin,Kerem Çatay,2011.0,Ay Yapım,"Seçkin Özdemir, Özge Özpirinçci, Barış Falay",227,Paşabahçe ve Eski Cam Fabrikası Çevresi,İstanbul,Beykoz,41.118,29.091,"41.118, 29.091",Çok Yüksek,Açık/Özel,"Dizi Seti Gezisi, Nostalji",https://gorsel-linki.com/pasabahce.jpg,Asiye ve İlyas'ın İstanbul Beykoz/Paşabahçe çevresindeki motor sahneleri
37,Al Yazmalım,Dizi,Romantik,Ali Bilgin,Kerem Çatay,2011.0,Ay Yapım,"Seçkin Özdemir, Özge Özpirinçci, Barış Falay",170,Balat Sokakları,İstanbul,Fatih,41.031,28.947,"41.031, 28.947",Yüksek,Açık,Cafe-Kültür Gezisi,https://gorsel-linki.com/balat.jpg,Eski cam fabrikası platosu ve mahalle atmosferi sahneleri
37,Al Yazmalım,Dizi,Romantik,Ali Bilgin,Kerem Çatay,2011.0,Ay Yapım,"Seçkin Özdemir, Özge Özpirinçci, Barış Falay",173,Bebek Sahil Şeridi,İstanbul,Beşiktaş,41.076,29.043,"41.076, 29.043",Çok Yüksek,Açık,"Yürüyüş, Lüks Kafe Kültürü",https://gorsel-linki.com/bebek.jpg,Boğaz kıyısındaki duygusal ve romantik dış çekimler
177,Bir Tutam Baharat,Film,Dram,Tassos Boulmetis,"Harry Antonopoulos, Lily Papadopoulos, Abdullah Oğuz",2003.0,"stüdyo = Village Roadshow Productions, Smallridge, ANS Productions, MC² Productions","Georges Corraface, Ieroklis Michaelidis, Renia Louizidou, Başak Köklükaya, Tamer Karadağlı",61,Tophane Yamaçları ve Tarihi Konaklar,Bursa,Osmangazi,40.188,29.061,"40.188, 29.061",Çok Yüksek,Açık,"Şehir Manzarası, Nostalji",https://gorsel-linki.com/tophane.jpg,Karakterlerin Bursa Tophane çevresindeki dramatik aile sahneleri
177,Bir Tutam Baharat,Film,Dram,Tassos Boulmetis,"Harry Antonopoulos, Lily Papadopoulos, Abdullah Oğuz",2003.0,"stüdyo = Village Roadshow Productions, Smallridge, ANS Productions, MC² Productions","Georges Corraface, Ieroklis Michaelidis, Renia Louizidou, Başak Köklükaya, Tamer Karadağlı",60,Tarihi Cumalıkızık Köyü ve Taş Yollar,Bursa,Cumalıkızık,40.175,29.172,"40.175, 29.172",Çok Yüksek,Açık,"Köy Kahvaltısı, Dizi Turu",https://gorsel-linki.com/cumalikizik.jpg,Geleneksel yaşamı yansıtan tarihi köy ve konak çekimleri
177,Bir Tutam Baharat,Film,Dram,Tassos Boulmetis,"Harry Antonopoulos, Lily Papadopoulos, Abdullah Oğuz",2003.0,"stüdyo = Village Roadshow Productions, Smallridge, ANS Productions, MC² Productions","Georges Corraface, Ieroklis Michaelidis, Renia Louizidou, Başak Köklükaya, Tamer Karadağlı",286,Konak Meydanı,İzmir,Konak,38.418,27.128,"38.418, 27.128",Yüksek,Açık,Tarihi Gezi,https://gorsel-linki.com/konak.jpg,Dizinin İzmir bağlantılı bazı dış çekimleri
65,Arka Sokaklar (dizi),Dizi,Gerilim/Suç,Orhan Oğuz,Türker İnanoğlu,2006.0,Erler Film,"Zafer Ergin, Şevket Çoruh, Özgür Ozan",249,Vatan Caddesi ve Emniyet Müdürlüğü Çevresi,İstanbul,Fatih,41.025,28.941,"41.025, 28.941",Düşük,Açık,"Resmi İşlemler, Şehir Akışı",https://gorsel-linki.com/emniyet-vatan.jpg,Rıza Baba ve ekibinin Vatan Caddesi Emniyet binası sahneleri
65,Arka Sokaklar (dizi),Dizi,Gerilim/Suç,Orhan Oğuz,Türker İnanoğlu,2006.0,Erler Film,"Zafer Ergin, Şevket Çoruh, Özgür Ozan",170,Balat Sokakları,İstanbul,Fatih,41.031,28.947,"41.031, 28.947",Yüksek,Açık,Cafe-Kültür Gezisi,https://gorsel-linki.com/balat.jpg,"İstanbul'un hemen her semtinde (Balat, Beyoğlu) geçen suç mahalleri"
65,Arka Sokaklar (dizi),Dizi,Gerilim/Suç,Orhan Oğuz,Türker İnanoğlu,2006.0,Erler Film,"Zafer Ergin, Şevket Çoruh, Özgür Ozan",173,Bebek Sahil Şeridi,İstanbul,Beşiktaş,41.076,29.043,"41.076, 29.043",Çok Yüksek,Açık,"Yürüyüş, Lüks Kafe Kültürü",https://gorsel-linki.com/bebek.jpg,Sahil şeridindeki devriye ve kovalamaca sahneleri
881,Öğretmen (film),Film,Komedi,Kartal Tibet,Memduh Ün,1988.0,Uğur Film,"Kemal Sunal, Selma Sonat, Kartal Tibet, Renan Fosforoğlu, İhsan Yüce, Reha Yurdakul, Ekrem Dümer, Kudret Karadağ, Ferdi Akarnur, Selahattin Fırat",61,Tophane Yamaçları ve Tarihi Konaklar,Bursa,Osmangazi,40.188,29.061,"40.188, 29.061",Çok Yüksek,Açık,"Şehir Manzarası, Nostalji",https://gorsel-linki.com/tophane.jpg,Boran ailesinin Bursa'daki meşhur konağı ve bahçe sahneleri
881,Öğretmen (film),Film,Komedi,Kartal Tibet,Memduh Ün,1988.0,Uğur Film,"Kemal Sunal, Selma Sonat, Kartal Tibet, Renan Fosforoğlu, İhsan Yüce, Reha Yurdakul, Ekrem Dümer, Kudret Karadağ, Ferdi Akarnur, Selahattin Fırat",170,Balat Sokakları,İstanbul,Fatih,41.031,28.947,"41.031, 28.947",Yüksek,Açık,Cafe-Kültür Gezisi,https://gorsel-linki.com/balat.jpg,Süreyya'nın İstanbul'daki eski hayatı ve Nişantaşı sahneleri
881,Öğretmen (film),Film,Komedi,Kartal Tibet,Memduh Ün,1988.0,Uğur Film,"Kemal Sunal, Selma Sonat, Kartal Tibet, Renan Fosforoğlu, İhsan Yüce, Reha Yurdakul, Ekrem Dümer, Kudret Karadağ, Ferdi Akarnur, Selahattin Fırat",173,Bebek Sahil Şeridi,İstanbul,Beşiktaş,41.076,29.043,"41.076, 29.043",Çok Yüksek,Açık,"Yürüyüş, Lüks Kafe Kültürü",https://gorsel-linki.com/bebek.jpg,Boğaz hattındaki romantik ve dramatik buluşmalar
498,Küçük Ağa,Dizi,Komedi,Aysun AkyüzErol Özlevi (Yönetmen),Türker İnanoğlu (Yapımcı),2004.0,Erler Film,Birce Akalay Emir Berke Zincidi Sarp Levendoğlu Zeki Alasya,60,Tarihi Cumalıkızık Köyü ve Taş Yollar,Bursa,Cumalıkızık,40.175,29.172,"40.175, 29.172",Çok Yüksek,Açık,"Köy Kahvaltısı, Dizi Turu",https://gorsel-linki.com/cumalikizik.jpg,Ali öğretmen ve Nazar'ın Cumalıkızık köyündeki unutulmaz aşk sahneleri
498,Küçük Ağa,Dizi,Komedi,Aysun AkyüzErol Özlevi (Yönetmen),Türker İnanoğlu (Yapımcı),2004.0,Erler Film,Birce Akalay Emir Berke Zincidi Sarp Levendoğlu Zeki Alasya,61,Tophane Yamaçları ve Tarihi Konaklar,Bursa,Osmangazi,40.188,29.061,"40.188, 29.061",Çok Yüksek,Açık,"Şehir Manzarası, Nostalji",https://gorsel-linki.com/tophane.jpg,Bursa şehir merkezindeki çarşı ve han sahneleri
498,Küçük Ağa,Dizi,Komedi,Aysun AkyüzErol Özlevi (Yönetmen),Türker İnanoğlu (Yapımcı),2004.0,Erler Film,Birce Akalay Emir Berke Zincidi Sarp Levendoğlu Zeki Alasya,59,Mudanya Sahil Şeridi ve Tarihi Evler,Bursa,Mudanya,40.375,28.883,"40.375, 28.883",Yüksek,Açık,"Yürüyüş, Gastronomi",https://gorsel-linki.com/mudanya.jpg,Dizinin dış çekimlerinde kullanılan Mudanya kıyıları
774,Vay Anam Vay,Dizi,Komedi,Erdoğan Engin (Yönetmen),Abdullah Oğuz (Yapımcı),1999.0,ANS Productions,"Nevra Serezli Attila Olgaç Sıdıka Şenkan Ayhan Kavas Gülen Karaman Hakan Vanlı Burçak Işımer Metin Zakoğlu Saydam Yeniay, Melike Güner Alev Cınbarcı Rüyam Olunçay Parkan Özturan Kaya Gürel Ezgim Kılınç Mustafa Uzunyılmaz Nesrin İşçi Nihal Menzil",61,Tophane Yamaçları ve Tarihi Konaklar,Bursa,Osmangazi,40.188,29.061,"40.188, 29.061",Çok Yüksek,Açık,"Şehir Manzarası, Nostalji",https://gorsel-linki.com/tophane.jpg,Bursa'nın köklü tekstilci ailelerinin villa ve fabrika sahneleri
774,Vay Anam Vay,Dizi,Komedi,Erdoğan Engin (Yönetmen),Abdullah Oğuz (Yapımcı),1999.0,ANS Productions,"Nevra Serezli Attila Olgaç Sıdıka Şenkan Ayhan Kavas Gülen Karaman Hakan Vanlı Burçak Işımer Metin Zakoğlu Saydam Yeniay, Melike Güner Alev Cınbarcı Rüyam Olunçay Parkan Özturan Kaya Gürel Ezgim Kılınç Mustafa Uzunyılmaz Nesrin İşçi Nihal Menzil",59,Mudanya Sahil Şeridi ve Tarihi Evler,Bursa,Mudanya,40.375,28.883,"40.375, 28.883",Yüksek,Açık,"Yürüyüş, Gastronomi",https://gorsel-linki.com/mudanya.jpg,Mudanya ve çevresindeki deniz manzaralı dış çekimler
774,Vay Anam Vay,Dizi,Komedi,Erdoğan Engin (Yönetmen),Abdullah Oğuz (Yapımcı),1999.0,ANS Productions,"Nevra Serezli Attila Olgaç Sıdıka Şenkan Ayhan Kavas Gülen Karaman Hakan Vanlı Burçak Işımer Metin Zakoğlu Saydam Yeniay, Melike Güner Alev Cınbarcı Rüyam Olunçay Parkan Özturan Kaya Gürel Ezgim Kılınç Mustafa Uzunyılmaz Nesrin İşçi Nihal Menzil",170,Balat Sokakları,İstanbul,Fatih,41.031,28.947,"41.031, 28.947",Yüksek,Açık,Cafe-Kültür Gezisi,https://gorsel-linki.com/balat.jpg,İstanbul bağlantılı iş dünyası ve ticaret sahneleri
324,Gişe Memuru,Film,Fantastik,Tolga Karaçelik,"Tolga Karaçelik, Necati Akpınar, Engin Yenidünya",2010.0,BKM Film,"Serkan Ercan, Nur Aysan, Zafer Diper, Büşra Pekin",61,Tophane Yamaçları ve Tarihi Konaklar,Bursa,Osmangazi,40.188,29.061,"40.188, 29.061",Çok Yüksek,Açık,"Şehir Manzarası, Nostalji",https://gorsel-linki.com/tophane.jpg,Gülcemal ve Deva'nın Bursa'daki tarihi konak ve atmosfer sahneleri
324,Gişe Memuru,Film,Fantastik,Tolga Karaçelik,"Tolga Karaçelik, Necati Akpınar, Engin Yenidünya",2010.0,BKM Film,"Serkan Ercan, Nur Aysan, Zafer Diper, Büşra Pekin",59,Mudanya Sahil Şeridi ve Tarihi Evler,Bursa,Mudanya,40.375,28.883,"40.375, 28.883",Yüksek,Açık,"Yürüyüş, Gastronomi",https://gorsel-linki.com/mudanya.jpg,Modern Bursa sahneleri ve Mudanya yolu üzerindeki çekimler
324,Gişe Memuru,Film,Fantastik,Tolga Karaçelik,"Tolga Karaçelik, Necati Akpınar, Engin Yenidünya",2010.0,BKM Film,"Serkan Ercan, Nur Aysan, Zafer Diper, Büşra Pekin",173,Bebek Sahil Şeridi,İstanbul,Beşiktaş,41.076,29.043,"41.076, 29.043",Çok Yüksek,Açık,"Yürüyüş, Lüks Kafe Kültürü",https://gorsel-linki.com/bebek.jpg,İstanbul'daki holding ve lüks yaşam sahneleri
330,Görünmeyenler,Film,Korku,Melikşah Altuntaş,"Caner Özyurtlu, Alper Özyurtlu",2012.0,dağıtıcı = Pinema,"Nihan Okutucu, Duru Ok, Deniz Özmen",59,Mudanya Sahil Şeridi ve Tarihi Evler,Bursa,Mudanya,40.375,28.883,"40.375, 28.883",Yüksek,Açık,"Yürüyüş, Gastronomi",https://gorsel-linki.com/mudanya.jpg,Bursa Mudanya'daki yetimhane ve başlangıç sahneleri
330,Görünmeyenler,Film,Korku,Melikşah Altuntaş,"Caner Özyurtlu, Alper Özyurtlu",2012.0,dağıtıcı = Pinema,"Nihan Okutucu, Duru Ok, Deniz Özmen",170,Balat Sokakları,İstanbul,Fatih,41.031,28.947,"41.031, 28.947",Yüksek,Açık,Cafe-Kültür Gezisi,https://gorsel-linki.com/balat.jpg,Karakterlerin İstanbul'a geldikten sonra yaşadıkları lüks villalar
330,Görünmeyenler,Film,Korku,Melikşah Altuntaş,"Caner Özyurtlu, Alper Özyurtlu",2012.0,dağıtıcı = Pinema,"Nihan Okutucu, Duru Ok, Deniz Özmen",222,Levent ve Maslak İş Merkezleri,İstanbul,Beşiktaş,41.077,29.012,"41.077, 29.012",Orta,Açık,Şehir Gezisi,https://gorsel-linki.com/levent.jpg,Şehir merkezi sahneleri ve modern dış çekimler
730,Tenten ve Altın Post,Film,Macera,Jean-Jacques Vierne,André Barret,1961.0,"Alliance de Production , Téléfrance","Jean-Pierre Talbot , Georges Wilson",18,Eski Meclis ve Birinci Meclis Binası,Ankara,Çankaya,39.941,32.854,"39.941, 32.854",Çok Yüksek,Müze,Cumhuriyet Tarihi Turu,https://gorsel-linki.com/birinci-meclis.jpg,Cumhuriyetin 10. yılı kutlamaları ve Eski Meclis önündeki tarihi törenler
730,Tenten ve Altın Post,Film,Macera,Jean-Jacques Vierne,André Barret,1961.0,"Alliance de Production , Téléfrance","Jean-Pierre Talbot , Georges Wilson",16,Demirtepe ve Ankara Tren Yolları,Ankara,Çankaya,39.928,32.845,"39.928, 32.845",Düşük,Açık,Tren Yolculuğu,https://gorsel-linki.com/ankara-tren.jpg,1930'ların Ankara şehir merkezi ve bozkır atmosferi
730,Tenten ve Altın Post,Film,Macera,Jean-Jacques Vierne,André Barret,1961.0,"Alliance de Production , Téléfrance","Jean-Pierre Talbot , Georges Wilson",19,Eski TBMM Binası ve Ulus Meydanı,Ankara,Çankaya,39.941,32.854,"39.941, 32.854",Çok Yüksek,Müze,"Tarih Turu, Mimari",https://gorsel-linki.com/eski-meclis.jpg,Ulus Meydanı ve çevresindeki ilk kamu binalarının inşası
882,Öğretmen Kemal,Dizi,Komedi,Hamdi Alkan (Yönetmen),Birol Güven (Yapımcı),2010.0,Mint Prodüksiyon,"Bülent Emin Yarar, Asena Tuğal, Kerem Arslanoğlu, Aras Aydın, Yalçın Seyhan, Ayşegül Erus, Burcu Altın, Can Sipahi, Ege Kökenli",16,Demirtepe ve Ankara Tren Yolları,Ankara,Çankaya,39.928,32.845,"39.928, 32.845",Düşük,Açık,Tren Yolculuğu,https://gorsel-linki.com/ankara-tren.jpg,Zeki Demirkubuz'un Ankara sokaklarındaki klostrofobik ve dramatik çekimleri
882,Öğretmen Kemal,Dizi,Komedi,Hamdi Alkan (Yönetmen),Birol Güven (Yapımcı),2010.0,Mint Prodüksiyon,"Bülent Emin Yarar, Asena Tuğal, Kerem Arslanoğlu, Aras Aydın, Yalçın Seyhan, Ayşegül Erus, Burcu Altın, Can Sipahi, Ege Kökenli",27,Sakarya Caddesi ve SSK İş Hanı Çevresi,Ankara,Çankaya,39.921,32.853,"39.921, 32.853",Yüksek,Açık,"Gece Hayatı, Sokak Lezzetleri",https://gorsel-linki.com/sakarya-ankara.jpg,Karakterlerin içsel hesaplaşmalarını yansıtan Ankara gece sahneleri
882,Öğretmen Kemal,Dizi,Komedi,Hamdi Alkan (Yönetmen),Birol Güven (Yapımcı),2010.0,Mint Prodüksiyon,"Bülent Emin Yarar, Asena Tuğal, Kerem Arslanoğlu, Aras Aydın, Yalçın Seyhan, Ayşegül Erus, Burcu Altın, Can Sipahi, Ege Kökenli",21,Gazi Mahallesi ve Akköprü Emniyet Hattı,Ankara,Yenimahalle,39.952,32.831,"39.952, 32.831",Orta,Açık,"Nostalji Gezisi, Emniyet Sahneleri",https://gorsel-linki.com/gazi-mahallesi.jpg,Şehir içi günlük akış ve ev sahneleri
281,Ev (film),Film,Gerilim/Suç,"Caner Özyurtlu, Alper Özyurtlu","Caner Özyurtlu, Alper Özyurtlu, Cemre Yeşil",2010.0,dağıtıcı = Pinema,"Alican Yücesoy, Deniz Celiloğlu, Gülçin Santırcıoğlu, Funda Eryiğit, Ece Çeşmioğlu",237,Sarıyer Balıkçı Köyü,İstanbul,Sarıyer,41.166,29.05,"41.166, 29.050",Yüksek,Açık,"Gastronomi, Deniz Havası",https://gorsel-linki.com/sariyer.jpg,"Denizli ve çevresindeki geleneksel ""Eğreti Gelin"" kültürü sahneleri"
281,Ev (film),Film,Gerilim/Suç,"Caner Özyurtlu, Alper Özyurtlu","Caner Özyurtlu, Alper Özyurtlu, Cemre Yeşil",2010.0,dağıtıcı = Pinema,"Alican Yücesoy, Deniz Celiloğlu, Gülçin Santırcıoğlu, Funda Eryiğit, Ece Çeşmioğlu",140,Ürgüp Şehir Merkezi,Nevşehir,Ürgüp,38.63,34.912,"38.630, 34.912",Çok Yüksek,Açık,"Alışveriş, Kültür Turu",https://gorsel-linki.com/urgup.jpg,Kastamonu benzeri taşra kasabası atmosferi çekimleri
281,Ev (film),Film,Gerilim/Suç,"Caner Özyurtlu, Alper Özyurtlu","Caner Özyurtlu, Alper Özyurtlu, Cemre Yeşil",2010.0,dağıtıcı = Pinema,"Alican Yücesoy, Deniz Celiloğlu, Gülçin Santırcıoğlu, Funda Eryiğit, Ece Çeşmioğlu",170,Balat Sokakları,İstanbul,Fatih,41.031,28.947,"41.031, 28.947",Yüksek,Açık,Cafe-Kültür Gezisi,https://gorsel-linki.com/balat.jpg,İstanbul'daki tiyatro ve sanat çevreleri sahneleri
186,Bitmeyen Şarkı (dizi),Dizi,Romantik,Sadullah Celen,Faruk Turgut,2010.0,Gold Film,"Bergüzar Korel, Bülent İnal",23,Kuğulu Park ve Tunalı Hilmi Caddesi,Ankara,Çankaya,39.902,32.859,"39.902, 32.859",Çok Yüksek,Açık,"Kuğuları İzleme, Şehir Turu",https://gorsel-linki.com/kugulu-park.jpg,Ender ve Çetin'in Tunalı/Kuğulu Park çevresindeki hüzünlü ve samimi yürüyüşleri
186,Bitmeyen Şarkı (dizi),Dizi,Romantik,Sadullah Celen,Faruk Turgut,2010.0,Gold Film,"Bergüzar Korel, Bülent İnal",16,Demirtepe ve Ankara Tren Yolları,Ankara,Çankaya,39.928,32.845,"39.928, 32.845",Düşük,Açık,Tren Yolculuğu,https://gorsel-linki.com/ankara-tren.jpg,Ankara'nın kış atmosferindeki ev ve sokak sahneleri
186,Bitmeyen Şarkı (dizi),Dizi,Romantik,Sadullah Celen,Faruk Turgut,2010.0,Gold Film,"Bergüzar Korel, Bülent İnal",27,Sakarya Caddesi ve SSK İş Hanı Çevresi,Ankara,Çankaya,39.921,32.853,"39.921, 32.853",Yüksek,Açık,"Gece Hayatı, Sokak Lezzetleri",https://gorsel-linki.com/sakarya-ankara.jpg,Karakterlerin sosyal hayatı ve Ankara geceleri sahneleri
852,,,,,,,,,170,Balat Sokakları,İstanbul,Fatih,41.031,28.947,"41.031, 28.947",Yüksek,Açık,Cafe-Kültür Gezisi,https://gorsel-linki.com/balat.jpg,Cüneyt Arkın'ın İstanbul sokaklarındaki aksiyon ve kovalamaca sahneleri
852,,,,,,,,,264,Üsküdar İskelesi ve Çevresi,İstanbul,Üsküdar,41.027,29.015,"41.027, 29.015",Çok Yüksek,Açık,"Vapur Gezisi, Manzara",https://gorsel-linki.com/uskudar.jpg,Liman ve depo bölgelerindeki çatışma sekansları
852,,,,,,,,,211,Kapalıçarşı Çatıları ve Mahmutpaşa Hattı,İstanbul,Fatih,41.01,28.968,"41.010, 28.968",Çok Yüksek,Açık/Özel,"Fotoğrafçılık, Alışveriş",https://gorsel-linki.com/kapalicarsi-cati.jpg,Eminönü ve Kapalıçarşı çevresindeki tarihi doku çekimleri
168,Bir Aşk İki Hayat,Film,Romantik,Ali Bilgin,"Kerem Çatay, Fatih Aksoy",2018.0,"Ay Yapım, Medyapım","Bergüzar Korel, Engin Akyürek, İpek Bilgin, Merve Dizdar, Osman Sonant, Serhat Parıl",19,Eski TBMM Binası ve Ulus Meydanı,Ankara,Çankaya,39.941,32.854,"39.941, 32.854",Çok Yüksek,Müze,"Tarih Turu, Mimari",https://gorsel-linki.com/eski-meclis.jpg,Cumhuriyet'in ilk yıllarının Ankara atmosferi ve Meclis sahneleri
168,Bir Aşk İki Hayat,Film,Romantik,Ali Bilgin,"Kerem Çatay, Fatih Aksoy",2018.0,"Ay Yapım, Medyapım","Bergüzar Korel, Engin Akyürek, İpek Bilgin, Merve Dizdar, Osman Sonant, Serhat Parıl",217,Kundura Fabrikası Dönem Platosu,İstanbul,Beykoz,41.134,29.071,"41.134, 29.071",Çok Yüksek,Özel İzinle,Dönem Dizisi Turu,https://gorsel-linki.com/donem-platosu.jpg,Opera ve konser sahneleri için kullanılan tarihi Beykoz platoları
168,Bir Aşk İki Hayat,Film,Romantik,Ali Bilgin,"Kerem Çatay, Fatih Aksoy",2018.0,"Ay Yapım, Medyapım","Bergüzar Korel, Engin Akyürek, İpek Bilgin, Merve Dizdar, Osman Sonant, Serhat Parıl",170,Balat Sokakları,İstanbul,Fatih,41.031,28.947,"41.031, 28.947",Yüksek,Açık,Cafe-Kültür Gezisi,https://gorsel-linki.com/balat.jpg,İstanbul bağlantılı sanat ve bürokrasi sahneleri
802,Yarım Kalan Saadet,Film,Dram,Türker İnanoğlu,Türker İnanoğlu,1970.0,Erler Film,"Cüneyt Arkın, Filiz Akın",16,Demirtepe ve Ankara Tren Yolları,Ankara,Çankaya,39.928,32.845,"39.928, 32.845",Düşük,Açık,Tren Yolculuğu,https://gorsel-linki.com/ankara-tren.jpg,Dolmuşçu Yusuf'un Ankara trafiğindeki komik maceraları
802,Yarım Kalan Saadet,Film,Dram,Türker İnanoğlu,Türker İnanoğlu,1970.0,Erler Film,"Cüneyt Arkın, Filiz Akın",24,Kıbrıs Köyü Kanyonu ve Yerleşkesi,Ankara,Mamak,39.924,33.055,"39.924, 33.055",Orta,Açık,"Doğa Yürüyüşü, Gözlem",https://gorsel-linki.com/kibris-koyu.jpg,Karakterlerin Ankara kırsalındaki yol ve kaçış sahneleri
802,Yarım Kalan Saadet,Film,Dram,Türker İnanoğlu,Türker İnanoğlu,1970.0,Erler Film,"Cüneyt Arkın, Filiz Akın",21,Gazi Mahallesi ve Akköprü Emniyet Hattı,Ankara,Yenimahalle,39.952,32.831,"39.952, 32.831",Orta,Açık,"Nostalji Gezisi, Emniyet Sahneleri",https://gorsel-linki.com/gazi-mahallesi.jpg,Şehir içi günlük akış ve dış mekan kentsel çekimler
483,Kuzey Güney,Dizi,Gerilim/Suç,Mehmet Ada ÖztekinHilal Saral (Yönetmen),Kerem Çatay (Yapımcı),2011.0,Ay Yapım,"Kıvanç Tatlıtuğ, Buğra Gülsoy, Öykü Karayel",16,Demirtepe ve Ankara Tren Yolları,Ankara,Çankaya,39.928,32.845,"39.928, 32.845",Düşük,Açık,Tren Yolculuğu,https://gorsel-linki.com/ankara-tren.jpg,Dört kardeşin Ankara'ya ilk gelişleri ve Anıtkabir/Meclis sahneleri
483,Kuzey Güney,Dizi,Gerilim/Suç,Mehmet Ada ÖztekinHilal Saral (Yönetmen),Kerem Çatay (Yapımcı),2011.0,Ay Yapım,"Kıvanç Tatlıtuğ, Buğra Gülsoy, Öykü Karayel",19,Eski TBMM Binası ve Ulus Meydanı,Ankara,Çankaya,39.941,32.854,"39.941, 32.854",Çok Yüksek,Müze,"Tarih Turu, Mimari",https://gorsel-linki.com/eski-meclis.jpg,Altınları bozdurmaya çalıştıkları tarihi Ulus ve çarşı sahneleri
483,Kuzey Güney,Dizi,Gerilim/Suç,Mehmet Ada ÖztekinHilal Saral (Yönetmen),Kerem Çatay (Yapımcı),2011.0,Ay Yapım,"Kıvanç Tatlıtuğ, Buğra Gülsoy, Öykü Karayel",170,Balat Sokakları,İstanbul,Fatih,41.031,28.947,"41.031, 28.947",Yüksek,Açık,Cafe-Kültür Gezisi,https://gorsel-linki.com/balat.jpg,Bazı iç mekan ve stüdyo çekimleri için kullanılan İstanbul sahneleri
99,Aşk Tesadüfleri Sever (film),Film,Romantik,Ömer Faruk Sorak,Oğuz Peri,2011.0,Böcek Yapım,"Mehmet Günsür, Belçim Bilgin, Altan Erkekli",16,Demirtepe ve Ankara Tren Yolları,Ankara,Çankaya,39.928,32.845,"39.928, 32.845",Düşük,Açık,Tren Yolculuğu,https://gorsel-linki.com/ankara-tren.jpg,Deniz ve Özgür'ün çocukluk yıllarının geçtiği Ankara sokakları
99,Aşk Tesadüfleri Sever (film),Film,Romantik,Ömer Faruk Sorak,Oğuz Peri,2011.0,Böcek Yapım,"Mehmet Günsür, Belçim Bilgin, Altan Erkekli",27,Sakarya Caddesi ve SSK İş Hanı Çevresi,Ankara,Çankaya,39.921,32.853,"39.921, 32.853",Yüksek,Açık,"Gece Hayatı, Sokak Lezzetleri",https://gorsel-linki.com/sakarya-ankara.jpg,Karakterlerin Ankara'daki nostaljik ve modern buluşma noktaları
99,Aşk Tesadüfleri Sever (film),Film,Romantik,Ömer Faruk Sorak,Oğuz Peri,2011.0,Böcek Yapım,"Mehmet Günsür, Belçim Bilgin, Altan Erkekli",170,Balat Sokakları,İstanbul,Fatih,41.031,28.947,"41.031, 28.947",Yüksek,Açık,Cafe-Kültür Gezisi,https://gorsel-linki.com/balat.jpg,Dizinin İstanbul ayağındaki sanat ve sergi sahneleri
137,Behzat Ç. Bir Ankara Polisiyesi,Dizi,Gerilim/Suç,Serdar Akar,Tarkan Karlıdağ,2010.0,Adam Film,"Erdal Beşikçioğlu, Fatih Artman, İnanç Konukçu",16,Demirtepe ve Ankara Tren Yolları,Ankara,Çankaya,39.928,32.845,"39.928, 32.845",Düşük,Açık,Tren Yolculuğu,https://gorsel-linki.com/ankara-tren.jpg,Amirim ve ekibinin Ankara emniyet binası ve şehir içi operasyonları
137,Behzat Ç. Bir Ankara Polisiyesi,Dizi,Gerilim/Suç,Serdar Akar,Tarkan Karlıdağ,2010.0,Adam Film,"Erdal Beşikçioğlu, Fatih Artman, İnanç Konukçu",28,Ulucanlar Cezaevi Müzesi,Ankara,Altındağ,39.938,32.875,"39.938, 32.875",Çok Yüksek,Müze,"Tarih Gezisi, Müze Ziyareti",https://gorsel-linki.com/ulucanlar.jpg,Hapishane ve sorgu sahneleri için kullanılan Ulucanlar sahneleri
137,Behzat Ç. Bir Ankara Polisiyesi,Dizi,Gerilim/Suç,Serdar Akar,Tarkan Karlıdağ,2010.0,Adam Film,"Erdal Beşikçioğlu, Fatih Artman, İnanç Konukçu",27,Sakarya Caddesi ve SSK İş Hanı Çevresi,Ankara,Çankaya,39.921,32.853,"39.921, 32.853",Yüksek,Açık,"Gece Hayatı, Sokak Lezzetleri",https://gorsel-linki.com/sakarya-ankara.jpg,Ankara Kızılay ve çevresindeki aksiyon sekansları
687,Siyah Beyaz Aşk,Dizi,Romantik,Yasin Uslu (Yönetmen),Lale ErenAyşe Elif Durmaz (Yapımcı),2017.0,D Productions,"İbrahim Çelikkol, Birce Akalay",149,Pervari ve Siirt Sarp Dağ Yolları,Siirt,Merkez,37.94,41.94,"37.940, 41.940",Düşük,Açık,"Manzara İzleme, Sürüş",https://gorsel-linki.com/siirt-yol.jpg,Karakterlerin Siirt ve Pervari'den yola çıktıkları sarp doğa sahneleri
687,Siyah Beyaz Aşk,Dizi,Romantik,Yasin Uslu (Yönetmen),Lale ErenAyşe Elif Durmaz (Yapımcı),2017.0,D Productions,"İbrahim Çelikkol, Birce Akalay",16,Demirtepe ve Ankara Tren Yolları,Ankara,Çankaya,39.928,32.845,"39.928, 32.845",Düşük,Açık,Tren Yolculuğu,https://gorsel-linki.com/ankara-tren.jpg,Ankara tren garı ve hayvancılık pazarı sahneleri
687,Siyah Beyaz Aşk,Dizi,Romantik,Yasin Uslu (Yönetmen),Lale ErenAyşe Elif Durmaz (Yapımcı),2017.0,D Productions,"İbrahim Çelikkol, Birce Akalay",87,İzmit Garı ve Tarihi Tren Rayları,Kocaeli,İzmit,40.762,29.919,"40.762, 29.919",Orta,Açık,"Ulaşım, Fotoğraf",https://gorsel-linki.com/izmit-gar.jpg,Yolculuğun geçtiği demiryolu hattı ve tren çekimleri
751,Türkiye'nin Kalbi Ankara,Film,Belgesel,Sergey Yutkeviç,Lev Arnstam,1934.0,Bilinmiyor,Bilinmiyor,24,Kıbrıs Köyü Kanyonu ve Yerleşkesi,Ankara,Mamak,39.924,33.055,"39.924, 33.055",Orta,Açık,"Doğa Yürüyüşü, Gözlem",https://gorsel-linki.com/kibris-koyu.jpg,Vali Recep Yazıcıoğlu'nun Ankara Mamak ve çevresindeki bürokratik sahneleri
751,Türkiye'nin Kalbi Ankara,Film,Belgesel,Sergey Yutkeviç,Lev Arnstam,1934.0,Bilinmiyor,Bilinmiyor,16,Demirtepe ve Ankara Tren Yolları,Ankara,Çankaya,39.928,32.845,"39.928, 32.845",Düşük,Açık,Tren Yolculuğu,https://gorsel-linki.com/ankara-tren.jpg,Şehir merkezindeki hükümet binaları ve resmi makam çekimleri
751,Türkiye'nin Kalbi Ankara,Film,Belgesel,Sergey Yutkeviç,Lev Arnstam,1934.0,Bilinmiyor,Bilinmiyor,140,Ürgüp Şehir Merkezi,Nevşehir,Ürgüp,38.63,34.912,"38.630, 34.912",Çok Yüksek,Açık,"Alışveriş, Kültür Turu",https://gorsel-linki.com/urgup.jpg,Bazı dış mekan ve kasaba sahneleri için kullanılan taşra bölgeleri
82,Aybüke: Öğretmen Oldum Ben,Film,Dram,Murat Onbul,Bilinmiyor,2023.0,Bee Yapım,"Nihayet Şahin, Caner Kurtaran",54,Aybüke Yalçın Caddesi ve Okul Çevresi,Batman,Kozluk,38.216,41.488,"38.216, 41.488",Yüksek,Açık,"Ziyaret, Saygı Duruşu",https://gorsel-linki.com/kozluk-aybuke.jpg,Aybüke öğretmenin Batman Kozluk'taki görev yeri ve okul sahneleri
82,Aybüke: Öğretmen Oldum Ben,Film,Dram,Murat Onbul,Bilinmiyor,2023.0,Bee Yapım,"Nihayet Şahin, Caner Kurtaran",286,Konak Meydanı,İzmir,Konak,38.418,27.128,"38.418, 27.128",Yüksek,Açık,Tarihi Gezi,https://gorsel-linki.com/konak.jpg,Karakterin üniversite yılları ve Ankara/Konak sahneleri
82,Aybüke: Öğretmen Oldum Ben,Film,Dram,Murat Onbul,Bilinmiyor,2023.0,Bee Yapım,"Nihayet Şahin, Caner Kurtaran",16,Demirtepe ve Ankara Tren Yolları,Ankara,Çankaya,39.928,32.845,"39.928, 32.845",Düşük,Açık,Tren Yolculuğu,https://gorsel-linki.com/ankara-tren.jpg,Ankara genelindeki aile ve geçmişe dair sahneler
666,Servet,Dizi,Dram,Emir Khalilzadeh (Yönetmen),Müge Turalı PakMelda Perahya YalçınMehmetcan Yüksel (Yapımcı),2010.0,Ortaks Yapım,"Yusuf Çim, Bahar Şahin",23,Kuğulu Park ve Tunalı Hilmi Caddesi,Ankara,Çankaya,39.902,32.859,"39.902, 32.859",Çok Yüksek,Açık,"Kuğuları İzleme, Şehir Turu",https://gorsel-linki.com/kugulu-park.jpg,Karakterlerin Tunalı Hilmi ve Kuğulu Park çevresindeki entelektüel sohbetleri
666,Servet,Dizi,Dram,Emir Khalilzadeh (Yönetmen),Müge Turalı PakMelda Perahya YalçınMehmetcan Yüksel (Yapımcı),2010.0,Ortaks Yapım,"Yusuf Çim, Bahar Şahin",16,Demirtepe ve Ankara Tren Yolları,Ankara,Çankaya,39.928,32.845,"39.928, 32.845",Düşük,Açık,Tren Yolculuğu,https://gorsel-linki.com/ankara-tren.jpg,Ankara'nın kalbinde geçen sanat ve dostluk sahneleri
666,Servet,Dizi,Dram,Emir Khalilzadeh (Yönetmen),Müge Turalı PakMelda Perahya YalçınMehmetcan Yüksel (Yapımcı),2010.0,Ortaks Yapım,"Yusuf Çim, Bahar Şahin",27,Sakarya Caddesi ve SSK İş Hanı Çevresi,Ankara,Çankaya,39.921,32.853,"39.921, 32.853",Yüksek,Açık,"Gece Hayatı, Sokak Lezzetleri",https://gorsel-linki.com/sakarya-ankara.jpg,Karakterlerin gittiği tarihi Ankara barları ve sosyal alanları
248,Doktorlar,Dizi,Dram,Merve GirginOğuzhan TercanŞenol Sönmez (Yönetmen),Fatih Aksoy (Yapımcı),2006.0,Medyapım,Kutsi Bekir Aksoy Yasemin Ergene Leyla Göksun Melike Güner Yeşim Ceren Bozoğlu Cüneyt Türel Yağmur Atacan Devrim Nas,28,Ulucanlar Cezaevi Müzesi,Ankara,Altındağ,39.938,32.875,"39.938, 32.875",Çok Yüksek,Müze,"Tarih Gezisi, Müze Ziyareti",https://gorsel-linki.com/ulucanlar.jpg,Yılmaz Güney'in cezaevi isyanını anlatan sarsıcı hapishane sahneleri
248,Doktorlar,Dizi,Dram,Merve GirginOğuzhan TercanŞenol Sönmez (Yönetmen),Fatih Aksoy (Yapımcı),2006.0,Medyapım,Kutsi Bekir Aksoy Yasemin Ergene Leyla Göksun Melike Güner Yeşim Ceren Bozoğlu Cüneyt Türel Yağmur Atacan Devrim Nas,170,Balat Sokakları,İstanbul,Fatih,41.031,28.947,"41.031, 28.947",Yüksek,Açık,Cafe-Kültür Gezisi,https://gorsel-linki.com/balat.jpg,Dizinin İstanbul bağlantılı bazı iç mekan ve flashback çekimleri
248,Doktorlar,Dizi,Dram,Merve GirginOğuzhan TercanŞenol Sönmez (Yönetmen),Fatih Aksoy (Yapımcı),2006.0,Medyapım,Kutsi Bekir Aksoy Yasemin Ergene Leyla Göksun Melike Güner Yeşim Ceren Bozoğlu Cüneyt Türel Yağmur Atacan Devrim Nas,266,İstanbul Çağlayan Adliyesi,İstanbul,Kağıthane,41.082,28.981,"41.082, 28.981",Düşük,Kısıtlı (Resmi Kurum),Gözlem,https://gorsel-linki.com/adliye.jpg,Mahkeme ve resmi süreçleri yansıtan tarihi binalar
819,Yol Ayrımı (film),Film,Dram,Yavuz Turgul,Erol Avcı,2017.0,Turkish Media Corporation,"Şener Şen, Rutkay Aziz, Mert Fırat, Nihal Yalçın",140,Ürgüp Şehir Merkezi,Nevşehir,Ürgüp,38.63,34.912,"38.630, 34.912",Çok Yüksek,Açık,"Alışveriş, Kültür Turu",https://gorsel-linki.com/urgup.jpg,İbrahim Zübükzade'nin kurgusal taşra kasabasındaki siyasi şov sahneleri
819,Yol Ayrımı (film),Film,Dram,Yavuz Turgul,Erol Avcı,2017.0,Turkish Media Corporation,"Şener Şen, Rutkay Aziz, Mert Fırat, Nihal Yalçın",16,Demirtepe ve Ankara Tren Yolları,Ankara,Çankaya,39.928,32.845,"39.928, 32.845",Düşük,Açık,Tren Yolculuğu,https://gorsel-linki.com/ankara-tren.jpg,Karakterin Ankara'ya meclise gidiş ve bürokrasi sahneleri
819,Yol Ayrımı (film),Film,Dram,Yavuz Turgul,Erol Avcı,2017.0,Turkish Media Corporation,"Şener Şen, Rutkay Aziz, Mert Fırat, Nihal Yalçın",286,Konak Meydanı,İzmir,Konak,38.418,27.128,"38.418, 27.128",Yüksek,Açık,Tarihi Gezi,https://gorsel-linki.com/konak.jpg,Şehir merkezi sahneleri ve miting alanları
253,Dostlar Mahallesi,Dizi,Komedi,Ayhan Özen (Yönetmen),Türker İnanoğlu (Yapımcı),2017.0,Erler Film,"Çağla Şıkel, Alişan, Hande Katipoğlu, Ersin Korkut, Zeynep Eronat",16,Demirtepe ve Ankara Tren Yolları,Ankara,Çankaya,39.928,32.845,"39.928, 32.845",Düşük,Açık,Tren Yolculuğu,https://gorsel-linki.com/ankara-tren.jpg,Dütdüt Mehmet'in Ankara sokaklarında klarnet çaldığı sahneler
253,Dostlar Mahallesi,Dizi,Komedi,Ayhan Özen (Yönetmen),Türker İnanoğlu (Yapımcı),2017.0,Erler Film,"Çağla Şıkel, Alişan, Hande Katipoğlu, Ersin Korkut, Zeynep Eronat",25,Mamak ve Boğaziçi Eski Mahalleleri,Ankara,Mamak,39.912,32.915,"39.912, 32.915",Orta,Açık,Kentsel Dönüşüm Gözlemi,https://gorsel-linki.com/mamak-eski.jpg,Karakterin yaşadığı Mamak ve Boğaziçi çevresindeki gecekondu sahneleri
253,Dostlar Mahallesi,Dizi,Komedi,Ayhan Özen (Yönetmen),Türker İnanoğlu (Yapımcı),2017.0,Erler Film,"Çağla Şıkel, Alişan, Hande Katipoğlu, Ersin Korkut, Zeynep Eronat",27,Sakarya Caddesi ve SSK İş Hanı Çevresi,Ankara,Çankaya,39.921,32.853,"39.921, 32.853",Yüksek,Açık,"Gece Hayatı, Sokak Lezzetleri",https://gorsel-linki.com/sakarya-ankara.jpg,Eski Ankara pavyonları ve gece hayatı atmosferi çekimleri
909,"İtiraf (film, 2001)",Film,Dram,Zeki Demirkubuz,Zeki Demirkubuz,2001.0,Mavi Film,"Taner Birsel, Başak Köklükaya",170,Balat Sokakları,İstanbul,Fatih,41.031,28.947,"41.031, 28.947",Yüksek,Açık,Cafe-Kültür Gezisi,https://gorsel-linki.com/balat.jpg,Şevkat'in Balat ve çevresindeki mahalle delikanlısı maceraları
909,"İtiraf (film, 2001)",Film,Dram,Zeki Demirkubuz,Zeki Demirkubuz,2001.0,Mavi Film,"Taner Birsel, Başak Köklükaya",16,Demirtepe ve Ankara Tren Yolları,Ankara,Çankaya,39.928,32.845,"39.928, 32.845",Düşük,Açık,Tren Yolculuğu,https://gorsel-linki.com/ankara-tren.jpg,Ankara sahneleri ve Başkent'ten İstanbul'a uzanan yol hikayesi
909,"İtiraf (film, 2001)",Film,Dram,Zeki Demirkubuz,Zeki Demirkubuz,2001.0,Mavi Film,"Taner Birsel, Başak Köklükaya",173,Bebek Sahil Şeridi,İstanbul,Beşiktaş,41.076,29.043,"41.076, 29.043",Çok Yüksek,Açık,"Yürüyüş, Lüks Kafe Kültürü",https://gorsel-linki.com/bebek.jpg,Sahil şeridi ve dış mekan komedi sekansları
799,Yargı,Dizi,Gerilim/Suç,Ali Bilgin (1-95)Beste Sultan Kasapoğulları (20-95) (Yönetmen),Kerem Çatay (Yapımcı),2021.0,Ay Yapım,"Kaan Urgancıoğlu, Pınar Deniz",30,Çinçin Bağları ve Gecekondu Semtleri,Ankara,Altındağ,39.954,32.872,"39.954, 32.872",Düşük,Açık (Dikkat),"Sosyolojik Gözlem, Nostalji",https://gorsel-linki.com/cincin.jpg,Dizinin kalbi olan Çinçin Bağları mahalle kültürü ve sokak sahneleri
799,Yargı,Dizi,Gerilim/Suç,Ali Bilgin (1-95)Beste Sultan Kasapoğulları (20-95) (Yönetmen),Kerem Çatay (Yapımcı),2021.0,Ay Yapım,"Kaan Urgancıoğlu, Pınar Deniz",16,Demirtepe ve Ankara Tren Yolları,Ankara,Çankaya,39.928,32.845,"39.928, 32.845",Düşük,Açık,Tren Yolculuğu,https://gorsel-linki.com/ankara-tren.jpg,Ankara genelindeki kentsel dönüşüm ve değişim bölgeleri
799,Yargı,Dizi,Gerilim/Suç,Ali Bilgin (1-95)Beste Sultan Kasapoğulları (20-95) (Yönetmen),Kerem Çatay (Yapımcı),2021.0,Ay Yapım,"Kaan Urgancıoğlu, Pınar Deniz",27,Sakarya Caddesi ve SSK İş Hanı Çevresi,Ankara,Çankaya,39.921,32.853,"39.921, 32.853",Yüksek,Açık,"Gece Hayatı, Sokak Lezzetleri",https://gorsel-linki.com/sakarya-ankara.jpg,Şehir merkezi sahneleri ve karakterlerin Ankara maceraları
135,Bedel,Dizi,Romantik,Ulaş İnaç (1-3)Feride Kaytan (4-7)Şenol Sönmez (8-15)Tuna Aktaş (16-20)Mücahit Akyoldaş (16-20) (Yönetmen),Mehmet Yiğit Alp (Yapımcı),2015.0,NTC Medya,"Necip Memili, Sedef Avcı, Berk Erçer",16,Demirtepe ve Ankara Tren Yolları,Ankara,Çankaya,39.928,32.845,"39.928, 32.845",Düşük,Açık,Tren Yolculuğu,https://gorsel-linki.com/ankara-tren.jpg,Amirim ve ekibinin Ankara emniyet binası ve şehir içi operasyonları
135,Bedel,Dizi,Romantik,Ulaş İnaç (1-3)Feride Kaytan (4-7)Şenol Sönmez (8-15)Tuna Aktaş (16-20)Mücahit Akyoldaş (16-20) (Yönetmen),Mehmet Yiğit Alp (Yapımcı),2015.0,NTC Medya,"Necip Memili, Sedef Avcı, Berk Erçer",27,Sakarya Caddesi ve SSK İş Hanı Çevresi,Ankara,Çankaya,39.921,32.853,"39.921, 32.853",Yüksek,Açık,"Gece Hayatı, Sokak Lezzetleri",https://gorsel-linki.com/sakarya-ankara.jpg,Kızılay ve Çankaya hattındaki aksiyon ve protesto sahneleri
135,Bedel,Dizi,Romantik,Ulaş İnaç (1-3)Feride Kaytan (4-7)Şenol Sönmez (8-15)Tuna Aktaş (16-20)Mücahit Akyoldaş (16-20) (Yönetmen),Mehmet Yiğit Alp (Yapımcı),2015.0,NTC Medya,"Necip Memili, Sedef Avcı, Berk Erçer",30,Çinçin Bağları ve Gecekondu Semtleri,Ankara,Altındağ,39.954,32.872,"39.954, 32.872",Düşük,Açık (Dikkat),"Sosyolojik Gözlem, Nostalji",https://gorsel-linki.com/cincin.jpg,Çinçin ve kenar mahallelerde geçen kovalamaca sahneleri
749,,,,,,,,,28,Ulucanlar Cezaevi Müzesi,Ankara,Altındağ,39.938,32.875,"39.938, 32.875",Çok Yüksek,Müze,"Tarih Gezisi, Müze Ziyareti",https://gorsel-linki.com/ulucanlar.jpg,Küçük Barış ve İnci'nin Ulucanlar Cezaevi avlusundaki duygusal sahneleri
749,,,,,,,,,266,İstanbul Çağlayan Adliyesi,İstanbul,Kağıthane,41.082,28.981,"41.082, 28.981",Düşük,Kısıtlı (Resmi Kurum),Gözlem,https://gorsel-linki.com/adliye.jpg,Dönemin hapishane ve adliye atmosferini yansıtan iç mekanlar
749,,,,,,,,,170,Balat Sokakları,İstanbul,Fatih,41.031,28.947,"41.031, 28.947",Yüksek,Açık,Cafe-Kültür Gezisi,https://gorsel-linki.com/balat.jpg,Flashback sahneleri ve İstanbul bağlantılı dış çekimler
835,Yıldızlar Şahidim,Dizi,Romantik,Yıldız Hülya Bilban(1-3)Serhat Çakıroğlu (4) (Yönetmen),Ali GündoğduAsena Bülbüloğlu (Yapımcı),2022.0,Süreç Film,"Canan Ergüder, Mesut Akusta, Berk Cankat, Özge Gürel",16,Demirtepe ve Ankara Tren Yolları,Ankara,Çankaya,39.928,32.845,"39.928, 32.845",Düşük,Açık,Tren Yolculuğu,https://gorsel-linki.com/ankara-tren.jpg,İlyas Bazna'nın Ankara'daki büyükelçilikler ve casusluk sahneleri
835,Yıldızlar Şahidim,Dizi,Romantik,Yıldız Hülya Bilban(1-3)Serhat Çakıroğlu (4) (Yönetmen),Ali GündoğduAsena Bülbüloğlu (Yapımcı),2022.0,Süreç Film,"Canan Ergüder, Mesut Akusta, Berk Cankat, Özge Gürel",217,Kundura Fabrikası Dönem Platosu,İstanbul,Beykoz,41.134,29.071,"41.134, 29.071",Çok Yüksek,Özel İzinle,Dönem Dizisi Turu,https://gorsel-linki.com/donem-platosu.jpg,2. Dünya Savaşı dönemi Ankara ve İstanbul atmosferi için platolar
835,Yıldızlar Şahidim,Dizi,Romantik,Yıldız Hülya Bilban(1-3)Serhat Çakıroğlu (4) (Yönetmen),Ali GündoğduAsena Bülbüloğlu (Yapımcı),2022.0,Süreç Film,"Canan Ergüder, Mesut Akusta, Berk Cankat, Özge Gürel",170,Balat Sokakları,İstanbul,Fatih,41.031,28.947,"41.031, 28.947",Yüksek,Açık,Cafe-Kültür Gezisi,https://gorsel-linki.com/balat.jpg,İstanbul'daki operasyonel ve tarihi dış mekan çekimleri
145,Ben de Özledim,Dizi,Komedi,Onur ÜnlüErkan Tunç (Yönetmen),Orkun ÜnlüFunda Alp (Yapımcı),2014.0,Eflatun Film,"Ali Atay, Serkan Keskin, Osman Sonant",16,Demirtepe ve Ankara Tren Yolları,Ankara,Çankaya,39.928,32.845,"39.928, 32.845",Düşük,Açık,Tren Yolculuğu,https://gorsel-linki.com/ankara-tren.jpg,Osman Kozan ve ailesinin Ankara'daki günlük mahalle yaşantısı
145,Ben de Özledim,Dizi,Komedi,Onur ÜnlüErkan Tunç (Yönetmen),Orkun ÜnlüFunda Alp (Yapımcı),2014.0,Eflatun Film,"Ali Atay, Serkan Keskin, Osman Sonant",268,İstinye Poligon ve Gecekondu Mahalleleri,İstanbul,Sarıyer,41.115,29.028,"41.115, 29.028",Düşük,Açık,Mahalle Kültürü Gözlemi,https://gorsel-linki.com/poligon.jpg,Kozan ailesinin bazı çekimleri için kullanılan İstanbul sahneleri
145,Ben de Özledim,Dizi,Komedi,Onur ÜnlüErkan Tunç (Yönetmen),Orkun ÜnlüFunda Alp (Yapımcı),2014.0,Eflatun Film,"Ali Atay, Serkan Keskin, Osman Sonant",21,Gazi Mahallesi ve Akköprü Emniyet Hattı,Ankara,Yenimahalle,39.952,32.831,"39.952, 32.831",Orta,Açık,"Nostalji Gezisi, Emniyet Sahneleri",https://gorsel-linki.com/gazi-mahallesi.jpg,"Ankara genelindeki hastane, ofis ve okul çevresi sahneleri"
280,Eski Hikâye,Dizi,Dram,Bahadır İnce (Yönetmen),Fatih Enes Ömeroğlu (Yapımcı),2013.0,ARC Film,"Buğra Gülsoy, Funda Eryiğit, Murat Daltaban, Damla Debre, Sermet Yeşil, Ali Barkın, Osman Alkaş, Tayfun Eraslan, Ferda Işıl, Songül Sevdik, Sinan Demirer, Diren Polatoğulları, Mehmet Esen, Sedef Akalın",229,Pierre Loti Tepesi ve Mezarlıklar,İstanbul,Eyüpsultan,41.053,28.933,"41.053, 28.933",Çok Yüksek,Açık,"Manzara İzleme, Tarih Turu",https://gorsel-linki.com/pierre-loti.jpg,Ramiz Dayı ve Ezel'in Pierre Loti'deki meşhur manzaralı sohbetleri
280,Eski Hikâye,Dizi,Dram,Bahadır İnce (Yönetmen),Fatih Enes Ömeroğlu (Yapımcı),2013.0,ARC Film,"Buğra Gülsoy, Funda Eryiğit, Murat Daltaban, Damla Debre, Sermet Yeşil, Ali Barkın, Osman Alkaş, Tayfun Eraslan, Ferda Işıl, Songül Sevdik, Sinan Demirer, Diren Polatoğulları, Mehmet Esen, Sedef Akalın",170,Balat Sokakları,İstanbul,Fatih,41.031,28.947,"41.031, 28.947",Yüksek,Açık,Cafe-Kültür Gezisi,https://gorsel-linki.com/balat.jpg,Balat ve çevresindeki eski mahalle sahneleri (Eyşan'ın evi ve sokaklar)
280,Eski Hikâye,Dizi,Dram,Bahadır İnce (Yönetmen),Fatih Enes Ömeroğlu (Yapımcı),2013.0,ARC Film,"Buğra Gülsoy, Funda Eryiğit, Murat Daltaban, Damla Debre, Sermet Yeşil, Ali Barkın, Osman Alkaş, Tayfun Eraslan, Ferda Işıl, Songül Sevdik, Sinan Demirer, Diren Polatoğulları, Mehmet Esen, Sedef Akalın",222,Levent ve Maslak İş Merkezleri,İstanbul,Beşiktaş,41.077,29.012,"41.077, 29.012",Orta,Açık,Şehir Gezisi,https://gorsel-linki.com/levent.jpg,Ezel Bayraktar'ın oteli ve lüks kumarhane sahneleri (Levent/Maslak)
454,Keşanlı Ali Destanı,Dizi,Dram,Çağan Irmak (Yönetmen),| editör = Banu Yılmaz Gürdal (Yapımcı),2011.0,D Productions,"Nejat İşler, Belçim Bilgin",16,Demirtepe ve Ankara Tren Yolları,Ankara,Çankaya,39.928,32.845,"39.928, 32.845",Düşük,Açık,Tren Yolculuğu,https://gorsel-linki.com/ankara-tren.jpg,Ankara'daki siyasi kulisler ve emniyet birimi sahneleri
454,Keşanlı Ali Destanı,Dizi,Dram,Çağan Irmak (Yönetmen),| editör = Banu Yılmaz Gürdal (Yapımcı),2011.0,D Productions,"Nejat İşler, Belçim Bilgin",27,Sakarya Caddesi ve SSK İş Hanı Çevresi,Ankara,Çankaya,39.921,32.853,"39.921, 32.853",Yüksek,Açık,"Gece Hayatı, Sokak Lezzetleri",https://gorsel-linki.com/sakarya-ankara.jpg,Karakterlerin şehir merkezi ve bürokrasi çevresindeki takipleri
454,Keşanlı Ali Destanı,Dizi,Dram,Çağan Irmak (Yönetmen),| editör = Banu Yılmaz Gürdal (Yapımcı),2011.0,D Productions,"Nejat İşler, Belçim Bilgin",170,Balat Sokakları,İstanbul,Fatih,41.031,28.947,"41.031, 28.947",Yüksek,Açık,Cafe-Kültür Gezisi,https://gorsel-linki.com/balat.jpg,Suç dünyasının İstanbul ayağındaki gizli buluşma noktaları
147,Beni Böyle Sev,Dizi,Komedi,Cem TabakLevent Türkan (Yönetmen),Çağrı BingüllerBaşak Bingüller (Yapımcı),2013.0,BSK Yapım,"Alper Saldıran, Zeynep Çamcı, Burcu Altın, Bala Atabek, Umut Kurt Eda Ece, Ozan Osmanpaşaoğlu, Mert Turak, Burcu Biricik, Yusuf Akgün, Selen Uçer, Fatih Koyunoğlu, Meral Asiltürk, Serkan Çayoğlu, Altan Gördüm, Lale Mansur, Güven Kıraç, Zafer Algöz",26,Mogan Gölü ve Villalar Bölgesi,Ankara,Gölbaşı,39.791,32.805,"39.791, 32.805",Yüksek,Açık,"Piknik, Tekne Turu, Set Gezisi",https://gorsel-linki.com/mogan-ankara.jpg,Sayar ailesinin Ankara Gölbaşı'ndaki malikanesi ve bahçe sahneleri
147,Beni Böyle Sev,Dizi,Komedi,Cem TabakLevent Türkan (Yönetmen),Çağrı BingüllerBaşak Bingüller (Yapımcı),2013.0,BSK Yapım,"Alper Saldıran, Zeynep Çamcı, Burcu Altın, Bala Atabek, Umut Kurt Eda Ece, Ozan Osmanpaşaoğlu, Mert Turak, Burcu Biricik, Yusuf Akgün, Selen Uçer, Fatih Koyunoğlu, Meral Asiltürk, Serkan Çayoğlu, Altan Gördüm, Lale Mansur, Güven Kıraç, Zafer Algöz",16,Demirtepe ve Ankara Tren Yolları,Ankara,Çankaya,39.928,32.845,"39.928, 32.845",Düşük,Açık,Tren Yolculuğu,https://gorsel-linki.com/ankara-tren.jpg,Şehir merkezi sahneleri ve karakterlerin sosyal alan çekimleri
147,Beni Böyle Sev,Dizi,Komedi,Cem TabakLevent Türkan (Yönetmen),Çağrı BingüllerBaşak Bingüller (Yapımcı),2013.0,BSK Yapım,"Alper Saldıran, Zeynep Çamcı, Burcu Altın, Bala Atabek, Umut Kurt Eda Ece, Ozan Osmanpaşaoğlu, Mert Turak, Burcu Biricik, Yusuf Akgün, Selen Uçer, Fatih Koyunoğlu, Meral Asiltürk, Serkan Çayoğlu, Altan Gördüm, Lale Mansur, Güven Kıraç, Zafer Algöz",21,Gazi Mahallesi ve Akköprü Emniyet Hattı,Ankara,Yenimahalle,39.952,32.831,"39.952, 32.831",Orta,Açık,"Nostalji Gezisi, Emniyet Sahneleri",https://gorsel-linki.com/gazi-mahallesi.jpg,Hastaneler ve ofisler için kullanılan Ankara mekanları
654,Selena,Dizi,Fantastik,Bora Onur (Yönetmen),Ali Gündoğduİnci Kırhan Gündoğdu (Yapımcı),2005.0,Süreç Film,"Sinem Kobal Gökhan Keser, Cansu Demirci, Gizem Güven, Dilara Kurtulmuş, Sinan Çalışkanoğlu, Zuhal Topal",26,Mogan Gölü ve Villalar Bölgesi,Ankara,Gölbaşı,39.791,32.805,"39.791, 32.805",Yüksek,Açık,"Piknik, Tekne Turu, Set Gezisi",https://gorsel-linki.com/mogan-ankara.jpg,Gölbaşı ve çevresindeki modern ev yaşamı ve park sahneleri
654,Selena,Dizi,Fantastik,Bora Onur (Yönetmen),Ali Gündoğduİnci Kırhan Gündoğdu (Yapımcı),2005.0,Süreç Film,"Sinem Kobal Gökhan Keser, Cansu Demirci, Gizem Güven, Dilara Kurtulmuş, Sinan Çalışkanoğlu, Zuhal Topal",16,Demirtepe ve Ankara Tren Yolları,Ankara,Çankaya,39.928,32.845,"39.928, 32.845",Düşük,Açık,Tren Yolculuğu,https://gorsel-linki.com/ankara-tren.jpg,Ankara genelindeki restoran ve cafe buluşma çekimleri
654,Selena,Dizi,Fantastik,Bora Onur (Yönetmen),Ali Gündoğduİnci Kırhan Gündoğdu (Yapımcı),2005.0,Süreç Film,"Sinem Kobal Gökhan Keser, Cansu Demirci, Gizem Güven, Dilara Kurtulmuş, Sinan Çalışkanoğlu, Zuhal Topal",21,Gazi Mahallesi ve Akköprü Emniyet Hattı,Ankara,Yenimahalle,39.952,32.831,"39.952, 32.831",Orta,Açık,"Nostalji Gezisi, Emniyet Sahneleri",https://gorsel-linki.com/gazi-mahallesi.jpg,Şehir içi günlük akış ve dış mekan kentsel çekimler
480,Kuruluş Osman,Dizi,Aksiyon,Metin Günay (1-64)Ahmet Yılmaz (65-194) (Yönetmen),Mehmet Bozdağ (Yapımcı),2019.0,Bozdağ Film,"Burak Özçivit, Özge Törer, Nurettin Sönmez, Ragıp Savaş, Emre Basalak, Saruhan Hünel, Didem Balçın, Erkan Avcı, Serhat Kılıç, Yıldıray Şahinler, Yeşim Ceren Bozoğlu, Kanbolat Görkem Arslan, Seray Kaya, Seçkin Özdemir, Teoman Kumbaracıbaşı, Burak Çelik, Hakan Yılmaz, Nihat Altınkaya, İpek Karapınar, Rüzgar Aksoy, Seda Yıldız, Yıldız Çağrı Atiksoy, Emre Bey, Çağrı Şensoy, Yiğit Uçan, Cengiz Coşkun",269,İstinye ve Yeniköy Yalılar Hattı,İstanbul,Sarıyer,41.118,29.055,"41.118, 29.055",Çok Yüksek,Açık/Özel,"Yalı Gözlemi, Yürüyüş",https://gorsel-linki.com/istinye-yali.jpg,Ali Nejat'ın lüks yalı yaşamı ve modern ofis sahneleri
480,Kuruluş Osman,Dizi,Aksiyon,Metin Günay (1-64)Ahmet Yılmaz (65-194) (Yönetmen),Mehmet Bozdağ (Yapımcı),2019.0,Bozdağ Film,"Burak Özçivit, Özge Törer, Nurettin Sönmez, Ragıp Savaş, Emre Basalak, Saruhan Hünel, Didem Balçın, Erkan Avcı, Serhat Kılıç, Yıldıray Şahinler, Yeşim Ceren Bozoğlu, Kanbolat Görkem Arslan, Seray Kaya, Seçkin Özdemir, Teoman Kumbaracıbaşı, Burak Çelik, Hakan Yılmaz, Nihat Altınkaya, İpek Karapınar, Rüzgar Aksoy, Seda Yıldız, Yıldız Çağrı Atiksoy, Emre Bey, Çağrı Şensoy, Yiğit Uçan, Cengiz Coşkun",173,Bebek Sahil Şeridi,İstanbul,Beşiktaş,41.076,29.043,"41.076, 29.043",Çok Yüksek,Açık,"Yürüyüş, Lüks Kafe Kültürü",https://gorsel-linki.com/bebek.jpg,Boğaz hattındaki tekne ve sahil sürüş sahneleri
480,Kuruluş Osman,Dizi,Aksiyon,Metin Günay (1-64)Ahmet Yılmaz (65-194) (Yönetmen),Mehmet Bozdağ (Yapımcı),2019.0,Bozdağ Film,"Burak Özçivit, Özge Törer, Nurettin Sönmez, Ragıp Savaş, Emre Basalak, Saruhan Hünel, Didem Balçın, Erkan Avcı, Serhat Kılıç, Yıldıray Şahinler, Yeşim Ceren Bozoğlu, Kanbolat Görkem Arslan, Seray Kaya, Seçkin Özdemir, Teoman Kumbaracıbaşı, Burak Çelik, Hakan Yılmaz, Nihat Altınkaya, İpek Karapınar, Rüzgar Aksoy, Seda Yıldız, Yıldız Çağrı Atiksoy, Emre Bey, Çağrı Şensoy, Yiğit Uçan, Cengiz Coşkun",222,Levent ve Maslak İş Merkezleri,İstanbul,Beşiktaş,41.077,29.012,"41.077, 29.012",Orta,Açık,Şehir Gezisi,https://gorsel-linki.com/levent.jpg,Otomotiv holdingi ve iş dünyası çekimleri (Maslak)
764,Uyanış: Büyük Selçuklu,Dizi,Aksiyon,Sedat İnci (Yönetmen),Emre Konuk (Yapımcı),2020.0,Akli Film,"Buğra Gülsoy, Ekin Koç, Hatice Şendil, Gürkan Uygun, Sezin Akbaşoğulları, Sevda Erginci, Mehmet Özgür, Leyla Lydia Tuğutlu, Cemal Toktaş, İlker Kızmaz, Ali Gözüşirin, Leyla Feray, Pınar Töre, Bülent Alkış",242,Sultanahmet Meydanı ve Hipodrom,İstanbul,Fatih,41.005,28.976,"41.005, 28.976",Çok Yüksek,Açık,"Tarih Gezisi, Müze Ziyareti",https://gorsel-linki.com/sultanahmet.jpg,Milli Mücadele döneminin Sultanahmet mitingleri ve tarihi meydan sahneleri
764,Uyanış: Büyük Selçuklu,Dizi,Aksiyon,Sedat İnci (Yönetmen),Emre Konuk (Yapımcı),2020.0,Akli Film,"Buğra Gülsoy, Ekin Koç, Hatice Şendil, Gürkan Uygun, Sezin Akbaşoğulları, Sevda Erginci, Mehmet Özgür, Leyla Lydia Tuğutlu, Cemal Toktaş, İlker Kızmaz, Ali Gözüşirin, Leyla Feray, Pınar Töre, Bülent Alkış",217,Kundura Fabrikası Dönem Platosu,İstanbul,Beykoz,41.134,29.071,"41.134, 29.071",Çok Yüksek,Özel İzinle,Dönem Dizisi Turu,https://gorsel-linki.com/donem-platosu.jpg,Meclis-i Mebusan ve gizli toplantılar için kullanılan dönem platoları
764,Uyanış: Büyük Selçuklu,Dizi,Aksiyon,Sedat İnci (Yönetmen),Emre Konuk (Yapımcı),2020.0,Akli Film,"Buğra Gülsoy, Ekin Koç, Hatice Şendil, Gürkan Uygun, Sezin Akbaşoğulları, Sevda Erginci, Mehmet Özgür, Leyla Lydia Tuğutlu, Cemal Toktaş, İlker Kızmaz, Ali Gözüşirin, Leyla Feray, Pınar Töre, Bülent Alkış",170,Balat Sokakları,İstanbul,Fatih,41.031,28.947,"41.031, 28.947",Yüksek,Açık,Cafe-Kültür Gezisi,https://gorsel-linki.com/balat.jpg,İşgal altındaki İstanbul'un tarihi yarımada sahneleri
349,Güvercin (dizi),Dizi,Dram,Altan Dönmez,Yaşar İrvül,2019.0,Pastel Film,"Mehmet Ali Nuroğlu, Almila Ada",81,Erciyes Dağı Etekleri ve Tarihi Mahalleler,Kayseri,Merkez,38.53,35.51,"38.530, 35.510",Çok Yüksek,Açık,"Kış Turizmi, Gastronomi",https://gorsel-linki.com/erciyes-kayseri.jpg,Hayrullah Bey ve ailesinin Kayseri'deki muhafazakar yaşamı ve fabrika sahneleri
349,Güvercin (dizi),Dizi,Dram,Altan Dönmez,Yaşar İrvül,2019.0,Pastel Film,"Mehmet Ali Nuroğlu, Almila Ada",16,Demirtepe ve Ankara Tren Yolları,Ankara,Çankaya,39.928,32.845,"39.928, 32.845",Düşük,Açık,Tren Yolculuğu,https://gorsel-linki.com/ankara-tren.jpg,Ankara'daki politik pazarlıklar ve bürokrasi sahneleri
349,Güvercin (dizi),Dizi,Dram,Altan Dönmez,Yaşar İrvül,2019.0,Pastel Film,"Mehmet Ali Nuroğlu, Almila Ada",170,Balat Sokakları,İstanbul,Fatih,41.031,28.947,"41.031, 28.947",Yüksek,Açık,Cafe-Kültür Gezisi,https://gorsel-linki.com/balat.jpg,Dizinin İstanbul bağlantılı ticaret ve aile sahneleri
163,,,,,,,,,269,İstinye ve Yeniköy Yalılar Hattı,İstanbul,Sarıyer,41.118,29.055,"41.118, 29.055",Çok Yüksek,Açık/Özel,"Yalı Gözlemi, Yürüyüş",https://gorsel-linki.com/istinye-yali.jpg,Onur ve Şehrazat'ın mimarlık ofisi ve Yeniköy'deki yalı sahneleri
163,,,,,,,,,173,Bebek Sahil Şeridi,İstanbul,Beşiktaş,41.076,29.043,"41.076, 29.043",Çok Yüksek,Açık,"Yürüyüş, Lüks Kafe Kültürü",https://gorsel-linki.com/bebek.jpg,Boğaz üzerindeki köprü geçişleri ve akşam yemeği sahneleri
163,,,,,,,,,170,Balat Sokakları,İstanbul,Fatih,41.031,28.947,"41.031, 28.947",Yüksek,Açık,Cafe-Kültür Gezisi,https://gorsel-linki.com/balat.jpg,Tarihi binalarda geçen restorasyon ve şantiye sahneleri
42,Aldatmak (dizi),Dizi,Dram,Murat Saraçoğlu,Timur Savcı,2022.0,Tims&B,"Vahide Perçin, Ercan Kesal, Mustafa Uğurlu",173,Bebek Sahil Şeridi,İstanbul,Beşiktaş,41.076,29.043,"41.076, 29.043",Çok Yüksek,Açık,"Yürüyüş, Lüks Kafe Kültürü",https://gorsel-linki.com/bebek.jpg,Hakime Güzide'nin İstanbul'daki aile evi ve sahil yürüyüşleri
65,Arka Sokaklar (dizi),Dizi,Gerilim/Suç,Orhan Oğuz,Türker İnanoğlu,2006.0,Erler Film,"Zafer Ergin, Şevket Çoruh, Özgür Ozan",266,İstanbul Çağlayan Adliyesi,İstanbul,Kağıthane,41.082,28.981,"41.082, 28.981",Düşük,Kısıtlı (Resmi Kurum),Gözlem,https://gorsel-linki.com/adliye.jpg,Mahkeme salonları ve adliye koridorları sahneleri
42,Aldatmak (dizi),Dizi,Dram,Murat Saraçoğlu,Timur Savcı,2022.0,Tims&B,"Vahide Perçin, Ercan Kesal, Mustafa Uğurlu",222,Levent ve Maslak İş Merkezleri,İstanbul,Beşiktaş,41.077,29.012,"41.077, 29.012",Orta,Açık,Şehir Gezisi,https://gorsel-linki.com/levent.jpg,Modern hukuk büroları ve iş dünyası çekimleri
738,The Swimmers,Film,Dram,Sally El Hosaini,Eric Fellner,2022.0,Working Title,"Nathalie Issa, Manal Issa",16,Demirtepe ve Ankara Tren Yolları,Ankara,Çankaya,39.928,32.845,"39.928, 32.845",Düşük,Açık,Tren Yolculuğu,https://gorsel-linki.com/ankara-tren.jpg,İlkay ve Ali'nin Ankara'daki günlük mahalle yaşantısı sahneleri
738,The Swimmers,Film,Dram,Sally El Hosaini,Eric Fellner,2022.0,Working Title,"Nathalie Issa, Manal Issa",26,Mogan Gölü ve Villalar Bölgesi,Ankara,Gölbaşı,39.791,32.805,"39.791, 32.805",Yüksek,Açık,"Piknik, Tekne Turu, Set Gezisi",https://gorsel-linki.com/mogan-ankara.jpg,Karakterlerin dinlenme alanları ve dış mekan sahil (Gölbaşı) çekimleri
738,The Swimmers,Film,Dram,Sally El Hosaini,Eric Fellner,2022.0,Working Title,"Nathalie Issa, Manal Issa",21,Gazi Mahallesi ve Akköprü Emniyet Hattı,Ankara,Yenimahalle,39.952,32.831,"39.952, 32.831",Orta,Açık,"Nostalji Gezisi, Emniyet Sahneleri",https://gorsel-linki.com/gazi-mahallesi.jpg,Ankara genelindeki hastane ve okul çevresi sahneleri
136,Behzat Ç. Ankara Yanıyor,Film,Aksiyon,Serdar Akar,Tarkan Karlıdağ,2013.0,Adam Film,"Erdal Beşikçioğlu, Nejat İşler, Sanem Çelik",27,Sakarya Caddesi ve SSK İş Hanı Çevresi,Ankara,Çankaya,39.921,32.853,"39.921, 32.853",Yüksek,Açık,"Gece Hayatı, Sokak Lezzetleri",https://gorsel-linki.com/sakarya-ankara.jpg,Amirim ve ekibinin Sakarya Caddesi'ndeki meyhane ve sokak sahneleri
136,Behzat Ç. Ankara Yanıyor,Film,Aksiyon,Serdar Akar,Tarkan Karlıdağ,2013.0,Adam Film,"Erdal Beşikçioğlu, Nejat İşler, Sanem Çelik",21,Gazi Mahallesi ve Akköprü Emniyet Hattı,Ankara,Yenimahalle,39.952,32.831,"39.952, 32.831",Orta,Açık,"Nostalji Gezisi, Emniyet Sahneleri",https://gorsel-linki.com/gazi-mahallesi.jpg,Cinayet büro ekiplerinin emniyet binası ve Gazi Mahallesi çevresindeki devriye sahneleri
136,Behzat Ç. Ankara Yanıyor,Film,Aksiyon,Serdar Akar,Tarkan Karlıdağ,2013.0,Adam Film,"Erdal Beşikçioğlu, Nejat İşler, Sanem Çelik",16,Demirtepe ve Ankara Tren Yolları,Ankara,Çankaya,39.928,32.845,"39.928, 32.845",Düşük,Açık,Tren Yolculuğu,https://gorsel-linki.com/ankara-tren.jpg,Ankara genelindeki raylı sistemler ve tren garı çevresi çekimleri
631,Reis,Dizi,Romantik,Sadullah Celen (Yönetmen),Gül Oğuz (Yapımcı),2011.0,Most Production,"Mehmet Âkif Alakurt, Melisa Sözen, Şükran Ovalı",64,Sivrihisar Kırsalı ve Askeri Platolar,Eskişehir,Sivrihisar,39.45,31.537,"39.450, 31.537",Yüksek,Kısıtlı,"Set Gezisi, Doğa Fotoğrafı",https://gorsel-linki.com/sivrihisar-set.jpg,Kılıç Timi'nin operasyon sahneleri için kullanılan Eskişehir kırsalı
631,Reis,Dizi,Romantik,Sadullah Celen (Yönetmen),Gül Oğuz (Yapımcı),2011.0,Most Production,"Mehmet Âkif Alakurt, Melisa Sözen, Şükran Ovalı",86,Sekapark Film Platosu,Kocaeli,İzmit,40.762,29.904,"40.762, 29.904",Yüksek,Ziyarete Açık,Film Seti Gezisi,https://gorsel-linki.com/sekapark-set.jpg,Askeri üs ve iç mekan çekimleri için kullanılan özel platolar
631,Reis,Dizi,Romantik,Sadullah Celen (Yönetmen),Gül Oğuz (Yapımcı),2011.0,Most Production,"Mehmet Âkif Alakurt, Melisa Sözen, Şükran Ovalı",16,Demirtepe ve Ankara Tren Yolları,Ankara,Çankaya,39.928,32.845,"39.928, 32.845",Düşük,Açık,Tren Yolculuğu,https://gorsel-linki.com/ankara-tren.jpg,Birliklerin Ankara'daki genel merkez ve resmi tören sahneleri
519,Kızım,Dizi,Dram,Gökçen Usta (Yönetmen),Fatih Aksoy (Yapımcı),2018.0,Medyapım,"Buğra Gülsoy, Leyla Lydia Tuğutlu, Beren Gökyıldız",216,Kireçburnu Sahili ve Parkı,İstanbul,Sarıyer,41.141,29.052,"41.141, 29.052",Çok Yüksek,Açık,"Çay İçme, Dizi Anması",https://gorsel-linki.com/kirecburnu.jpg,Mecnun'un denize karşı oturduğu Kireçburnu sahili ve Erdal Bakkal sahneleri
519,Kızım,Dizi,Dram,Gökçen Usta (Yönetmen),Fatih Aksoy (Yapımcı),2018.0,Medyapım,"Buğra Gülsoy, Leyla Lydia Tuğutlu, Beren Gökyıldız",170,Balat Sokakları,İstanbul,Fatih,41.031,28.947,"41.031, 28.947",Yüksek,Açık,Cafe-Kültür Gezisi,https://gorsel-linki.com/balat.jpg,Kireçburnu'nun arka sokaklarındaki mahalle ve ev sahneleri
519,Kızım,Dizi,Dram,Gökçen Usta (Yönetmen),Fatih Aksoy (Yapımcı),2018.0,Medyapım,"Buğra Gülsoy, Leyla Lydia Tuğutlu, Beren Gökyıldız",173,Bebek Sahil Şeridi,İstanbul,Beşiktaş,41.076,29.043,"41.076, 29.043",Çok Yüksek,Açık,"Yürüyüş, Lüks Kafe Kültürü",https://gorsel-linki.com/bebek.jpg,Boğaz hattındaki absürt yolculuk ve dış mekan çekimleri
386,Her Yerde Sen,Dizi,Komedi,Ender Mıhlar (Yönetmen),Ömer Özgüner (Yapımcı),2019.0,Karga Seven Pictures,"Furkan Andıç, Aybüke Pusat",170,Balat Sokakları,İstanbul,Fatih,41.031,28.947,"41.031, 28.947",Yüksek,Açık,Cafe-Kültür Gezisi,https://gorsel-linki.com/balat.jpg,İstanbul'un karmaşık suç dünyasını yansıtan dar sokak sahneleri
386,Her Yerde Sen,Dizi,Komedi,Ender Mıhlar (Yönetmen),Ömer Özgüner (Yapımcı),2019.0,Karga Seven Pictures,"Furkan Andıç, Aybüke Pusat",264,Üsküdar İskelesi ve Çevresi,İstanbul,Üsküdar,41.027,29.015,"41.027, 29.015",Çok Yüksek,Açık,"Vapur Gezisi, Manzara",https://gorsel-linki.com/uskudar.jpg,Deniz kenarı ve liman bölgelerindeki gizli buluşmalar
386,Her Yerde Sen,Dizi,Komedi,Ender Mıhlar (Yönetmen),Ömer Özgüner (Yapımcı),2019.0,Karga Seven Pictures,"Furkan Andıç, Aybüke Pusat",222,Levent ve Maslak İş Merkezleri,İstanbul,Beşiktaş,41.077,29.012,"41.077, 29.012",Orta,Açık,Şehir Gezisi,https://gorsel-linki.com/levent.jpg,İş dünyası ve operasyon merkezleri için kullanılan plazalar
495,Kül (film),Film,Dram,Erdem Tepegöz,Kerem Çatay,2022.0,Ay Yapım,"Funda Eryiğit, Alperen Duymaz, Mehmet Günsür",91,Kapalı Maraş ve Tarihi Surlar,Kuzey Kıbrıs,Gazimağusa,35.116,33.953,"35.116, 33.953",Çok Yüksek,Kısmi Açık,"Tarih Gezisi, Hüzün Turizmi",https://gorsel-linki.com/kibris-marash.jpg,Dizinin geçtiği tarihi Gazimağusa sokakları ve Maraş bölgesi sahneleri
495,Kül (film),Film,Dram,Erdem Tepegöz,Kerem Çatay,2022.0,Ay Yapım,"Funda Eryiğit, Alperen Duymaz, Mehmet Günsür",170,Balat Sokakları,İstanbul,Fatih,41.031,28.947,"41.031, 28.947",Yüksek,Açık,Cafe-Kültür Gezisi,https://gorsel-linki.com/balat.jpg,Türkiye ayağındaki diplomatik ve askeri karar alma sahneleri
495,Kül (film),Film,Dram,Erdem Tepegöz,Kerem Çatay,2022.0,Ay Yapım,"Funda Eryiğit, Alperen Duymaz, Mehmet Günsür",86,Sekapark Film Platosu,Kocaeli,İzmit,40.762,29.904,"40.762, 29.904",Yüksek,Ziyarete Açık,Film Seti Gezisi,https://gorsel-linki.com/sekapark-set.jpg,Savaş sahneleri için kurulan özel açık hava platoları
187,Biz Böyleyiz,Film,Komedi,Caner Özyurtlu,Bilinmiyor,2019.0,Avşar Film,"Berrak Tüzünataç, Engin Öztürk, Şebnem Bozoklu",16,Demirtepe ve Ankara Tren Yolları,Ankara,Çankaya,39.928,32.845,"39.928, 32.845",Düşük,Açık,Tren Yolculuğu,https://gorsel-linki.com/ankara-tren.jpg,Misket ve ailesinin Ankara'daki günlük yaşamı ve mahalle sahneleri
187,Biz Böyleyiz,Film,Komedi,Caner Özyurtlu,Bilinmiyor,2019.0,Avşar Film,"Berrak Tüzünataç, Engin Öztürk, Şebnem Bozoklu",286,Konak Meydanı,İzmir,Konak,38.418,27.128,"38.418, 27.128",Yüksek,Açık,Tarihi Gezi,https://gorsel-linki.com/konak.jpg,İzmir bağlantılı bazı flashback ve tatil sahneleri
187,Biz Böyleyiz,Film,Komedi,Caner Özyurtlu,Bilinmiyor,2019.0,Avşar Film,"Berrak Tüzünataç, Engin Öztürk, Şebnem Bozoklu",21,Gazi Mahallesi ve Akköprü Emniyet Hattı,Ankara,Yenimahalle,39.952,32.831,"39.952, 32.831",Orta,Açık,"Nostalji Gezisi, Emniyet Sahneleri",https://gorsel-linki.com/gazi-mahallesi.jpg,Ankara genelindeki sosyal alan ve park çekimleri
295,Eşrefpaşalı,Film,Macera,Erdoğan Tokatlı,Kadir Kesemen,1966.0,Dadaş Film,"Yılmaz Güney, Nebahat Çehre",16,Demirtepe ve Ankara Tren Yolları,Ankara,Çankaya,39.928,32.845,"39.928, 32.845",Düşük,Açık,Tren Yolculuğu,https://gorsel-linki.com/ankara-tren.jpg,Ankara'nın yerleşik aile kültürünü yansıtan ev ve sokak sahneleri
295,Eşrefpaşalı,Film,Macera,Erdoğan Tokatlı,Kadir Kesemen,1966.0,Dadaş Film,"Yılmaz Güney, Nebahat Çehre",27,Sakarya Caddesi ve SSK İş Hanı Çevresi,Ankara,Çankaya,39.921,32.853,"39.921, 32.853",Yüksek,Açık,"Gece Hayatı, Sokak Lezzetleri",https://gorsel-linki.com/sakarya-ankara.jpg,Karakterlerin şehir merkezi gezintileri ve alışveriş sahneleri
295,Eşrefpaşalı,Film,Macera,Erdoğan Tokatlı,Kadir Kesemen,1966.0,Dadaş Film,"Yılmaz Güney, Nebahat Çehre",21,Gazi Mahallesi ve Akköprü Emniyet Hattı,Ankara,Yenimahalle,39.952,32.831,"39.952, 32.831",Orta,Açık,"Nostalji Gezisi, Emniyet Sahneleri",https://gorsel-linki.com/gazi-mahallesi.jpg,Yenimahalle çevresindeki sakin mahalle atmosferi çekimleri
235,Dedemin İnsanları,Film,Romantik,Çağan Irmak,Mustafa Oğuz,2011.0,Most Production,"Çetin Tekindor, Hümeyra, Yiğit Özşener",16,Demirtepe ve Ankara Tren Yolları,Ankara,Çankaya,39.928,32.845,"39.928, 32.845",Düşük,Açık,Tren Yolculuğu,https://gorsel-linki.com/ankara-tren.jpg,Üniversite öğrencilerinin Ankara'daki kampüs ve sosyal yaşam sahneleri
235,Dedemin İnsanları,Film,Romantik,Çağan Irmak,Mustafa Oğuz,2011.0,Most Production,"Çetin Tekindor, Hümeyra, Yiğit Özşener",222,Levent ve Maslak İş Merkezleri,İstanbul,Beşiktaş,41.077,29.012,"41.077, 29.012",Orta,Açık,Şehir Gezisi,https://gorsel-linki.com/levent.jpg,İstanbul bağlantılı iş ve aile ziyaret sahneleri
235,Dedemin İnsanları,Film,Romantik,Çağan Irmak,Mustafa Oğuz,2011.0,Most Production,"Çetin Tekindor, Hümeyra, Yiğit Özşener",21,Gazi Mahallesi ve Akköprü Emniyet Hattı,Ankara,Yenimahalle,39.952,32.831,"39.952, 32.831",Orta,Açık,"Nostalji Gezisi, Emniyet Sahneleri",https://gorsel-linki.com/gazi-mahallesi.jpg,Gençlik dramını yansıtan kafe ve dış mekan çekimleri
715,Takip: İstanbul,Film,Dram,Olivier Megaton,Luc Besson,2012.0,dağıtıcı = 20th Century Fox,"Liam Neeson, Famke Janssen, Maggie Grace, Rade Šerbedžija",16,Demirtepe ve Ankara Tren Yolları,Ankara,Çankaya,39.928,32.845,"39.928, 32.845",Düşük,Açık,Tren Yolculuğu,https://gorsel-linki.com/ankara-tren.jpg,MİT binası ve Ankara genelindeki istihbarat operasyonu sahneleri
715,Takip: İstanbul,Film,Dram,Olivier Megaton,Luc Besson,2012.0,dağıtıcı = 20th Century Fox,"Liam Neeson, Famke Janssen, Maggie Grace, Rade Šerbedžija",170,Balat Sokakları,İstanbul,Fatih,41.031,28.947,"41.031, 28.947",Yüksek,Açık,Cafe-Kültür Gezisi,https://gorsel-linki.com/balat.jpg,Operasyonların İstanbul ayağındaki gizli takip ve aksiyon sahneleri
715,Takip: İstanbul,Film,Dram,Olivier Megaton,Luc Besson,2012.0,dağıtıcı = 20th Century Fox,"Liam Neeson, Famke Janssen, Maggie Grace, Rade Šerbedžija",64,Sivrihisar Kırsalı ve Askeri Platolar,Eskişehir,Sivrihisar,39.45,31.537,"39.450, 31.537",Yüksek,Kısıtlı,"Set Gezisi, Doğa Fotoğrafı",https://gorsel-linki.com/sivrihisar-set.jpg,Sınır ötesi operasyon atmosferi için kullanılan kırsal alanlar
242,,,,,,,,,64,Sivrihisar Kırsalı ve Askeri Platolar,Eskişehir,Sivrihisar,39.45,31.537,"39.450, 31.537",Yüksek,Kısıtlı,"Set Gezisi, Doğa Fotoğrafı",https://gorsel-linki.com/sivrihisar-set.jpg,Timin operasyon yaptığı karlı ve dağlık araziler için Sivrihisar çekimleri
242,,,,,,,,,16,Demirtepe ve Ankara Tren Yolları,Ankara,Çankaya,39.928,32.845,"39.928, 32.845",Düşük,Açık,Tren Yolculuğu,https://gorsel-linki.com/ankara-tren.jpg,Ankara'daki karargah ve resmi kabul sahneleri
242,,,,,,,,,86,Sekapark Film Platosu,Kocaeli,İzmit,40.762,29.904,"40.762, 29.904",Yüksek,Ziyarete Açık,Film Seti Gezisi,https://gorsel-linki.com/sekapark-set.jpg,Teknolojik merkez ve üs sahneleri için kullanılan kapalı setler
589,,,,,,,,,295,Tire Tarihi Çarşı ve Salı Pazarı,İzmir,Tire,38.089,27.734,"38.089, 27.734",Çok Yüksek,Açık,"Gastronomi, El Sanatları",https://gorsel-linki.com/tire.jpg,Oğuz ve Deniz'in Tire sokaklarındaki cenaze ve yolculuk sahneleri
589,,,,,,,,,299,Urla İskele ve Tarihi Gümrük Binaları,İzmir,Urla,38.361,26.772,"38.361, 26.772",Çok Yüksek,Açık,"Balık Gastronomisi, Yürüyüş",https://gorsel-linki.com/urla-iskele.jpg,İzmir Urla çevresindeki doğal ve sakin dış çekimler
589,,,,,,,,,286,Konak Meydanı,İzmir,Konak,38.418,27.128,"38.418, 27.128",Yüksek,Açık,Tarihi Gezi,https://gorsel-linki.com/konak.jpg,İzmir şehir merkezi ile bağlantılı duygusal sekanslar
141,Ben Leman,Dizi,Dram,Semih Bağcı,Mehmet Yiğit Alp,2013.0,NTC Medya,"Burçin Terzioğlu, Özgür Çevik",286,Konak Meydanı,İzmir,Konak,38.418,27.128,"38.418, 27.128",Yüksek,Açık,Tarihi Gezi,https://gorsel-linki.com/konak.jpg,Nihat'ın çalıştığı İzmir'deki yemekhane ve hastane sahneleri
141,Ben Leman,Dizi,Dram,Semih Bağcı,Mehmet Yiğit Alp,2013.0,NTC Medya,"Burçin Terzioğlu, Özgür Çevik",277,Basmane Garı ve Eski İzmir Sokakları,İzmir,Konak,38.423,27.142,"38.423, 27.142",Yüksek,Açık,"Tarih Keşfi, Ulaşım",https://gorsel-linki.com/basmane.jpg,"Basmane ve çevresindeki kasvetli, dramatik sokak çekimleri"
141,Ben Leman,Dizi,Dram,Semih Bağcı,Mehmet Yiğit Alp,2013.0,NTC Medya,"Burçin Terzioğlu, Özgür Çevik",33,Antalya Havalimanı Çevresi,Antalya,Muratpaşa,36.9,30.792,"36.900, 30.792",Düşük,Açık,Ulaşım,https://gorsel-linki.com/havalimani.jpg,İzmir-İstanbul hattındaki yol ve seyahat sahneleri
869,"Çırak (film, 2014)",Film,Dram,Tayfun Belet,Tayfun Belet,2014.0,Tabu Film,Hüsnü Şenlendirici,285,Ildır Köyü ve Antik Tiyatro Çevresi,İzmir,Çeşme,38.388,26.478,"38.388, 26.478",Yüksek,Açık,"Gün Batımı İzleme, Balıkçılık",https://gorsel-linki.com/ildir.jpg,Arifoğlu ailesinin Çeşme Ildır'daki büyük malikanesi ve sahil sahneleri
869,"Çırak (film, 2014)",Film,Dram,Tayfun Belet,Tayfun Belet,2014.0,Tabu Film,Hüsnü Şenlendirici,273,Alaçatı Sokakları ve Taş Evler,İzmir,Çeşme,38.283,26.374,"38.283, 26.374",Çok Yüksek,Açık,"Sörf, Butik Otel Gezisi",https://gorsel-linki.com/alacati.jpg,Alaçatı ve çevresindeki 90'lar atmosferini yansıtan sokak çekimleri
869,"Çırak (film, 2014)",Film,Dram,Tayfun Belet,Tayfun Belet,2014.0,Tabu Film,Hüsnü Şenlendirici,286,Konak Meydanı,İzmir,Konak,38.418,27.128,"38.418, 27.128",Yüksek,Açık,Tarihi Gezi,https://gorsel-linki.com/konak.jpg,İzmir şehir merkezindeki nostaljik aile sahneleri
184,,,,,,,,,273,Alaçatı Sokakları ve Taş Evler,İzmir,Çeşme,38.283,26.374,"38.283, 26.374",Çok Yüksek,Açık,"Sörf, Butik Otel Gezisi",https://gorsel-linki.com/alacati.jpg,Eşref Bey'in Alaçatı'daki evi ve sakin yaşam sahneleri
184,,,,,,,,,173,Bebek Sahil Şeridi,İstanbul,Beşiktaş,41.076,29.043,"41.076, 29.043",Çok Yüksek,Açık,"Yürüyüş, Lüks Kafe Kültürü",https://gorsel-linki.com/bebek.jpg,Kaan'ın İstanbul'daki modern ve kaotik iş hayatı sahneleri
184,,,,,,,,,287,Kordon Boyu ve Alsancak İskele,İzmir,Konak,38.433,27.138,"38.433, 27.138",Çok Yüksek,Açık,"Yürüyüş, Gün Batımı",https://gorsel-linki.com/kordon.jpg,İzmir-İstanbul arası duygusal yolculuk ve mola sahneleri
194,Bizim Okul,Dizi,Komedi,Yaşar Seriner (Yönetmen),Türker İnanoğlu (Yapımcı),2013.0,Erler Film,Zeki Alasya Cezmi Baskın Levent Ülgen Pınar Aydın Tülin Oral Cem Davran,280,Bornova Eski Çarşı ve Sokak Araları,İzmir,Bornova,38.462,27.216,"38.462, 27.216",Düşük,Açık,"Nostalji Gezisi, Mahalle Kültürü",https://gorsel-linki.com/bornova.jpg,"Hakan, Salih ve Özkan'ın Bornova sokaklarındaki gençlik ve bunalım sahneleri"
194,Bizim Okul,Dizi,Komedi,Yaşar Seriner (Yönetmen),Türker İnanoğlu (Yapımcı),2013.0,Erler Film,Zeki Alasya Cezmi Baskın Levent Ülgen Pınar Aydın Tülin Oral Cem Davran,286,Konak Meydanı,İzmir,Konak,38.418,27.128,"38.418, 27.128",Yüksek,Açık,Tarihi Gezi,https://gorsel-linki.com/konak.jpg,İzmir genelindeki banliyö ve mahalle atmosferi çekimleri
194,Bizim Okul,Dizi,Komedi,Yaşar Seriner (Yönetmen),Türker İnanoğlu (Yapımcı),2013.0,Erler Film,Zeki Alasya Cezmi Baskın Levent Ülgen Pınar Aydın Tülin Oral Cem Davran,289,Pasaport İskelesi ve Kordon Hattı,İzmir,Konak,38.428,27.133,"38.428, 27.133",Çok Yüksek,Açık,"Yürüyüş, Gün Batımı",https://gorsel-linki.com/pasaport.jpg,Karakterlerin Kordon boyundaki akşam gezintileri
428,Kardeş Payı,Dizi,Komedi,Selçuk Aydemir (Yönetmen),Mehmet Yiğit Alp (Yapımcı),2013.0,NTC Medya,Ahmet Kural Murat Cemcir Seda Bakan,128,Ölüdeniz ve Kelebekler Vadisi Hattı,Muğla,Fethiye,36.548,29.126,"36.548, 29.126",Çok Yüksek,Açık,"Paragliding, Manzara",https://gorsel-linki.com/oludeniz.jpg,Kaan ve Mete'nin Fethiye/Ölüdeniz hattındaki tatil ve başlangıç sahneleri
428,Kardeş Payı,Dizi,Komedi,Selçuk Aydemir (Yönetmen),Mehmet Yiğit Alp (Yapımcı),2013.0,NTC Medya,Ahmet Kural Murat Cemcir Seda Bakan,273,Alaçatı Sokakları ve Taş Evler,İzmir,Çeşme,38.283,26.374,"38.283, 26.374",Çok Yüksek,Açık,"Sörf, Butik Otel Gezisi",https://gorsel-linki.com/alacati.jpg,Antalya-İzmir arası yolculuğun Alaçatı ve Çeşme durakları
428,Kardeş Payı,Dizi,Komedi,Selçuk Aydemir (Yönetmen),Mehmet Yiğit Alp (Yapımcı),2013.0,NTC Medya,Ahmet Kural Murat Cemcir Seda Bakan,170,Balat Sokakları,İstanbul,Fatih,41.031,28.947,"41.031, 28.947",Yüksek,Açık,Cafe-Kültür Gezisi,https://gorsel-linki.com/balat.jpg,İstanbul bağlantılı radyo stüdyosu ve gece hayatı sahneleri
612,Petrol Kralları,Film,Dram,Zeki Alasya,Hürrem Erman,1978.0,dağıtıcı =,"Zeki Alasya, Metin Akpınar, Perran Kutman, Suna Yıldızoğlu, Ali Şen",53,Kozak Yaylası ve Köy Evleri,Balıkesir,Ayvalık,39.294,26.845,"39.294, 26.845",Yüksek,Açık,"Eko-Turizm, Köy Kahvaltısı",https://gorsel-linki.com/kozak.jpg,Recep'in babaannesinden kalan eve yerleştiği Ayvalık/Kozak Yaylası sahneleri
612,Petrol Kralları,Film,Dram,Zeki Alasya,Hürrem Erman,1978.0,dağıtıcı =,"Zeki Alasya, Metin Akpınar, Perran Kutman, Suna Yıldızoğlu, Ali Şen",52,Cunda Adası ve Tarihi Sokaklar,Balıkesir,Ayvalık,39.336,26.662,"39.336, 26.662",Çok Yüksek,Açık,"Gastronomi, Kültür Gezisi",https://gorsel-linki.com/cunda.jpg,Ayvalık ilçe merkezi ve pazar yeri çekimleri
612,Petrol Kralları,Film,Dram,Zeki Alasya,Hürrem Erman,1978.0,dağıtıcı =,"Zeki Alasya, Metin Akpınar, Perran Kutman, Suna Yıldızoğlu, Ali Şen",170,Balat Sokakları,İstanbul,Fatih,41.031,28.947,"41.031, 28.947",Yüksek,Açık,Cafe-Kültür Gezisi,https://gorsel-linki.com/balat.jpg,Filmin başlangıcındaki İstanbul şehir hayatı sahneleri
892,İkizler Memo-Can,Dizi,Komedi,Erol Özlevi (Yönetmen),Türker İnanoğlu (Yapımcı),2018.0,Erler Film,"Nehir Erdoğan, Özgürcan Çevik, Emir Berke Zincidi, Burak Hakkı, Atilla Saral, Tuğba Çınar",286,Konak Meydanı,İzmir,Konak,38.418,27.128,"38.418, 27.128",Yüksek,Açık,Tarihi Gezi,https://gorsel-linki.com/konak.jpg,Şaban'ın İzmir Fuarı'ndaki konser ve sahne maceraları
892,İkizler Memo-Can,Dizi,Komedi,Erol Özlevi (Yönetmen),Türker İnanoğlu (Yapımcı),2018.0,Erler Film,"Nehir Erdoğan, Özgürcan Çevik, Emir Berke Zincidi, Burak Hakkı, Atilla Saral, Tuğba Çınar",287,Kordon Boyu ve Alsancak İskele,İzmir,Konak,38.433,27.138,"38.433, 27.138",Çok Yüksek,Açık,"Yürüyüş, Gün Batımı",https://gorsel-linki.com/kordon.jpg,İzmir Kordon ve Pasaport çevresindeki komik kovalamaca sahneleri
892,İkizler Memo-Can,Dizi,Komedi,Erol Özlevi (Yönetmen),Türker İnanoğlu (Yapımcı),2018.0,Erler Film,"Nehir Erdoğan, Özgürcan Çevik, Emir Berke Zincidi, Burak Hakkı, Atilla Saral, Tuğba Çınar",170,Balat Sokakları,İstanbul,Fatih,41.031,28.947,"41.031, 28.947",Yüksek,Açık,Cafe-Kültür Gezisi,https://gorsel-linki.com/balat.jpg,İstanbul bağlantılı gazino ve ev sahneleri
688,Siyah İnci,Dizi,Romantik,Cem KarcıBenal Tairi (Yönetmen),Faruk Turgut (Yapımcı),2017.0,Gold Film,"Tolgahan Sayışman, Hande Erçel",295,Tire Tarihi Çarşı ve Salı Pazarı,İzmir,Tire,38.089,27.734,"38.089, 27.734",Çok Yüksek,Açık,"Gastronomi, El Sanatları",https://gorsel-linki.com/tire.jpg,Yusuf ve annesinin Tire'deki süt satma ve kasaba yaşamı sahneleri
688,Siyah İnci,Dizi,Romantik,Cem KarcıBenal Tairi (Yönetmen),Faruk Turgut (Yapımcı),2017.0,Gold Film,"Tolgahan Sayışman, Hande Erçel",299,Urla İskele ve Tarihi Gümrük Binaları,İzmir,Urla,38.361,26.772,"38.361, 26.772",Çok Yüksek,Açık,"Balık Gastronomisi, Yürüyüş",https://gorsel-linki.com/urla-iskele.jpg,Urla ve çevresindeki doğal tarım alanları ve dere çekimleri
688,Siyah İnci,Dizi,Romantik,Cem KarcıBenal Tairi (Yönetmen),Faruk Turgut (Yapımcı),2017.0,Gold Film,"Tolgahan Sayışman, Hande Erçel",286,Konak Meydanı,İzmir,Konak,38.418,27.128,"38.418, 27.128",Yüksek,Açık,Tarihi Gezi,https://gorsel-linki.com/konak.jpg,Şehir merkezindeki sınav ve gelecek arayışı sahneleri
228,Damat Takımı,Film,Komedi,Doğa Can Anafarta,Kanat Doğramacı,2017.0,Asteros Film,"Furkan Andıç, Özgürcan Çevik, Pelin Akil, Açelya Topaloğlu, Sarp Can Köroğlu, Ozan Osmanpaşaoğlu, Özgün Aydın, Sadi Celil Cengiz",113,Milas Tarihi Sokakları ve Arasta,Muğla,Milas,37.316,27.783,"37.316, 27.783",Yüksek,Açık,"Mimari Fotoğrafçılık, Kültür",https://gorsel-linki.com/milas-sokak.jpg,Mehmet Bey'in Milas'taki evi ve mübadele hikayesinin geçtiği sokaklar
228,Damat Takımı,Film,Komedi,Doğa Can Anafarta,Kanat Doğramacı,2017.0,Asteros Film,"Furkan Andıç, Özgürcan Çevik, Pelin Akil, Açelya Topaloğlu, Sarp Can Köroğlu, Ozan Osmanpaşaoğlu, Özgün Aydın, Sadi Celil Cengiz",286,Konak Meydanı,İzmir,Konak,38.418,27.128,"38.418, 27.128",Yüksek,Açık,Tarihi Gezi,https://gorsel-linki.com/konak.jpg,Dizinin İzmir Güzelyalı ve sahil şeridindeki çekimleri
228,Damat Takımı,Film,Komedi,Doğa Can Anafarta,Kanat Doğramacı,2017.0,Asteros Film,"Furkan Andıç, Özgürcan Çevik, Pelin Akil, Açelya Topaloğlu, Sarp Can Köroğlu, Ozan Osmanpaşaoğlu, Özgün Aydın, Sadi Celil Cengiz",285,Ildır Köyü ve Antik Tiyatro Çevresi,İzmir,Çeşme,38.388,26.478,"38.388, 26.478",Yüksek,Açık,"Gün Batımı İzleme, Balıkçılık",https://gorsel-linki.com/ildir.jpg,Karakterlerin çocukluk anıları ve sahil sahneleri
75,Ateş Böceği (film),Film,Komedi,Osman Fahir Seden,İrfan Ünal,1975.0,Akün Film,"Tarık Akan, Necla Nazır, Hulusi Kentmen",170,Balat Sokakları,İstanbul,Fatih,41.031,28.947,"41.031, 28.947",Yüksek,Açık,Cafe-Kültür Gezisi,https://gorsel-linki.com/balat.jpg,Tarık ve Necla'nın taksiyle gezdiği tarihi İstanbul semtleri
75,Ateş Böceği (film),Film,Komedi,Osman Fahir Seden,İrfan Ünal,1975.0,Akün Film,"Tarık Akan, Necla Nazır, Hulusi Kentmen",173,Bebek Sahil Şeridi,İstanbul,Beşiktaş,41.076,29.043,"41.076, 29.043",Çok Yüksek,Açık,"Yürüyüş, Lüks Kafe Kültürü",https://gorsel-linki.com/bebek.jpg,Boğaz hattındaki romantik ve komik kovalamaca sahneleri
75,Ateş Böceği (film),Film,Komedi,Osman Fahir Seden,İrfan Ünal,1975.0,Akün Film,"Tarık Akan, Necla Nazır, Hulusi Kentmen",190,Cankurtaran ve Ahırkapı Sokakları,İstanbul,Fatih,41.004,28.981,"41.004, 28.981",Yüksek,Açık,"Nostalji Turu, Tarihi Doku",https://gorsel-linki.com/cankurtaran.jpg,Karakterlerin yaşadığı samimi mahalle atmosferi sahneleri
210,Can Kırıkları,Dizi,Aksiyon,Serkan Birinci (Yönetmen),Mehmet Yiğit Alp (Yapımcı),2018.0,Bilinmiyor,"Hande Doğandemir, Funda Eryiğit, Seçkin Özdemir, Alican Yücesoy Özgür Çevik",170,Balat Sokakları,İstanbul,Fatih,41.031,28.947,"41.031, 28.947",Yüksek,Açık,Cafe-Kültür Gezisi,https://gorsel-linki.com/balat.jpg,Murat ve Halit'in Kahraman için İstanbul sokaklarındaki çabaları
210,Can Kırıkları,Dizi,Aksiyon,Serkan Birinci (Yönetmen),Mehmet Yiğit Alp (Yapımcı),2018.0,Bilinmiyor,"Hande Doğandemir, Funda Eryiğit, Seçkin Özdemir, Alican Yücesoy Özgür Çevik",239,Sirkeci Garı ve Çevresi,İstanbul,Fatih,41.014,28.977,"41.014, 28.977",Çok Yüksek,Açık,"Tarih Gezisi, Fotoğraf",https://gorsel-linki.com/sirkeci.jpg,Sirkeci Garı ve çevresindeki dramatik sahneler
210,Can Kırıkları,Dizi,Aksiyon,Serkan Birinci (Yönetmen),Mehmet Yiğit Alp (Yapımcı),2018.0,Bilinmiyor,"Hande Doğandemir, Funda Eryiğit, Seçkin Özdemir, Alican Yücesoy Özgür Çevik",190,Cankurtaran ve Ahırkapı Sokakları,İstanbul,Fatih,41.004,28.981,"41.004, 28.981",Yüksek,Açık,"Nostalji Turu, Tarihi Doku",https://gorsel-linki.com/cankurtaran.jpg,Cankurtaran mahallesindeki yoksul ama sıcak ev sahneleri
183,Bir İstanbul Masalı,Dizi,Romantik,Ömür Atay (Yönetmen),Erol Avcı (Yapımcı),2003.0,TMC,"Mehmet Aslantuğ, Ahu Türkpençe, Çetin Tekindor, Arsen Gürzap, Ozan Güven, Altan Erkekli",298,Urla Çeşmealtı Sahili,İzmir,Urla,38.354,26.765,"38.354, 26.765",Çok Yüksek,Açık,"Yüzme, Sahil Yürüyüşü",https://gorsel-linki.com/cesmealti.jpg,Eski dostların buluştuğu Urla/Çeşmealtı'ndaki yazlık ev sahneleri
183,Bir İstanbul Masalı,Dizi,Romantik,Ömür Atay (Yönetmen),Erol Avcı (Yapımcı),2003.0,TMC,"Mehmet Aslantuğ, Ahu Türkpençe, Çetin Tekindor, Arsen Gürzap, Ozan Güven, Altan Erkekli",296,Urla Bağ Yolları ve Taş Konaklar,İzmir,Urla,38.324,26.764,"38.324, 26.764",Yüksek,Açık,"Gastronomi, Bağ Gezisi",https://gorsel-linki.com/urla.jpg,Urla bağ yolları ve dış mekan doğa çekimleri
183,Bir İstanbul Masalı,Dizi,Romantik,Ömür Atay (Yönetmen),Erol Avcı (Yapımcı),2003.0,TMC,"Mehmet Aslantuğ, Ahu Türkpençe, Çetin Tekindor, Arsen Gürzap, Ozan Güven, Altan Erkekli",299,Urla İskele ve Tarihi Gümrük Binaları,İzmir,Urla,38.361,26.772,"38.361, 26.772",Çok Yüksek,Açık,"Balık Gastronomisi, Yürüyüş",https://gorsel-linki.com/urla-iskele.jpg,Karakterlerin sahil kasabası içindeki duygusal yüzleşmeleri
114,Baba Bizi Eversene,Film,Komedi,Oksal Pekmezoğlu,Hürrem Erman,1975.0,Erman Film,"Barış Manço, Meral Zeren, Hulusi Kentmen",170,Balat Sokakları,İstanbul,Fatih,41.031,28.947,"41.031, 28.947",Yüksek,Açık,Cafe-Kültür Gezisi,https://gorsel-linki.com/balat.jpg,Barış Manço'nun İstanbul sokaklarındaki neşeli sahneleri
114,Baba Bizi Eversene,Film,Komedi,Oksal Pekmezoğlu,Hürrem Erman,1975.0,Erman Film,"Barış Manço, Meral Zeren, Hulusi Kentmen",173,Bebek Sahil Şeridi,İstanbul,Beşiktaş,41.076,29.043,"41.076, 29.043",Çok Yüksek,Açık,"Yürüyüş, Lüks Kafe Kültürü",https://gorsel-linki.com/bebek.jpg,Beşiktaş-Ortaköy hattındaki sahil çekimleri
114,Baba Bizi Eversene,Film,Komedi,Oksal Pekmezoğlu,Hürrem Erman,1975.0,Erman Film,"Barış Manço, Meral Zeren, Hulusi Kentmen",219,Kuzguncuk Evleri,İstanbul,Üsküdar,41.037,29.03,"41.037, 29.030",Yüksek,Açık,"Fotoğrafçılık, Nostalji Gezisi",https://gorsel-linki.com/kuzguncuk.jpg,Mahalle kültürü ve aile içi komik olayların geçtiği mekanlar
855,Çilek Kokusu,Dizi,Romantik,Filiz Gülmez Pakman,Faruk Turgut,2015.0,Gold Film,"Demet Özdemir, Yusuf Çim",292,Sığacık Köyü Meydanı,İzmir,Seferihisar,38.194,26.784,"38.194, 26.784",Çok Yüksek,Açık,"Yavaş Şehir Gezisi, Pazar",https://gorsel-linki.com/sigacik-meydan.jpg,Erkin ve kardeşi Koray'ın Sığacık sokaklarındaki maceraları
855,Çilek Kokusu,Dizi,Romantik,Filiz Gülmez Pakman,Faruk Turgut,2015.0,Gold Film,"Demet Özdemir, Yusuf Çim",291,Sığacık Kalesi ve Kaleiçi Sokakları,İzmir,Seferihisar,38.194,26.784,"38.194, 26.784",Çok Yüksek,Açık,"Yavaş Şehir Gezisi, Organik Pazar",https://gorsel-linki.com/sigacik.jpg,Seferihisar ve çevresindeki yol ve kaçış sahneleri
855,Çilek Kokusu,Dizi,Romantik,Filiz Gülmez Pakman,Faruk Turgut,2015.0,Gold Film,"Demet Özdemir, Yusuf Çim",286,Konak Meydanı,İzmir,Konak,38.418,27.128,"38.418, 27.128",Yüksek,Açık,Tarihi Gezi,https://gorsel-linki.com/konak.jpg,İzmir şehir merkezi ile bağlantılı komedi sekansları
481,Kuruntu Ailesi,Dizi,Komedi,Uğur Erkır (Yönetmen),Uğur Erkır (Yapımcı),1985.0,TRT,"Gazanfer Özcan, Gönül Ülkü, Doğu Erkan, Gazanfer Ündüz, Fulya Özcan, Zihni Göktay, Can Kolukısa",277,Basmane Garı ve Eski İzmir Sokakları,İzmir,Konak,38.423,27.142,"38.423, 27.142",Yüksek,Açık,"Tarih Keşfi, Ulaşım",https://gorsel-linki.com/basmane.jpg,Selim'in yangın sonrası döndüğü Basmane ve Alsancak sahneleri
481,Kuruntu Ailesi,Dizi,Komedi,Uğur Erkır (Yönetmen),Uğur Erkır (Yapımcı),1985.0,TRT,"Gazanfer Özcan, Gönül Ülkü, Doğu Erkan, Gazanfer Ündüz, Fulya Özcan, Zihni Göktay, Can Kolukısa",287,Kordon Boyu ve Alsancak İskele,İzmir,Konak,38.433,27.138,"38.433, 27.138",Çok Yüksek,Açık,"Yürüyüş, Gün Batımı",https://gorsel-linki.com/kordon.jpg,İzmir Kordon hattındaki dumanlı ve melankolik dış çekimler
481,Kuruntu Ailesi,Dizi,Komedi,Uğur Erkır (Yönetmen),Uğur Erkır (Yapımcı),1985.0,TRT,"Gazanfer Özcan, Gönül Ülkü, Doğu Erkan, Gazanfer Ündüz, Fulya Özcan, Zihni Göktay, Can Kolukısa",286,Konak Meydanı,İzmir,Konak,38.418,27.128,"38.418, 27.128",Yüksek,Açık,Tarihi Gezi,https://gorsel-linki.com/konak.jpg,Şehir merkezi ve sanayi bölgesi atmosfer çekimleri
824,Yusuf Yusuf (film),Film,Komedi,Ersoy Güler,Ali Gündoğdu,2014.0,Süreç Film,"Ali Sunal, Burak Satıbol, Oya Başar",31,Alanya Çiçek Bahçeleri ve Kalesi,Antalya,Alanya,36.544,31.991,"36.544, 31.991",Çok Yüksek,Açık,"Manzara İzleme, Tarih Turu",https://gorsel-linki.com/alanya.jpg,Ekibin İzmir ve çevresindeki yeni maceraları ve plaj sahneleri
824,Yusuf Yusuf (film),Film,Komedi,Ersoy Güler,Ali Gündoğdu,2014.0,Süreç Film,"Ali Sunal, Burak Satıbol, Oya Başar",286,Konak Meydanı,İzmir,Konak,38.418,27.128,"38.418, 27.128",Yüksek,Açık,Tarihi Gezi,https://gorsel-linki.com/konak.jpg,İzmir Konak meydanı ve şehir içi aksiyon sahneleri
824,Yusuf Yusuf (film),Film,Komedi,Ersoy Güler,Ali Gündoğdu,2014.0,Süreç Film,"Ali Sunal, Burak Satıbol, Oya Başar",170,Balat Sokakları,İstanbul,Fatih,41.031,28.947,"41.031, 28.947",Yüksek,Açık,Cafe-Kültür Gezisi,https://gorsel-linki.com/balat.jpg,İstanbul bağlantılı başlangıç ve final sahneleri
120,Babam ve Oğlum,Film,Dram,Çağan Irmak,Şükrü Avşar,2005.0,Avşar Film,"Çetin Tekindor, Fikret Kuşkan, Hümeyra",294,Sığacık Köyü ve Yat Limanı,İzmir,Seferihisar,38.194,26.784,"38.194, 26.784",Çok Yüksek,Açık,"Gün Batımı, Gastronomi",https://gorsel-linki.com/sigacik-liman.jpg,Sadık'ın ailesinin yanına döndüğü Seferihisar/Sığacık sahneleri
120,Babam ve Oğlum,Film,Dram,Çağan Irmak,Şükrü Avşar,2005.0,Avşar Film,"Çetin Tekindor, Fikret Kuşkan, Hümeyra",292,Sığacık Köyü Meydanı,İzmir,Seferihisar,38.194,26.784,"38.194, 26.784",Çok Yüksek,Açık,"Yavaş Şehir Gezisi, Pazar",https://gorsel-linki.com/sigacik-meydan.jpg,Karakterlerin köy meydanı ve pazar yeri etkileşimleri
120,Babam ve Oğlum,Film,Dram,Çağan Irmak,Şükrü Avşar,2005.0,Avşar Film,"Çetin Tekindor, Fikret Kuşkan, Hümeyra",286,Konak Meydanı,İzmir,Konak,38.418,27.128,"38.418, 27.128",Yüksek,Açık,Tarihi Gezi,https://gorsel-linki.com/konak.jpg,İzmir şehir merkezi ve 80'ler atmosferindeki hastane çekimleri
123,Bak Yeşil Yeşil,Film,Komedi,Hulki Saner,Hulki Saner,1975.0,Saner Film,"Ahmet Özhan, Hale Soygazi, Şener Şen",286,Konak Meydanı,İzmir,Konak,38.418,27.128,"38.418, 27.128",Yüksek,Açık,Tarihi Gezi,https://gorsel-linki.com/konak.jpg,Ahmet Özhan'ın İzmir Fuarı ve Kordon boyundaki sahneleri
123,Bak Yeşil Yeşil,Film,Komedi,Hulki Saner,Hulki Saner,1975.0,Saner Film,"Ahmet Özhan, Hale Soygazi, Şener Şen",287,Kordon Boyu ve Alsancak İskele,İzmir,Konak,38.433,27.138,"38.433, 27.138",Çok Yüksek,Açık,"Yürüyüş, Gün Batımı",https://gorsel-linki.com/kordon.jpg,Alsancak çevresindeki müzikal ve romantik sekanslar
123,Bak Yeşil Yeşil,Film,Komedi,Hulki Saner,Hulki Saner,1975.0,Saner Film,"Ahmet Özhan, Hale Soygazi, Şener Şen",173,Bebek Sahil Şeridi,İstanbul,Beşiktaş,41.076,29.043,"41.076, 29.043",Çok Yüksek,Açık,"Yürüyüş, Lüks Kafe Kültürü",https://gorsel-linki.com/bebek.jpg,İstanbul bağlantılı konser ve stüdyo sahneleri
718,Tatar Ramazan (dizi),Dizi,Dram,Cevdet Mercan,Erol Avcı,2013.0,TMC Film,"Bülent İnal, Burak Yamantürk, Burcu Kara",170,Balat Sokakları,İstanbul,Fatih,41.031,28.947,"41.031, 28.947",Yüksek,Açık,Cafe-Kültür Gezisi,https://gorsel-linki.com/balat.jpg,Mülteci kız kardeşlerin İstanbul sahneleri ve Avrupa'ya geçiş hazırlıkları
718,Tatar Ramazan (dizi),Dizi,Dram,Cevdet Mercan,Erol Avcı,2013.0,TMC Film,"Bülent İnal, Burak Yamantürk, Burcu Kara",173,Bebek Sahil Şeridi,İstanbul,Beşiktaş,41.076,29.043,"41.076, 29.043",Çok Yüksek,Açık,"Yürüyüş, Lüks Kafe Kültürü",https://gorsel-linki.com/bebek.jpg,Boğaz hattı ve deniz kenarındaki dramatik sahneler
718,Tatar Ramazan (dizi),Dizi,Dram,Cevdet Mercan,Erol Avcı,2013.0,TMC Film,"Bülent İnal, Burak Yamantürk, Burcu Kara",71,Hatay Sınır Kapısı ve Köyleri,Hatay,Yayladağı,35.912,36.012,"35.912, 36.012",Orta,Açık,Sınır Ticareti Gözlemi,https://gorsel-linki.com/hatay-sinir.jpg,Suriye-Türkiye sınır geçiş atmosferi için kullanılan Hatay/Antep hattı
755,Umuda Kelepçe Vurulmaz,Dizi,Dram,Cemal Şan (Yönetmen),Burak Sağyaşar (Yapımcı),2010.0,Bi Yapım Prodüksiyon,"Begüm Birgören, Özge Özder, Mert Yazıcıoğlu, Melisa Şenolsun, Burak Dakak",163,Çanakkale Şehitliği ve Tarihi Yarımada,Çanakkale,Merkez,40.051,26.234,"40.051, 26.234",Çok Yüksek,Açık,"Şehitlik Ziyareti, Tarih Turu",https://gorsel-linki.com/canakkale-sehitlik.jpg,Atatürk'ün Çanakkale Savaşı sahneleri ve tarihi alan çekimleri
755,Umuda Kelepçe Vurulmaz,Dizi,Dram,Cemal Şan (Yönetmen),Burak Sağyaşar (Yapımcı),2010.0,Bi Yapım Prodüksiyon,"Begüm Birgören, Özge Özder, Mert Yazıcıoğlu, Melisa Şenolsun, Burak Dakak",170,Balat Sokakları,İstanbul,Fatih,41.031,28.947,"41.031, 28.947",Yüksek,Açık,Cafe-Kültür Gezisi,https://gorsel-linki.com/balat.jpg,Osmanlı'nın son dönemi İstanbul sahneleri ve saray çekimleri
755,Umuda Kelepçe Vurulmaz,Dizi,Dram,Cemal Şan (Yönetmen),Burak Sağyaşar (Yapımcı),2010.0,Bi Yapım Prodüksiyon,"Begüm Birgören, Özge Özder, Mert Yazıcıoğlu, Melisa Şenolsun, Burak Dakak",286,Konak Meydanı,İzmir,Konak,38.418,27.128,"38.418, 27.128",Yüksek,Açık,Tarihi Gezi,https://gorsel-linki.com/konak.jpg,İzmir'in kurtuluş dönemini yansıtan tarihi doku çekimleri
549,Mehmetçik Kut'ül Amare,Dizi,Aksiyon,Mustafa Şevki DoğanKamil Aydın (Yönetmen),Mehmet Bozdağ (Yapımcı),2018.0,Bozdağ Film,"Kaan Taşaner, İsmail Hacıoğlu, İsmail Ege Şaşmaz, Cansu Tosun, Özgü Kaya, İlker Aksum, Serdar Gökhan",294,Sığacık Köyü ve Yat Limanı,İzmir,Seferihisar,38.194,26.784,"38.194, 26.784",Çok Yüksek,Açık,"Gün Batımı, Gastronomi",https://gorsel-linki.com/sigacik-liman.jpg,Karakterlerin İzmir'e göç ettikten sonra yaşadıkları samimi mahalle sahneleri
549,Mehmetçik Kut'ül Amare,Dizi,Aksiyon,Mustafa Şevki DoğanKamil Aydın (Yönetmen),Mehmet Bozdağ (Yapımcı),2018.0,Bozdağ Film,"Kaan Taşaner, İsmail Hacıoğlu, İsmail Ege Şaşmaz, Cansu Tosun, Özgü Kaya, İlker Aksum, Serdar Gökhan",281,Bostanlı Sahil ve Çevresi,İzmir,Karşıyaka,38.455,27.089,"38.455, 27.089",Çok Yüksek,Açık,"Gün Batımı İzleme, Spor",https://gorsel-linki.com/bostanlı.jpg,İzmir Karşıyaka ve çevresindeki sosyal yaşam alanları
549,Mehmetçik Kut'ül Amare,Dizi,Aksiyon,Mustafa Şevki DoğanKamil Aydın (Yönetmen),Mehmet Bozdağ (Yapımcı),2018.0,Bozdağ Film,"Kaan Taşaner, İsmail Hacıoğlu, İsmail Ege Şaşmaz, Cansu Tosun, Özgü Kaya, İlker Aksum, Serdar Gökhan",82,Soğanlı Vadisi,Kayseri,Yeşilhisar,38.348,34.978,"38.348, 34.978",Yüksek,Açık,"Balon Turu, Kaya Kiliseleri",https://gorsel-linki.com/soganli.jpg,Karakterlerin geçmişine dair sarp vadi ve köy sahneleri
889,İki Yalancı,Dizi,Komedi,Eda Teksöz,Gani Müjde,2017.0,Tükenmezkalem,"Keremcem, Yağmur Tanrısevsin",90,Konya Tren Garı ve Raylı Sistemler,Konya,Ereğli,37.514,34.053,"37.514, 34.053",Orta,Açık,"Seyahat, Fotoğrafçılık",https://gorsel-linki.com/konya-gar.jpg,Leyla ve Canan'ın tüm filmin merkezinde olan tren yolculuğu sahneleri
889,İki Yalancı,Dizi,Komedi,Eda Teksöz,Gani Müjde,2017.0,Tükenmezkalem,"Keremcem, Yağmur Tanrısevsin",286,Konak Meydanı,İzmir,Konak,38.418,27.128,"38.418, 27.128",Yüksek,Açık,Tarihi Gezi,https://gorsel-linki.com/konak.jpg,Yolculuğun son durağı olan İzmir şehir merkezi ve sahil şeridi
889,İki Yalancı,Dizi,Komedi,Eda Teksöz,Gani Müjde,2017.0,Tükenmezkalem,"Keremcem, Yağmur Tanrısevsin",87,İzmit Garı ve Tarihi Tren Rayları,Kocaeli,İzmit,40.762,29.919,"40.762, 29.919",Orta,Açık,"Ulaşım, Fotoğraf",https://gorsel-linki.com/izmit-gar.jpg,Tren istasyonları ve raylar üzerindeki duygusal geçiş sahneleri
724,Taş Mektep (film),Film,Dram,Altan Dönmez,"Elin Ecealp , Galip Güner",2012.0,dağıtıcı = Medyavizyon,"Orhan Kılıç , Ayça Varlıer , Feride Çetin , Hazım Körmükçü, Bora Akkaş, Elit İşcan , Itır Esen",131,Göreme Açık Hava Müzesi,Nevşehir,Göreme,38.641,34.845,"38.641, 34.845",Çok Yüksek,Müze/Açık,"Balon Gözlemi, Tarih Keşfi",https://gorsel-linki.com/goreme-muze.jpg,Uzay gemisinin indiği gezegen olarak kullanılan Göreme vadileri
724,Taş Mektep (film),Film,Dram,Altan Dönmez,"Elin Ecealp , Galip Güner",2012.0,dağıtıcı = Medyavizyon,"Orhan Kılıç , Ayça Varlıer , Feride Çetin , Hazım Körmükçü, Bora Akkaş, Elit İşcan , Itır Esen",134,Kapadokya Peribacaları,Nevşehir,Ürgüp,38.63,34.912,"38.630, 34.912",Çok Yüksek,Açık,"Balon Turu, Fotoğraf",https://gorsel-linki.com/kapadokya.jpg,Karakterlerin yaratıklarla karşılaştığı Kapadokya peri bacaları
724,Taş Mektep (film),Film,Dram,Altan Dönmez,"Elin Ecealp , Galip Güner",2012.0,dağıtıcı = Medyavizyon,"Orhan Kılıç , Ayça Varlıer , Feride Çetin , Hazım Körmükçü, Bora Akkaş, Elit İşcan , Itır Esen",32,Antalya EXPO Alanı ve Stüdyolar,Antalya,Aksu,36.936,30.893,"36.936, 30.893",Yüksek,Ziyarete Açık,"Etkinlik, Fotoğrafçılık",https://gorsel-linki.com/expo-antalya.jpg,İç mekan gemi sahneleri için kullanılan Antalya/İstanbul stüdyoları
53,Anadolu Kartalları,Film,Macera,Ömer Vargı,Murat Akdilek,2011.0,Fida Film,"Engin Altan Düzyatan, Çağatay Ulusoy, Özge Özpirinçci",88,3. Ana Jet Üssü ve Hava Sahası,Konya,Selçuklu,37.979,32.562,"37.979, 32.562",Düşük,Kısıtlı (Askeri),Havacılık Gözlemi,https://gorsel-linki.com/ana-jet-ussu.jpg,Genç pilotların eğitim aldığı Konya Hava Üssü ve gökyüzü sahneleri
53,Anadolu Kartalları,Film,Macera,Ömer Vargı,Murat Akdilek,2011.0,Fida Film,"Engin Altan Düzyatan, Çağatay Ulusoy, Özge Özpirinçci",286,Konak Meydanı,İzmir,Konak,38.418,27.128,"38.418, 27.128",Yüksek,Açık,Tarihi Gezi,https://gorsel-linki.com/konak.jpg,Karakterlerin izin günlerindeki İzmir ve çevresi sahneleri
53,Anadolu Kartalları,Film,Macera,Ömer Vargı,Murat Akdilek,2011.0,Fida Film,"Engin Altan Düzyatan, Çağatay Ulusoy, Özge Özpirinçci",163,Çanakkale Şehitliği ve Tarihi Yarımada,Çanakkale,Merkez,40.051,26.234,"40.051, 26.234",Çok Yüksek,Açık,"Şehitlik Ziyareti, Tarih Turu",https://gorsel-linki.com/canakkale-sehitlik.jpg,Dramatik yapı için kullanılan Çanakkale dış çekimleri
531,Lise Defteri,Dizi,Komedi,Mustafa Altıoklar (Yönetmen),Mustafa Altıoklar (Yapımcı),2004.0,| dağıtıcı =,"Ece Erken, Emre Altuğ, Arda Kural, Selin Demiratar",286,Konak Meydanı,İzmir,Konak,38.418,27.128,"38.418, 27.128",Yüksek,Açık,Tarihi Gezi,https://gorsel-linki.com/konak.jpg,Bekir ve Uğur'un İzmir'deki kasvetli otel ve kenar mahalle sahneleri
531,Lise Defteri,Dizi,Komedi,Mustafa Altıoklar (Yönetmen),Mustafa Altıoklar (Yapımcı),2004.0,| dağıtıcı =,"Ece Erken, Emre Altuğ, Arda Kural, Selin Demiratar",287,Kordon Boyu ve Alsancak İskele,İzmir,Konak,38.433,27.138,"38.433, 27.138",Çok Yüksek,Açık,"Yürüyüş, Gün Batımı",https://gorsel-linki.com/kordon.jpg,Alsancak ve çevresindeki gece çekimleri
531,Lise Defteri,Dizi,Komedi,Mustafa Altıoklar (Yönetmen),Mustafa Altıoklar (Yapımcı),2004.0,| dağıtıcı =,"Ece Erken, Emre Altuğ, Arda Kural, Selin Demiratar",281,Bostanlı Sahil ve Çevresi,İzmir,Karşıyaka,38.455,27.089,"38.455, 27.089",Çok Yüksek,Açık,"Gün Batımı İzleme, Spor",https://gorsel-linki.com/bostanlı.jpg,Dizinin ikonik ve hüzünlü dış mekan kentsel çekimleri
800,Yargı (dizi),Dizi,Gerilim/Suç,Ali Bilgin,Kerem Çatay,2021.0,Ay Yapım,"Kaan Urgancıoğlu, Pınar Deniz",296,Urla Bağ Yolları ve Taş Konaklar,İzmir,Urla,38.324,26.764,"38.324, 26.764",Yüksek,Açık,"Gastronomi, Bağ Gezisi",https://gorsel-linki.com/urla.jpg,Yusuf'un annesinin ölümüyle döndüğü Urla bağ yolları ve ev sahneleri
800,Yargı (dizi),Dizi,Gerilim/Suç,Ali Bilgin,Kerem Çatay,2021.0,Ay Yapım,"Kaan Urgancıoğlu, Pınar Deniz",299,Urla İskele ve Tarihi Gümrük Binaları,İzmir,Urla,38.361,26.772,"38.361, 26.772",Çok Yüksek,Açık,"Balık Gastronomisi, Yürüyüş",https://gorsel-linki.com/urla-iskele.jpg,"Urla iskelesi ve çevresindeki sakin, dramatik sahneler"
800,Yargı (dizi),Dizi,Gerilim/Suç,Ali Bilgin,Kerem Çatay,2021.0,Ay Yapım,"Kaan Urgancıoğlu, Pınar Deniz",286,Konak Meydanı,İzmir,Konak,38.418,27.128,"38.418, 27.128",Yüksek,Açık,Tarihi Gezi,https://gorsel-linki.com/konak.jpg,İzmir şehir merkezi ile bağlantılı sahneler
579,Nefes: Vatan Sağolsun,Film,Aksiyon,Levent Semerci,Levent Semerci,2009.0,Fida Film,"Mete Horozoğlu, İlker Kızmaz",294,Sığacık Köyü ve Yat Limanı,İzmir,Seferihisar,38.194,26.784,"38.194, 26.784",Çok Yüksek,Açık,"Gün Batımı, Gastronomi",https://gorsel-linki.com/sigacik-liman.jpg,Zafer Kaptan ve ailesinin Sığacık'taki tekne ve mahalle maceraları
579,Nefes: Vatan Sağolsun,Film,Aksiyon,Levent Semerci,Levent Semerci,2009.0,Fida Film,"Mete Horozoğlu, İlker Kızmaz",291,Sığacık Kalesi ve Kaleiçi Sokakları,İzmir,Seferihisar,38.194,26.784,"38.194, 26.784",Çok Yüksek,Açık,"Yavaş Şehir Gezisi, Organik Pazar",https://gorsel-linki.com/sigacik.jpg,Sığacık kalesi içindeki eğlenceli ve komik sahneler
579,Nefes: Vatan Sağolsun,Film,Aksiyon,Levent Semerci,Levent Semerci,2009.0,Fida Film,"Mete Horozoğlu, İlker Kızmaz",273,Alaçatı Sokakları ve Taş Evler,İzmir,Çeşme,38.283,26.374,"38.283, 26.374",Çok Yüksek,Açık,"Sörf, Butik Otel Gezisi",https://gorsel-linki.com/alacati.jpg,Çeşme ve Alaçatı çevresindeki turistik dış çekimler
548,Mehmed: Bir Cihan Fatihi,Dizi,Dram,Cevdet Mercan (Yönetmen),Onur Güvenatam (Yapımcı),2018.0,O3 Medya,"Kenan İmirzalıoğlu, Çetin Tekindor, Gürkan Uygun, Büşra Develi, Hazal Filiz Küçükköse",82,Soğanlı Vadisi,Kayseri,Yeşilhisar,38.348,34.978,"38.348, 34.978",Yüksek,Açık,"Balon Turu, Kaya Kiliseleri",https://gorsel-linki.com/soganli.jpg,Mahir öğretmenin atandığı ve hikayenin başladığı sarp köy sahneleri
548,Mehmed: Bir Cihan Fatihi,Dizi,Dram,Cevdet Mercan (Yönetmen),Onur Güvenatam (Yapımcı),2018.0,O3 Medya,"Kenan İmirzalıoğlu, Çetin Tekindor, Gürkan Uygun, Büşra Develi, Hazal Filiz Küçükköse",286,Konak Meydanı,İzmir,Konak,38.418,27.128,"38.418, 27.128",Yüksek,Açık,Tarihi Gezi,https://gorsel-linki.com/konak.jpg,Karakterlerin şehir merkezi ve hastane sahneleri için kullanılan bölgeler
548,Mehmed: Bir Cihan Fatihi,Dizi,Dram,Cevdet Mercan (Yönetmen),Onur Güvenatam (Yapımcı),2018.0,O3 Medya,"Kenan İmirzalıoğlu, Çetin Tekindor, Gürkan Uygun, Büşra Develi, Hazal Filiz Küçükköse",140,Ürgüp Şehir Merkezi,Nevşehir,Ürgüp,38.63,34.912,"38.630, 34.912",Çok Yüksek,Açık,"Alışveriş, Kültür Turu",https://gorsel-linki.com/urgup.jpg,Genel dış çekimler ve dramatik vadi görüntüleri
782,Vurgun,Dizi,Dram,Altan DönmezOrkun ÇatakHilal Saral (Yönetmen),Faruk Turgut (Yapımcı),2021.0,Gold Film,"Erkan Petekkaya, Deniz Çakır, Emre Kınay, Begüm Birgören, Cemal Toktaş, Aliye Uzunatağan, Altan Erkekli, İnanç Konukçu",87,İzmit Garı ve Tarihi Tren Rayları,Kocaeli,İzmit,40.762,29.919,"40.762, 29.919",Orta,Açık,"Ulaşım, Fotoğraf",https://gorsel-linki.com/izmit-gar.jpg,Leyla ve Ali'nin trende tanıştığı başlangıç sahneleri (Ankara-İzmir hattı)
782,Vurgun,Dizi,Dram,Altan DönmezOrkun ÇatakHilal Saral (Yönetmen),Faruk Turgut (Yapımcı),2021.0,Gold Film,"Erkan Petekkaya, Deniz Çakır, Emre Kınay, Begüm Birgören, Cemal Toktaş, Aliye Uzunatağan, Altan Erkekli, İnanç Konukçu",287,Kordon Boyu ve Alsancak İskele,İzmir,Konak,38.433,27.138,"38.433, 27.138",Çok Yüksek,Açık,"Yürüyüş, Gün Batımı",https://gorsel-linki.com/kordon.jpg,İzmir Kordon ve Alsancak hattındaki duygusal final sahneleri
782,Vurgun,Dizi,Dram,Altan DönmezOrkun ÇatakHilal Saral (Yönetmen),Faruk Turgut (Yapımcı),2021.0,Gold Film,"Erkan Petekkaya, Deniz Çakır, Emre Kınay, Begüm Birgören, Cemal Toktaş, Aliye Uzunatağan, Altan Erkekli, İnanç Konukçu",286,Konak Meydanı,İzmir,Konak,38.418,27.128,"38.418, 27.128",Yüksek,Açık,Tarihi Gezi,https://gorsel-linki.com/konak.jpg,Şehir içi geçiş ve yolculuk sekansları
742,Tozkoparan,Dizi,Macera,Şevki Es (Yönetmen),Can Özcanlı (Yapımcı),2018.0,Veya Yapım (1-10)Fotoroman Film Yapım (11-55),"Özgür Ege Nalcı, Yusuf Gökhan Atalay, Burak Kut, Burcu Altın, Tuana Naz Tiryaki, Leya Kırşan, Yağız Kılınç, Deniz Erayvaz, Alara Kardak",287,Kordon Boyu ve Alsancak İskele,İzmir,Konak,38.433,27.138,"38.433, 27.138",Çok Yüksek,Açık,"Yürüyüş, Gün Batımı",https://gorsel-linki.com/kordon.jpg,Futbolcu Doğan ve müzisyen Erkan'ın İzmir Kordon'daki maceraları
742,Tozkoparan,Dizi,Macera,Şevki Es (Yönetmen),Can Özcanlı (Yapımcı),2018.0,Veya Yapım (1-10)Fotoroman Film Yapım (11-55),"Özgür Ege Nalcı, Yusuf Gökhan Atalay, Burak Kut, Burcu Altın, Tuana Naz Tiryaki, Leya Kırşan, Yağız Kılınç, Deniz Erayvaz, Alara Kardak",286,Konak Meydanı,İzmir,Konak,38.418,27.128,"38.418, 27.128",Yüksek,Açık,Tarihi Gezi,https://gorsel-linki.com/konak.jpg,Baba evinin bulunduğu İzmir Konak ve çevresi
758,Umut Yolcuları,Dizi,Gerilim/Suç,Ümmü Burhan (Yönetmen),Türker İnanoğlu (Yapımcı),2010.0,Erler Film,"Zuhal Olcay, Yetkin Dikinciler, Haluk Piyes, Sedef Avcı, Bülent Alkış, Zafer Alpat",94,Manisa Fabrikalar Bölgesi ve Şehir Merkezi,Manisa,Merkez,38.619,27.426,"38.619, 27.426",Düşük,Açık,Şehir Gezisi,https://gorsel-linki.com/manisa-merkez.jpg,Karakterlerin Manisa'daki fabrika ve iş sahneleri
758,Umut Yolcuları,Dizi,Gerilim/Suç,Ümmü Burhan (Yönetmen),Türker İnanoğlu (Yapımcı),2010.0,Erler Film,"Zuhal Olcay, Yetkin Dikinciler, Haluk Piyes, Sedef Avcı, Bülent Alkış, Zafer Alpat",94,Manisa Fabrikalar Bölgesi ve Şehir Merkezi,Manisa,Merkez,38.619,27.426,"38.619, 27.426",Düşük,Açık,Şehir Gezisi,https://gorsel-linki.com/manisa-merkez.jpg,Dizinin geçtiği Manisa fabrikalar bölgesi ve işçi mahalleleri
758,Umut Yolcuları,Dizi,Gerilim/Suç,Ümmü Burhan (Yönetmen),Türker İnanoğlu (Yapımcı),2010.0,Erler Film,"Zuhal Olcay, Yetkin Dikinciler, Haluk Piyes, Sedef Avcı, Bülent Alkış, Zafer Alpat",286,Konak Meydanı,İzmir,Konak,38.418,27.128,"38.418, 27.128",Yüksek,Açık,Tarihi Gezi,https://gorsel-linki.com/konak.jpg,Karakterlerin İzmir bağlantılı sosyal yaşam sahneleri
758,Umut Yolcuları,Dizi,Gerilim/Suç,Ümmü Burhan (Yönetmen),Türker İnanoğlu (Yapımcı),2010.0,Erler Film,"Zuhal Olcay, Yetkin Dikinciler, Haluk Piyes, Sedef Avcı, Bülent Alkış, Zafer Alpat",281,Bostanlı Sahil ve Çevresi,İzmir,Karşıyaka,38.455,27.089,"38.455, 27.089",Çok Yüksek,Açık,"Gün Batımı İzleme, Spor",https://gorsel-linki.com/bostanlı.jpg,İzmir Karşıyaka ve çevresindeki dış çekimler
680,Sihirbazlık Okulunda Bir Türk,Film,Komedi,Erdi Dikmen,Engin Yıldırım,2015.0,dağıtıcı = Pinema,"Barbaros Dikmen, Selen Seyven , Sadi Celil Cengiz , Ayçe Abana , Yakup Yavru, Enes Atış",275,Bademler Köyü ve Tiyatrosu,İzmir,Urla,38.305,26.836,"38.305, 26.836",Çok Yüksek,Açık,"Köy Tiyatrosu İzleme, Kültür",https://gorsel-linki.com/bademler.jpg,Köyün susuzluk mücadelesinin geçtiği İzmir/Bademler köyü ve arazileri
680,Sihirbazlık Okulunda Bir Türk,Film,Komedi,Erdi Dikmen,Engin Yıldırım,2015.0,dağıtıcı = Pinema,"Barbaros Dikmen, Selen Seyven , Sadi Celil Cengiz , Ayçe Abana , Yakup Yavru, Enes Atış",299,Urla İskele ve Tarihi Gümrük Binaları,İzmir,Urla,38.361,26.772,"38.361, 26.772",Çok Yüksek,Açık,"Balık Gastronomisi, Yürüyüş",https://gorsel-linki.com/urla-iskele.jpg,Urla ve çevresindeki doğal tarım alanları ve dere yatakları
680,Sihirbazlık Okulunda Bir Türk,Film,Komedi,Erdi Dikmen,Engin Yıldırım,2015.0,dağıtıcı = Pinema,"Barbaros Dikmen, Selen Seyven , Sadi Celil Cengiz , Ayçe Abana , Yakup Yavru, Enes Atış",286,Konak Meydanı,İzmir,Konak,38.418,27.128,"38.418, 27.128",Yüksek,Açık,Tarihi Gezi,https://gorsel-linki.com/konak.jpg,Şehir merkezi sahneleri ve hukuki süreç çekimleri
459,Kiralık Aşk,Dizi,Komedi,Metin Balekoğlu (1-20)Barış Yöş (21-43)Şenol Sönmez (44-69) (Yönetmen),Müge Turalı PakMelda Perahya YalçınMehmetcan Yüksel (Yapımcı),2015.0,Ortaks Yapım,"Barış Arduç, Elçin Sangu, Salih Bademci, Müjde Uzman, Seçkin Özdemir, Sinem Uslu, Onur Büyüktopçu, Nergis Kumbasar, Levent Ülgen",286,Konak Meydanı,İzmir,Konak,38.418,27.128,"38.418, 27.128",Yüksek,Açık,Tarihi Gezi,https://gorsel-linki.com/konak.jpg,Zühtü Kaya'nın İzmir'de yanlışlıkla aday olduğu belediye ve meydan sahneleri
459,Kiralık Aşk,Dizi,Komedi,Metin Balekoğlu (1-20)Barış Yöş (21-43)Şenol Sönmez (44-69) (Yönetmen),Müge Turalı PakMelda Perahya YalçınMehmetcan Yüksel (Yapımcı),2015.0,Ortaks Yapım,"Barış Arduç, Elçin Sangu, Salih Bademci, Müjde Uzman, Seçkin Özdemir, Sinem Uslu, Onur Büyüktopçu, Nergis Kumbasar, Levent Ülgen",287,Kordon Boyu ve Alsancak İskele,İzmir,Konak,38.433,27.138,"38.433, 27.138",Çok Yüksek,Açık,"Yürüyüş, Gün Batımı",https://gorsel-linki.com/kordon.jpg,Kordon'daki miting ve kampanya sahneleri
459,Kiralık Aşk,Dizi,Komedi,Metin Balekoğlu (1-20)Barış Yöş (21-43)Şenol Sönmez (44-69) (Yönetmen),Müge Turalı PakMelda Perahya YalçınMehmetcan Yüksel (Yapımcı),2015.0,Ortaks Yapım,"Barış Arduç, Elçin Sangu, Salih Bademci, Müjde Uzman, Seçkin Özdemir, Sinem Uslu, Onur Büyüktopçu, Nergis Kumbasar, Levent Ülgen",281,Bostanlı Sahil ve Çevresi,İzmir,Karşıyaka,38.455,27.089,"38.455, 27.089",Çok Yüksek,Açık,"Gün Batımı İzleme, Spor",https://gorsel-linki.com/bostanlı.jpg,Şehir içindeki politik çekişme ve ev sahneleri
285,Evli ve Öfkeli,Dizi,Dram,| yaratıcı_yönetmen = (Yönetmen),Ali Gündoğdu (Yapımcı),2015.0,Süreç Film,"Ayça Erturan, Birce Akalay, Yıldız Çağrı Atiksoy, Ebru Cündübeyoğlu, Sarp Akkaya, Burak Sevinç, Serkan Altunorak, Sinan Eroğlu",283,Eşrefpaşa ve Tarihi İzmir Mahalleleri,İzmir,Konak,38.411,27.132,"38.411, 27.132",Yüksek,Açık,"Nostalji Turu, Gastronomi",https://gorsel-linki.com/esrefpasa.jpg,Yılmaz Güney'in İzmir/Eşrefpaşa mahallesindeki kabadayı sahneleri
285,Evli ve Öfkeli,Dizi,Dram,| yaratıcı_yönetmen = (Yönetmen),Ali Gündoğdu (Yapımcı),2015.0,Süreç Film,"Ayça Erturan, Birce Akalay, Yıldız Çağrı Atiksoy, Ebru Cündübeyoğlu, Sarp Akkaya, Burak Sevinç, Serkan Altunorak, Sinan Eroğlu",286,Konak Meydanı,İzmir,Konak,38.418,27.128,"38.418, 27.128",Yüksek,Açık,Tarihi Gezi,https://gorsel-linki.com/konak.jpg,Basmane ve Konak çevresindeki eski İzmir sokakları
285,Evli ve Öfkeli,Dizi,Dram,| yaratıcı_yönetmen = (Yönetmen),Ali Gündoğdu (Yapımcı),2015.0,Süreç Film,"Ayça Erturan, Birce Akalay, Yıldız Çağrı Atiksoy, Ebru Cündübeyoğlu, Sarp Akkaya, Burak Sevinç, Serkan Altunorak, Sinan Eroğlu",287,Kordon Boyu ve Alsancak İskele,İzmir,Konak,38.433,27.138,"38.433, 27.138",Çok Yüksek,Açık,"Yürüyüş, Gün Batımı",https://gorsel-linki.com/kordon.jpg,Liman ve sahil kenarındaki macera sahneleri
712,Sıla (dizi),Dizi,Aksiyon,Yasin Uslu,Nezihe Dikilitaş,2006.0,Fm Yapım,"Cansu Dere, Mehmet Âkif Alakurt",286,Konak Meydanı,İzmir,Konak,38.418,27.128,"38.418, 27.128",Yüksek,Açık,Tarihi Gezi,https://gorsel-linki.com/konak.jpg,İzmir'in arka sokaklarındaki dramatik yaşam ve mücadele sahneleri
712,Sıla (dizi),Dizi,Aksiyon,Yasin Uslu,Nezihe Dikilitaş,2006.0,Fm Yapım,"Cansu Dere, Mehmet Âkif Alakurt",287,Kordon Boyu ve Alsancak İskele,İzmir,Konak,38.433,27.138,"38.433, 27.138",Çok Yüksek,Açık,"Yürüyüş, Gün Batımı",https://gorsel-linki.com/kordon.jpg,Şehir merkezi ve dış mekan kentsel çekimler
712,Sıla (dizi),Dizi,Aksiyon,Yasin Uslu,Nezihe Dikilitaş,2006.0,Fm Yapım,"Cansu Dere, Mehmet Âkif Alakurt",281,Bostanlı Sahil ve Çevresi,İzmir,Karşıyaka,38.455,27.089,"38.455, 27.089",Çok Yüksek,Açık,"Gün Batımı İzleme, Spor",https://gorsel-linki.com/bostanlı.jpg,Bazı iç mekan ve hastane atmosferi sahneleri
665,Sensiz Olmuyor,Dizi,Dram,Taner AkvardarHakan Arslan (Yönetmen),Osman Yağmurdereli (Yapımcı),2004.0,Yağmur Ajans,"Özlem Conker, Yeliz Şar, Emre Altuğ, Okan Yalabık, İpek Tanrıyar, Ebru Gürsoy, Tayfun Çorağan, Zeynep Eronat, Mehmet Ali Kaptanlar, Ayşegül Uygurer, Kâmil Sönmez, Bülent Şakrak, Durul Bazan, Mahir İpek, Onuryay Evrentan, Gülsüm Kamu, Aslan Altın",300,Çeşme Marina ve Sahil Şeridi,İzmir,Çeşme,38.324,26.303,"38.324, 26.303",Çok Yüksek,Açık,"Yürüyüş, Tekne Turu",https://gorsel-linki.com/cesme-marina.jpg,Zeki ve Metin'in çalıştığı İzmir Çeşme'deki devasa otel sahneleri
665,Sensiz Olmuyor,Dizi,Dram,Taner AkvardarHakan Arslan (Yönetmen),Osman Yağmurdereli (Yapımcı),2004.0,Yağmur Ajans,"Özlem Conker, Yeliz Şar, Emre Altuğ, Okan Yalabık, İpek Tanrıyar, Ebru Gürsoy, Tayfun Çorağan, Zeynep Eronat, Mehmet Ali Kaptanlar, Ayşegül Uygurer, Kâmil Sönmez, Bülent Şakrak, Durul Bazan, Mahir İpek, Onuryay Evrentan, Gülsüm Kamu, Aslan Altın",273,Alaçatı Sokakları ve Taş Evler,İzmir,Çeşme,38.283,26.374,"38.283, 26.374",Çok Yüksek,Açık,"Sörf, Butik Otel Gezisi",https://gorsel-linki.com/alacati.jpg,Alaçatı ve çevresindeki komik hırsızlık takibi sahneleri
665,Sensiz Olmuyor,Dizi,Dram,Taner AkvardarHakan Arslan (Yönetmen),Osman Yağmurdereli (Yapımcı),2004.0,Yağmur Ajans,"Özlem Conker, Yeliz Şar, Emre Altuğ, Okan Yalabık, İpek Tanrıyar, Ebru Gürsoy, Tayfun Çorağan, Zeynep Eronat, Mehmet Ali Kaptanlar, Ayşegül Uygurer, Kâmil Sönmez, Bülent Şakrak, Durul Bazan, Mahir İpek, Onuryay Evrentan, Gülsüm Kamu, Aslan Altın",286,Konak Meydanı,İzmir,Konak,38.418,27.128,"38.418, 27.128",Yüksek,Açık,Tarihi Gezi,https://gorsel-linki.com/konak.jpg,İzmir şehir merkezindeki yol ve liman sahneleri
351,Güzel Günler,Dizi,Komedi,Osman Taşcı,Erol Avcı,2022.0,TMC Film,"Binnur Kaya, Ecem Erkek",286,Konak Meydanı,İzmir,Konak,38.418,27.128,"38.418, 27.128",Yüksek,Açık,Tarihi Gezi,https://gorsel-linki.com/konak.jpg,Pucca ve Sirkeci'nin İzmir şehir merkezi ve Kordon sahneleri
351,Güzel Günler,Dizi,Komedi,Osman Taşcı,Erol Avcı,2022.0,TMC Film,"Binnur Kaya, Ecem Erkek",281,Bostanlı Sahil ve Çevresi,İzmir,Karşıyaka,38.455,27.089,"38.455, 27.089",Çok Yüksek,Açık,"Gün Batımı İzleme, Spor",https://gorsel-linki.com/bostanlı.jpg,Karakterlerin Karşıyaka/Bostanlı tarafındaki romantik yürüyüşleri
351,Güzel Günler,Dizi,Komedi,Osman Taşcı,Erol Avcı,2022.0,TMC Film,"Binnur Kaya, Ecem Erkek",173,Bebek Sahil Şeridi,İstanbul,Beşiktaş,41.076,29.043,"41.076, 29.043",Çok Yüksek,Açık,"Yürüyüş, Lüks Kafe Kültürü",https://gorsel-linki.com/bebek.jpg,İstanbul bağlantılı yayıncılık ve iş dünyası sahneleri
703,Süper Baba,Dizi,Dram,Osman Sınav Tunca Yönder Orhan OğuzKartal Tibet Feyzi Tuna (Yönetmen),Şevket Altuğ Jale Altuğ (Yapımcı),1993.0,Kare Ajans,"Şevket Altuğ, Jülide Kural Seray Gözler, Sümer Tilmaç İsmet Ay Şevval Sam Bennu Yıldırımlar",274,Alsancak Stadyumu ve Çevresi,İzmir,Konak,38.438,27.147,"38.438, 27.147",Yüksek,Açık,"Spor Müzesi Gezisi, Nostalji",https://gorsel-linki.com/alsancak-stad.jpg,Metin Oktay'ın İzmir'deki ilk futbol yıllarını temsil eden stadyum sahneleri
703,Süper Baba,Dizi,Dram,Osman Sınav Tunca Yönder Orhan OğuzKartal Tibet Feyzi Tuna (Yönetmen),Şevket Altuğ Jale Altuğ (Yapımcı),1993.0,Kare Ajans,"Şevket Altuğ, Jülide Kural Seray Gözler, Sümer Tilmaç İsmet Ay Şevval Sam Bennu Yıldırımlar",286,Konak Meydanı,İzmir,Konak,38.418,27.128,"38.418, 27.128",Yüksek,Açık,Tarihi Gezi,https://gorsel-linki.com/konak.jpg,Karakterlerin İzmir Konak ve çevresindeki sosyal yaşamı
703,Süper Baba,Dizi,Dram,Osman Sınav Tunca Yönder Orhan OğuzKartal Tibet Feyzi Tuna (Yönetmen),Şevket Altuğ Jale Altuğ (Yapımcı),1993.0,Kare Ajans,"Şevket Altuğ, Jülide Kural Seray Gözler, Sümer Tilmaç İsmet Ay Şevval Sam Bennu Yıldırımlar",170,Balat Sokakları,İstanbul,Fatih,41.031,28.947,"41.031, 28.947",Yüksek,Açık,Cafe-Kültür Gezisi,https://gorsel-linki.com/balat.jpg,Galatasaray transferi sonrası İstanbul'daki yaşam ve başarı sahneleri
570,Mutlu Aile Defteri,Film,Komedi,Nihat Durak,Timur Savcı,2012.0,Tims Productions,"Tuncel Kurtiz, İlker Aksum, Binnur Kaya",286,Konak Meydanı,İzmir,Konak,38.418,27.128,"38.418, 27.128",Yüksek,Açık,Tarihi Gezi,https://gorsel-linki.com/konak.jpg,Niyazi Gül'ün veterinerlik yaptığı ve maceralara atıldığı İzmir kırsalı
570,Mutlu Aile Defteri,Film,Komedi,Nihat Durak,Timur Savcı,2012.0,Tims Productions,"Tuncel Kurtiz, İlker Aksum, Binnur Kaya",281,Bostanlı Sahil ve Çevresi,İzmir,Karşıyaka,38.455,27.089,"38.455, 27.089",Çok Yüksek,Açık,"Gün Batımı İzleme, Spor",https://gorsel-linki.com/bostanlı.jpg,At yarışı ve hipodrom sahneleri için kullanılan bölgeler
570,Mutlu Aile Defteri,Film,Komedi,Nihat Durak,Timur Savcı,2012.0,Tims Productions,"Tuncel Kurtiz, İlker Aksum, Binnur Kaya",31,Alanya Çiçek Bahçeleri ve Kalesi,Antalya,Alanya,36.544,31.991,"36.544, 31.991",Çok Yüksek,Açık,"Manzara İzleme, Tarih Turu",https://gorsel-linki.com/alanya.jpg,Muğla/Fethiye çevresindeki bazı doğa çekimleri
846,Çakallarla Dans 7,Film,Komedi,Murat Şeker,Timur Savcı,2024.0,SugarWorkz,"Şevket Çoruh, Timur Acar, Murat Akkoyunlu",279,Birgi Tarihi Köy Meydanı,İzmir,Ödemiş,38.257,28.066,"38.257, 28.066",Yüksek,Açık,"Tarih Gezisi, Gastronomi",https://gorsel-linki.com/birgi-meydan.jpg,Hüsnü Şenlendirici'nin Ödemiş/Birgi'deki çıraklık ve müzik sahneleri
846,Çakallarla Dans 7,Film,Komedi,Murat Şeker,Timur Savcı,2024.0,SugarWorkz,"Şevket Çoruh, Timur Acar, Murat Akkoyunlu",286,Konak Meydanı,İzmir,Konak,38.418,27.128,"38.418, 27.128",Yüksek,Açık,Tarihi Gezi,https://gorsel-linki.com/konak.jpg,İzmir'in yerel mahalle kültürü ve esnaf sahneleri
846,Çakallarla Dans 7,Film,Komedi,Murat Şeker,Timur Savcı,2024.0,SugarWorkz,"Şevket Çoruh, Timur Acar, Murat Akkoyunlu",299,Urla İskele ve Tarihi Gümrük Binaları,İzmir,Urla,38.361,26.772,"38.361, 26.772",Çok Yüksek,Açık,"Balık Gastronomisi, Yürüyüş",https://gorsel-linki.com/urla-iskele.jpg,Urla ve çevresindeki kıyı şeridi çekimleri
555,Merhaba Güzel Vatanım,Film,Dram,Cengiz Özkarabekir,"Ahmet Ümit, Cengiz Özkarabekir",2019.0,Batı İstanbul Vakfı,"{{Yalın liste, , * Yetkin Dikinciler, * Serkan Altıntaş, * Berna Laçin, * Pelin Batu, * Umut Başkırma, * Levent Üzümcü, * İskender Bağcılar, * Alper Türedi, * Erdal Agcicek, *Umed Shatakov}}",286,Konak Meydanı,İzmir,Konak,38.418,27.128,"38.418, 27.128",Yüksek,Açık,Tarihi Gezi,https://gorsel-linki.com/konak.jpg,Emekli Albay Yıldırım ve ailesinin İzmir'deki müstakil evi ve bahçesi
555,Merhaba Güzel Vatanım,Film,Dram,Cengiz Özkarabekir,"Ahmet Ümit, Cengiz Özkarabekir",2019.0,Batı İstanbul Vakfı,"{{Yalın liste, , * Yetkin Dikinciler, * Serkan Altıntaş, * Berna Laçin, * Pelin Batu, * Umut Başkırma, * Levent Üzümcü, * İskender Bağcılar, * Alper Türedi, * Erdal Agcicek, *Umed Shatakov}}",287,Kordon Boyu ve Alsancak İskele,İzmir,Konak,38.433,27.138,"38.433, 27.138",Çok Yüksek,Açık,"Yürüyüş, Gün Batımı",https://gorsel-linki.com/kordon.jpg,Alsancak Kordon ve şehir içi aile gezintileri
555,Merhaba Güzel Vatanım,Film,Dram,Cengiz Özkarabekir,"Ahmet Ümit, Cengiz Özkarabekir",2019.0,Batı İstanbul Vakfı,"{{Yalın liste, , * Yetkin Dikinciler, * Serkan Altıntaş, * Berna Laçin, * Pelin Batu, * Umut Başkırma, * Levent Üzümcü, * İskender Bağcılar, * Alper Türedi, * Erdal Agcicek, *Umed Shatakov}}",281,Bostanlı Sahil ve Çevresi,İzmir,Karşıyaka,38.455,27.089,"38.455, 27.089",Çok Yüksek,Açık,"Gün Batımı İzleme, Spor",https://gorsel-linki.com/bostanlı.jpg,Karşıyaka sahilindeki duygusal ve komik aile sahneleri
885,Üç Kuruş,Dizi,Gerilim/Suç,Sinan Öztürk (Yönetmen),Kerem Çatay (Yapımcı),2021.0,Ay Yapım,"Uraz Kaygılaroğlu, Ekin Koç Diren Polatoğulları Nesrin Cavadzade Aslıhan Malbora Civan Canova Nursel Köse Zafer Algöz Kadir Çermik Bora Akkaş Necip Memili",286,Konak Meydanı,İzmir,Konak,38.418,27.128,"38.418, 27.128",Yüksek,Açık,Tarihi Gezi,https://gorsel-linki.com/konak.jpg,Cemal ve Ateş'in Konak/Kemeraltı çevresindeki dolandırıcılık sahneleri
885,Üç Kuruş,Dizi,Gerilim/Suç,Sinan Öztürk (Yönetmen),Kerem Çatay (Yapımcı),2021.0,Ay Yapım,"Uraz Kaygılaroğlu, Ekin Koç Diren Polatoğulları Nesrin Cavadzade Aslıhan Malbora Civan Canova Nursel Köse Zafer Algöz Kadir Çermik Bora Akkaş Necip Memili",287,Kordon Boyu ve Alsancak İskele,İzmir,Konak,38.433,27.138,"38.433, 27.138",Çok Yüksek,Açık,"Yürüyüş, Gün Batımı",https://gorsel-linki.com/kordon.jpg,Kordon'daki balıkçı restoranları ve akşam yemekleri
885,Üç Kuruş,Dizi,Gerilim/Suç,Sinan Öztürk (Yönetmen),Kerem Çatay (Yapımcı),2021.0,Ay Yapım,"Uraz Kaygılaroğlu, Ekin Koç Diren Polatoğulları Nesrin Cavadzade Aslıhan Malbora Civan Canova Nursel Köse Zafer Algöz Kadir Çermik Bora Akkaş Necip Memili",281,Bostanlı Sahil ve Çevresi,İzmir,Karşıyaka,38.455,27.089,"38.455, 27.089",Çok Yüksek,Açık,"Gün Batımı İzleme, Spor",https://gorsel-linki.com/bostanlı.jpg,Karşıyaka sahilindeki operasyonel ve komik sahneler
3,155 Polis İmdat (dizi),Dizi,Gerilim/Suç,Şahin Gök,Nazmi Özer,1994.0,Emek Film,"Necla Nazır, Bülent Bilgiç, Murat Soydan",170,Balat Sokakları,İstanbul,Fatih,41.031,28.947,"41.031, 28.947",Yüksek,Açık,Cafe-Kültür Gezisi,https://gorsel-linki.com/balat.jpg,90'lı yılların İstanbul polisiyesi sahneleri ve dar sokaklar
3,155 Polis İmdat (dizi),Dizi,Gerilim/Suç,Şahin Gök,Nazmi Özer,1994.0,Emek Film,"Necla Nazır, Bülent Bilgiç, Murat Soydan",251,Vefa Semti ve Tarihi Sokaklar,İstanbul,Fatih,41.015,28.958,"41.015, 28.958",Yüksek,Açık,"Boza İçimi, Tarihi Doku Gezisi",https://gorsel-linki.com/vefa.jpg,Vefa ve çevresindeki tarihi mahalle baskın sahneleri
3,155 Polis İmdat (dizi),Dizi,Gerilim/Suç,Şahin Gök,Nazmi Özer,1994.0,Emek Film,"Necla Nazır, Bülent Bilgiç, Murat Soydan",173,Bebek Sahil Şeridi,İstanbul,Beşiktaş,41.076,29.043,"41.076, 29.043",Çok Yüksek,Açık,"Yürüyüş, Lüks Kafe Kültürü",https://gorsel-linki.com/bebek.jpg,Polis ekiplerinin sahil devriyesi ve kovalamaca sahneleri
113,"Baba (dizi, 2022)",Dizi,Dram,Çağrı Bayrak,Kerem Çatay,2022.0,Ay Yapım,"Haluk Bilginer, Tolga Sarıtaş",279,Birgi Tarihi Köy Meydanı,İzmir,Ödemiş,38.257,28.066,"38.257, 28.066",Yüksek,Açık,"Tarih Gezisi, Gastronomi",https://gorsel-linki.com/birgi-meydan.jpg,Saruhanlı ailesinin Ödemiş/Birgi'deki kökleri ve aile konağı
113,"Baba (dizi, 2022)",Dizi,Dram,Çağrı Bayrak,Kerem Çatay,2022.0,Ay Yapım,"Haluk Bilginer, Tolga Sarıtaş",251,Vefa Semti ve Tarihi Sokaklar,İstanbul,Fatih,41.015,28.958,"41.015, 28.958",Yüksek,Açık,"Boza İçimi, Tarihi Doku Gezisi",https://gorsel-linki.com/vefa.jpg,İstanbul Reşitpaşa ve Vefa çevresindeki yeni yaşam alanı sahneleri
113,"Baba (dizi, 2022)",Dizi,Dram,Çağrı Bayrak,Kerem Çatay,2022.0,Ay Yapım,"Haluk Bilginer, Tolga Sarıtaş",222,Levent ve Maslak İş Merkezleri,İstanbul,Beşiktaş,41.077,29.012,"41.077, 29.012",Orta,Açık,Şehir Gezisi,https://gorsel-linki.com/levent.jpg,Levent/Maslak hattındaki holding ve iş dünyası çekimleri
426,Karayılan,Dizi,Dram,Cem AkyoldaşFeride Kaytan (Yönetmen),Fatmanur Sevinç (Yapımcı),2007.0,| dağıtıcı =,"Bülent İnal, Begüm Birgören, Engin Akyürek",293,Sığacık Köyü ve Limanı (Kavak Yelleri Evi),İzmir,Seferihisar,38.194,26.786,"38.194, 26.786",Çok Yüksek,Açık,"Dizi Turu, Pazar Gezisi",https://gorsel-linki.com/sigacik-kavak.jpg,"Aslı, Efe, Deniz ve Mine'nin Seferihisar/Sığacık'taki lise yılları"
426,Karayılan,Dizi,Dram,Cem AkyoldaşFeride Kaytan (Yönetmen),Fatmanur Sevinç (Yapımcı),2007.0,| dağıtıcı =,"Bülent İnal, Begüm Birgören, Engin Akyürek",173,Bebek Sahil Şeridi,İstanbul,Beşiktaş,41.076,29.043,"41.076, 29.043",Çok Yüksek,Açık,"Yürüyüş, Lüks Kafe Kültürü",https://gorsel-linki.com/bebek.jpg,Karakterlerin üniversite için geldikleri İstanbul Bebek ve kampüs sahneleri
426,Karayılan,Dizi,Dram,Cem AkyoldaşFeride Kaytan (Yönetmen),Fatmanur Sevinç (Yapımcı),2007.0,| dağıtıcı =,"Bülent İnal, Begüm Birgören, Engin Akyürek",170,Balat Sokakları,İstanbul,Fatih,41.031,28.947,"41.031, 28.947",Yüksek,Açık,Cafe-Kültür Gezisi,https://gorsel-linki.com/balat.jpg,İstanbul'daki ilk ev ve mahalle yaşantısı çekimleri
674,Seven Ne Yapmaz,Dizi,Romantik,Bora Onur (Yönetmen),Faruk Bayhan (Yapımcı),2004.0,MF Yapım,"Yusuf Çim, Seren Şirince",297,Urla ve Çeşme Sahil Villaları,İzmir,Çeşme,38.312,26.345,"38.312, 26.345",Çok Yüksek,Kısıtlı (Özel Mülk),"Manzara İzleme, Fotoğraf",https://gorsel-linki.com/cesme-villa.jpg,Savcı Selim ve Akgün'ün İzmir Çeşme'deki adalet sitesi sahneleri
674,Seven Ne Yapmaz,Dizi,Romantik,Bora Onur (Yönetmen),Faruk Bayhan (Yapımcı),2004.0,MF Yapım,"Yusuf Çim, Seren Şirince",273,Alaçatı Sokakları ve Taş Evler,İzmir,Çeşme,38.283,26.374,"38.283, 26.374",Çok Yüksek,Açık,"Sörf, Butik Otel Gezisi",https://gorsel-linki.com/alacati.jpg,Alaçatı sokaklarındaki romantik ve gerilimli sahneler
674,Seven Ne Yapmaz,Dizi,Romantik,Bora Onur (Yönetmen),Faruk Bayhan (Yapımcı),2004.0,MF Yapım,"Yusuf Çim, Seren Şirince",173,Bebek Sahil Şeridi,İstanbul,Beşiktaş,41.076,29.043,"41.076, 29.043",Çok Yüksek,Açık,"Yürüyüş, Lüks Kafe Kültürü",https://gorsel-linki.com/bebek.jpg,Dizinin İstanbul sahneleri ve adliye çekimleri
698,Sultan Makamı,Dizi,Dram,Aydın Bulut (Yönetmen),Bahadır Atay (Yapımcı),2003.0,Avşar Film,"Şevket Çoruh, Başak Köklükaya, Uğur Polat, Dolunay Soysert, Kerem Atabeyoğlu, Suzan Elif Kılınç",86,Sekapark Film Platosu,Kocaeli,İzmit,40.762,29.904,"40.762, 29.904",Yüksek,Ziyarete Açık,Film Seti Gezisi,https://gorsel-linki.com/sekapark-set.jpg,İzmit Sekapark platosunda kurulan tarihi hapishane sahneleri
698,Sultan Makamı,Dizi,Dram,Aydın Bulut (Yönetmen),Bahadır Atay (Yapımcı),2003.0,Avşar Film,"Şevket Çoruh, Başak Köklükaya, Uğur Polat, Dolunay Soysert, Kerem Atabeyoğlu, Suzan Elif Kılınç",170,Balat Sokakları,İstanbul,Fatih,41.031,28.947,"41.031, 28.947",Yüksek,Açık,Cafe-Kültür Gezisi,https://gorsel-linki.com/balat.jpg,İstanbul'un tarihi semtlerinde geçen 1930'lu yılların atmosferi
698,Sultan Makamı,Dizi,Dram,Aydın Bulut (Yönetmen),Bahadır Atay (Yapımcı),2003.0,Avşar Film,"Şevket Çoruh, Başak Köklükaya, Uğur Polat, Dolunay Soysert, Kerem Atabeyoğlu, Suzan Elif Kılınç",266,İstanbul Çağlayan Adliyesi,İstanbul,Kağıthane,41.082,28.981,"41.082, 28.981",Düşük,Kısıtlı (Resmi Kurum),Gözlem,https://gorsel-linki.com/adliye.jpg,Mahkeme ve resmi daire sahneleri için kullanılan tarihi binalar
848,Çalıkuşu,Dizi,Dram,Çağan IrmakDoğan Ümit Karaca (Yönetmen),Timur Savcı (Yapımcı),2013.0,Tims&B Productions,"Fahriye Evcen, Burak Özçivit",170,Balat Sokakları,İstanbul,Fatih,41.031,28.947,"41.031, 28.947",Yüksek,Açık,Cafe-Kültür Gezisi,https://gorsel-linki.com/balat.jpg,Dağıstanlı ailesinin yaşadığı lüks köşk ve İstanbul sahneleri
848,Çalıkuşu,Dizi,Dram,Çağan IrmakDoğan Ümit Karaca (Yönetmen),Timur Savcı (Yapımcı),2013.0,Tims&B Productions,"Fahriye Evcen, Burak Özçivit",266,İstanbul Çağlayan Adliyesi,İstanbul,Kağıthane,41.082,28.981,"41.082, 28.981",Düşük,Kısıtlı (Resmi Kurum),Gözlem,https://gorsel-linki.com/adliye.jpg,Ilgaz'ın müebbet hapis yattığı ve serbest kaldığı adliye sahneleri
848,Çalıkuşu,Dizi,Dram,Çağan IrmakDoğan Ümit Karaca (Yönetmen),Timur Savcı (Yapımcı),2013.0,Tims&B Productions,"Fahriye Evcen, Burak Özçivit",173,Bebek Sahil Şeridi,İstanbul,Beşiktaş,41.076,29.043,"41.076, 29.043",Çok Yüksek,Açık,"Yürüyüş, Lüks Kafe Kültürü",https://gorsel-linki.com/bebek.jpg,Boğaz hattındaki modern şehir ve kaçış sahneleri
895,"İlk Aşk (film, 2006)",Film,Dram,Nihat Durak,Timur Savcı,2006.0,Bilinmiyor,"Çetin Tekindor, Vahide Perçin, Halit Ergenç",173,Bebek Sahil Şeridi,İstanbul,Beşiktaş,41.076,29.043,"41.076, 29.043",Çok Yüksek,Açık,"Yürüyüş, Lüks Kafe Kültürü",https://gorsel-linki.com/bebek.jpg,Şebnem'in Gümüşsuyu ve Bebek hattındaki lüks yaşam sahneleri
895,"İlk Aşk (film, 2006)",Film,Dram,Nihat Durak,Timur Savcı,2006.0,Bilinmiyor,"Çetin Tekindor, Vahide Perçin, Halit Ergenç",222,Levent ve Maslak İş Merkezleri,İstanbul,Beşiktaş,41.077,29.012,"41.077, 29.012",Orta,Açık,Şehir Gezisi,https://gorsel-linki.com/levent.jpg,Şehir merkezi sahneleri ve modern İstanbul silüeti
895,"İlk Aşk (film, 2006)",Film,Dram,Nihat Durak,Timur Savcı,2006.0,Bilinmiyor,"Çetin Tekindor, Vahide Perçin, Halit Ergenç",170,Balat Sokakları,İstanbul,Fatih,41.031,28.947,"41.031, 28.947",Yüksek,Açık,Cafe-Kültür Gezisi,https://gorsel-linki.com/balat.jpg,Karakterlerin geçmişine dair flashback sahneleri
752,Ufak Tefek Cinayetler,Dizi,Gerilim/Suç,Ali BilginDeniz Yorulmazer (Yönetmen),Kerem ÇatayPelin Diştaş (Yapımcı),2017.0,Ay Yapım,"Gökçe Bahadır, Aslıhan Gürbüz, Bade İşçil, Tülin Özen, Mert Fırat",86,Sekapark Film Platosu,Kocaeli,İzmit,40.762,29.904,"40.762, 29.904",Yüksek,Ziyarete Açık,Film Seti Gezisi,https://gorsel-linki.com/sekapark-set.jpg,İşgal altındaki İzmir kenti için İzmit'te kurulan devasa plato
752,Ufak Tefek Cinayetler,Dizi,Gerilim/Suç,Ali BilginDeniz Yorulmazer (Yönetmen),Kerem ÇatayPelin Diştaş (Yapımcı),2017.0,Ay Yapım,"Gökçe Bahadır, Aslıhan Gürbüz, Bade İşçil, Tülin Özen, Mert Fırat",217,Kundura Fabrikası Dönem Platosu,İstanbul,Beykoz,41.134,29.071,"41.134, 29.071",Çok Yüksek,Özel İzinle,Dönem Dizisi Turu,https://gorsel-linki.com/donem-platosu.jpg,İç mekan çekimleri ve kordon boyu atmosferi için kullanılan stüdyolar
752,Ufak Tefek Cinayetler,Dizi,Gerilim/Suç,Ali BilginDeniz Yorulmazer (Yönetmen),Kerem ÇatayPelin Diştaş (Yapımcı),2017.0,Ay Yapım,"Gökçe Bahadır, Aslıhan Gürbüz, Bade İşçil, Tülin Özen, Mert Fırat",170,Balat Sokakları,İstanbul,Fatih,41.031,28.947,"41.031, 28.947",Yüksek,Açık,Cafe-Kültür Gezisi,https://gorsel-linki.com/balat.jpg,Dönemin İstanbul bağlantılı siyasi ve askeri sahneleri
809,Yedi Numara,Dizi,Komedi,Haluk Bener Sadullah Celen (Yönetmen),Oya Yüce (Yapımcı),2005.0,Bilinmiyor,"Şebnem Sönmez Engin Alkan Tuba Erdem, Okan Selvi, Ayça Mutlugil, Nuray Uslu, Gülden Güney, Volkan Girgin",86,Sekapark Film Platosu,Kocaeli,İzmit,40.762,29.904,"40.762, 29.904",Yüksek,Ziyarete Açık,Film Seti Gezisi,https://gorsel-linki.com/sekapark-set.jpg,Çanakkale Savaşı atmosferi için kullanılan özel dış mekan platoları
809,Yedi Numara,Dizi,Komedi,Haluk Bener Sadullah Celen (Yönetmen),Oya Yüce (Yapımcı),2005.0,Bilinmiyor,"Şebnem Sönmez Engin Alkan Tuba Erdem, Okan Selvi, Ayça Mutlugil, Nuray Uslu, Gülden Güney, Volkan Girgin",217,Kundura Fabrikası Dönem Platosu,İstanbul,Beykoz,41.134,29.071,"41.134, 29.071",Çok Yüksek,Özel İzinle,Dönem Dizisi Turu,https://gorsel-linki.com/donem-platosu.jpg,Dönem kostümlü iç mekan çekimleri ve hastane sahneleri
809,Yedi Numara,Dizi,Komedi,Haluk Bener Sadullah Celen (Yönetmen),Oya Yüce (Yapımcı),2005.0,Bilinmiyor,"Şebnem Sönmez Engin Alkan Tuba Erdem, Okan Selvi, Ayça Mutlugil, Nuray Uslu, Gülden Güney, Volkan Girgin",170,Balat Sokakları,İstanbul,Fatih,41.031,28.947,"41.031, 28.947",Yüksek,Açık,Cafe-Kültür Gezisi,https://gorsel-linki.com/balat.jpg,Tarihi İstanbul mahalleleri ve cepheye gidiş sahneleri
615,Pis Yedili (dizi),Dizi,Komedi,Haluk Bener,Bilinmiyor,2011.0,Tükenmezkalem,"Kadir Doğulu, Eda Ece",297,Urla ve Çeşme Sahil Villaları,İzmir,Çeşme,38.312,26.345,"38.312, 26.345",Çok Yüksek,Kısıtlı (Özel Mülk),"Manzara İzleme, Fotoğraf",https://gorsel-linki.com/cesme-villa.jpg,Dizinin Ege sahillerindeki renkli ve romantik sahneleri
615,Pis Yedili (dizi),Dizi,Komedi,Haluk Bener,Bilinmiyor,2011.0,Tükenmezkalem,"Kadir Doğulu, Eda Ece",287,Kordon Boyu ve Alsancak İskele,İzmir,Konak,38.433,27.138,"38.433, 27.138",Çok Yüksek,Açık,"Yürüyüş, Gün Batımı",https://gorsel-linki.com/kordon.jpg,İzmir Kordon boyu ve şehir merkezi sosyal yaşam çekimleri
615,Pis Yedili (dizi),Dizi,Komedi,Haluk Bener,Bilinmiyor,2011.0,Tükenmezkalem,"Kadir Doğulu, Eda Ece",173,Bebek Sahil Şeridi,İstanbul,Beşiktaş,41.076,29.043,"41.076, 29.043",Çok Yüksek,Açık,"Yürüyüş, Lüks Kafe Kültürü",https://gorsel-linki.com/bebek.jpg,İstanbul'daki dizi seti ve medya dünyası sahneleri
223,Cesur Yürek,Dizi,Aksiyon,Emre Kabakuşak (Yönetmen),Cüneyt Aysan (Yapımcı),2016.0,Fark Film,"Onur Tuna, Ruveyda Öksüz, Hüseyin Avni Danyal, Hakan Yufkacıgil",52,Cunda Adası ve Tarihi Sokaklar,Balıkesir,Ayvalık,39.336,26.662,"39.336, 26.662",Çok Yüksek,Açık,"Gastronomi, Kültür Gezisi",https://gorsel-linki.com/cunda.jpg,Dizinin başlangıç sahneleri olan Cunda Adası ve Ayvalık sokakları
223,Cesur Yürek,Dizi,Aksiyon,Emre Kabakuşak (Yönetmen),Cüneyt Aysan (Yapımcı),2016.0,Fark Film,"Onur Tuna, Ruveyda Öksüz, Hüseyin Avni Danyal, Hakan Yufkacıgil",173,Bebek Sahil Şeridi,İstanbul,Beşiktaş,41.076,29.043,"41.076, 29.043",Çok Yüksek,Açık,"Yürüyüş, Lüks Kafe Kültürü",https://gorsel-linki.com/bebek.jpg,Ailenin İstanbul'daki samimi mahallesi ve dış çekimler
223,Cesur Yürek,Dizi,Aksiyon,Emre Kabakuşak (Yönetmen),Cüneyt Aysan (Yapımcı),2016.0,Fark Film,"Onur Tuna, Ruveyda Öksüz, Hüseyin Avni Danyal, Hakan Yufkacıgil",170,Balat Sokakları,İstanbul,Fatih,41.031,28.947,"41.031, 28.947",Yüksek,Açık,Cafe-Kültür Gezisi,https://gorsel-linki.com/balat.jpg,İstanbul genelindeki romantik komedi unsurlarının geçtiği semtler
18,Acı Aşk (dizi),Dizi,Romantik,Çağatay Tosun,Erol Avcı,2015.0,TMC Film,"Seçkin Özdemir, Selin Şekerci",287,Kordon Boyu ve Alsancak İskele,İzmir,Konak,38.433,27.138,"38.433, 27.138",Çok Yüksek,Açık,"Yürüyüş, Gün Batımı",https://gorsel-linki.com/kordon.jpg,Bulut ve Melek'in İzmir sahneleri ve liman çevresi çekimleri
18,Acı Aşk (dizi),Dizi,Romantik,Çağatay Tosun,Erol Avcı,2015.0,TMC Film,"Seçkin Özdemir, Selin Şekerci",170,Balat Sokakları,İstanbul,Fatih,41.031,28.947,"41.031, 28.947",Yüksek,Açık,Cafe-Kültür Gezisi,https://gorsel-linki.com/balat.jpg,İstanbul'daki holding ve zengin aile villası sahneleri
18,Acı Aşk (dizi),Dizi,Romantik,Çağatay Tosun,Erol Avcı,2015.0,TMC Film,"Seçkin Özdemir, Selin Şekerci",173,Bebek Sahil Şeridi,İstanbul,Beşiktaş,41.076,29.043,"41.076, 29.043",Çok Yüksek,Açık,"Yürüyüş, Lüks Kafe Kültürü",https://gorsel-linki.com/bebek.jpg,Karakterlerin İstanbul içindeki duygusal yüzleşme sahneleri
326,Gönül,Dizi,Komedi,Faruk Teber (Yönetmen),Ali Gündoğdu (Yapımcı),2006.0,Masalevi,"Gülben Ergen, Ragıp Savaş, Güven Kıraç, Şevket Çoruh",273,Alaçatı Sokakları ve Taş Evler,İzmir,Çeşme,38.283,26.374,"38.283, 26.374",Çok Yüksek,Açık,"Sörf, Butik Otel Gezisi",https://gorsel-linki.com/alacati.jpg,Gülizar'ın Çeşme/Alaçatı çevresindeki lüks çiftlik yaşamı
326,Gönül,Dizi,Komedi,Faruk Teber (Yönetmen),Ali Gündoğdu (Yapımcı),2006.0,Masalevi,"Gülben Ergen, Ragıp Savaş, Güven Kıraç, Şevket Çoruh",173,Bebek Sahil Şeridi,İstanbul,Beşiktaş,41.076,29.043,"41.076, 29.043",Çok Yüksek,Açık,"Yürüyüş, Lüks Kafe Kültürü",https://gorsel-linki.com/bebek.jpg,İstanbul'daki müzik dünyası ve modern stüdyo sahneleri
326,Gönül,Dizi,Komedi,Faruk Teber (Yönetmen),Ali Gündoğdu (Yapımcı),2006.0,Masalevi,"Gülben Ergen, Ragıp Savaş, Güven Kıraç, Şevket Çoruh",286,Konak Meydanı,İzmir,Konak,38.418,27.128,"38.418, 27.128",Yüksek,Açık,Tarihi Gezi,https://gorsel-linki.com/konak.jpg,İzmir şehir merkezindeki nostaljik dış çekimler
255,Doğduğun Ev Kaderindir,Dizi,Dram,Çağrı Bayrak (Yönetmen),Onur Güvenatam (Yapımcı),2019.0,OGM Pictures,"Demet Özdemir, İbrahim Çelikkol, Engin Öztürk",291,Sığacık Kalesi ve Kaleiçi Sokakları,İzmir,Seferihisar,38.194,26.784,"38.194, 26.784",Çok Yüksek,Açık,"Yavaş Şehir Gezisi, Organik Pazar",https://gorsel-linki.com/sigacik.jpg,Melahat'ın Sığacık'taki restoranı ve meşhur pazar sahneleri
255,Doğduğun Ev Kaderindir,Dizi,Dram,Çağrı Bayrak (Yönetmen),Onur Güvenatam (Yapımcı),2019.0,OGM Pictures,"Demet Özdemir, İbrahim Çelikkol, Engin Öztürk",146,Fırtına Deresi ve Taş Köprüler,Rize,Ardeşen,41.192,41.002,"41.192, 41.002",Çok Yüksek,Açık,"Rafting, Kültür Turu",https://gorsel-linki.com/firtina.jpg,Şevket Reis'in Rize'den Ege'ye uzanan Karadeniz sahneleri
255,Doğduğun Ev Kaderindir,Dizi,Dram,Çağrı Bayrak (Yönetmen),Onur Güvenatam (Yapımcı),2019.0,OGM Pictures,"Demet Özdemir, İbrahim Çelikkol, Engin Öztürk",33,Antalya Havalimanı Çevresi,Antalya,Muratpaşa,36.9,30.792,"36.900, 30.792",Düşük,Açık,Ulaşım,https://gorsel-linki.com/havalimani.jpg,Karakterlerin İzmir ve bölge arası seyahat rotaları
396,Hıyanet Sarmalı,Dizi,Aksiyon,Taner Tunç,Mustafa Kartal,2013.0,Ser Film,"Ali Başar, Emre Taşkıran, Cem Uçan",285,Ildır Köyü ve Antik Tiyatro Çevresi,İzmir,Çeşme,38.388,26.478,"38.388, 26.478",Yüksek,Açık,"Gün Batımı İzleme, Balıkçılık",https://gorsel-linki.com/ildir.jpg,Zeliş ve Mustafa'nın Ildır köyündeki maceraları
396,Hıyanet Sarmalı,Dizi,Aksiyon,Taner Tunç,Mustafa Kartal,2013.0,Ser Film,"Ali Başar, Emre Taşkıran, Cem Uçan",273,Alaçatı Sokakları ve Taş Evler,İzmir,Çeşme,38.283,26.374,"38.283, 26.374",Çok Yüksek,Açık,"Sörf, Butik Otel Gezisi",https://gorsel-linki.com/alacati.jpg,Alaçatı ve çevresindeki komedi ve aşk sahneleri
396,Hıyanet Sarmalı,Dizi,Aksiyon,Taner Tunç,Mustafa Kartal,2013.0,Ser Film,"Ali Başar, Emre Taşkıran, Cem Uçan",299,Urla İskele ve Tarihi Gümrük Binaları,İzmir,Urla,38.361,26.772,"38.361, 26.772",Çok Yüksek,Açık,"Balık Gastronomisi, Yürüyüş",https://gorsel-linki.com/urla-iskele.jpg,İzmir Urla çevresindeki dış mekan çekimleri
393,Huzur Sokağı,Dizi,Dram,Şenol Sönmez (Yönetmen),| denetleyici_yapımcılar = (Yapımcı),2012.0,Set Film (2012-2013) atv İç Yapımlar (2013-2014),"Selin Demiratar, Ahmet Kutsi Karadoğan, Güven Hokna, Sinem Uslu, Gökhan Mete, Yeşim Salkım",296,Urla Bağ Yolları ve Taş Konaklar,İzmir,Urla,38.324,26.764,"38.324, 26.764",Yüksek,Açık,"Gastronomi, Bağ Gezisi",https://gorsel-linki.com/urla.jpg,Kerem ve Sevda'nın Urla bağ yollarındaki karşılaşma sahneleri
393,Huzur Sokağı,Dizi,Dram,Şenol Sönmez (Yönetmen),| denetleyici_yapımcılar = (Yapımcı),2012.0,Set Film (2012-2013) atv İç Yapımlar (2013-2014),"Selin Demiratar, Ahmet Kutsi Karadoğan, Güven Hokna, Sinem Uslu, Gökhan Mete, Yeşim Salkım",173,Bebek Sahil Şeridi,İstanbul,Beşiktaş,41.076,29.043,"41.076, 29.043",Çok Yüksek,Açık,"Yürüyüş, Lüks Kafe Kültürü",https://gorsel-linki.com/bebek.jpg,Korhan ailesinin İstanbul'daki lüks köşk ve holding sahneleri
393,Huzur Sokağı,Dizi,Dram,Şenol Sönmez (Yönetmen),| denetleyici_yapımcılar = (Yapımcı),2012.0,Set Film (2012-2013) atv İç Yapımlar (2013-2014),"Selin Demiratar, Ahmet Kutsi Karadoğan, Güven Hokna, Sinem Uslu, Gökhan Mete, Yeşim Salkım",222,Levent ve Maslak İş Merkezleri,İstanbul,Beşiktaş,41.077,29.012,"41.077, 29.012",Orta,Açık,Şehir Gezisi,https://gorsel-linki.com/levent.jpg,İstanbul'un modern silüetinde geçen iş dünyası sahneleri
605,Pars: Kiraz Operasyonu,Film,Gerilim/Suç,Osman Sınav,Osman Sınav,2007.0,Sinegraf,"Mehmet Kurtuluş , Nida Şafak , Selçuk Yöntem , Uğur Polat , Haluk Piyes",2,Adana Tren Garı,Adana,Seyhan,36.999,35.321,"36.999, 35.321",Yüksek,Açık,"Mimari Gezi, Ulaşım",https://gorsel-linki.com/adana-gar.jpg,Ramo'nun Adana/Seyhan'daki mahalle ve taşra sahneleri
605,Pars: Kiraz Operasyonu,Film,Gerilim/Suç,Osman Sınav,Osman Sınav,2007.0,Sinegraf,"Mehmet Kurtuluş , Nida Şafak , Selçuk Yöntem , Uğur Polat , Haluk Piyes",9,Varda Köprüsü (Alman Köprüsü),Adana,Karaisalı,37.243,34.976,"37.243, 34.976",Yüksek,Açık,"Mimari Gözlem, Tren İzleme",https://gorsel-linki.com/varda.jpg,Varda Köprüsü çevresindeki aksiyon ve pusu sahneleri
605,Pars: Kiraz Operasyonu,Film,Gerilim/Suç,Osman Sınav,Osman Sınav,2007.0,Sinegraf,"Mehmet Kurtuluş , Nida Şafak , Selçuk Yöntem , Uğur Polat , Haluk Piyes",170,Balat Sokakları,İstanbul,Fatih,41.031,28.947,"41.031, 28.947",Yüksek,Açık,Cafe-Kültür Gezisi,https://gorsel-linki.com/balat.jpg,Dizinin İstanbul'a taşınmasıyla kullanılan tarihi semtler
794,Yan Yana,Film,Komedi,Mert Baykal,"Muzaffer Yıldırım, Tamer Başaran, Berent Baytekin",2025.0,NuLook Production,"Haluk Bilginer, Feyyaz Yiğit",278,Birgi Tarihi Evleri ve Çakırağa Konağı,İzmir,Ödemiş,38.257,28.066,"38.257, 28.066",Çok Yüksek,Müze/Açık,Tarih ve Mimari Fotoğrafçılık,https://gorsel-linki.com/birgi.jpg,Dizinin geçtiği kurgusal Yeşilova kasabası (Ödemiş/Birgi) sahneleri
794,Yan Yana,Film,Komedi,Mert Baykal,"Muzaffer Yıldırım, Tamer Başaran, Berent Baytekin",2025.0,NuLook Production,"Haluk Bilginer, Feyyaz Yiğit",286,Konak Meydanı,İzmir,Konak,38.418,27.128,"38.418, 27.128",Yüksek,Açık,Tarihi Gezi,https://gorsel-linki.com/konak.jpg,İzmir genelindeki 90'lar atmosferini yansıtan sokak çekimleri
794,Yan Yana,Film,Komedi,Mert Baykal,"Muzaffer Yıldırım, Tamer Başaran, Berent Baytekin",2025.0,NuLook Production,"Haluk Bilginer, Feyyaz Yiğit",276,Bademli Köyü ve Zeytinlikler,İzmir,Dikili,39.006,26.79,"39.006, 26.790",Yüksek,Açık,"Köy Kahvaltısı, Zeytin Hasadı",https://gorsel-linki.com/dikili.jpg,Doğal köy yaşantısı ve tarla çekimleri
249,Dokunmayın Şabanıma,Film,Komedi,Osman Fahir Seden,"Kemal Sunal , Fatma Girik",1979.0,Can Film,"Kemal Sunal, Ahu Tuğba, Halit Akçatepe, Ercan Yazgan",282,Eski Foça Sahili ve Taş Evler,İzmir,Foça,38.67,26.756,"38.670, 26.756",Çok Yüksek,Açık,"Gün Batımı, Deniz Ürünleri",https://gorsel-linki.com/foca.jpg,Gece ve Özgür'ün Eski Foça'daki sahil ve tekne sahneleri
249,Dokunmayın Şabanıma,Film,Komedi,Osman Fahir Seden,"Kemal Sunal , Fatma Girik",1979.0,Can Film,"Kemal Sunal, Ahu Tuğba, Halit Akçatepe, Ercan Yazgan",173,Bebek Sahil Şeridi,İstanbul,Beşiktaş,41.076,29.043,"41.076, 29.043",Çok Yüksek,Açık,"Yürüyüş, Lüks Kafe Kültürü",https://gorsel-linki.com/bebek.jpg,İstanbul'dan İzmir'e taşınma süreci ve vedalaşma çekimleri
249,Dokunmayın Şabanıma,Film,Komedi,Osman Fahir Seden,"Kemal Sunal , Fatma Girik",1979.0,Can Film,"Kemal Sunal, Ahu Tuğba, Halit Akçatepe, Ercan Yazgan",286,Konak Meydanı,İzmir,Konak,38.418,27.128,"38.418, 27.128",Yüksek,Açık,Tarihi Gezi,https://gorsel-linki.com/konak.jpg,Foça-İzmir arası yol ve manzara sahneleri
21,Ada Masalı,Dizi,Komedi,Ali Bilgin,Kerem Çatay,2021.0,Ay Yapım,"Ayça Ayşin Turan, Alp Navruz",291,Sığacık Kalesi ve Kaleiçi Sokakları,İzmir,Seferihisar,38.194,26.784,"38.194, 26.784",Çok Yüksek,Açık,"Yavaş Şehir Gezisi, Organik Pazar",https://gorsel-linki.com/sigacik.jpg,Kurgusal Kırlangıç Adası sahneleri için kullanılan Sığacık sokakları
21,Ada Masalı,Dizi,Komedi,Ali Bilgin,Kerem Çatay,2021.0,Ay Yapım,"Ayça Ayşin Turan, Alp Navruz",173,Bebek Sahil Şeridi,İstanbul,Beşiktaş,41.076,29.043,"41.076, 29.043",Çok Yüksek,Açık,"Yürüyüş, Lüks Kafe Kültürü",https://gorsel-linki.com/bebek.jpg,Haziran'ın İstanbul'daki iş dünyası ve modern ofis yaşamı
21,Ada Masalı,Dizi,Komedi,Ali Bilgin,Kerem Çatay,2021.0,Ay Yapım,"Ayça Ayşin Turan, Alp Navruz",273,Alaçatı Sokakları ve Taş Evler,İzmir,Çeşme,38.283,26.374,"38.283, 26.374",Çok Yüksek,Açık,"Sörf, Butik Otel Gezisi",https://gorsel-linki.com/alacati.jpg,İzmir Çeşme çevresindeki bazı plaj ve eğlence çekimleri
408,Kalk Gidelim,Dizi,Komedi,Hatice Memiş,Eyüp Üstün,2017.0,Staff Film,"Ufuk Özkan, Erkan Sever",170,Balat Sokakları,İstanbul,Fatih,41.031,28.947,"41.031, 28.947",Yüksek,Açık,Cafe-Kültür Gezisi,https://gorsel-linki.com/balat.jpg,Yasemin'in İstanbul'daki entrika dolu yalı ve holding sahneleri
408,Kalk Gidelim,Dizi,Komedi,Hatice Memiş,Eyüp Üstün,2017.0,Staff Film,"Ufuk Özkan, Erkan Sever",219,Kuzguncuk Evleri,İstanbul,Üsküdar,41.037,29.03,"41.037, 29.030",Yüksek,Açık,"Fotoğrafçılık, Nostalji Gezisi",https://gorsel-linki.com/kuzguncuk.jpg,90'ların İstanbul mahalle atmosferini yansıtan dış çekimler
408,Kalk Gidelim,Dizi,Komedi,Hatice Memiş,Eyüp Üstün,2017.0,Staff Film,"Ufuk Özkan, Erkan Sever",173,Bebek Sahil Şeridi,İstanbul,Beşiktaş,41.076,29.043,"41.076, 29.043",Çok Yüksek,Açık,"Yürüyüş, Lüks Kafe Kültürü",https://gorsel-linki.com/bebek.jpg,Boğaz hattındaki lüks mekan ve restoran buluşmaları
182,Bir Çocuk Sevdim,Dizi,Dram,Cevdet MercanMurat Düzgünoğlu (Yönetmen),Timur Savcı (Yapımcı),2011.0,TMC,"Bülent İnal, Çetin Tekindor, Hakan Kurtaş, Gülcan Arslan|-",299,Urla İskele ve Tarihi Gümrük Binaları,İzmir,Urla,38.361,26.772,"38.361, 26.772",Çok Yüksek,Açık,"Balık Gastronomisi, Yürüyüş",https://gorsel-linki.com/urla-iskele.jpg,Feraye'nin Urla'daki pavyon ve sahil sahneleri
182,Bir Çocuk Sevdim,Dizi,Dram,Cevdet MercanMurat Düzgünoğlu (Yönetmen),Timur Savcı (Yapımcı),2011.0,TMC,"Bülent İnal, Çetin Tekindor, Hakan Kurtaş, Gülcan Arslan|-",286,Konak Meydanı,İzmir,Konak,38.418,27.128,"38.418, 27.128",Yüksek,Açık,Tarihi Gezi,https://gorsel-linki.com/konak.jpg,İzmir şehir merkezi ve kordon boyu çekimleri
182,Bir Çocuk Sevdim,Dizi,Dram,Cevdet MercanMurat Düzgünoğlu (Yönetmen),Timur Savcı (Yapımcı),2011.0,TMC,"Bülent İnal, Çetin Tekindor, Hakan Kurtaş, Gülcan Arslan|-",273,Alaçatı Sokakları ve Taş Evler,İzmir,Çeşme,38.283,26.374,"38.283, 26.374",Çok Yüksek,Açık,"Sörf, Butik Otel Gezisi",https://gorsel-linki.com/alacati.jpg,Karakterlerin Çeşme/Alaçatı çevresindeki lüks yaşam sahneleri
504,Küçük Sırlar,Dizi,Dram,Cevriye Demir (Yönetmen),Timur Savcı (Yapımcı),2010.0,Tims&B Productions,Sinem Kobal Burak Özçivit Merve Boluğur Birkan Sokullu İpek Karapınar Kadir Doğulu,170,Balat Sokakları,İstanbul,Fatih,41.031,28.947,"41.031, 28.947",Yüksek,Açık,Cafe-Kültür Gezisi,https://gorsel-linki.com/balat.jpg,İstanbul'daki tarihi okul binası ve çevresindeki mahalle sahneleri
504,Küçük Sırlar,Dizi,Dram,Cevriye Demir (Yönetmen),Timur Savcı (Yapımcı),2010.0,Tims&B Productions,Sinem Kobal Burak Özçivit Merve Boluğur Birkan Sokullu İpek Karapınar Kadir Doğulu,173,Bebek Sahil Şeridi,İstanbul,Beşiktaş,41.076,29.043,"41.076, 29.043",Çok Yüksek,Açık,"Yürüyüş, Lüks Kafe Kültürü",https://gorsel-linki.com/bebek.jpg,Gençlik grubunun Beşiktaş/Bebek sahilindeki eğlenceli anları
504,Küçük Sırlar,Dizi,Dram,Cevriye Demir (Yönetmen),Timur Savcı (Yapımcı),2010.0,Tims&B Productions,Sinem Kobal Burak Özçivit Merve Boluğur Birkan Sokullu İpek Karapınar Kadir Doğulu,219,Kuzguncuk Evleri,İstanbul,Üsküdar,41.037,29.03,"41.037, 29.030",Yüksek,Açık,"Fotoğrafçılık, Nostalji Gezisi",https://gorsel-linki.com/kuzguncuk.jpg,Samimi mahalle kültürü ve okul çıkışı çekimleri
658,Sen de Gitme,Dizi,Dram,Türkan Derya (Yönetmen),Mehmet Yiğit Alp (Yapımcı),2011.0,NTC Medya,"Sinan Albayrak, Sezin Akbaşoğulları, Alican Yücesoy, Didem İnselel, Miraç Eronat, Batuhan Karacakaya",296,Urla Bağ Yolları ve Taş Konaklar,İzmir,Urla,38.324,26.764,"38.324, 26.764",Yüksek,Açık,"Gastronomi, Bağ Gezisi",https://gorsel-linki.com/urla.jpg,Üç kız kardeşin bir araya geldiği Urla bağ evleri ve çiftlik sahneleri
658,Sen de Gitme,Dizi,Dram,Türkan Derya (Yönetmen),Mehmet Yiğit Alp (Yapımcı),2011.0,NTC Medya,"Sinan Albayrak, Sezin Akbaşoğulları, Alican Yücesoy, Didem İnselel, Miraç Eronat, Batuhan Karacakaya",299,Urla İskele ve Tarihi Gümrük Binaları,İzmir,Urla,38.361,26.772,"38.361, 26.772",Çok Yüksek,Açık,"Balık Gastronomisi, Yürüyüş",https://gorsel-linki.com/urla-iskele.jpg,Urla limanı ve kasaba merkezi çekimleri
658,Sen de Gitme,Dizi,Dram,Türkan Derya (Yönetmen),Mehmet Yiğit Alp (Yapımcı),2011.0,NTC Medya,"Sinan Albayrak, Sezin Akbaşoğulları, Alican Yücesoy, Didem İnselel, Miraç Eronat, Batuhan Karacakaya",273,Alaçatı Sokakları ve Taş Evler,İzmir,Çeşme,38.283,26.374,"38.283, 26.374",Çok Yüksek,Açık,"Sörf, Butik Otel Gezisi",https://gorsel-linki.com/alacati.jpg,Dizinin İzmir genelindeki modern dış çekimleri
31,Aile (dizi),Dizi,Dram,Ahmet Katıksız,Kerem Çatay,2023.0,Ay Yapım,"Kıvanç Tatlıtuğ, Serenay Sarıkaya",231,Reşitpaşa ve Emirgan Villaları,İstanbul,Sarıyer,41.104,29.034,"41.104, 29.034",Yüksek,Kısıtlı,"Dizi Turu, Manzara Seyri",https://gorsel-linki.com/resitpasa.jpg,Soykan ailesinin yaşadığı Sarıyer/Reşitpaşa'daki devasa çiftlik evi
31,Aile (dizi),Dizi,Dram,Ahmet Katıksız,Kerem Çatay,2023.0,Ay Yapım,"Kıvanç Tatlıtuğ, Serenay Sarıkaya",222,Levent ve Maslak İş Merkezleri,İstanbul,Beşiktaş,41.077,29.012,"41.077, 29.012",Orta,Açık,Şehir Gezisi,https://gorsel-linki.com/levent.jpg,Aslan'ın gece kulübü ve Beşiktaş çevresindeki modern ofis sahneleri
31,Aile (dizi),Dizi,Dram,Ahmet Katıksız,Kerem Çatay,2023.0,Ay Yapım,"Kıvanç Tatlıtuğ, Serenay Sarıkaya",170,Balat Sokakları,İstanbul,Fatih,41.031,28.947,"41.031, 28.947",Yüksek,Açık,Cafe-Kültür Gezisi,https://gorsel-linki.com/balat.jpg,Karakterlerin gizli buluşma noktaları ve çatışma sahneleri
292,Eşkıya (film),Film,Dram,Yavuz Turgul,Mine Vargı,1996.0,"Warner Bros. , Filma-Cass","Şener Şen, Uğur Yücel",285,Ildır Köyü ve Antik Tiyatro Çevresi,İzmir,Çeşme,38.388,26.478,"38.388, 26.478",Yüksek,Açık,"Gün Batımı İzleme, Balıkçılık",https://gorsel-linki.com/ildir.jpg,Fatmagül'ün yaşadığı Ildır köyü ve meşhur sahil sahneleri
292,Eşkıya (film),Film,Dram,Yavuz Turgul,Mine Vargı,1996.0,"Warner Bros. , Filma-Cass","Şener Şen, Uğur Yücel",170,Balat Sokakları,İstanbul,Fatih,41.031,28.947,"41.031, 28.947",Yüksek,Açık,Cafe-Kültür Gezisi,https://gorsel-linki.com/balat.jpg,Karakterlerin İstanbul'a taşındıktan sonra yerleştikleri Göksu Deresi/Anadolu Hisarı sahneleri
292,Eşkıya (film),Film,Dram,Yavuz Turgul,Mine Vargı,1996.0,"Warner Bros. , Filma-Cass","Şener Şen, Uğur Yücel",173,Bebek Sahil Şeridi,İstanbul,Beşiktaş,41.076,29.043,"41.076, 29.043",Çok Yüksek,Açık,"Yürüyüş, Lüks Kafe Kültürü",https://gorsel-linki.com/bebek.jpg,Yeniköy ve Tarabya hattındaki hukuki mücadele ve dış çekimler
148,Beni Bırakma (dizi),Dizi,Romantik,Gürsel Ateş,Nilgün Sağyaşar,2018.0,Focus Film,"Gökberk Yıldırım, Eda Nur Gülbudak",284,Gültepe Mahalleleri ve Eski Sokaklar,İzmir,Konak,38.402,27.165,"38.402, 27.165",Düşük,Açık,Nostaljik Gezi,https://gorsel-linki.com/gultepe.jpg,1980'lerin İzmir Gültepe mahalle atmosferi ve dar sokak sahneleri
148,Beni Bırakma (dizi),Dizi,Romantik,Gürsel Ateş,Nilgün Sağyaşar,2018.0,Focus Film,"Gökberk Yıldırım, Eda Nur Gülbudak",286,Konak Meydanı,İzmir,Konak,38.418,27.128,"38.418, 27.128",Yüksek,Açık,Tarihi Gezi,https://gorsel-linki.com/konak.jpg,Konak meydanı ve tarihi İzmir çarşı sahneleri
148,Beni Bırakma (dizi),Dizi,Romantik,Gürsel Ateş,Nilgün Sağyaşar,2018.0,Focus Film,"Gökberk Yıldırım, Eda Nur Gülbudak",299,Urla İskele ve Tarihi Gümrük Binaları,İzmir,Urla,38.361,26.772,"38.361, 26.772",Çok Yüksek,Açık,"Balık Gastronomisi, Yürüyüş",https://gorsel-linki.com/urla-iskele.jpg,İzmir'in kıyı bölgelerindeki dramatik dış çekimler
503,Küçük Kovboy,Film,Western,Guido Zurli,Türker İnanoğlu,1973.0,Erler Film,"Cüneyt Arkın, İlker İnanoğlu",273,Alaçatı Sokakları ve Taş Evler,İzmir,Çeşme,38.283,26.374,"38.283, 26.374",Çok Yüksek,Açık,"Sörf, Butik Otel Gezisi",https://gorsel-linki.com/alacati.jpg,İzmir ve çevresindeki lüks konaklar ve entrika dolu iç mekanlar
503,Küçük Kovboy,Film,Western,Guido Zurli,Türker İnanoğlu,1973.0,Erler Film,"Cüneyt Arkın, İlker İnanoğlu",286,Konak Meydanı,İzmir,Konak,38.418,27.128,"38.418, 27.128",Yüksek,Açık,Tarihi Gezi,https://gorsel-linki.com/konak.jpg,Şehir merkezi sahneleri ve karakterlerin sosyal alanları
503,Küçük Kovboy,Film,Western,Guido Zurli,Türker İnanoğlu,1973.0,Erler Film,"Cüneyt Arkın, İlker İnanoğlu",173,Bebek Sahil Şeridi,İstanbul,Beşiktaş,41.076,29.043,"41.076, 29.043",Çok Yüksek,Açık,"Yürüyüş, Lüks Kafe Kültürü",https://gorsel-linki.com/bebek.jpg,Bazı İstanbul bağlantılı iş dünyası çekimleri
669,Sevda Kuşun Kanadında,Dizi,Romantik,Ayhan Özen (Yönetmen),Mesut Uçakan (Yapımcı),2016.0,Sonart Medya,"Sevtap Özaltun, Murat Ünalmış",285,Ildır Köyü ve Antik Tiyatro Çevresi,İzmir,Çeşme,38.388,26.478,"38.388, 26.478",Yüksek,Açık,"Gün Batımı İzleme, Balıkçılık",https://gorsel-linki.com/ildir.jpg,Hazal ve Kenan'ın aşkının başladığı Ildır/Çeşme sahneleri
669,Sevda Kuşun Kanadında,Dizi,Romantik,Ayhan Özen (Yönetmen),Mesut Uçakan (Yapımcı),2016.0,Sonart Medya,"Sevtap Özaltun, Murat Ünalmış",123,Selimiye ve Bozburun Kıyıları,Muğla,Marmaris,36.708,28.093,"36.708, 28.093",Çok Yüksek,Açık,"Yat Turizmi, Sakinlik",https://gorsel-linki.com/selimiye.jpg,Dizinin lüks tatil beldesi ve tekne çekimlerinin yapıldığı Marmaris/Selimiye hattı
669,Sevda Kuşun Kanadında,Dizi,Romantik,Ayhan Özen (Yönetmen),Mesut Uçakan (Yapımcı),2016.0,Sonart Medya,"Sevtap Özaltun, Murat Ünalmış",170,Balat Sokakları,İstanbul,Fatih,41.031,28.947,"41.031, 28.947",Yüksek,Açık,Cafe-Kültür Gezisi,https://gorsel-linki.com/balat.jpg,İstanbul'daki holding ve villa sahneleri
436,"Kavak Yelleri (dizi, 2007)",Dizi,Dram,Jale İncekol,Timur Savcı,2007.0,Tims Productions,"Pelin Karahan, Dağhan Külegeç, Aslı Enver",273,Alaçatı Sokakları ve Taş Evler,İzmir,Çeşme,38.283,26.374,"38.283, 26.374",Çok Yüksek,Açık,"Sörf, Butik Otel Gezisi",https://gorsel-linki.com/alacati.jpg,Gelinlerin İzmir Çeşme havalimanı ve otoyoldaki kaçış sahneleri
436,"Kavak Yelleri (dizi, 2007)",Dizi,Dram,Jale İncekol,Timur Savcı,2007.0,Tims Productions,"Pelin Karahan, Dağhan Külegeç, Aslı Enver",173,Bebek Sahil Şeridi,İstanbul,Beşiktaş,41.076,29.043,"41.076, 29.043",Çok Yüksek,Açık,"Yürüyüş, Lüks Kafe Kültürü",https://gorsel-linki.com/bebek.jpg,Karakterlerin İstanbul'da yerleştikleri mahalle ve cafe sahneleri
436,"Kavak Yelleri (dizi, 2007)",Dizi,Dram,Jale İncekol,Timur Savcı,2007.0,Tims Productions,"Pelin Karahan, Dağhan Külegeç, Aslı Enver",222,Levent ve Maslak İş Merkezleri,İstanbul,Beşiktaş,41.077,29.012,"41.077, 29.012",Orta,Açık,Şehir Gezisi,https://gorsel-linki.com/levent.jpg,Moda ve medya dünyasını temsil eden Şişli/Beşiktaş çekimleri
623,Ramo,Dizi,Aksiyon,Yağız Alp Akaydın,Necati Akpınar,2020.0,BKM,"Murat Yıldırım, Esra Bilgiç",150,Tekirdağ Sahil ve Hürriyet Mahallesi,Tekirdağ,Süleymanpaşa,40.978,27.511,"40.978, 27.511",Orta,Açık,"Yürüyüş, Rakı-Balık Kültürü",https://gorsel-linki.com/tekirdag.jpg,Asya ve Volkan'ın Tekirdağ'daki evi ve hastane sahneleri
623,Ramo,Dizi,Aksiyon,Yağız Alp Akaydın,Necati Akpınar,2020.0,BKM,"Murat Yıldırım, Esra Bilgiç",170,Balat Sokakları,İstanbul,Fatih,41.031,28.947,"41.031, 28.947",Yüksek,Açık,Cafe-Kültür Gezisi,https://gorsel-linki.com/balat.jpg,İstanbul'daki vakıf ve sosyal çevre etkinlikleri
623,Ramo,Dizi,Aksiyon,Yağız Alp Akaydın,Necati Akpınar,2020.0,BKM,"Murat Yıldırım, Esra Bilgiç",173,Bebek Sahil Şeridi,İstanbul,Beşiktaş,41.076,29.043,"41.076, 29.043",Çok Yüksek,Açık,"Yürüyüş, Lüks Kafe Kültürü",https://gorsel-linki.com/bebek.jpg,Boğaz hattındaki romantik ve gerilimli sahneler
25,Adı Mutluluk,Dizi,Dram,Ersoy Özlevi,Ali Gündoğdu,2015.0,Süreç Film,"Ezgi Eyüboğlu, Kaan Yıldırım",273,Alaçatı Sokakları ve Taş Evler,İzmir,Çeşme,38.283,26.374,"38.283, 26.374",Çok Yüksek,Açık,"Sörf, Butik Otel Gezisi",https://gorsel-linki.com/alacati.jpg,Kumsal ve Batu'nun İzmir Çeşme'de başlayan gençlik hikayesi
25,Adı Mutluluk,Dizi,Dram,Ersoy Özlevi,Ali Gündoğdu,2015.0,Süreç Film,"Ezgi Eyüboğlu, Kaan Yıldırım",173,Bebek Sahil Şeridi,İstanbul,Beşiktaş,41.076,29.043,"41.076, 29.043",Çok Yüksek,Açık,"Yürüyüş, Lüks Kafe Kültürü",https://gorsel-linki.com/bebek.jpg,Üniversite hayatı için taşındıkları İstanbul sahil semtleri
25,Adı Mutluluk,Dizi,Dram,Ersoy Özlevi,Ali Gündoğdu,2015.0,Süreç Film,"Ezgi Eyüboğlu, Kaan Yıldırım",222,Levent ve Maslak İş Merkezleri,İstanbul,Beşiktaş,41.077,29.012,"41.077, 29.012",Orta,Açık,Şehir Gezisi,https://gorsel-linki.com/levent.jpg,İstanbul'daki modern kampüs ve sosyal yaşam alanları
368,Harem,Dizi,Komedi,Süleyman Seçik (Yönetmen),Gani Müjde (Yapımcı),1999.0,Tükenmezkalem Film,"Mehmet Ali Erbil, Levent Üzümcü, Gamze Karaman, Nurseli İdiz, Belma Canciğer, Başak Sayan, Önder Açıkbaş, Hande Katipoğlu, Çiçek Dilligil, Duygu Şen, Zuhal Yalçın, Hatice Pınar Köklü, Uraz Kaygılaroğlu",161,Eceabat Köyleri ve Zeytinlikler,Çanakkale,Eceabat,40.185,26.358,"40.185, 26.358",Yüksek,Açık,Tarih ve Doğa Turu,https://gorsel-linki.com/eceabat.jpg,Dizinin geçtiği kurgusal köy atmosferi ve Çanakkale kırsalı
368,Harem,Dizi,Komedi,Süleyman Seçik (Yönetmen),Gani Müjde (Yapımcı),1999.0,Tükenmezkalem Film,"Mehmet Ali Erbil, Levent Üzümcü, Gamze Karaman, Nurseli İdiz, Belma Canciğer, Başak Sayan, Önder Açıkbaş, Hande Katipoğlu, Çiçek Dilligil, Duygu Şen, Zuhal Yalçın, Hatice Pınar Köklü, Uraz Kaygılaroğlu",286,Konak Meydanı,İzmir,Konak,38.418,27.128,"38.418, 27.128",Yüksek,Açık,Tarihi Gezi,https://gorsel-linki.com/konak.jpg,Liman ve kasaba merkezi çekimleri
368,Harem,Dizi,Komedi,Süleyman Seçik (Yönetmen),Gani Müjde (Yapımcı),1999.0,Tükenmezkalem Film,"Mehmet Ali Erbil, Levent Üzümcü, Gamze Karaman, Nurseli İdiz, Belma Canciğer, Başak Sayan, Önder Açıkbaş, Hande Katipoğlu, Çiçek Dilligil, Duygu Şen, Zuhal Yalçın, Hatice Pınar Köklü, Uraz Kaygılaroğlu",117,Muğla Köyceğiz Göl Kıyısı,Muğla,Köyceğiz,36.912,28.685,"36.912, 28.685",Yüksek,Açık,"Sakinlik, Fotoğrafçılık",https://gorsel-linki.com/koycegiz-gol.jpg,Doğa ile iç içe olan piknik ve aşk sahneleri
641,Sadakatsiz,Dizi,Gerilim/Suç,Neslihan Yeşilyurt,Fatih Aksoy,2020.0,Medyapım,"Cansu Dere, Caner Cindoruk, Melis Sezen",173,Bebek Sahil Şeridi,İstanbul,Beşiktaş,41.076,29.043,"41.076, 29.043",Çok Yüksek,Açık,"Yürüyüş, Lüks Kafe Kültürü",https://gorsel-linki.com/bebek.jpg,Eda'nın çiçekçisi ve Serkan Bolat'ın holding binası çevresi
641,Sadakatsiz,Dizi,Gerilim/Suç,Neslihan Yeşilyurt,Fatih Aksoy,2020.0,Medyapım,"Cansu Dere, Caner Cindoruk, Melis Sezen",222,Levent ve Maslak İş Merkezleri,İstanbul,Beşiktaş,41.077,29.012,"41.077, 29.012",Orta,Açık,Şehir Gezisi,https://gorsel-linki.com/levent.jpg,Modern İstanbul ofis yaşantısı ve lüks mekan sahneleri
641,Sadakatsiz,Dizi,Gerilim/Suç,Neslihan Yeşilyurt,Fatih Aksoy,2020.0,Medyapım,"Cansu Dere, Caner Cindoruk, Melis Sezen",170,Balat Sokakları,İstanbul,Fatih,41.031,28.947,"41.031, 28.947",Yüksek,Açık,Cafe-Kültür Gezisi,https://gorsel-linki.com/balat.jpg,Karakterlerin sosyal etkinlikleri ve dış çekimleri
362,Halka,Dizi,Gerilim/Suç,Volkan KocatürkBaşak SoysalSüleyman Mert Özdemir (Yönetmen),Yusuf EsenkalSerdar Öğretici (Yapımcı),2019.0,Es Film,"Nazan Kesal, Serkan Çayoğlu, Kaan Yıldırım, Hande Erçel, Hazal Subaşı, Ahmet Mümtaz Taylan",131,Göreme Açık Hava Müzesi,Nevşehir,Göreme,38.641,34.845,"38.641, 34.845",Çok Yüksek,Müze/Açık,"Balon Gözlemi, Tarih Keşfi",https://gorsel-linki.com/goreme-muze.jpg,Johnny Blaze'in Kapadokya'daki mağara manastırları ve vadilerdeki aksiyon sahneleri
362,Halka,Dizi,Gerilim/Suç,Volkan KocatürkBaşak SoysalSüleyman Mert Özdemir (Yönetmen),Yusuf EsenkalSerdar Öğretici (Yapımcı),2019.0,Es Film,"Nazan Kesal, Serkan Çayoğlu, Kaan Yıldırım, Hande Erçel, Hazal Subaşı, Ahmet Mümtaz Taylan",133,Kapadokya Kayalıkları ve Vadiler,Nevşehir,Avanos,38.715,34.843,"38.715, 34.843",Çok Yüksek,Açık,"At Binme, Yürüyüş",https://gorsel-linki.com/avanos.jpg,Motosikletli kovalamaca sahneleri için kullanılan Avanos yolları
362,Halka,Dizi,Gerilim/Suç,Volkan KocatürkBaşak SoysalSüleyman Mert Özdemir (Yönetmen),Yusuf EsenkalSerdar Öğretici (Yapımcı),2019.0,Es Film,"Nazan Kesal, Serkan Çayoğlu, Kaan Yıldırım, Hande Erçel, Hazal Subaşı, Ahmet Mümtaz Taylan",139,Ürgüp Devrent Vadisi (Hayal Vadisi),Nevşehir,Ürgüp,38.672,34.886,"38.672, 34.886",Çok Yüksek,Açık,Peribacası Gözlemi,https://gorsel-linki.com/devrent.jpg,Fantastik atmosferi destekleyen peri bacaları çekimleri
536,Makber,Dizi,Romantik,Kemal Uzun (Yönetmen),Bilinmiyor,2009.0,Pana Film,"Seda Bakan, Devrim Nas, Gamze Karaman, Murat Başoğlu, Gaye Gürsel, Soydan Soydaş",131,Göreme Açık Hava Müzesi,Nevşehir,Göreme,38.641,34.845,"38.641, 34.845",Çok Yüksek,Müze/Açık,"Balon Gözlemi, Tarih Keşfi",https://gorsel-linki.com/goreme-muze.jpg,"Medea'nın vatanı ""Colchis"" olarak gösterilen Göreme vadileri"
92,Ağıt (film),Film,Dram,Yılmaz Güney,Yılmaz Güney,1971.0,Güney Film,Yılmaz Güney,134,Kapadokya Peribacaları,Nevşehir,Ürgüp,38.63,34.912,"38.630, 34.912",Çok Yüksek,Açık,"Balon Turu, Fotoğraf",https://gorsel-linki.com/kapadokya.jpg,Tarihi ve mistik atmosfer için kullanılan mağara kiliseleri
92,Ağıt (film),Film,Dram,Yılmaz Güney,Yılmaz Güney,1971.0,Güney Film,Yılmaz Güney,13,Ihlara Vadisi ve Kaya Kiliseleri,Aksaray,Güzelyurt,38.239,34.296,"38.239, 34.296",Çok Yüksek,Müze/Açık,"Doğa Yürüyüşü, Tarih Gezisi",https://gorsel-linki.com/ihlara.jpg,Ihlara Vadisi çevresindeki epik dış çekimler
92,Ağıt (film),Film,Dram,Yılmaz Güney,Yılmaz Güney,1971.0,Güney Film,Yılmaz Güney,69,Hakkari/Yüksekova Sınır Köyleri,Hakkari,Yüksekova,37.561,44.287,"37.561, 44.287",Düşük,Kısıtlı,Gözlem,https://gorsel-linki.com/yuksekova.jpg,Yılmaz Güney'in kaçakçıların hikayesini anlattığı sarp dağ sahneleri
92,Ağıt (film),Film,Dram,Yılmaz Güney,Yılmaz Güney,1971.0,Güney Film,Yılmaz Güney,301,Halfeti (Eski),Şanlıurfa,Halfeti,37.247,37.868,"37.247, 37.868",Çok Yüksek,Kısmi Açık,Tekne Turu,https://gorsel-linki.com/halfeti.jpg,Fırat nehri ve çevresindeki dramatik geçiş sahneleri
92,Ağıt (film),Film,Dram,Yılmaz Güney,Yılmaz Güney,1971.0,Güney Film,Yılmaz Güney,97,Mardin Eski Şehir,Mardin,Artuklu,37.312,40.735,"37.312, 40.735",Çok Yüksek,Açık,Mimari Fotoğrafçılık,https://gorsel-linki.com/mardin.jpg,Güneydoğu'nun sert doğasını yansıtan kırsal çekimler
237,Deli Deli Olma,Film,Dram,Murat Saraçoğlu,Tolga Aydın,2009.0,Aydın Film,"Tarık Akan, Şerif Sezer",5,Kozan Tarihi Evleri ve Kalesi,Adana,Kozan,37.455,35.815,"37.455, 35.815",Yüksek,Açık,Tarih Turu,https://gorsel-linki.com/kozan.jpg,Barazoğlu ailesinin çiftliği ve Adana/Kozan çevresindeki ovalar
237,Deli Deli Olma,Film,Dram,Murat Saraçoğlu,Tolga Aydın,2009.0,Aydın Film,"Tarık Akan, Şerif Sezer",8,Sarıçam Pamuk Çiftlikleri,Adana,Sarıçam,37.031,35.451,"37.031, 35.451",Orta,Açık,Tarım Turizmi,https://gorsel-linki.com/saricam.jpg,Dila Hanım ve Karadağlı Rıza'nın karşılaştığı dış çekimler
237,Deli Deli Olma,Film,Dram,Murat Saraçoğlu,Tolga Aydın,2009.0,Aydın Film,"Tarık Akan, Şerif Sezer",2,Adana Tren Garı,Adana,Seyhan,36.999,35.321,"36.999, 35.321",Yüksek,Açık,"Mimari Gezi, Ulaşım",https://gorsel-linki.com/adana-gar.jpg,Şehir merkezi sahneleri ve istasyon buluşmaları
585,Neşeli Hayat,Film,Komedi,Yılmaz Erdoğan,Necati Akpınar,2009.0,BKM,"Yılmaz Erdoğan , Büşra Pekin, Ersin Korkut , Burcu Gönder , Cezmi Baskın , Erdal Tosun , Rıza Akın , BKM Mutfak oyuncuları",14,Sultanhanı Kervansarayı,Aksaray,Sultanhanı,38.246,33.547,"38.246, 33.547",Çok Yüksek,Müze/Açık,Mimari İnceleme,https://gorsel-linki.com/sultanhani.jpg,Aksaray Sultanhanı'nda çekilen tarihi kervansaray ve çatışma sahneleri
585,Neşeli Hayat,Film,Komedi,Yılmaz Erdoğan,Necati Akpınar,2009.0,BKM,"Yılmaz Erdoğan , Büşra Pekin, Ersin Korkut , Burcu Gönder , Cezmi Baskın , Erdal Tosun , Rıza Akın , BKM Mutfak oyuncuları",134,Kapadokya Peribacaları,Nevşehir,Ürgüp,38.63,34.912,"38.630, 34.912",Çok Yüksek,Açık,"Balon Turu, Fotoğraf",https://gorsel-linki.com/kapadokya.jpg,Kapadokya'nın genel vadi manzaralarında geçen savaş sahneleri
585,Neşeli Hayat,Film,Komedi,Yılmaz Erdoğan,Necati Akpınar,2009.0,BKM,"Yılmaz Erdoğan , Büşra Pekin, Ersin Korkut , Burcu Gönder , Cezmi Baskın , Erdal Tosun , Rıza Akın , BKM Mutfak oyuncuları",239,Sirkeci Garı ve Çevresi,İstanbul,Fatih,41.014,28.977,"41.014, 28.977",Çok Yüksek,Açık,"Tarih Gezisi, Fotoğraf",https://gorsel-linki.com/sirkeci.jpg,İstanbul Sirkeci Garı ve liman çevresindeki tarihi çekimler
464,Kod Adı,Dizi,Gerilim/Suç,Çağatay Tosun,Fikri Sağlar,2006.0,Serap Artistik,"Gerçek Sağlar, Özgür Özberk, Korel Cezayirli",97,Mardin Eski Şehir,Mardin,Artuklu,37.312,40.735,"37.312, 40.735",Çok Yüksek,Açık,Mimari Fotoğrafçılık,https://gorsel-linki.com/mardin.jpg,Güneydoğu Anadolu'nun sert töre atmosferini yansıtan Mardin sokakları
464,Kod Adı,Dizi,Gerilim/Suç,Çağatay Tosun,Fikri Sağlar,2006.0,Serap Artistik,"Gerçek Sağlar, Özgür Özberk, Korel Cezayirli",102,Tarihi Mardin Dar Sokaklar ve Abbaralar,Mardin,Artuklu,37.313,40.734,"37.313, 40.734",Çok Yüksek,Açık,"Kültür Gezisi, Alışveriş",https://gorsel-linki.com/mardin-sokak.jpg,Kuma olarak gelen karakterin yaşadığı tarihi ev sahneleri
464,Kod Adı,Dizi,Gerilim/Suç,Çağatay Tosun,Fikri Sağlar,2006.0,Serap Artistik,"Gerçek Sağlar, Özgür Özberk, Korel Cezayirli",140,Ürgüp Şehir Merkezi,Nevşehir,Ürgüp,38.63,34.912,"38.630, 34.912",Çok Yüksek,Açık,"Alışveriş, Kültür Turu",https://gorsel-linki.com/urgup.jpg,Kasaba merkezi ve genel dış çekimler
785,Ya İstiklal Ya Ölüm (dizi),Dizi,Dram,Yasin Uslu,Bilinmiyor,2020.0,Kirli Kedi,"İlker Kızmaz, Birkan Sokullu",134,Kapadokya Peribacaları,Nevşehir,Ürgüp,38.63,34.912,"38.630, 34.912",Çok Yüksek,Açık,"Balon Turu, Fotoğraf",https://gorsel-linki.com/kapadokya.jpg,Hayalet Cevher'in hikayesinin geçtiği Kapadokya/Göreme sahneleri
785,Ya İstiklal Ya Ölüm (dizi),Dizi,Dram,Yasin Uslu,Bilinmiyor,2020.0,Kirli Kedi,"İlker Kızmaz, Birkan Sokullu",264,Üsküdar İskelesi ve Çevresi,İstanbul,Üsküdar,41.027,29.015,"41.027, 29.015",Çok Yüksek,Açık,"Vapur Gezisi, Manzara",https://gorsel-linki.com/uskudar.jpg,Rıdvan'ın hikayesinin geçtiği İstanbul/Üsküdar ve Boğaz hattı
785,Ya İstiklal Ya Ölüm (dizi),Dizi,Dram,Yasin Uslu,Bilinmiyor,2020.0,Kirli Kedi,"İlker Kızmaz, Birkan Sokullu",170,Balat Sokakları,İstanbul,Fatih,41.031,28.947,"41.031, 28.947",Yüksek,Açık,Cafe-Kültür Gezisi,https://gorsel-linki.com/balat.jpg,Karakterlerin psikolojik durumlarını yansıtan şehir içi çekimler
719,Tatlı Bela Fadime,Dizi,Komedi,Cankat Ergin,Türker İnanoğlu,2007.0,Erler Film,"Nehir Erdoğan, Berk Oktay",2,Adana Tren Garı,Adana,Seyhan,36.999,35.321,"36.999, 35.321",Yüksek,Açık,"Mimari Gezi, Ulaşım",https://gorsel-linki.com/adana-gar.jpg,Adana ve çevresindeki aksiyon ve macera sahneleri
719,Tatlı Bela Fadime,Dizi,Komedi,Cankat Ergin,Türker İnanoğlu,2007.0,Erler Film,"Nehir Erdoğan, Berk Oktay",301,Halfeti (Eski),Şanlıurfa,Halfeti,37.247,37.868,"37.247, 37.868",Çok Yüksek,Kısmi Açık,Tekne Turu,https://gorsel-linki.com/halfeti.jpg,Halfeti ve nehir kenarındaki takip sekansları
719,Tatlı Bela Fadime,Dizi,Komedi,Cankat Ergin,Türker İnanoğlu,2007.0,Erler Film,"Nehir Erdoğan, Berk Oktay",31,Alanya Çiçek Bahçeleri ve Kalesi,Antalya,Alanya,36.544,31.991,"36.544, 31.991",Çok Yüksek,Açık,"Manzara İzleme, Tarih Turu",https://gorsel-linki.com/alanya.jpg,Kıyı şeridi ve doğa ile iç içe olan dış çekimler
300,Fatih Harbiye,Dizi,Romantik,Sadullah Celen (Yönetmen),Ata Türkoğlu (Yapımcı),2013.0,Koliba Film,"Kadir Doğulu, Neslihan Atagül, Yunus Emre Yıldırımer",170,Balat Sokakları,İstanbul,Fatih,41.031,28.947,"41.031, 28.947",Yüksek,Açık,Cafe-Kültür Gezisi,https://gorsel-linki.com/balat.jpg,Ayşe'nin cezaevinden kaçışı ve İstanbul'daki saklanma sahneleri
300,Fatih Harbiye,Dizi,Romantik,Sadullah Celen (Yönetmen),Ata Türkoğlu (Yapımcı),2013.0,Koliba Film,"Kadir Doğulu, Neslihan Atagül, Yunus Emre Yıldırımer",266,İstanbul Çağlayan Adliyesi,İstanbul,Kağıthane,41.082,28.981,"41.082, 28.981",Düşük,Kısıtlı (Resmi Kurum),Gözlem,https://gorsel-linki.com/adliye.jpg,Mahkeme ve hapishane atmosferi için kullanılan tarihi mekanlar
300,Fatih Harbiye,Dizi,Romantik,Sadullah Celen (Yönetmen),Ata Türkoğlu (Yapımcı),2013.0,Koliba Film,"Kadir Doğulu, Neslihan Atagül, Yunus Emre Yıldırımer",173,Bebek Sahil Şeridi,İstanbul,Beşiktaş,41.076,29.043,"41.076, 29.043",Çok Yüksek,Açık,"Yürüyüş, Lüks Kafe Kültürü",https://gorsel-linki.com/bebek.jpg,Deniz kenarındaki duygusal sahneler ve hesaplaşmalar
524,LCV (Lütfen Cevap Veriniz),Film,Dram,"İsmet Kurtuluş , Kaan Arıcı","İsmet Kurtuluş , Kaan Arıcı, Feri Baycu Güler , Ftesa Hazrolli",2022.0,Mam’Art Productions,"Ushan Çakır , Cem Yiğit Üzümoğlu , Melisa Şenolsun",170,Balat Sokakları,İstanbul,Fatih,41.031,28.947,"41.031, 28.947",Yüksek,Açık,Cafe-Kültür Gezisi,https://gorsel-linki.com/balat.jpg,İstanbul'un dar sokaklarındaki dramatik kaçış ve yaşam sahneleri
524,LCV (Lütfen Cevap Veriniz),Film,Dram,"İsmet Kurtuluş , Kaan Arıcı","İsmet Kurtuluş , Kaan Arıcı, Feri Baycu Güler , Ftesa Hazrolli",2022.0,Mam’Art Productions,"Ushan Çakır , Cem Yiğit Üzümoğlu , Melisa Şenolsun",266,İstanbul Çağlayan Adliyesi,İstanbul,Kağıthane,41.082,28.981,"41.082, 28.981",Düşük,Kısıtlı (Resmi Kurum),Gözlem,https://gorsel-linki.com/adliye.jpg,Dizinin adliye ve hapishane odaklı ana mekanları
524,LCV (Lütfen Cevap Veriniz),Film,Dram,"İsmet Kurtuluş , Kaan Arıcı","İsmet Kurtuluş , Kaan Arıcı, Feri Baycu Güler , Ftesa Hazrolli",2022.0,Mam’Art Productions,"Ushan Çakır , Cem Yiğit Üzümoğlu , Melisa Şenolsun",239,Sirkeci Garı ve Çevresi,İstanbul,Fatih,41.014,28.977,"41.014, 28.977",Çok Yüksek,Açık,"Tarih Gezisi, Fotoğraf",https://gorsel-linki.com/sirkeci.jpg,Sirkeci çevresindeki seyahat ve ayrılık çekimleri
252,Dondurmam Gaymak,Film,Komedi,Yüksel Aksu,Yüksel Aksu,2005.0,Makara film,Turan Özdemir,134,Kapadokya Peribacaları,Nevşehir,Ürgüp,38.63,34.912,"38.630, 34.912",Çok Yüksek,Açık,"Balon Turu, Fotoğraf",https://gorsel-linki.com/kapadokya.jpg,Uzay üssü ve fantastik gezegen atmosferi için kullanılan vadiler
252,Dondurmam Gaymak,Film,Komedi,Yüksel Aksu,Yüksel Aksu,2005.0,Makara film,Turan Özdemir,139,Ürgüp Devrent Vadisi (Hayal Vadisi),Nevşehir,Ürgüp,38.672,34.886,"38.672, 34.886",Çok Yüksek,Açık,Peribacası Gözlemi,https://gorsel-linki.com/devrent.jpg,Dizinin komedi ve aksiyon unsurlarının geçtiği ilginç kaya oluşumları
252,Dondurmam Gaymak,Film,Komedi,Yüksel Aksu,Yüksel Aksu,2005.0,Makara film,Turan Özdemir,32,Antalya EXPO Alanı ve Stüdyolar,Antalya,Aksu,36.936,30.893,"36.936, 30.893",Yüksek,Ziyarete Açık,"Etkinlik, Fotoğrafçılık",https://gorsel-linki.com/expo-antalya.jpg,Görsel efektli sahneler için kullanılan Antalya stüdyo platoları
493,Köyden İndim Şehire,Film,Komedi,Ertem Eğilmez,Nahit Ataman,1974.0,Arzu Film,"Kemal Sunal, Zeki Alasya, Metin Akpınar",134,Kapadokya Peribacaları,Nevşehir,Ürgüp,38.63,34.912,"38.630, 34.912",Çok Yüksek,Açık,"Balon Turu, Fotoğraf",https://gorsel-linki.com/kapadokya.jpg,"Kapadokya'nın ""Wild West"" atmosferi için kullanılan düzlükleri"
493,Köyden İndim Şehire,Film,Komedi,Ertem Eğilmez,Nahit Ataman,1974.0,Arzu Film,"Kemal Sunal, Zeki Alasya, Metin Akpınar",13,Ihlara Vadisi ve Kaya Kiliseleri,Aksaray,Güzelyurt,38.239,34.296,"38.239, 34.296",Çok Yüksek,Müze/Açık,"Doğa Yürüyüşü, Tarih Gezisi",https://gorsel-linki.com/ihlara.jpg,Ihlara Vadisi içindeki kovboy çatışma ve kamp sahneleri
493,Köyden İndim Şehire,Film,Komedi,Ertem Eğilmez,Nahit Ataman,1974.0,Arzu Film,"Kemal Sunal, Zeki Alasya, Metin Akpınar",133,Kapadokya Kayalıkları ve Vadiler,Nevşehir,Avanos,38.715,34.843,"38.715, 34.843",Çok Yüksek,Açık,"At Binme, Yürüyüş",https://gorsel-linki.com/avanos.jpg,Karakterlerin at bindiği peri bacaları ve vadi yolları
215,Canım Annem,Dizi,Dram,Ece Tahtalıoğlu PertezEmrah Şendur (Yönetmen),İnci Gülen OarrJulia Berköz (Yapımcı),2022.0,Stellar YapımSaran Studios,"Selin Sezgin, Erol Gedik, Gece Işık Demirel",134,Kapadokya Peribacaları,Nevşehir,Ürgüp,38.63,34.912,"38.630, 34.912",Çok Yüksek,Açık,"Balon Turu, Fotoğraf",https://gorsel-linki.com/kapadokya.jpg,Minyatür sanatçısı Eflatun'un Kapadokya'daki yolculuğu
215,Canım Annem,Dizi,Dram,Ece Tahtalıoğlu PertezEmrah Şendur (Yönetmen),İnci Gülen OarrJulia Berköz (Yapımcı),2022.0,Stellar YapımSaran Studios,"Selin Sezgin, Erol Gedik, Gece Işık Demirel",170,Balat Sokakları,İstanbul,Fatih,41.031,28.947,"41.031, 28.947",Yüksek,Açık,Cafe-Kültür Gezisi,https://gorsel-linki.com/balat.jpg,Osmanlı dönemi İstanbul atmosferi ve saray çekimleri
215,Canım Annem,Dizi,Dram,Ece Tahtalıoğlu PertezEmrah Şendur (Yönetmen),İnci Gülen OarrJulia Berköz (Yapımcı),2022.0,Stellar YapımSaran Studios,"Selin Sezgin, Erol Gedik, Gece Işık Demirel",140,Ürgüp Şehir Merkezi,Nevşehir,Ürgüp,38.63,34.912,"38.630, 34.912",Çok Yüksek,Açık,"Alışveriş, Kültür Turu",https://gorsel-linki.com/urgup.jpg,Genel dış mekan ve vadi manzaraları
16,"Acı (film, 1971)",Film,Dram,Yılmaz Güney,Üveyiz Molu,1971.0,Özleyiş Film,"Yılmaz Güney, Fatma Girik",69,Hakkari/Yüksekova Sınır Köyleri,Hakkari,Yüksekova,37.561,44.287,"37.561, 44.287",Düşük,Kısıtlı,Gözlem,https://gorsel-linki.com/yuksekova.jpg,Yılmaz Güney'in intikam ve dram dolu karlı dağ sahneleri
16,"Acı (film, 1971)",Film,Dram,Yılmaz Güney,Üveyiz Molu,1971.0,Özleyiş Film,"Yılmaz Güney, Fatma Girik",2,Adana Tren Garı,Adana,Seyhan,36.999,35.321,"36.999, 35.321",Yüksek,Açık,"Mimari Gezi, Ulaşım",https://gorsel-linki.com/adana-gar.jpg,Karakterlerin kasaba içi etkileşim sahneleri
16,"Acı (film, 1971)",Film,Dram,Yılmaz Güney,Üveyiz Molu,1971.0,Özleyiş Film,"Yılmaz Güney, Fatma Girik",301,Halfeti (Eski),Şanlıurfa,Halfeti,37.247,37.868,"37.247, 37.868",Çok Yüksek,Kısmi Açık,Tekne Turu,https://gorsel-linki.com/halfeti.jpg,Güneydoğu Anadolu'nun sert coğrafyasını yansıtan çekimler
592,O da Bir Şey mi,Film,Dram,Pelin Esmer,"{{Yalın liste, , *Kerem Çatay, *Pelin Esmer, *Dilde Mahalli",2016.0,"{{Yalın liste, , *SineFilm, *Rosa Film, *Ay Yapım","{{Yalın liste, , *Timuçin Esen, *Merve Asya Özgür, *İpek Bilgin, *Nur Sürer, *Mehmet Kurtuluş, *Şebnem Hassanisoughi, *Asiye Dinçsoy",31,Alanya Çiçek Bahçeleri ve Kalesi,Antalya,Alanya,36.544,31.991,"36.544, 31.991",Çok Yüksek,Açık,"Manzara İzleme, Tarih Turu",https://gorsel-linki.com/alanya.jpg,Karakterlerin huzuru aradığı sahil kasabası sahneleri
592,O da Bir Şey mi,Film,Dram,Pelin Esmer,"{{Yalın liste, , *Kerem Çatay, *Pelin Esmer, *Dilde Mahalli",2016.0,"{{Yalın liste, , *SineFilm, *Rosa Film, *Ay Yapım","{{Yalın liste, , *Timuçin Esen, *Merve Asya Özgür, *İpek Bilgin, *Nur Sürer, *Mehmet Kurtuluş, *Şebnem Hassanisoughi, *Asiye Dinçsoy",173,Bebek Sahil Şeridi,İstanbul,Beşiktaş,41.076,29.043,"41.076, 29.043",Çok Yüksek,Açık,"Yürüyüş, Lüks Kafe Kültürü",https://gorsel-linki.com/bebek.jpg,İstanbul'un modern yüzünü yansıtan Bebek ve çevresi
592,O da Bir Şey mi,Film,Dram,Pelin Esmer,"{{Yalın liste, , *Kerem Çatay, *Pelin Esmer, *Dilde Mahalli",2016.0,"{{Yalın liste, , *SineFilm, *Rosa Film, *Ay Yapım","{{Yalın liste, , *Timuçin Esen, *Merve Asya Özgür, *İpek Bilgin, *Nur Sürer, *Mehmet Kurtuluş, *Şebnem Hassanisoughi, *Asiye Dinçsoy",170,Balat Sokakları,İstanbul,Fatih,41.031,28.947,"41.031, 28.947",Yüksek,Açık,Cafe-Kültür Gezisi,https://gorsel-linki.com/balat.jpg,Dramatik şehir içi sekanslar
603,"Paralı Askerler (Birleşik Krallık filmi, 1970)",Film,Aksiyon,Peter Collinson,Harold Buck,1970.0,Bilinmiyor,"Tony Curtis, Charles Bronson",71,Hatay Sınır Kapısı ve Köyleri,Hatay,Yayladağı,35.912,36.012,"35.912, 36.012",Orta,Açık,Sınır Ticareti Gözlemi,https://gorsel-linki.com/hatay-sinir.jpg,Köyün ortasından geçen tel örgüler ve gümrük kapısı sahneleri
603,"Paralı Askerler (Birleşik Krallık filmi, 1970)",Film,Aksiyon,Peter Collinson,Harold Buck,1970.0,Bilinmiyor,"Tony Curtis, Charles Bronson",97,Mardin Eski Şehir,Mardin,Artuklu,37.312,40.735,"37.312, 40.735",Çok Yüksek,Açık,Mimari Fotoğrafçılık,https://gorsel-linki.com/mardin.jpg,Mardin benzeri taş yapıların kullanıldığı sınır köyü atmosferi
603,"Paralı Askerler (Birleşik Krallık filmi, 1970)",Film,Aksiyon,Peter Collinson,Harold Buck,1970.0,Bilinmiyor,"Tony Curtis, Charles Bronson",286,Konak Meydanı,İzmir,Konak,38.418,27.128,"38.418, 27.128",Yüksek,Açık,Tarihi Gezi,https://gorsel-linki.com/konak.jpg,Kasaba merkezi ve pazar yeri çekimleri
315,Gece Gündüz,Dizi,Gerilim/Suç,Metin BalekoğluSarp Levendoğlu (Yönetmen),Mehmet Altıoklar (Yapımcı),2008.0,| yer = İstanbul,Sarp Levendoğlu Settar Tanrıöğen,130,Gomeda Vadisi ve Mağaraları,Nevşehir,Ürgüp,38.583,34.908,"38.583, 34.908",Yüksek,Açık,Korku Temalı Doğa Gezisi,https://gorsel-linki.com/gomeda.jpg,Dizinin ana mekanı olan ve ismini aldığı Gomeda Vadisi mağaraları
315,Gece Gündüz,Dizi,Gerilim/Suç,Metin BalekoğluSarp Levendoğlu (Yönetmen),Mehmet Altıoklar (Yapımcı),2008.0,| yer = İstanbul,Sarp Levendoğlu Settar Tanrıöğen,134,Kapadokya Peribacaları,Nevşehir,Ürgüp,38.63,34.912,"38.630, 34.912",Çok Yüksek,Açık,"Balon Turu, Fotoğraf",https://gorsel-linki.com/kapadokya.jpg,Kapadokya'nın gizemli ve fantastik dış çekimleri
315,Gece Gündüz,Dizi,Gerilim/Suç,Metin BalekoğluSarp Levendoğlu (Yönetmen),Mehmet Altıoklar (Yapımcı),2008.0,| yer = İstanbul,Sarp Levendoğlu Settar Tanrıöğen,133,Kapadokya Kayalıkları ve Vadiler,Nevşehir,Avanos,38.715,34.843,"38.715, 34.843",Çok Yüksek,Açık,"At Binme, Yürüyüş",https://gorsel-linki.com/avanos.jpg,Karakterlerin kaybolduğu ıssız vadi sahneleri
251,Doludizgin Yıllar,Dizi,Dram,Raşit Çelikezer (Yönetmen),Osman Sınav (Yapımcı),2008.0,Sinegraf,"Yusuf Ömer Sınav, Selen Seyven, Arda Kural Erdal Cindoruk, Damla Debre, Ayşegül İşsever, Mehmet Polat, Suat Güzey, Yılmaz Calayır, Deniz Özpınar, Yağız Bankoğlu, Hüseyin Soysalan|",134,Kapadokya Peribacaları,Nevşehir,Ürgüp,38.63,34.912,"38.630, 34.912",Çok Yüksek,Açık,"Balon Turu, Fotoğraf",https://gorsel-linki.com/kapadokya.jpg,Uzay gemisinin düştüğü gezegen olarak kullanılan Kapadokya vadileri
251,Doludizgin Yıllar,Dizi,Dram,Raşit Çelikezer (Yönetmen),Osman Sınav (Yapımcı),2008.0,Sinegraf,"Yusuf Ömer Sınav, Selen Seyven, Arda Kural Erdal Cindoruk, Damla Debre, Ayşegül İşsever, Mehmet Polat, Suat Güzey, Yılmaz Calayır, Deniz Özpınar, Yağız Bankoğlu, Hüseyin Soysalan|",133,Kapadokya Kayalıkları ve Vadiler,Nevşehir,Avanos,38.715,34.843,"38.715, 34.843",Çok Yüksek,Açık,"At Binme, Yürüyüş",https://gorsel-linki.com/avanos.jpg,Cüneyt Arkın'ın dev kayalarla antrenman yaptığı sahneler
251,Doludizgin Yıllar,Dizi,Dram,Raşit Çelikezer (Yönetmen),Osman Sınav (Yapımcı),2008.0,Sinegraf,"Yusuf Ömer Sınav, Selen Seyven, Arda Kural Erdal Cindoruk, Damla Debre, Ayşegül İşsever, Mehmet Polat, Suat Güzey, Yılmaz Calayır, Deniz Özpınar, Yağız Bankoğlu, Hüseyin Soysalan|",135,Mustafapaşa Köyü,Nevşehir,Ürgüp,38.584,34.897,"38.584, 34.897",Orta,Açık,Kültür Gezisi,https://gorsel-linki.com/mustafapasa.jpg,Mağara içi savaş ve aksiyon sahneleri
1,120 (film),Film,Aksiyon,Murat Saraçoğlu,Özhan Eren,2008.0,Posta Film,"Cansel Elçin, Özge Özberk",157,Van Gevaş Vizontele Platosu,Van,Gevaş,38.302,43.108,"38.302, 43.108",Çok Yüksek,Açık (Kısmi),"Set Ziyareti, Fotoğraf",https://gorsel-linki.com/vizontele.jpg,Van'da 120 kahraman çocuğun karlı dağlardaki yürüyüş sahneleri
1,120 (film),Film,Aksiyon,Murat Saraçoğlu,Özhan Eren,2008.0,Posta Film,"Cansel Elçin, Özge Özberk",156,Van Akdamar Adası ve Kilisesi,Van,Gevaş,38.342,43.033,"38.342, 43.033",Çok Yüksek,Müze/Açık,"Tarihi Gezi, Fotoğrafçılık",https://gorsel-linki.com/akdamar.jpg,Van Gölü çevresindeki dramatik ordu ve halk çekimleri
1,120 (film),Film,Aksiyon,Murat Saraçoğlu,Özhan Eren,2008.0,Posta Film,"Cansel Elçin, Özge Özberk",79,Kars Garı ve Raylı Sistemler,Kars,Merkez,40.601,43.102,"40.601, 43.102",Yüksek,Açık,Doğu Ekspresi Fotoğrafçılığı,https://gorsel-linki.com/kars-gar.jpg,Lojistik ve sevkiyat sahneleri için kullanılan bölgeler
760,Unutulmaz,Dizi,Dram,Ersoy GülerCem TabakŞenol Sönmez (Yönetmen),Ahmet Bayram (Yapımcı),2009.0,Stil Medya,"Serhan Yavaş, Sinem Öztufan, Özlem Yılmaz, Nihat Altınkaya, Deniz Gökçer Fikret Hakan",157,Van Gevaş Vizontele Platosu,Van,Gevaş,38.302,43.108,"38.302, 43.108",Çok Yüksek,Açık (Kısmi),"Set Ziyareti, Fotoğraf",https://gorsel-linki.com/vizontele.jpg,Van/Gevaş'ta kurulan dev vizontele kasaba platosu
760,Unutulmaz,Dizi,Dram,Ersoy GülerCem TabakŞenol Sönmez (Yönetmen),Ahmet Bayram (Yapımcı),2009.0,Stil Medya,"Serhan Yavaş, Sinem Öztufan, Özlem Yılmaz, Nihat Altınkaya, Deniz Gökçer Fikret Hakan",156,Van Akdamar Adası ve Kilisesi,Van,Gevaş,38.342,43.033,"38.342, 43.033",Çok Yüksek,Müze/Açık,"Tarihi Gezi, Fotoğrafçılık",https://gorsel-linki.com/akdamar.jpg,Karakterlerin göl kenarındaki ve vapur iskelesindeki sahneleri
760,Unutulmaz,Dizi,Dram,Ersoy GülerCem TabakŞenol Sönmez (Yönetmen),Ahmet Bayram (Yapımcı),2009.0,Stil Medya,"Serhan Yavaş, Sinem Öztufan, Özlem Yılmaz, Nihat Altınkaya, Deniz Gökçer Fikret Hakan",2,Adana Tren Garı,Adana,Seyhan,36.999,35.321,"36.999, 35.321",Yüksek,Açık,"Mimari Gezi, Ulaşım",https://gorsel-linki.com/adana-gar.jpg,Diziye yeni gelenlerin şehre giriş sahneleri
759,Unutma Beni,Dizi,Dram,Bilinmiyor,Nilgün Sağyaşar,2008.0,Focus Film,"Didem Özkavukçu, Osman Karakoç",157,Van Gevaş Vizontele Platosu,Van,Gevaş,38.302,43.108,"38.302, 43.108",Çok Yüksek,Açık (Kısmi),"Set Ziyareti, Fotoğraf",https://gorsel-linki.com/vizontele.jpg,Televizyonun köye geldiği o meşhur meydan ve Belediye binası sahneleri
759,Unutma Beni,Dizi,Dram,Bilinmiyor,Nilgün Sağyaşar,2008.0,Focus Film,"Didem Özkavukçu, Osman Karakoç",156,Van Akdamar Adası ve Kilisesi,Van,Gevaş,38.342,43.033,"38.342, 43.033",Çok Yüksek,Müze/Açık,"Tarihi Gezi, Fotoğrafçılık",https://gorsel-linki.com/akdamar.jpg,Deli Emin'in tamirat yaptığı ve göl manzaralı dış mekanlar
759,Unutma Beni,Dizi,Dram,Bilinmiyor,Nilgün Sağyaşar,2008.0,Focus Film,"Didem Özkavukçu, Osman Karakoç",2,Adana Tren Garı,Adana,Seyhan,36.999,35.321,"36.999, 35.321",Yüksek,Açık,"Mimari Gezi, Ulaşım",https://gorsel-linki.com/adana-gar.jpg,Belediye Başkanı ve halkın kasaba içi etkileşimleri
849,Çapkın,Dizi,Komedi,Bora Onur (Yönetmen),Ali Gündoğdu (Yapımcı),2012.0,Süreç Film,Okan Yalabık Özlem Conker Ahmet Mümtaz Taylan Nergis Kumbasar Suna Pekuysal Bartu Küçükçağlayan Melis Birkan Nergis Kumbasar Nilüfer Silsüpür Burçin Üçüncüoğlu Volga Sorgu Zuhal Yalçın Aslı Orcan Süheyla Gözde Soley Mustafa Uzunyılmaz Seval İşgören Güngör Varlı Hasan Mullaoğlu,80,Kars Kalesi ve Tarihi Hamamlar,Kars,Merkez,40.612,43.091,"40.612, 43.091",Çok Yüksek,Açık,Kültür Turu,https://gorsel-linki.com/kars-kale.jpg,Kars'ın köylerindeki yerel yaşamı anlatan belgesel çekimleri
849,Çapkın,Dizi,Komedi,Bora Onur (Yönetmen),Ali Gündoğdu (Yapımcı),2012.0,Süreç Film,Okan Yalabık Özlem Conker Ahmet Mümtaz Taylan Nergis Kumbasar Suna Pekuysal Bartu Küçükçağlayan Melis Birkan Nergis Kumbasar Nilüfer Silsüpür Burçin Üçüncüoğlu Volga Sorgu Zuhal Yalçın Aslı Orcan Süheyla Gözde Soley Mustafa Uzunyılmaz Seval İşgören Güngör Varlı Hasan Mullaoğlu,78,Kars Eski Rus Evleri ve Sokakları,Kars,Merkez,40.608,43.095,"40.608, 43.095",Çok Yüksek,Açık,"Mimari Keşif, Yürüyüş",https://gorsel-linki.com/kars-mimari.jpg,Kentsel doku ve kış atmosferi sahneleri
849,Çapkın,Dizi,Komedi,Bora Onur (Yönetmen),Ali Gündoğdu (Yapımcı),2012.0,Süreç Film,Okan Yalabık Özlem Conker Ahmet Mümtaz Taylan Nergis Kumbasar Suna Pekuysal Bartu Küçükçağlayan Melis Birkan Nergis Kumbasar Nilüfer Silsüpür Burçin Üçüncüoğlu Volga Sorgu Zuhal Yalçın Aslı Orcan Süheyla Gözde Soley Mustafa Uzunyılmaz Seval İşgören Güngör Varlı Hasan Mullaoğlu,77,Ani Harabeleri,Kars,Merkez,40.51,43.572,"40.510, 43.572",Çok Yüksek,Müze/Açık,Arkeolojik Keşif,https://gorsel-linki.com/ani-harabeleri.jpg,Bölgenin tarihi derinliğini yansıtan dış çekimler
62,Ararat (film),Film,Dram,Atom Egoyan,Atom Egoyan,2002.0,Bilinmiyor,"Charles Aznavour, Christopher Plummer",47,Ağrı Dağı Etekleri ve Doğubayazıt,Ağrı,Doğubayazıt,39.547,44.084,"39.547, 44.084",Yüksek,Açık,"Doğa Yürüyüşü, Manzara",https://gorsel-linki.com/agri-dagi.jpg,Ağrı Dağı manzaralı dramatik ve tarihi sahneler
62,Ararat (film),Film,Dram,Atom Egoyan,Atom Egoyan,2002.0,Bilinmiyor,"Charles Aznavour, Christopher Plummer",48,İshak Paşa Sarayı,Ağrı,Doğubayazıt,39.52,44.129,"39.520, 44.129",Çok Yüksek,Müze/Açık,Mimari Fotoğrafçılık,https://gorsel-linki.com/ishakpasa.jpg,Tarihi arka plan için kullanılan saray çevresi çekimleri
62,Ararat (film),Film,Dram,Atom Egoyan,Atom Egoyan,2002.0,Bilinmiyor,"Charles Aznavour, Christopher Plummer",156,Van Akdamar Adası ve Kilisesi,Van,Gevaş,38.342,43.033,"38.342, 43.033",Çok Yüksek,Müze/Açık,"Tarihi Gezi, Fotoğrafçılık",https://gorsel-linki.com/akdamar.jpg,Doğu Anadolu'nun dini ve kültürel sembolleri
409,Kalp Atışı,Dizi,Romantik,Yusuf Pirhasan,Faruk Bayhan,2017.0,MF Yapım,"Gökhan Alkan, Öykü Karayel",175,Bebek Sahili ve Fenerli Köşk,İstanbul,Beşiktaş,41.076,29.043,"41.076, 29.043",Çok Yüksek,Açık,"Yürüyüş, Kahve Keyfi",https://gorsel-linki.com/bebek-kosk.jpg,Ömer ve Elif'in Bebek sahilindeki buluşma ve yürüyüş sahneleri
409,Kalp Atışı,Dizi,Romantik,Yusuf Pirhasan,Faruk Bayhan,2017.0,MF Yapım,"Gökhan Alkan, Öykü Karayel",170,Balat Sokakları,İstanbul,Fatih,41.031,28.947,"41.031, 28.947",Yüksek,Açık,Cafe-Kültür Gezisi,https://gorsel-linki.com/balat.jpg,Polisiye operasyonların geçtiği tarihi yarımada ve Balat sokakları
409,Kalp Atışı,Dizi,Romantik,Yusuf Pirhasan,Faruk Bayhan,2017.0,MF Yapım,"Gökhan Alkan, Öykü Karayel",173,Bebek Sahil Şeridi,İstanbul,Beşiktaş,41.076,29.043,"41.076, 29.043",Çok Yüksek,Açık,"Yürüyüş, Lüks Kafe Kültürü",https://gorsel-linki.com/bebek.jpg,Van'daki ilk sahneler ve İstanbul'daki lüks villa çekimleri
369,Hatırla Sevgili,Dizi,Romantik,Ümmü Burhan (Yönetmen),Ilgaz Giritlioğlu (Yapımcı),2006.0,Sis Yapım,"Cansel Elçin, Beren Saat, Okan Yalabık",80,Kars Kalesi ve Tarihi Hamamlar,Kars,Merkez,40.612,43.091,"40.612, 43.091",Çok Yüksek,Açık,Kültür Turu,https://gorsel-linki.com/kars-kale.jpg,Öğretmen Hayat'ın atandığı Kars sokakları ve okul çevresi
369,Hatırla Sevgili,Dizi,Romantik,Ümmü Burhan (Yönetmen),Ilgaz Giritlioğlu (Yapımcı),2006.0,Sis Yapım,"Cansel Elçin, Beren Saat, Okan Yalabık",78,Kars Eski Rus Evleri ve Sokakları,Kars,Merkez,40.608,43.095,"40.608, 43.095",Çok Yüksek,Açık,"Mimari Keşif, Yürüyüş",https://gorsel-linki.com/kars-mimari.jpg,Kars'ın tarihi evlerindeki yaşam sahneleri
369,Hatırla Sevgili,Dizi,Romantik,Ümmü Burhan (Yönetmen),Ilgaz Giritlioğlu (Yapımcı),2006.0,Sis Yapım,"Cansel Elçin, Beren Saat, Okan Yalabık",79,Kars Garı ve Raylı Sistemler,Kars,Merkez,40.601,43.102,"40.601, 43.102",Yüksek,Açık,Doğu Ekspresi Fotoğrafçılığı,https://gorsel-linki.com/kars-gar.jpg,Şehre varış ve ayrılışlarda kullanılan gar sahneleri
341,Gülümse Yeter,Dizi,Komedi,Serdar Gözelekli (Yönetmen),Faruk Beyhan (Yapımcı),2017.0,MF Yapım,"Erdal Özyağcılar, Aslı Bekiroğlu, Yılmaz Kunt, Seray Kaya, Pamir Pekin, Sermet Yeşil",156,Van Akdamar Adası ve Kilisesi,Van,Gevaş,38.342,43.033,"38.342, 43.033",Çok Yüksek,Müze/Açık,"Tarihi Gezi, Fotoğrafçılık",https://gorsel-linki.com/akdamar.jpg,Selma'nın Van'dan İstanbul'a uzanan hikayesinin başlangıç noktası
341,Gülümse Yeter,Dizi,Komedi,Serdar Gözelekli (Yönetmen),Faruk Beyhan (Yapımcı),2017.0,MF Yapım,"Erdal Özyağcılar, Aslı Bekiroğlu, Yılmaz Kunt, Seray Kaya, Pamir Pekin, Sermet Yeşil",170,Balat Sokakları,İstanbul,Fatih,41.031,28.947,"41.031, 28.947",Yüksek,Açık,Cafe-Kültür Gezisi,https://gorsel-linki.com/balat.jpg,İstanbul Balat'taki samimi mahalle ve restoran sahneleri
341,Gülümse Yeter,Dizi,Komedi,Serdar Gözelekli (Yönetmen),Faruk Beyhan (Yapımcı),2017.0,MF Yapım,"Erdal Özyağcılar, Aslı Bekiroğlu, Yılmaz Kunt, Seray Kaya, Pamir Pekin, Sermet Yeşil",173,Bebek Sahil Şeridi,İstanbul,Beşiktaş,41.076,29.043,"41.076, 29.043",Çok Yüksek,Açık,"Yürüyüş, Lüks Kafe Kültürü",https://gorsel-linki.com/bebek.jpg,Boğaz hattındaki aile ve eğlence çekimleri
337,Güllü Geliyor Güllü,Film,Komedi,Atıf Yılmaz,İrfan Ünal,1973.0,Akün Film,"Ediz Hun, Türkân Şoray, Kemal Sunal, Saadettin Erbil, İhsan Yüce",80,Kars Kalesi ve Tarihi Hamamlar,Kars,Merkez,40.612,43.091,"40.612, 43.091",Çok Yüksek,Açık,Kültür Turu,https://gorsel-linki.com/kars-kale.jpg,Altun ailesinin zorunlu göç öncesi Kars/Doğu Anadolu sahneleri
337,Güllü Geliyor Güllü,Film,Komedi,Atıf Yılmaz,İrfan Ünal,1973.0,Akün Film,"Ediz Hun, Türkân Şoray, Kemal Sunal, Saadettin Erbil, İhsan Yüce",239,Sirkeci Garı ve Çevresi,İstanbul,Fatih,41.014,28.977,"41.014, 28.977",Çok Yüksek,Açık,"Tarih Gezisi, Fotoğraf",https://gorsel-linki.com/sirkeci.jpg,İstanbul'a varış ve Sirkeci çevresindeki ilk yabancılaşma sahneleri
337,Güllü Geliyor Güllü,Film,Komedi,Atıf Yılmaz,İrfan Ünal,1973.0,Akün Film,"Ediz Hun, Türkân Şoray, Kemal Sunal, Saadettin Erbil, İhsan Yüce",170,Balat Sokakları,İstanbul,Fatih,41.031,28.947,"41.031, 28.947",Yüksek,Açık,Cafe-Kültür Gezisi,https://gorsel-linki.com/balat.jpg,Şehir hayatına tutunma çabaları ve dramatik dış çekimler
230,Darısı Başımıza,Dizi,Dram,Barış Yöş,Faruk Turgut,2018.0,Gold Film,"Ozan Dolunay, Elif Doğan",78,Kars Eski Rus Evleri ve Sokakları,Kars,Merkez,40.608,43.095,"40.608, 43.095",Çok Yüksek,Açık,"Mimari Keşif, Yürüyüş",https://gorsel-linki.com/kars-mimari.jpg,Mişka ve Popuç'un Kars'ın karlı sokaklarındaki hesaplaşmaları
230,Darısı Başımıza,Dizi,Dram,Barış Yöş,Faruk Turgut,2018.0,Gold Film,"Ozan Dolunay, Elif Doğan",77,Ani Harabeleri,Kars,Merkez,40.51,43.572,"40.510, 43.572",Çok Yüksek,Müze/Açık,Arkeolojik Keşif,https://gorsel-linki.com/ani-harabeleri.jpg,Ani Harabeleri çevresindeki epik ve tarihi manzaralar
230,Darısı Başımıza,Dizi,Dram,Barış Yöş,Faruk Turgut,2018.0,Gold Film,"Ozan Dolunay, Elif Doğan",79,Kars Garı ve Raylı Sistemler,Kars,Merkez,40.601,43.102,"40.601, 43.102",Yüksek,Açık,Doğu Ekspresi Fotoğrafçılığı,https://gorsel-linki.com/kars-gar.jpg,Tren hattı boyunca geçen hüzünlü yolculuk sahneleri
461,Koca Koca Yalanlar,Dizi,Komedi,Osman TaşcıBurcu Alptekin (Yönetmen),Hayri Aslan (Yapımcı),2018.0,Limon Film,"Hakan Yılmaz, Evrim Alasya, Selen Uçer, Pelin Öztekin",80,Kars Kalesi ve Tarihi Hamamlar,Kars,Merkez,40.612,43.091,"40.612, 43.091",Çok Yüksek,Açık,Kültür Turu,https://gorsel-linki.com/kars-kale.jpg,Kosmos'un Kars kalesi ve çevresindeki gizemli sahneleri
461,Koca Koca Yalanlar,Dizi,Komedi,Osman TaşcıBurcu Alptekin (Yönetmen),Hayri Aslan (Yapımcı),2018.0,Limon Film,"Hakan Yılmaz, Evrim Alasya, Selen Uçer, Pelin Öztekin",78,Kars Eski Rus Evleri ve Sokakları,Kars,Merkez,40.608,43.095,"40.608, 43.095",Çok Yüksek,Açık,"Mimari Keşif, Yürüyüş",https://gorsel-linki.com/kars-mimari.jpg,Kars'ın eski sokaklarındaki metafizik ve kış çekimleri
461,Koca Koca Yalanlar,Dizi,Komedi,Osman TaşcıBurcu Alptekin (Yönetmen),Hayri Aslan (Yapımcı),2018.0,Limon Film,"Hakan Yılmaz, Evrim Alasya, Selen Uçer, Pelin Öztekin",77,Ani Harabeleri,Kars,Merkez,40.51,43.572,"40.510, 43.572",Çok Yüksek,Müze/Açık,Arkeolojik Keşif,https://gorsel-linki.com/ani-harabeleri.jpg,Sınır hattındaki ıssız ve dramatik harabe görüntüleri
606,Payitaht Abdülhamid,Dizi,Aksiyon,Serdar AkarEmre KonukDoğan Ümit Karacahttps:,/www.imdb.com/title/tt6536562/fullcredits/?ref_=tt_ov_st_sm (Yönetmen) / Yusuf EsenkalSerdar Öğretici (Yapımcı),2017.0,Es Film,"Bülent İnal, Özlem Conker, Saygın Soysal, Ezgi Eyüboğlu, Akın Akınözü, Hakan Boyav, Selen Öztürk, Eren Hacısalihoğlu, Bahadır Yenişehirlioğlu, Vildan Atasever, Erkan Avcı, Gürkan Uygun, İsmail Hakkı Ürün",78,Kars Eski Rus Evleri ve Sokakları,Kars,Merkez,40.608,43.095,"40.608, 43.095",Çok Yüksek,Açık,"Mimari Keşif, Yürüyüş",https://gorsel-linki.com/kars-mimari.jpg,Rauf'un Kars köylerindeki çocukluk ve marangoz çıraklığı sahneleri
606,Payitaht Abdülhamid,Dizi,Aksiyon,Serdar AkarEmre KonukDoğan Ümit Karacahttps:,/www.imdb.com/title/tt6536562/fullcredits/?ref_=tt_ov_st_sm (Yönetmen) / Yusuf EsenkalSerdar Öğretici (Yapımcı),2017.0,Es Film,"Bülent İnal, Özlem Conker, Saygın Soysal, Ezgi Eyüboğlu, Akın Akınözü, Hakan Boyav, Selen Öztürk, Eren Hacısalihoğlu, Bahadır Yenişehirlioğlu, Vildan Atasever, Erkan Avcı, Gürkan Uygun, İsmail Hakkı Ürün",79,Kars Garı ve Raylı Sistemler,Kars,Merkez,40.601,43.102,"40.601, 43.102",Yüksek,Açık,Doğu Ekspresi Fotoğrafçılığı,https://gorsel-linki.com/kars-gar.jpg,Bölgenin kış doğasını yansıtan bembeyaz dış çekimler
606,Payitaht Abdülhamid,Dizi,Aksiyon,Serdar AkarEmre KonukDoğan Ümit Karacahttps:,/www.imdb.com/title/tt6536562/fullcredits/?ref_=tt_ov_st_sm (Yönetmen) / Yusuf EsenkalSerdar Öğretici (Yapımcı),2017.0,Es Film,"Bülent İnal, Özlem Conker, Saygın Soysal, Ezgi Eyüboğlu, Akın Akınözü, Hakan Boyav, Selen Öztürk, Eren Hacısalihoğlu, Bahadır Yenişehirlioğlu, Vildan Atasever, Erkan Avcı, Gürkan Uygun, İsmail Hakkı Ürün",80,Kars Kalesi ve Tarihi Hamamlar,Kars,Merkez,40.612,43.091,"40.612, 43.091",Çok Yüksek,Açık,Kültür Turu,https://gorsel-linki.com/kars-kale.jpg,İlçe merkezi ve pazar yerindeki samimi sahneler
676,Sevgili Dayım,Film,Dram,Zeki Ökten,Enver Özer,1977.0,dağıtıcı =,"Tarık Akan, Hale Soygazi, Süleyman Turan, Neriman Köksal, Murat Erton, Ali Cağaloğlu, Perran Kutman, Şaziye Moral",79,Kars Garı ve Raylı Sistemler,Kars,Merkez,40.601,43.102,"40.601, 43.102",Yüksek,Açık,Doğu Ekspresi Fotoğrafçılığı,https://gorsel-linki.com/kars-gar.jpg,Demiryolu çalışanlarının kış atmosferindeki sahneleri
676,Sevgili Dayım,Film,Dram,Zeki Ökten,Enver Özer,1977.0,dağıtıcı =,"Tarık Akan, Hale Soygazi, Süleyman Turan, Neriman Köksal, Murat Erton, Ali Cağaloğlu, Perran Kutman, Şaziye Moral",78,Kars Eski Rus Evleri ve Sokakları,Kars,Merkez,40.608,43.095,"40.608, 43.095",Çok Yüksek,Açık,"Mimari Keşif, Yürüyüş",https://gorsel-linki.com/kars-mimari.jpg,Kars'ın dondurucu sokaklarında geçen dramatik yürüyüşler
676,Sevgili Dayım,Film,Dram,Zeki Ökten,Enver Özer,1977.0,dağıtıcı =,"Tarık Akan, Hale Soygazi, Süleyman Turan, Neriman Köksal, Murat Erton, Ali Cağaloğlu, Perran Kutman, Şaziye Moral",140,Ürgüp Şehir Merkezi,Nevşehir,Ürgüp,38.63,34.912,"38.630, 34.912",Çok Yüksek,Açık,"Alışveriş, Kültür Turu",https://gorsel-linki.com/urgup.jpg,Genel şehir merkezi ve kasaba yaşantısı çekimleri
107,Aşk-ı Roman,Dizi,Komedi,Semra Dündar,Oğuz Karali,2017.0,Global Medya,"Solmaz Çiros, Kaan Güvenilir",170,Balat Sokakları,İstanbul,Fatih,41.031,28.947,"41.031, 28.947",Yüksek,Açık,Cafe-Kültür Gezisi,https://gorsel-linki.com/balat.jpg,İstanbul Balat çevresindeki neşeli mahalle sahneleri
107,Aşk-ı Roman,Dizi,Komedi,Semra Dündar,Oğuz Karali,2017.0,Global Medya,"Solmaz Çiros, Kaan Güvenilir",173,Bebek Sahil Şeridi,İstanbul,Beşiktaş,41.076,29.043,"41.076, 29.043",Çok Yüksek,Açık,"Yürüyüş, Lüks Kafe Kültürü",https://gorsel-linki.com/bebek.jpg,Karakterlerin sahil boyu gezintileri ve eğlenceli anları
107,Aşk-ı Roman,Dizi,Komedi,Semra Dündar,Oğuz Karali,2017.0,Global Medya,"Solmaz Çiros, Kaan Güvenilir",219,Kuzguncuk Evleri,İstanbul,Üsküdar,41.037,29.03,"41.037, 29.030",Yüksek,Açık,"Fotoğrafçılık, Nostalji Gezisi",https://gorsel-linki.com/kuzguncuk.jpg,Samimi mahalle kültürü ve komşuluk sahneleri
747,Tövbeler Tövbesi,Dizi,Komedi,Aydın BulutSeben Delice (Yönetmen),Hayri Aslan (Yapımcı),2011.0,Limon Film,"Tuba Ünsal, Cemal Toktaş, Fulya Zenginer, Keremcem, Füsun Demirel, Rıza Akın, Cihat Tamer, Pınar Dikici",78,Kars Eski Rus Evleri ve Sokakları,Kars,Merkez,40.608,43.095,"40.608, 43.095",Çok Yüksek,Açık,"Mimari Keşif, Yürüyüş",https://gorsel-linki.com/kars-mimari.jpg,Kars'ın tarihi dokusunda geçen kaçış ve dram sahneleri
747,Tövbeler Tövbesi,Dizi,Komedi,Aydın BulutSeben Delice (Yönetmen),Hayri Aslan (Yapımcı),2011.0,Limon Film,"Tuba Ünsal, Cemal Toktaş, Fulya Zenginer, Keremcem, Füsun Demirel, Rıza Akın, Cihat Tamer, Pınar Dikici",79,Kars Garı ve Raylı Sistemler,Kars,Merkez,40.601,43.102,"40.601, 43.102",Yüksek,Açık,Doğu Ekspresi Fotoğrafçılığı,https://gorsel-linki.com/kars-gar.jpg,Şehre varış ve ayrılışlarda kullanılan ikonik mekanlar
747,Tövbeler Tövbesi,Dizi,Komedi,Aydın BulutSeben Delice (Yönetmen),Hayri Aslan (Yapımcı),2011.0,Limon Film,"Tuba Ünsal, Cemal Toktaş, Fulya Zenginer, Keremcem, Füsun Demirel, Rıza Akın, Cihat Tamer, Pınar Dikici",82,Soğanlı Vadisi,Kayseri,Yeşilhisar,38.348,34.978,"38.348, 34.978",Yüksek,Açık,"Balon Turu, Kaya Kiliseleri",https://gorsel-linki.com/soganli.jpg,Doğal vadi ve açık hava çekimleri
154,Benim Çocuğum,Film,Dram,Can Candan,"Ayşe Çetinbaş, Gökçe İnce",2013.0,Surela Film Yapım,LİSTAG katılımcıları,45,Hopa Sahil Şeridi,Artvin,Hopa,41.408,41.432,"41.408, 41.432",Orta,Açık,Yol Üstü Dinlenme,https://gorsel-linki.com/hopa.jpg,Hopa ve çevresindeki çay tarlaları ile deniz sahneleri
154,Benim Çocuğum,Film,Dram,Can Candan,"Ayşe Çetinbaş, Gökçe İnce",2013.0,Surela Film Yapım,LİSTAG katılımcıları,42,Artvin Kemalpaşa Sahili,Artvin,Kemalpaşa,41.481,41.522,"41.481, 41.522",Orta,Açık,Deniz Manzarası İzleme,https://gorsel-linki.com/kemalpasa.jpg,Artvin sınır hattındaki dramatik buluşma noktaları
154,Benim Çocuğum,Film,Dram,Can Candan,"Ayşe Çetinbaş, Gökçe İnce",2013.0,Surela Film Yapım,LİSTAG katılımcıları,146,Fırtına Deresi ve Taş Köprüler,Rize,Ardeşen,41.192,41.002,"41.192, 41.002",Çok Yüksek,Açık,"Rafting, Kültür Turu",https://gorsel-linki.com/firtina.jpg,Rize/Fırtına Deresi çevresindeki dış mekan çekimleri
164,Binbir Gece,Dizi,Dram,Kudret Sabancı (Yönetmen),Erol Avcı (Yapımcı),2006.0,TMC,"Halit Ergenç Bergüzar Korel, Tardu Flordun, Ceyda Düvenci, Tomris İncer, Metin Çekmez, Meral Çetinkaya, Yonca Cevher, Ergün Demir",173,Bebek Sahil Şeridi,İstanbul,Beşiktaş,41.076,29.043,"41.076, 29.043",Çok Yüksek,Açık,"Yürüyüş, Lüks Kafe Kültürü",https://gorsel-linki.com/bebek.jpg,Ailenin İstanbul sahil semtlerindeki sıcak yaşam alanları
164,Binbir Gece,Dizi,Dram,Kudret Sabancı (Yönetmen),Erol Avcı (Yapımcı),2006.0,TMC,"Halit Ergenç Bergüzar Korel, Tardu Flordun, Ceyda Düvenci, Tomris İncer, Metin Çekmez, Meral Çetinkaya, Yonca Cevher, Ergün Demir",222,Levent ve Maslak İş Merkezleri,İstanbul,Beşiktaş,41.077,29.012,"41.077, 29.012",Orta,Açık,Şehir Gezisi,https://gorsel-linki.com/levent.jpg,Karakterlerin modern iş hayatı ve plaza sahneleri
164,Binbir Gece,Dizi,Dram,Kudret Sabancı (Yönetmen),Erol Avcı (Yapımcı),2006.0,TMC,"Halit Ergenç Bergüzar Korel, Tardu Flordun, Ceyda Düvenci, Tomris İncer, Metin Çekmez, Meral Çetinkaya, Yonca Cevher, Ergün Demir",170,Balat Sokakları,İstanbul,Fatih,41.031,28.947,"41.031, 28.947",Yüksek,Açık,Cafe-Kültür Gezisi,https://gorsel-linki.com/balat.jpg,Flashback sahneleri için kullanılan eski mahalle dokuları
673,Sevdim Seni Bir Kere,Dizi,Romantik,Bergüzar Demiroğlu,Nilgün Sağyaşar,2019.0,Focus Film,"Yağmur Çokgenç, Oğuzhan Kayra Koç",170,Balat Sokakları,İstanbul,Fatih,41.031,28.947,"41.031, 28.947",Yüksek,Açık,Cafe-Kültür Gezisi,https://gorsel-linki.com/balat.jpg,1980'lerin İstanbul'unda geçen siyasi ve dramatik sahneler
673,Sevdim Seni Bir Kere,Dizi,Romantik,Bergüzar Demiroğlu,Nilgün Sağyaşar,2019.0,Focus Film,"Yağmur Çokgenç, Oğuzhan Kayra Koç",266,İstanbul Çağlayan Adliyesi,İstanbul,Kağıthane,41.082,28.981,"41.082, 28.981",Düşük,Kısıtlı (Resmi Kurum),Gözlem,https://gorsel-linki.com/adliye.jpg,Tarihi mahkeme binaları ve resmi kurum çekimleri
673,Sevdim Seni Bir Kere,Dizi,Romantik,Bergüzar Demiroğlu,Nilgün Sağyaşar,2019.0,Focus Film,"Yağmur Çokgenç, Oğuzhan Kayra Koç",239,Sirkeci Garı ve Çevresi,İstanbul,Fatih,41.014,28.977,"41.014, 28.977",Çok Yüksek,Açık,"Tarih Gezisi, Fotoğraf",https://gorsel-linki.com/sirkeci.jpg,Sirkeci ve Eminönü hattındaki dönem atmosferi
516,Kızlarım İçin,Dizi,Dram,Mesude Tekin Erarslan (Yönetmen),İnci Gündoğduİsmail Gündoğdu (Yapımcı),2017.0,Süreç Film,"Fikret Kuşkan, Tuvana Türkay, Elifcan Ongurlar, Sanem Yeles, Ahsen Eroğlu",170,Balat Sokakları,İstanbul,Fatih,41.031,28.947,"41.031, 28.947",Yüksek,Açık,Cafe-Kültür Gezisi,https://gorsel-linki.com/balat.jpg,İstihbarat operasyonlarının geçtiği Beyoğlu ve çevresi
516,Kızlarım İçin,Dizi,Dram,Mesude Tekin Erarslan (Yönetmen),İnci Gündoğduİsmail Gündoğdu (Yapımcı),2017.0,Süreç Film,"Fikret Kuşkan, Tuvana Türkay, Elifcan Ongurlar, Sanem Yeles, Ahsen Eroğlu",239,Sirkeci Garı ve Çevresi,İstanbul,Fatih,41.014,28.977,"41.014, 28.977",Çok Yüksek,Açık,"Tarih Gezisi, Fotoğraf",https://gorsel-linki.com/sirkeci.jpg,Eminönü ve Sirkeci'deki aksiyon/kovalamaca sahneleri
516,Kızlarım İçin,Dizi,Dram,Mesude Tekin Erarslan (Yönetmen),İnci Gündoğduİsmail Gündoğdu (Yapımcı),2017.0,Süreç Film,"Fikret Kuşkan, Tuvana Türkay, Elifcan Ongurlar, Sanem Yeles, Ahsen Eroğlu",264,Üsküdar İskelesi ve Çevresi,İstanbul,Üsküdar,41.027,29.015,"41.027, 29.015",Çok Yüksek,Açık,"Vapur Gezisi, Manzara",https://gorsel-linki.com/uskudar.jpg,Deniz kenarı ve liman bölgelerindeki gizli buluşmalar
629,Recep İvedik 6,Film,Komedi,Togan Gökbakar,"Şahan Gökbakar, Togan Gökbakar",2019.0,Çamaşırhane Film,"Şahan Gökbakar, Nurullah Çelebi",239,Sirkeci Garı ve Çevresi,İstanbul,Fatih,41.014,28.977,"41.014, 28.977",Çok Yüksek,Açık,"Tarih Gezisi, Fotoğraf",https://gorsel-linki.com/sirkeci.jpg,Sirkeci Garı'ndaki sürgün ve vedalaşma sahneleri
629,Recep İvedik 6,Film,Komedi,Togan Gökbakar,"Şahan Gökbakar, Togan Gökbakar",2019.0,Çamaşırhane Film,"Şahan Gökbakar, Nurullah Çelebi",181,Beykoz Kundura Fabrikası (İç Mekan),İstanbul,Beykoz,41.134,29.071,"41.134, 29.071",Çok Yüksek,Özel İzinle,Film Platosu Gezisi,https://gorsel-linki.com/kundura-plato.jpg,Dönemin iç mekan atmosferini yansıtan Beykoz stüdyoları
629,Recep İvedik 6,Film,Komedi,Togan Gökbakar,"Şahan Gökbakar, Togan Gökbakar",2019.0,Çamaşırhane Film,"Şahan Gökbakar, Nurullah Çelebi",170,Balat Sokakları,İstanbul,Fatih,41.031,28.947,"41.031, 28.947",Yüksek,Açık,Cafe-Kültür Gezisi,https://gorsel-linki.com/balat.jpg,Varlık Vergisi döneminin İstanbul sokakları ve ticaret merkezleri
234,Dedektif Memoli,Dizi,Gerilim/Suç,Tayfun Güneyer (Yönetmen),Ali Gündoğdu (Yapımcı),2011.0,Süreç Film,"Emre Kızılırmak ''(Memoli)''Burcu Esmersoy ''(Zeynep)''Özlem Yılmaz ''(Ezo)''Demir Karahan, Ünal Yeter, Barış Başar",62,Diyarbakır Surları ve Hevsel Bahçeleri,Diyarbakır,Sur,37.913,40.238,"37.913, 40.238",Çok Yüksek,Açık,"Tarih Gezisi, Fotoğraf",https://gorsel-linki.com/diyarbakir-sur.jpg,Yusuf Miroğlu'nun Diyarbakır ve çevresindeki operasyon sahneleri
234,Dedektif Memoli,Dizi,Gerilim/Suç,Tayfun Güneyer (Yönetmen),Ali Gündoğdu (Yapımcı),2011.0,Süreç Film,"Emre Kızılırmak ''(Memoli)''Burcu Esmersoy ''(Zeynep)''Özlem Yılmaz ''(Ezo)''Demir Karahan, Ünal Yeter, Barış Başar",96,Mardin Dara Antik Kenti,Mardin,Artuklu,37.178,40.954,"37.178, 40.954",Yüksek,Müze/Açık,Arkeolojik Gezi,https://gorsel-linki.com/dara.jpg,Mardin Dara Antik Kenti ve çevresindeki çatışma sahneleri
234,Dedektif Memoli,Dizi,Gerilim/Suç,Tayfun Güneyer (Yönetmen),Ali Gündoğdu (Yapımcı),2011.0,Süreç Film,"Emre Kızılırmak ''(Memoli)''Burcu Esmersoy ''(Zeynep)''Özlem Yılmaz ''(Ezo)''Demir Karahan, Ünal Yeter, Barış Başar",102,Tarihi Mardin Dar Sokaklar ve Abbaralar,Mardin,Artuklu,37.313,40.734,"37.313, 40.734",Çok Yüksek,Açık,"Kültür Gezisi, Alışveriş",https://gorsel-linki.com/mardin-sokak.jpg,Güneydoğu'nun tarihi dokusunda geçen politik ve aksiyon sekansları
172,Bir Deli Sevda,Dizi,Romantik,Hakan İnan (Yönetmen),Yaşar İrvül (Yapımcı),2017.0,Pastel Film,"Erkan Kolçak Köstendil, Cansu Tosun, Erdinç Gülener, Deniz Uğur, Cankat Aydos, Esra Kızıldoğan, Itır Esen, Zafer Algöz, Erkan Can",102,Tarihi Mardin Dar Sokaklar ve Abbaralar,Mardin,Artuklu,37.313,40.734,"37.313, 40.734",Çok Yüksek,Açık,"Kültür Gezisi, Alışveriş",https://gorsel-linki.com/mardin-sokak.jpg,Karakterlerin dilek dilediği ve masalsı sahnelerin geçtiği Mardin sokakları
172,Bir Deli Sevda,Dizi,Romantik,Hakan İnan (Yönetmen),Yaşar İrvül (Yapımcı),2017.0,Pastel Film,"Erkan Kolçak Köstendil, Cansu Tosun, Erdinç Gülener, Deniz Uğur, Cankat Aydos, Esra Kızıldoğan, Itır Esen, Zafer Algöz, Erkan Can",100,Midyat Konuk Evi (Hercai Konağı),Mardin,Midyat,37.412,41.37,"37.412, 41.370",Çok Yüksek,Müze/Açık,"Mimari Fotoğrafçılık, Kültür Turu",https://gorsel-linki.com/midyat-konak.jpg,Geleneksel ev yaşamını yansıtan tarihi mekan çekimleri
172,Bir Deli Sevda,Dizi,Romantik,Hakan İnan (Yönetmen),Yaşar İrvül (Yapımcı),2017.0,Pastel Film,"Erkan Kolçak Köstendil, Cansu Tosun, Erdinç Gülener, Deniz Uğur, Cankat Aydos, Esra Kızıldoğan, Itır Esen, Zafer Algöz, Erkan Can",82,Soğanlı Vadisi,Kayseri,Yeşilhisar,38.348,34.978,"38.348, 34.978",Yüksek,Açık,"Balon Turu, Kaya Kiliseleri",https://gorsel-linki.com/soganli.jpg,Açık hava çekimleri ve doğal vadi manzaraları
318,Gecenin Kraliçesi,Dizi,Romantik,Yağmur Taylan (1-2)Durul Taylan (1-2)Osman Taşcı (3-15)Burcu Alptekin (3-15) (Yönetmen),Onur Güvenatam (Yapımcı),2016.0,O3 Medya,"Murat Yıldırım, Meryem Uzerli",102,Tarihi Mardin Dar Sokaklar ve Abbaralar,Mardin,Artuklu,37.313,40.734,"37.313, 40.734",Çok Yüksek,Açık,"Kültür Gezisi, Alışveriş",https://gorsel-linki.com/mardin-sokak.jpg,Dünya ve Nazım'ın hikayesinin başladığı Mardin sahneleri
318,Gecenin Kraliçesi,Dizi,Romantik,Yağmur Taylan (1-2)Durul Taylan (1-2)Osman Taşcı (3-15)Burcu Alptekin (3-15) (Yönetmen),Onur Güvenatam (Yapımcı),2016.0,O3 Medya,"Murat Yıldırım, Meryem Uzerli",184,Beyoğlu Arka Sokaklar ve Pavyonlar,İstanbul,Beyoğlu,41.034,28.978,"41.034, 28.978",Orta,Açık,Gece Hayatı Gözlemi,https://gorsel-linki.com/beyoglu-gece.jpg,Nazım'ın taksicilik yaptığı ve Dünya'yı koruduğu Beyoğlu sokakları
779,Vicdan (film),Film,Dram,Erden Kıral,Turan Tokel,2008.0,Deniz Film,"Nurgül Yeşilçay, Murat Han, Tülin Özen",264,Üsküdar İskelesi ve Çevresi,İstanbul,Üsküdar,41.027,29.015,"41.027, 29.015",Çok Yüksek,Açık,"Vapur Gezisi, Manzara",https://gorsel-linki.com/uskudar.jpg,Dizinin gerilimli ve duygusal dış mekan çekimleri
318,Gecenin Kraliçesi,Dizi,Romantik,Yağmur Taylan (1-2)Durul Taylan (1-2)Osman Taşcı (3-15)Burcu Alptekin (3-15) (Yönetmen),Onur Güvenatam (Yapımcı),2016.0,O3 Medya,"Murat Yıldırım, Meryem Uzerli",239,Sirkeci Garı ve Çevresi,İstanbul,Fatih,41.014,28.977,"41.014, 28.977",Çok Yüksek,Açık,"Tarih Gezisi, Fotoğraf",https://gorsel-linki.com/sirkeci.jpg,Karakterlerin buluşma ve ayrılma noktası olan Sirkeci-Eminönü hattı
746,Tutunamayanlar,Dizi,Komedi,Murad ZaloğluOsman Nail Doğan (Yönetmen),Ahmet Tarık GüvenOgün Şanlıer (Yapımcı),2020.0,İstanbul Medya AkademisiNeden Film,"Doğu Demirkol, Ece Çeşmioğlu, Zafer Algöz, Barış Yıldız, Bora Akkaş",99,Mardin Midyat Sıla Konağı,Mardin,Midyat,37.412,41.372,"37.412, 41.372",Çok Yüksek,Müze/Açık,Konağın Terasında Fotoğraf,https://gorsel-linki.com/sila-konagi.jpg,Boran ve Alya ailesinin Mardin'deki ana yerleşkesi
746,Tutunamayanlar,Dizi,Komedi,Murad ZaloğluOsman Nail Doğan (Yönetmen),Ahmet Tarık GüvenOgün Şanlıer (Yapımcı),2020.0,İstanbul Medya AkademisiNeden Film,"Doğu Demirkol, Ece Çeşmioğlu, Zafer Algöz, Barış Yıldız, Bora Akkaş",102,Tarihi Mardin Dar Sokaklar ve Abbaralar,Mardin,Artuklu,37.313,40.734,"37.313, 40.734",Çok Yüksek,Açık,"Kültür Gezisi, Alışveriş",https://gorsel-linki.com/mardin-sokak.jpg,Karakterlerin çatışma ve pusu sahnelerinin geçtiği dar sokaklar
746,Tutunamayanlar,Dizi,Komedi,Murad ZaloğluOsman Nail Doğan (Yönetmen),Ahmet Tarık GüvenOgün Şanlıer (Yapımcı),2020.0,İstanbul Medya AkademisiNeden Film,"Doğu Demirkol, Ece Çeşmioğlu, Zafer Algöz, Barış Yıldız, Bora Akkaş",98,Mardin Havalimanı ve Karayolu Hattı,Mardin,Kızıltepe,37.231,40.635,"37.231, 40.635",Düşük,Açık,Ulaşım,https://gorsel-linki.com/mardin-yolu.jpg,Şehre geliş ve kaçış rotalarındaki yol sahneleri
108,Aşka Sürgün,Dizi,Dram,Cemal Şan,Tomris Giritlioğlu,2005.0,Sis Yapım,"İzzet Günay, Mahsun Kırmızıgül",102,Tarihi Mardin Dar Sokaklar ve Abbaralar,Mardin,Artuklu,37.313,40.734,"37.313, 40.734",Çok Yüksek,Açık,"Kültür Gezisi, Alışveriş",https://gorsel-linki.com/mardin-sokak.jpg,Azizoğlu ve Şahvar ailelerinin Mardin'deki köklü geçmişi
108,Aşka Sürgün,Dizi,Dram,Cemal Şan,Tomris Giritlioğlu,2005.0,Sis Yapım,"İzzet Günay, Mahsun Kırmızıgül",173,Bebek Sahil Şeridi,İstanbul,Beşiktaş,41.076,29.043,"41.076, 29.043",Çok Yüksek,Açık,"Yürüyüş, Lüks Kafe Kültürü",https://gorsel-linki.com/bebek.jpg,Hazar ve Zilan'ın İstanbul'daki lüks yaşam ve iş çevreleri
108,Aşka Sürgün,Dizi,Dram,Cemal Şan,Tomris Giritlioğlu,2005.0,Sis Yapım,"İzzet Günay, Mahsun Kırmızıgül",170,Balat Sokakları,İstanbul,Fatih,41.031,28.947,"41.031, 28.947",Yüksek,Açık,Cafe-Kültür Gezisi,https://gorsel-linki.com/balat.jpg,Zorunlu göç ve şehir hayatına adaptasyon sahneleri
597,Operasyon: Argo,Film,Gerilim/Suç,Ben Affleck,"Grant Heslov, Ben Affleck, George Clooney",2012.0,"GK Films, Smokehouse Pictures","Ben Affleck, Bryan Cranston, Alan Arkin, John Goodman",262,Özel Okul ve Kampüs Binaları,İstanbul,Sarıyer,41.125,29.02,"41.125, 29.020",Düşük,Kısıtlı,Eğitim,https://gorsel-linki.com/kampus.jpg,Yoksul mahalleden gelen gençlerin okuduğu özel kolej binası
597,Operasyon: Argo,Film,Gerilim/Suç,Ben Affleck,"Grant Heslov, Ben Affleck, George Clooney",2012.0,"GK Films, Smokehouse Pictures","Ben Affleck, Bryan Cranston, Alan Arkin, John Goodman",170,Balat Sokakları,İstanbul,Fatih,41.031,28.947,"41.031, 28.947",Yüksek,Açık,Cafe-Kültür Gezisi,https://gorsel-linki.com/balat.jpg,Karakterlerin yaşadığı samimi İstanbul mahallesi ve dükkanlar
597,Operasyon: Argo,Film,Gerilim/Suç,Ben Affleck,"Grant Heslov, Ben Affleck, George Clooney",2012.0,"GK Films, Smokehouse Pictures","Ben Affleck, Bryan Cranston, Alan Arkin, John Goodman",187,Beşiktaş Sahili ve Dikilitaş,İstanbul,Beşiktaş,41.042,29.008,"41.042, 29.008",Çok Yüksek,Açık,"Yürüyüş, Şehir Turu",https://gorsel-linki.com/besiktas.jpg,Beşiktaş ve çevresindeki gençlik buluşma mekanları
299,Fatih,Dizi,Dram,Merve GirginFaruk Teber (Yönetmen),Fatih Aksoy (Yapımcı),2013.0,Medyapım,"Mehmet Âkif Alakurt, Gamze Özçelik Seda Akman, Dağhan Külegeç, Hande Soral, Birkan Sokullu, Salih Bademci, Müjde Uzman, İbrahim Selim, Furkan Şentürk",102,Tarihi Mardin Dar Sokaklar ve Abbaralar,Mardin,Artuklu,37.313,40.734,"37.313, 40.734",Çok Yüksek,Açık,"Kültür Gezisi, Alışveriş",https://gorsel-linki.com/mardin-sokak.jpg,Nadir ve ailesinin kaçış hikayesinin geçtiği Mardin kırsalı
299,Fatih,Dizi,Dram,Merve GirginFaruk Teber (Yönetmen),Fatih Aksoy (Yapımcı),2013.0,Medyapım,"Mehmet Âkif Alakurt, Gamze Özçelik Seda Akman, Dağhan Külegeç, Hande Soral, Birkan Sokullu, Salih Bademci, Müjde Uzman, İbrahim Selim, Furkan Şentürk",170,Balat Sokakları,İstanbul,Fatih,41.031,28.947,"41.031, 28.947",Yüksek,Açık,Cafe-Kültür Gezisi,https://gorsel-linki.com/balat.jpg,Karakterlerin İstanbul'daki saklanma ve mücadele sahneleri
299,Fatih,Dizi,Dram,Merve GirginFaruk Teber (Yönetmen),Fatih Aksoy (Yapımcı),2013.0,Medyapım,"Mehmet Âkif Alakurt, Gamze Özçelik Seda Akman, Dağhan Külegeç, Hande Soral, Birkan Sokullu, Salih Bademci, Müjde Uzman, İbrahim Selim, Furkan Şentürk",266,İstanbul Çağlayan Adliyesi,İstanbul,Kağıthane,41.082,28.981,"41.082, 28.981",Düşük,Kısıtlı (Resmi Kurum),Gözlem,https://gorsel-linki.com/adliye.jpg,Adliye ve hapishane atmosferini yansıtan çekimler
167,Bir Aşk Hikayesi,Dizi,Romantik,Barış Yöş (1-22)Murat Onbul (23-36) (Yönetmen),Faruk BayhanFatih Aksoy (Yapımcı),2013.0,MF Yapım,"Seçkin Özdemir, Damla Sönmez",102,Tarihi Mardin Dar Sokaklar ve Abbaralar,Mardin,Artuklu,37.313,40.734,"37.313, 40.734",Çok Yüksek,Açık,"Kültür Gezisi, Alışveriş",https://gorsel-linki.com/mardin-sokak.jpg,Mustafa Bulut'un saplantılı aşkını yaşadığı Mardin konağı ve çevresi
167,Bir Aşk Hikayesi,Dizi,Romantik,Barış Yöş (1-22)Murat Onbul (23-36) (Yönetmen),Faruk BayhanFatih Aksoy (Yapımcı),2013.0,MF Yapım,"Seçkin Özdemir, Damla Sönmez",96,Mardin Dara Antik Kenti,Mardin,Artuklu,37.178,40.954,"37.178, 40.954",Yüksek,Müze/Açık,Arkeolojik Gezi,https://gorsel-linki.com/dara.jpg,Dara Antik Kenti ve çevresindeki mistik dış çekimler
167,Bir Aşk Hikayesi,Dizi,Romantik,Barış Yöş (1-22)Murat Onbul (23-36) (Yönetmen),Faruk BayhanFatih Aksoy (Yapımcı),2013.0,MF Yapım,"Seçkin Özdemir, Damla Sönmez",98,Mardin Havalimanı ve Karayolu Hattı,Mardin,Kızıltepe,37.231,40.635,"37.231, 40.635",Düşük,Açık,Ulaşım,https://gorsel-linki.com/mardin-yolu.jpg,Mayınlı arazi ve sınır hattı atmosferini yansıtan yol sahneleri
692,Son,Dizi,Dram,Uluç Bayraktar (Yönetmen),Kerem Çatay (Yapımcı),2012.0,Ay Yapım,"Engin Altan Düzyatan, Nehir Erdoğan, Erkan Can, Berrak Tüzünataç, Yiğit Özşener",99,Mardin Midyat Sıla Konağı,Mardin,Midyat,37.412,41.372,"37.412, 41.372",Çok Yüksek,Müze/Açık,Konağın Terasında Fotoğraf,https://gorsel-linki.com/sila-konagi.jpg,Genco ailesinin yaşadığı ve dizinin simgesi haline gelen Sıla Konağı
692,Son,Dizi,Dram,Uluç Bayraktar (Yönetmen),Kerem Çatay (Yapımcı),2012.0,Ay Yapım,"Engin Altan Düzyatan, Nehir Erdoğan, Erkan Can, Berrak Tüzünataç, Yiğit Özşener",101,Midyat Tarihi Pazar ve Gümüşçüler Çarşısı,Mardin,Midyat,37.414,41.375,"37.414, 41.375",Yüksek,Açık,Telkari Alışverişi,https://gorsel-linki.com/midyat-pazar.jpg,Töre ve aşiret toplantılarının geçtiği tarihi çarşı sahneleri
692,Son,Dizi,Dram,Uluç Bayraktar (Yönetmen),Kerem Çatay (Yapımcı),2012.0,Ay Yapım,"Engin Altan Düzyatan, Nehir Erdoğan, Erkan Can, Berrak Tüzünataç, Yiğit Özşener",173,Bebek Sahil Şeridi,İstanbul,Beşiktaş,41.076,29.043,"41.076, 29.043",Çok Yüksek,Açık,"Yürüyüş, Lüks Kafe Kültürü",https://gorsel-linki.com/bebek.jpg,Sıla'nın İstanbul'daki modern hayatı ve iş dünyası sahneleri
378,Hayat Sevince Güzel (dizi),Dizi,Komedi,Eray Koçak,Hayri Aslan,2016.0,Limon Film,"Ekin Mert Daymaz, Algı Eke",100,Midyat Konuk Evi (Hercai Konağı),Mardin,Midyat,37.412,41.37,"37.412, 41.370",Çok Yüksek,Müze/Açık,"Mimari Fotoğrafçılık, Kültür Turu",https://gorsel-linki.com/midyat-konak.jpg,Şadoğlu ve Aslanbey ailelerinin yaşadığı meşhur Midyat Konağı
378,Hayat Sevince Güzel (dizi),Dizi,Komedi,Eray Koçak,Hayri Aslan,2016.0,Limon Film,"Ekin Mert Daymaz, Algı Eke",96,Mardin Dara Antik Kenti,Mardin,Artuklu,37.178,40.954,"37.178, 40.954",Yüksek,Müze/Açık,Arkeolojik Gezi,https://gorsel-linki.com/dara.jpg,Reyyan ve Miran'ın buluştuğu tarihi harabeler ve dış çekimler
378,Hayat Sevince Güzel (dizi),Dizi,Komedi,Eray Koçak,Hayri Aslan,2016.0,Limon Film,"Ekin Mert Daymaz, Algı Eke",102,Tarihi Mardin Dar Sokaklar ve Abbaralar,Mardin,Artuklu,37.313,40.734,"37.313, 40.734",Çok Yüksek,Açık,"Kültür Gezisi, Alışveriş",https://gorsel-linki.com/mardin-sokak.jpg,Karakterlerin at bindiği ve dertleştiği tarihi Mardin sokakları
626,Recep İvedik (film),Film,Komedi,Togan Gökbakar,Faruk Aksoy,2007.0,Özen Film,"Şahan Gökbakar, Fatma Toptaş",170,Balat Sokakları,İstanbul,Fatih,41.031,28.947,"41.031, 28.947",Yüksek,Açık,Cafe-Kültür Gezisi,https://gorsel-linki.com/balat.jpg,İstanbul'un kenar mahallelerinde hayata tutunmaya çalışan kardeşlerin sahneleri
626,Recep İvedik (film),Film,Komedi,Togan Gökbakar,Faruk Aksoy,2007.0,Özen Film,"Şahan Gökbakar, Fatma Toptaş",173,Bebek Sahil Şeridi,İstanbul,Beşiktaş,41.076,29.043,"41.076, 29.043",Çok Yüksek,Açık,"Yürüyüş, Lüks Kafe Kültürü",https://gorsel-linki.com/bebek.jpg,Dizinin dramatik yapısını destekleyen deniz kenarı ve sahil hattı
626,Recep İvedik (film),Film,Komedi,Togan Gökbakar,Faruk Aksoy,2007.0,Özen Film,"Şahan Gökbakar, Fatma Toptaş",222,Levent ve Maslak İş Merkezleri,İstanbul,Beşiktaş,41.077,29.012,"41.077, 29.012",Orta,Açık,Şehir Gezisi,https://gorsel-linki.com/levent.jpg,Şehir merkezi sahneleri ve karakterlerin mücadele alanları
6,49 (film),Film,Aksiyon,Hakan İnan,Mehmet Canpolat,2022.0,CNP Film,"İsmail Hacıoğlu, Hande Doğandemir",83,Gaziantep Kilis Sınır Hattı (Plato),Kilis,Merkez,36.716,37.121,"36.716, 37.121",Düşük,Kısıtlı (Set Alanı),Aksiyon Çekimleri,https://gorsel-linki.com/kilis-sinir.jpg,Musul operasyonu sahneleri için kullanılan Kilis sınır platosu
6,49 (film),Film,Aksiyon,Hakan İnan,Mehmet Canpolat,2022.0,CNP Film,"İsmail Hacıoğlu, Hande Doğandemir",66,Gaziantep Kalesi ve Eski Evler,Gaziantep,Şahinbey,37.066,37.383,"37.066, 37.383",Yüksek,Açık,Tarih Gezisi,https://gorsel-linki.com/antep-kalesi.jpg,Gaziantep çevresindeki aksiyon ve çatışma sekansları
6,49 (film),Film,Aksiyon,Hakan İnan,Mehmet Canpolat,2022.0,CNP Film,"İsmail Hacıoğlu, Hande Doğandemir",266,İstanbul Çağlayan Adliyesi,İstanbul,Kağıthane,41.082,28.981,"41.082, 28.981",Düşük,Kısıtlı (Resmi Kurum),Gözlem,https://gorsel-linki.com/adliye.jpg,Karar alma mekanizmalarının geçtiği Ankara/İstanbul resmi bina çekimleri
510,Kırlangıçlar Susamışsa,Film,Dram,Bilinmiyor,Bilinmiyor,1998.0,Bilinmiyor,Bilinmiyor,67,Gaziantep Tarihi Bakırcılar Çarşısı,Gaziantep,Şahinbey,37.066,37.378,"37.066, 37.378",Çok Yüksek,Açık,"Gastronomi Turu, Alışveriş",https://gorsel-linki.com/bakircilar.jpg,Gaziantep Bakırcılar Çarşısı ve yerel yaşam sahneleri
510,Kırlangıçlar Susamışsa,Film,Dram,Bilinmiyor,Bilinmiyor,1998.0,Bilinmiyor,Bilinmiyor,304,Şanlıurfa Balıklıgöl ve Çevresi,Şanlıurfa,Eyyübiye,37.147,38.784,"37.147, 38.784",Çok Yüksek,Açık,"İnanç Turizmi, Fotoğraf",https://gorsel-linki.com/balikli-gol.jpg,Şanlıurfa'nın manevi atmosferinde geçen hüzünlü sahneler
510,Kırlangıçlar Susamışsa,Film,Dram,Bilinmiyor,Bilinmiyor,1998.0,Bilinmiyor,Bilinmiyor,301,Halfeti (Eski),Şanlıurfa,Halfeti,37.247,37.868,"37.247, 37.868",Çok Yüksek,Kısmi Açık,Tekne Turu,https://gorsel-linki.com/halfeti.jpg,Halfeti sahneleri ve nehir üzerindeki dramatik çekimler
466,Kolpaçino 4 4'lük,Film,Komedi,Kamil Çetin,Polat Yağcı,2023.0,Poll Films,"Şafak Sezer, Aydemir Akbaş",66,Gaziantep Kalesi ve Eski Evler,Gaziantep,Şahinbey,37.066,37.383,"37.066, 37.383",Yüksek,Açık,Tarih Gezisi,https://gorsel-linki.com/antep-kalesi.jpg,Kuzey Irak sahneleri için kullanılan Gaziantep Kalesi ve çevresi
466,Kolpaçino 4 4'lük,Film,Komedi,Kamil Çetin,Polat Yağcı,2023.0,Poll Films,"Şafak Sezer, Aydemir Akbaş",83,Gaziantep Kilis Sınır Hattı (Plato),Kilis,Merkez,36.716,37.121,"36.716, 37.121",Düşük,Kısıtlı (Set Alanı),Aksiyon Çekimleri,https://gorsel-linki.com/kilis-sinir.jpg,Sınır ötesi operasyon ve kamp sahnelerinin çekildiği Kilis/Antep platosu
466,Kolpaçino 4 4'lük,Film,Komedi,Kamil Çetin,Polat Yağcı,2023.0,Poll Films,"Şafak Sezer, Aydemir Akbaş",2,Adana Tren Garı,Adana,Seyhan,36.999,35.321,"36.999, 35.321",Yüksek,Açık,"Mimari Gezi, Ulaşım",https://gorsel-linki.com/adana-gar.jpg,Lojistik ve askeri intikal sahneleri için kullanılan bölgeler
329,Gönülçelen,Dizi,Komedi,Cevdet Mercan Ahmet Katıksız (Yönetmen),Gül Oğuz (Yapımcı),2010.0,Sis Yapım,"Tuba Büyüküstün Cansel Elçin, Onur Saylak",66,Gaziantep Kalesi ve Eski Evler,Gaziantep,Şahinbey,37.066,37.383,"37.066, 37.383",Yüksek,Açık,Tarih Gezisi,https://gorsel-linki.com/antep-kalesi.jpg,Gülperi'nin çocukları için mücadele ettiği Gaziantep mahalleleri
329,Gönülçelen,Dizi,Komedi,Cevdet Mercan Ahmet Katıksız (Yönetmen),Gül Oğuz (Yapımcı),2010.0,Sis Yapım,"Tuba Büyüküstün Cansel Elçin, Onur Saylak",67,Gaziantep Tarihi Bakırcılar Çarşısı,Gaziantep,Şahinbey,37.066,37.378,"37.066, 37.378",Çok Yüksek,Açık,"Gastronomi Turu, Alışveriş",https://gorsel-linki.com/bakircilar.jpg,Antep çarşı sahneleri ve yerel halkla olan etkileşimler
329,Gönülçelen,Dizi,Komedi,Cevdet Mercan Ahmet Katıksız (Yönetmen),Gül Oğuz (Yapımcı),2010.0,Sis Yapım,"Tuba Büyüküstün Cansel Elçin, Onur Saylak",173,Bebek Sahil Şeridi,İstanbul,Beşiktaş,41.076,29.043,"41.076, 29.043",Çok Yüksek,Açık,"Yürüyüş, Lüks Kafe Kültürü",https://gorsel-linki.com/bebek.jpg,Hikayenin İstanbul ayağında geçen adliye ve modern şehir sahneleri
339,Gülperi (dizi),Dizi,Dram,Metin Balekoğlu,Timur Savcı,2018.0,Tims&B,"Nurgül Yeşilçay, Timuçin Esen",66,Gaziantep Kalesi ve Eski Evler,Gaziantep,Şahinbey,37.066,37.383,"37.066, 37.383",Yüksek,Açık,Tarih Gezisi,https://gorsel-linki.com/antep-kalesi.jpg,Kenan ve Zülüf'ün aşkının başladığı tarihi Gaziantep kalesi ve evleri
339,Gülperi (dizi),Dizi,Dram,Metin Balekoğlu,Timur Savcı,2018.0,Tims&B,"Nurgül Yeşilçay, Timuçin Esen",67,Gaziantep Tarihi Bakırcılar Çarşısı,Gaziantep,Şahinbey,37.066,37.378,"37.066, 37.378",Çok Yüksek,Açık,"Gastronomi Turu, Alışveriş",https://gorsel-linki.com/bakircilar.jpg,Aşiretler arası görüşmelerin yapıldığı çarşı ve han sahneleri
339,Gülperi (dizi),Dizi,Dram,Metin Balekoğlu,Timur Savcı,2018.0,Tims&B,"Nurgül Yeşilçay, Timuçin Esen",8,Sarıçam Pamuk Çiftlikleri,Adana,Sarıçam,37.031,35.451,"37.031, 35.451",Orta,Açık,Tarım Turizmi,https://gorsel-linki.com/saricam.jpg,Dramatik yapıyı destekleyen Adana/Antep sınırındaki kırsal alanlar
818,Yok Artık!,Film,Komedi,Caner Özyurtlu,"AC Film, Yıldırım Film, Şebnem Bozoklu",2015.0,dağıtıcı = Bir Film,"Şebnem Bozoklu, Demet Evgar, Çağlar Çorumlu, Erkan Kolçak Köstendil",66,Gaziantep Kalesi ve Eski Evler,Gaziantep,Şahinbey,37.066,37.383,"37.066, 37.383",Yüksek,Açık,Tarih Gezisi,https://gorsel-linki.com/antep-kalesi.jpg,Ece Uslu ve Yavuz Bingöl'ün başrolünde olduğu dizinin ana kalesi ve konağı
818,Yok Artık!,Film,Komedi,Caner Özyurtlu,"AC Film, Yıldırım Film, Şebnem Bozoklu",2015.0,dağıtıcı = Bir Film,"Şebnem Bozoklu, Demet Evgar, Çağlar Çorumlu, Erkan Kolçak Köstendil",8,Sarıçam Pamuk Çiftlikleri,Adana,Sarıçam,37.031,35.451,"37.031, 35.451",Orta,Açık,Tarım Turizmi,https://gorsel-linki.com/saricam.jpg,Sıcak Adana/Antep ovalarında geçen tarla ve at binme sahneleri
818,Yok Artık!,Film,Komedi,Caner Özyurtlu,"AC Film, Yıldırım Film, Şebnem Bozoklu",2015.0,dağıtıcı = Bir Film,"Şebnem Bozoklu, Demet Evgar, Çağlar Çorumlu, Erkan Kolçak Köstendil",170,Balat Sokakları,İstanbul,Fatih,41.031,28.947,"41.031, 28.947",Yüksek,Açık,Cafe-Kültür Gezisi,https://gorsel-linki.com/balat.jpg,Karakterlerin İstanbul maceraları ve hastane sahneleri
417,Kaplanlar Ağlamaz,Film,Macera,Remzi Jöntürk,Hürrem Erman,1978.0,Erman Film,Bilinmiyor,66,Gaziantep Kalesi ve Eski Evler,Gaziantep,Şahinbey,37.066,37.383,"37.066, 37.383",Yüksek,Açık,Tarih Gezisi,https://gorsel-linki.com/antep-kalesi.jpg,Fransız işgaline karşı direnişin geçtiği tarihi Gaziantep platosu
417,Kaplanlar Ağlamaz,Film,Macera,Remzi Jöntürk,Hürrem Erman,1978.0,Erman Film,Bilinmiyor,67,Gaziantep Tarihi Bakırcılar Çarşısı,Gaziantep,Şahinbey,37.066,37.378,"37.066, 37.378",Çok Yüksek,Açık,"Gastronomi Turu, Alışveriş",https://gorsel-linki.com/bakircilar.jpg,Dönemin atmosferini yansıtmak için kullanılan eski çarşılar
417,Kaplanlar Ağlamaz,Film,Macera,Remzi Jöntürk,Hürrem Erman,1978.0,Erman Film,Bilinmiyor,301,Halfeti (Eski),Şanlıurfa,Halfeti,37.247,37.868,"37.247, 37.868",Çok Yüksek,Kısmi Açık,Tekne Turu,https://gorsel-linki.com/halfeti.jpg,Nehir kenarı ve stratejik geçiş noktalarındaki savaş sahneleri
149,Benim Adım Gültepe,Dizi,Dram,Zeynep Günay,Ayşe Durmaz,2014.0,D Productions,"Mete Horozoğlu, Ayça Bingöl",66,Gaziantep Kalesi ve Eski Evler,Gaziantep,Şahinbey,37.066,37.383,"37.066, 37.383",Yüksek,Açık,Tarih Gezisi,https://gorsel-linki.com/antep-kalesi.jpg,Melek ve ailesinin yaşadığı tarihi Antep konağı ve sokakları
149,Benim Adım Gültepe,Dizi,Dram,Zeynep Günay,Ayşe Durmaz,2014.0,D Productions,"Mete Horozoğlu, Ayça Bingöl",67,Gaziantep Tarihi Bakırcılar Çarşısı,Gaziantep,Şahinbey,37.066,37.378,"37.066, 37.378",Çok Yüksek,Açık,"Gastronomi Turu, Alışveriş",https://gorsel-linki.com/bakircilar.jpg,Karakterlerin çarşıdaki dükkanları ve mutfak kültürü sahneleri
149,Benim Adım Gültepe,Dizi,Dram,Zeynep Günay,Ayşe Durmaz,2014.0,D Productions,"Mete Horozoğlu, Ayça Bingöl",173,Bebek Sahil Şeridi,İstanbul,Beşiktaş,41.076,29.043,"41.076, 29.043",Çok Yüksek,Açık,"Yürüyüş, Lüks Kafe Kültürü",https://gorsel-linki.com/bebek.jpg,Melek'in geçmişindeki İstanbul sahneleri ve hastane çekimleri
765,Uykucu,Film,Aksiyon,Can Ulkay,Polat Yağcı,2025.0,Poll Films,"Çağatay Ulusoy, Elçin Sangu",67,Gaziantep Tarihi Bakırcılar Çarşısı,Gaziantep,Şahinbey,37.066,37.378,"37.066, 37.378",Çok Yüksek,Açık,"Gastronomi Turu, Alışveriş",https://gorsel-linki.com/bakircilar.jpg,Baklavacı Kahraman Usta'nın dükkanı ve çarşı sahneleri
765,Uykucu,Film,Aksiyon,Can Ulkay,Polat Yağcı,2025.0,Poll Films,"Çağatay Ulusoy, Elçin Sangu",66,Gaziantep Kalesi ve Eski Evler,Gaziantep,Şahinbey,37.066,37.383,"37.066, 37.383",Yüksek,Açık,Tarih Gezisi,https://gorsel-linki.com/antep-kalesi.jpg,Memik Dede ve ailesinin Antep'teki tarihi evi
765,Uykucu,Film,Aksiyon,Can Ulkay,Polat Yağcı,2025.0,Poll Films,"Çağatay Ulusoy, Elçin Sangu",173,Bebek Sahil Şeridi,İstanbul,Beşiktaş,41.076,29.043,"41.076, 29.043",Çok Yüksek,Açık,"Yürüyüş, Lüks Kafe Kültürü",https://gorsel-linki.com/bebek.jpg,Niko ve Nazlı'nın İstanbul'daki yaşamları ve Boğaz sahneleri
664,Seninki Kaç Para?,Film,Aksiyon,Hakkı Görgülü,Fırat Boran - Fatih Toka,2011.0,Fono Film,"Vatan Şaşmaz, Fulden Akyürek, Melih Oğuzhan, Azer Bülbül, Mustafa Tunay, Gamze Özyol, Hüseyin Akşen, Süleyman Kabaali, Hande Çubuklu, Erdal Hedef, Taner Cindoruk, Mertcan Savcı, Gürkan Demir, , Cemilin Asker Arkadaşi Ayaz Ayazoğlu , , Korkmaz Yalınnkılıç, Kenan Civelek, Uğur Baloğlu",222,Levent ve Maslak İş Merkezleri,İstanbul,Beşiktaş,41.077,29.012,"41.077, 29.012",Orta,Açık,Şehir Gezisi,https://gorsel-linki.com/levent.jpg,İstihbarat operasyonlarının merkezi olan modern İstanbul plazaları
664,Seninki Kaç Para?,Film,Aksiyon,Hakkı Görgülü,Fırat Boran - Fatih Toka,2011.0,Fono Film,"Vatan Şaşmaz, Fulden Akyürek, Melih Oğuzhan, Azer Bülbül, Mustafa Tunay, Gamze Özyol, Hüseyin Akşen, Süleyman Kabaali, Hande Çubuklu, Erdal Hedef, Taner Cindoruk, Mertcan Savcı, Gürkan Demir, , Cemilin Asker Arkadaşi Ayaz Ayazoğlu , , Korkmaz Yalınnkılıç, Kenan Civelek, Uğur Baloğlu",170,Balat Sokakları,İstanbul,Fatih,41.031,28.947,"41.031, 28.947",Yüksek,Açık,Cafe-Kültür Gezisi,https://gorsel-linki.com/balat.jpg,Kovalamaca ve aksiyon sahnelerinin geçtiği tarihi yarımada
664,Seninki Kaç Para?,Film,Aksiyon,Hakkı Görgülü,Fırat Boran - Fatih Toka,2011.0,Fono Film,"Vatan Şaşmaz, Fulden Akyürek, Melih Oğuzhan, Azer Bülbül, Mustafa Tunay, Gamze Özyol, Hüseyin Akşen, Süleyman Kabaali, Hande Çubuklu, Erdal Hedef, Taner Cindoruk, Mertcan Savcı, Gürkan Demir, , Cemilin Asker Arkadaşi Ayaz Ayazoğlu , , Korkmaz Yalınnkılıç, Kenan Civelek, Uğur Baloğlu",32,Antalya EXPO Alanı ve Stüdyolar,Antalya,Aksu,36.936,30.893,"36.936, 30.893",Yüksek,Ziyarete Açık,"Etkinlik, Fotoğrafçılık",https://gorsel-linki.com/expo-antalya.jpg,Yurt dışı atmosferi için kullanılan Antalya plato çekimleri
757,Umut Taksi,Dizi,Dram,Yusuf Kurçenli (8 bölüm) Avni Kütükoğlu (44 bölüm) (Yönetmen),Sami GünayHümmet Lale (Yapımcı),1992.0,Bilinmiyor,"Dilaver Uyanık Yılmaz Erdoğan Ferdi Akarnur Necati Bilgiç Tayfun Çorağan, Nüvit Özdoğru, Ayla Algan",66,Gaziantep Kalesi ve Eski Evler,Gaziantep,Şahinbey,37.066,37.383,"37.066, 37.383",Yüksek,Açık,Tarih Gezisi,https://gorsel-linki.com/antep-kalesi.jpg,Kaan'ın Antep'teki aile evi ve yöresel sahneler
757,Umut Taksi,Dizi,Dram,Yusuf Kurçenli (8 bölüm) Avni Kütükoğlu (44 bölüm) (Yönetmen),Sami GünayHümmet Lale (Yapımcı),1992.0,Bilinmiyor,"Dilaver Uyanık Yılmaz Erdoğan Ferdi Akarnur Necati Bilgiç Tayfun Çorağan, Nüvit Özdoğru, Ayla Algan",173,Bebek Sahil Şeridi,İstanbul,Beşiktaş,41.076,29.043,"41.076, 29.043",Çok Yüksek,Açık,"Yürüyüş, Lüks Kafe Kültürü",https://gorsel-linki.com/bebek.jpg,Ayperi'nin İstanbul'da bebek bakıcılığı yaptığı modern villa
757,Umut Taksi,Dizi,Dram,Yusuf Kurçenli (8 bölüm) Avni Kütükoğlu (44 bölüm) (Yönetmen),Sami GünayHümmet Lale (Yapımcı),1992.0,Bilinmiyor,"Dilaver Uyanık Yılmaz Erdoğan Ferdi Akarnur Necati Bilgiç Tayfun Çorağan, Nüvit Özdoğru, Ayla Algan",170,Balat Sokakları,İstanbul,Fatih,41.031,28.947,"41.031, 28.947",Yüksek,Açık,Cafe-Kültür Gezisi,https://gorsel-linki.com/balat.jpg,İstanbul sokaklarındaki komedi ve aşk sahneleri
772,Vali (film),Film,Dram,M. Çağatay Tosun,Ata Türkoğlu,2008.0,Koliba Film,"Erdal Beşikçioğlu, Uğur Polat, İsmail Hacıoğlu",66,Gaziantep Kalesi ve Eski Evler,Gaziantep,Şahinbey,37.066,37.383,"37.066, 37.383",Yüksek,Açık,Tarih Gezisi,https://gorsel-linki.com/antep-kalesi.jpg,Korhan ailesinin köklerinin bulunduğu Gaziantep sahneleri
772,Vali (film),Film,Dram,M. Çağatay Tosun,Ata Türkoğlu,2008.0,Koliba Film,"Erdal Beşikçioğlu, Uğur Polat, İsmail Hacıoğlu",170,Balat Sokakları,İstanbul,Fatih,41.031,28.947,"41.031, 28.947",Yüksek,Açık,Cafe-Kültür Gezisi,https://gorsel-linki.com/balat.jpg,Ferit ve Seyran'ın yaşadığı İstanbul'daki ihtişamlı yalı (Beylerbeyi/Yeniköy)
772,Vali (film),Film,Dram,M. Çağatay Tosun,Ata Türkoğlu,2008.0,Koliba Film,"Erdal Beşikçioğlu, Uğur Polat, İsmail Hacıoğlu",173,Bebek Sahil Şeridi,İstanbul,Beşiktaş,41.076,29.043,"41.076, 29.043",Çok Yüksek,Açık,"Yürüyüş, Lüks Kafe Kültürü",https://gorsel-linki.com/bebek.jpg,Boğaz hattındaki sosyal yaşam ve gece hayatı sahneleri
576,Nadide Hayat,Film,Dram,Bilinmiyor,Bilinmiyor,2021.0,Bilinmiyor,Bilinmiyor,146,Fırtına Deresi ve Taş Köprüler,Rize,Ardeşen,41.192,41.002,"41.192, 41.002",Çok Yüksek,Açık,"Rafting, Kültür Turu",https://gorsel-linki.com/firtina.jpg,Fırtına Deresi çevresindeki ekolojik ve politik tartışma sahneleri
576,Nadide Hayat,Film,Dram,Bilinmiyor,Bilinmiyor,2021.0,Bilinmiyor,Bilinmiyor,153,Sümela Manastırı ve Altındere Vadisi,Trabzon,Maçka,40.69,39.658,"40.690, 39.658",Çok Yüksek,Müze/Açık,"Kültür Turu, Fotoğraf",https://gorsel-linki.com/sumela.jpg,Sümela Manastırı yolu ve Karadeniz'in turistik bölgeleri
576,Nadide Hayat,Film,Dram,Bilinmiyor,Bilinmiyor,2021.0,Bilinmiyor,Bilinmiyor,264,Üsküdar İskelesi ve Çevresi,İstanbul,Üsküdar,41.027,29.015,"41.027, 29.015",Çok Yüksek,Açık,"Vapur Gezisi, Manzara",https://gorsel-linki.com/uskudar.jpg,İstanbul'daki belgesel çekimi ve röportaj sahneleri
124,Bal (film),Film,Dram,Semih Kaplanoğlu,Semih Kaplanoğlu,2010.0,Kaplan Film,"Erdal Beşikçioğlu, Bora Altaş",43,Artvin Maçahel Yaylası,Artvin,Borçka,41.428,41.921,"41.428, 41.921",Yüksek,Açık (Mevsimlik),"Eko-Turizm, Arıcılık",https://gorsel-linki.com/macahel.jpg,Yusuf ve babasının arıcılık yaptığı Maçahel'in derin ormanları
124,Bal (film),Film,Dram,Semih Kaplanoğlu,Semih Kaplanoğlu,2010.0,Kaplan Film,"Erdal Beşikçioğlu, Bora Altaş",44,Borçka Karagöl,Artvin,Borçka,41.385,41.851,"41.385, 41.851",Çok Yüksek,Açık,"Doğa Fotoğrafçılığı, Kamp",https://gorsel-linki.com/karagol.jpg,"Borçka ve çevresindeki sisli, dramatik doğa çekimleri"
124,Bal (film),Film,Dram,Semih Kaplanoğlu,Semih Kaplanoğlu,2010.0,Kaplan Film,"Erdal Beşikçioğlu, Bora Altaş",148,Çamlıhemşin Konakları,Rize,Çamlıhemşin,41.045,41.062,"41.045, 41.062",Çok Yüksek,Açık,Yayla Turizmi,https://gorsel-linki.com/rize-konak.jpg,Bölgedeki eski ahşap yayla evleri ve okul sahneleri
675,Sevgi Oyunu,Dizi,Komedi,Oksal Pekmezoğlu,Erdal Eriş,2005.0,Bop Ajans,"Aydan Şener, Zehra Alptürk",45,Hopa Sahil Şeridi,Artvin,Hopa,41.408,41.432,"41.408, 41.432",Orta,Açık,Yol Üstü Dinlenme,https://gorsel-linki.com/hopa.jpg,Yusuf'un cezaevinden döndüğü Hopa sahil sahneleri
675,Sevgi Oyunu,Dizi,Komedi,Oksal Pekmezoğlu,Erdal Eriş,2005.0,Bop Ajans,"Aydan Şener, Zehra Alptürk",43,Artvin Maçahel Yaylası,Artvin,Borçka,41.428,41.921,"41.428, 41.921",Yüksek,Açık (Mevsimlik),"Eko-Turizm, Arıcılık",https://gorsel-linki.com/macahel.jpg,Artvin'in sarp yaylalarındaki hüzünlü ve karlı kış çekimleri
675,Sevgi Oyunu,Dizi,Komedi,Oksal Pekmezoğlu,Erdal Eriş,2005.0,Bop Ajans,"Aydan Şener, Zehra Alptürk",146,Fırtına Deresi ve Taş Köprüler,Rize,Ardeşen,41.192,41.002,"41.192, 41.002",Çok Yüksek,Açık,"Rafting, Kültür Turu",https://gorsel-linki.com/firtina.jpg,Rize-Artvin hattındaki doğa ve yol sahneleri
139,Bekçiler Kralı,Film,Macera,Osman F. Seden,"Memduh Ün, Fatma Girik",1979.0,Uğur Film,"Kemal Sunal, Semra Türel , Reha Yurdakul, Hakkı Kıvanç, Alpay İzer, Yaşar Şener, Mustafa Yavuz, Ahmet Turgutlu, Çetin Tolbas, Baki Tamer",170,Balat Sokakları,İstanbul,Fatih,41.031,28.947,"41.031, 28.947",Yüksek,Açık,Cafe-Kültür Gezisi,https://gorsel-linki.com/balat.jpg,Cezayir Türk'ün İstanbul'daki yeraltı dünyası ve aile sahneleri
139,Bekçiler Kralı,Film,Macera,Osman F. Seden,"Memduh Ün, Fatma Girik",1979.0,Uğur Film,"Kemal Sunal, Semra Türel , Reha Yurdakul, Hakkı Kıvanç, Alpay İzer, Yaşar Şener, Mustafa Yavuz, Ahmet Turgutlu, Çetin Tolbas, Baki Tamer",264,Üsküdar İskelesi ve Çevresi,İstanbul,Üsküdar,41.027,29.015,"41.027, 29.015",Çok Yüksek,Açık,"Vapur Gezisi, Manzara",https://gorsel-linki.com/uskudar.jpg,Deniz kenarındaki gizli buluşma ve operasyon noktaları
139,Bekçiler Kralı,Film,Macera,Osman F. Seden,"Memduh Ün, Fatma Girik",1979.0,Uğur Film,"Kemal Sunal, Semra Türel , Reha Yurdakul, Hakkı Kıvanç, Alpay İzer, Yaşar Şener, Mustafa Yavuz, Ahmet Turgutlu, Çetin Tolbas, Baki Tamer",31,Alanya Çiçek Bahçeleri ve Kalesi,Antalya,Alanya,36.544,31.991,"36.544, 31.991",Çok Yüksek,Açık,"Manzara İzleme, Tarih Turu",https://gorsel-linki.com/alanya.jpg,Muğla ve çevresindeki bazı dış mekan aksiyon çekimleri
101,"Aşk Yeniden (dizi, 2015)",Dizi,Komedi,Ersoy Güler,İnci Gündoğdu,2015.0,Süreç Film,"Özge Özpirinçci, Buğra Gülsoy",148,Çamlıhemşin Konakları,Rize,Çamlıhemşin,41.045,41.062,"41.045, 41.062",Çok Yüksek,Açık,Yayla Turizmi,https://gorsel-linki.com/rize-konak.jpg,Zeynep ve Fatih'in Rize'deki kaçış ve aile sahneleri
101,"Aşk Yeniden (dizi, 2015)",Dizi,Komedi,Ersoy Güler,İnci Gündoğdu,2015.0,Süreç Film,"Özge Özpirinçci, Buğra Gülsoy",173,Bebek Sahil Şeridi,İstanbul,Beşiktaş,41.076,29.043,"41.076, 29.043",Çok Yüksek,Açık,"Yürüyüş, Lüks Kafe Kültürü",https://gorsel-linki.com/bebek.jpg,Şekercizade ailesinin İstanbul'daki lüks köşkü ve Boğaz sahneleri
101,"Aşk Yeniden (dizi, 2015)",Dizi,Komedi,Ersoy Güler,İnci Gündoğdu,2015.0,Süreç Film,"Özge Özpirinçci, Buğra Gülsoy",170,Balat Sokakları,İstanbul,Fatih,41.031,28.947,"41.031, 28.947",Yüksek,Açık,Cafe-Kültür Gezisi,https://gorsel-linki.com/balat.jpg,Karakterlerin İstanbul'daki mahalle ve çarşı maceraları
638,Rüzgarlar (film),Film,Dram,Selim Evci,Selim Evci,2012.0,Evci Film,"Mediha Didem Türemen , Yusuf Nejat Buluz , Rüçhan Çalışkur, Zeynep Gülmez",146,Fırtına Deresi ve Taş Köprüler,Rize,Ardeşen,41.192,41.002,"41.192, 41.002",Çok Yüksek,Açık,"Rafting, Kültür Turu",https://gorsel-linki.com/firtina.jpg,Nefes ve Tahir'in Fırtına Deresi kenarındaki aksiyon ve dram sahneleri
638,Rüzgarlar (film),Film,Dram,Selim Evci,Selim Evci,2012.0,Evci Film,"Mediha Didem Türemen , Yusuf Nejat Buluz , Rüçhan Çalışkur, Zeynep Gülmez",148,Çamlıhemşin Konakları,Rize,Çamlıhemşin,41.045,41.062,"41.045, 41.062",Çok Yüksek,Açık,Yayla Turizmi,https://gorsel-linki.com/rize-konak.jpg,Kaleli ailesinin yaşadığı tarihi Karadeniz konağı ve yaylalar
638,Rüzgarlar (film),Film,Dram,Selim Evci,Selim Evci,2012.0,Evci Film,"Mediha Didem Türemen , Yusuf Nejat Buluz , Rüçhan Çalışkur, Zeynep Gülmez",147,Rize Kalesi ve Panoramik Tepeler,Rize,Merkez,41.026,40.518,"41.026, 40.518",Yüksek,Açık,"Manzara İzleme, Çay Keyfi",https://gorsel-linki.com/rize-kale.jpg,Şehir merkezi sahneleri ve Rize sahil şeridi
783,Vuslat,Dizi,Aksiyon,Murat Onbul (1-2)Barış Yöş (3-44) (Yönetmen),Uğur VeliRaif İnan (Yapımcı),2019.0,A23 Medya,"Kadir Doğulu, Devrim Özkan, Mehmet Özgür, Ümit Kantarcılar",143,Ordu Boztepe ve Teleferik Hattı,Ordu,Altınordu,40.985,37.868,"40.985, 37.868",Çok Yüksek,Açık,"Yamaç Paraşütü, Seyir",https://gorsel-linki.com/boztepe.jpg,Gül'ün memleketi olan Ordu sahneleri ve Boztepe manzaraları
783,Vuslat,Dizi,Aksiyon,Murat Onbul (1-2)Barış Yöş (3-44) (Yönetmen),Uğur VeliRaif İnan (Yapımcı),2019.0,A23 Medya,"Kadir Doğulu, Devrim Özkan, Mehmet Özgür, Ümit Kantarcılar",173,Bebek Sahil Şeridi,İstanbul,Beşiktaş,41.076,29.043,"41.076, 29.043",Çok Yüksek,Açık,"Yürüyüş, Lüks Kafe Kültürü",https://gorsel-linki.com/bebek.jpg,İstanbul'daki müzik prodüksiyon merkezi ve modern şehir hayatı
783,Vuslat,Dizi,Aksiyon,Murat Onbul (1-2)Barış Yöş (3-44) (Yönetmen),Uğur VeliRaif İnan (Yapımcı),2019.0,A23 Medya,"Kadir Doğulu, Devrim Özkan, Mehmet Özgür, Ümit Kantarcılar",222,Levent ve Maslak İş Merkezleri,İstanbul,Beşiktaş,41.077,29.012,"41.077, 29.012",Orta,Açık,Şehir Gezisi,https://gorsel-linki.com/levent.jpg,Plaza ve ofis sahnelerinin çekildiği Beşiktaş-Levent hattı
192,Bizim Hikaye,Dizi,Komedi,Serdar Gözelekli(1-37)Koray Kerimoğlu(38-70) (Yönetmen),Fatih Aksoy (Yapımcı),2017.0,Medyapım,"Hazal Kaya Burak Deniz Reha Özcan Yağız Can Konyalı, Mehmet Korhan Fırat, Mehmetcan Mincinozlu Sahra Şaş, Nejat Uygur",146,Fırtına Deresi ve Taş Köprüler,Rize,Ardeşen,41.192,41.002,"41.192, 41.002",Çok Yüksek,Açık,"Rafting, Kültür Turu",https://gorsel-linki.com/firtina.jpg,HES karşıtı protestoların ve nehir kenarındaki komik sahnelerin geçtiği vadi
192,Bizim Hikaye,Dizi,Komedi,Serdar Gözelekli(1-37)Koray Kerimoğlu(38-70) (Yönetmen),Fatih Aksoy (Yapımcı),2017.0,Medyapım,"Hazal Kaya Burak Deniz Reha Özcan Yağız Can Konyalı, Mehmet Korhan Fırat, Mehmetcan Mincinozlu Sahra Şaş, Nejat Uygur",148,Çamlıhemşin Konakları,Rize,Çamlıhemşin,41.045,41.062,"41.045, 41.062",Çok Yüksek,Açık,Yayla Turizmi,https://gorsel-linki.com/rize-konak.jpg,Köy meydanı ve yerel halkın toplandığı tarihi mekanlar
192,Bizim Hikaye,Dizi,Komedi,Serdar Gözelekli(1-37)Koray Kerimoğlu(38-70) (Yönetmen),Fatih Aksoy (Yapımcı),2017.0,Medyapım,"Hazal Kaya Burak Deniz Reha Özcan Yağız Can Konyalı, Mehmet Korhan Fırat, Mehmetcan Mincinozlu Sahra Şaş, Nejat Uygur",145,Ambarlı Yaylası,Rize,Çamlıhemşin,40.912,41.055,"40.912, 41.055",Orta,Açık (Mevsimlik),Doğa Fotoğrafçılığı,https://gorsel-linki.com/ambarli.jpg,Yayladaki hayvancılık ve doğa yaşamı kesitleri
798,Yaralı Kuşlar,Dizi,Dram,Yasemin ErkulEce Tahtalıoğlu Pertez (Yönetmen),İnal Gülen Oarr (Yapımcı),2019.0,Stellar Yapım,"Gizem Arıkan, Emre Mete Sönmez, Ali Yasin Özegemen, Ayşen İnci, Özgür Özberk, Elif Erol, Melis Cemre Çınar",16,Demirtepe ve Ankara Tren Yolları,Ankara,Çankaya,39.928,32.845,"39.928, 32.845",Düşük,Açık,Tren Yolculuğu,https://gorsel-linki.com/ankara-tren.jpg,Kasvetli ve zamansız bir atmosfer için seçilen Ankara/İç Anadolu tren yolları
798,Yaralı Kuşlar,Dizi,Dram,Yasemin ErkulEce Tahtalıoğlu Pertez (Yönetmen),İnal Gülen Oarr (Yapımcı),2019.0,Stellar Yapım,"Gizem Arıkan, Emre Mete Sönmez, Ali Yasin Özegemen, Ayşen İnci, Özgür Özberk, Elif Erol, Melis Cemre Çınar",73,Barla Dağları (Karabel Mevkii),Isparta,Eğirdir,38.012,30.725,"38.012, 30.725",Düşük,Kısıtlı (Zorlu Arazi),Doğa Yürüyüşü,https://gorsel-linki.com/barla.jpg,"Isparta ve çevresindeki ıssız, dramatik doğa çekimleri"
798,Yaralı Kuşlar,Dizi,Dram,Yasemin ErkulEce Tahtalıoğlu Pertez (Yönetmen),İnal Gülen Oarr (Yapımcı),2019.0,Stellar Yapım,"Gizem Arıkan, Emre Mete Sönmez, Ali Yasin Özegemen, Ayşen İnci, Özgür Özberk, Elif Erol, Melis Cemre Çınar",97,Mardin Eski Şehir,Mardin,Artuklu,37.312,40.735,"37.312, 40.735",Çok Yüksek,Açık,Mimari Fotoğrafçılık,https://gorsel-linki.com/mardin.jpg,Mardin ve çevresindeki taş yapıların dış mekan görüntüleri
577,Ne Olacak Şimdi,Film,Komedi,Atıf Yılmaz,Nahit Ataman,1979.0,Arzu Film,"Nevra Serezli, Şener Şen, Levent Kırca, Perran Kutman",154,Sürmene Köyleri ve Yaylaları,Trabzon,Sürmene,40.91,40.118,"40.910, 40.118",Yüksek,Açık,"Doğa Fotoğrafçılığı, Gastronomi",https://gorsel-linki.com/surmene.jpg,Oflu Hoca'nın başkanlık yarışı ve Trabzon sokaklarındaki maceraları
577,Ne Olacak Şimdi,Film,Komedi,Atıf Yılmaz,Nahit Ataman,1979.0,Arzu Film,"Nevra Serezli, Şener Şen, Levent Kırca, Perran Kutman",153,Sümela Manastırı ve Altındere Vadisi,Trabzon,Maçka,40.69,39.658,"40.690, 39.658",Çok Yüksek,Müze/Açık,"Kültür Turu, Fotoğraf",https://gorsel-linki.com/sumela.jpg,Sümela Manastırı çevresindeki turistik ve komik sahneler
577,Ne Olacak Şimdi,Film,Komedi,Atıf Yılmaz,Nahit Ataman,1979.0,Arzu Film,"Nevra Serezli, Şener Şen, Levent Kırca, Perran Kutman",140,Ürgüp Şehir Merkezi,Nevşehir,Ürgüp,38.63,34.912,"38.630, 34.912",Çok Yüksek,Açık,"Alışveriş, Kültür Turu",https://gorsel-linki.com/urgup.jpg,Şehir içi çarşı ve pazar çekimleri
442,Kayıp,Dizi,Gerilim/Suç,Zeynep Günay (Yönetmen),Ayşe Durmaz (Yapımcı),2013.0,D Productions,Mete Horozoğlu Aslı Enver İlker Kaleli Kaan Taşaner Dolunay Soysert,151,Maçka Köprüyanı Köyü (Eren Bülbül Mevkii),Trabzon,Maçka,40.712,39.605,"40.712, 39.605",Yüksek (Anıt),Açık,"Ziyaret, Anma",https://gorsel-linki.com/macka-eren.jpg,Eren Bülbül'ün gerçek yaşam alanı olan Maçka ve çatışma sahneleri
442,Kayıp,Dizi,Gerilim/Suç,Zeynep Günay (Yönetmen),Ayşe Durmaz (Yapımcı),2013.0,D Productions,Mete Horozoğlu Aslı Enver İlker Kaleli Kaan Taşaner Dolunay Soysert,155,Vazelon Manastırı ve Çevresi,Trabzon,Maçka,40.758,39.585,"40.758, 39.585",Yüksek,Kısmi Açık,Doğa Yürüyüşü,https://gorsel-linki.com/vazelon.jpg,Bölgenin sarp ve engebeli arazisindeki operasyon sahneleri
442,Kayıp,Dizi,Gerilim/Suç,Zeynep Günay (Yönetmen),Ayşe Durmaz (Yapımcı),2013.0,D Productions,Mete Horozoğlu Aslı Enver İlker Kaleli Kaan Taşaner Dolunay Soysert,153,Sümela Manastırı ve Altındere Vadisi,Trabzon,Maçka,40.69,39.658,"40.690, 39.658",Çok Yüksek,Müze/Açık,"Kültür Turu, Fotoğraf",https://gorsel-linki.com/sumela.jpg,Trabzon genelindeki dramatik ve biyografik dış çekimler
711,Sıla,Dizi,Aksiyon,Yasin UsluGül Oğuz (Yönetmen),Nezihe Dikilitaş (Yapımcı),2006.0,Fm YapımMost Production,"Cansu Dere, Mehmet Âkif Alakurt, Zeynep Eronat, Menderes Samancılar, Devrim Saltoğlu",154,Sürmene Köyleri ve Yaylaları,Trabzon,Sürmene,40.91,40.118,"40.910, 40.118",Yüksek,Açık,"Doğa Fotoğrafçılığı, Gastronomi",https://gorsel-linki.com/surmene.jpg,Trabzon köylerindeki yerel halkın samimi hikayeleri ve tarla sahneleri
711,Sıla,Dizi,Aksiyon,Yasin UsluGül Oğuz (Yönetmen),Nezihe Dikilitaş (Yapımcı),2006.0,Fm YapımMost Production,"Cansu Dere, Mehmet Âkif Alakurt, Zeynep Eronat, Menderes Samancılar, Devrim Saltoğlu",140,Ürgüp Şehir Merkezi,Nevşehir,Ürgüp,38.63,34.912,"38.630, 34.912",Çok Yüksek,Açık,"Alışveriş, Kültür Turu",https://gorsel-linki.com/urgup.jpg,Ürgüp benzeri taşra kasabası sahneleri ve sokak çekimleri
711,Sıla,Dizi,Aksiyon,Yasin UsluGül Oğuz (Yönetmen),Nezihe Dikilitaş (Yapımcı),2006.0,Fm YapımMost Production,"Cansu Dere, Mehmet Âkif Alakurt, Zeynep Eronat, Menderes Samancılar, Devrim Saltoğlu",146,Fırtına Deresi ve Taş Köprüler,Rize,Ardeşen,41.192,41.002,"41.192, 41.002",Çok Yüksek,Açık,"Rafting, Kültür Turu",https://gorsel-linki.com/firtina.jpg,Doğa ile iç içe geçen çocukluk ve gençlik sahneleri
682,Sihirli Safiye,Dizi,Fantastik,Yavuz Figenli (Yönetmen),Rönan Çırpıcı (Yapımcı),1990.0,| dağıtıcı =,Seden Kızıltunç Oğuz Oktay Ayben Erman Şerif Arslan Fatoş Kara,153,Sümela Manastırı ve Altındere Vadisi,Trabzon,Maçka,40.69,39.658,"40.690, 39.658",Çok Yüksek,Müze/Açık,"Kültür Turu, Fotoğraf",https://gorsel-linki.com/sumela.jpg,Temel'in define aradığı Sümela Manastırı ve gizli geçit sahneleri
682,Sihirli Safiye,Dizi,Fantastik,Yavuz Figenli (Yönetmen),Rönan Çırpıcı (Yapımcı),1990.0,| dağıtıcı =,Seden Kızıltunç Oğuz Oktay Ayben Erman Şerif Arslan Fatoş Kara,154,Sürmene Köyleri ve Yaylaları,Trabzon,Sürmene,40.91,40.118,"40.910, 40.118",Yüksek,Açık,"Doğa Fotoğrafçılığı, Gastronomi",https://gorsel-linki.com/surmene.jpg,Trabzonspor ve taraftar sahnelerinin geçtiği şehir içi noktalar
682,Sihirli Safiye,Dizi,Fantastik,Yavuz Figenli (Yönetmen),Rönan Çırpıcı (Yapımcı),1990.0,| dağıtıcı =,Seden Kızıltunç Oğuz Oktay Ayben Erman Şerif Arslan Fatoş Kara,146,Fırtına Deresi ve Taş Köprüler,Rize,Ardeşen,41.192,41.002,"41.192, 41.002",Çok Yüksek,Açık,"Rafting, Kültür Turu",https://gorsel-linki.com/firtina.jpg,Rize ve çevresindeki nehir kenarı komedi sekansları
578,Nefes Nefese (dizi),Dizi,Aksiyon,Aydın Bulut,Erol Avcı,2018.0,TMC Film,"Şükrü Özyıldız, Melisa Şenolsun",154,Sürmene Köyleri ve Yaylaları,Trabzon,Sürmene,40.91,40.118,"40.910, 40.118",Yüksek,Açık,"Doğa Fotoğrafçılığı, Gastronomi",https://gorsel-linki.com/surmene.jpg,Oflu Hoca'nın maceralarının geçtiği Sürmene ve Trabzon köyleri
578,Nefes Nefese (dizi),Dizi,Aksiyon,Aydın Bulut,Erol Avcı,2018.0,TMC Film,"Şükrü Özyıldız, Melisa Şenolsun",140,Ürgüp Şehir Merkezi,Nevşehir,Ürgüp,38.63,34.912,"38.630, 34.912",Çok Yüksek,Açık,"Alışveriş, Kültür Turu",https://gorsel-linki.com/urgup.jpg,Karakterlerin şehirler arası yolculuk ve dış çekim sahneleri
578,Nefes Nefese (dizi),Dizi,Aksiyon,Aydın Bulut,Erol Avcı,2018.0,TMC Film,"Şükrü Özyıldız, Melisa Şenolsun",170,Balat Sokakları,İstanbul,Fatih,41.031,28.947,"41.031, 28.947",Yüksek,Açık,Cafe-Kültür Gezisi,https://gorsel-linki.com/balat.jpg,İstanbul bağlantılı komedi sekansları
786,Yabancı Damat,Dizi,Komedi,Yağmur Taylan,Türker İnanoğlu,2004.0,Erler Film,"Erdal Özyağcılar, Sumru Yavrucuk",239,Sirkeci Garı ve Çevresi,İstanbul,Fatih,41.014,28.977,"41.014, 28.977",Çok Yüksek,Açık,"Tarih Gezisi, Fotoğraf",https://gorsel-linki.com/sirkeci.jpg,Karakterlerin Almanya-Türkiye arası geçiş noktası olan Sirkeci ve çevresi
786,Yabancı Damat,Dizi,Komedi,Yağmur Taylan,Türker İnanoğlu,2004.0,Erler Film,"Erdal Özyağcılar, Sumru Yavrucuk",264,Üsküdar İskelesi ve Çevresi,İstanbul,Üsküdar,41.027,29.015,"41.027, 29.015",Çok Yüksek,Açık,"Vapur Gezisi, Manzara",https://gorsel-linki.com/uskudar.jpg,İstanbul'un kaotik ve duygusal atmosferini yansıtan sokak çekimleri
786,Yabancı Damat,Dizi,Komedi,Yağmur Taylan,Türker İnanoğlu,2004.0,Erler Film,"Erdal Özyağcılar, Sumru Yavrucuk",35,Antalya Yat Limanı (Kaleiçi),Antalya,Muratpaşa,36.884,30.703,"36.884, 30.703",Çok Yüksek,Açık,"Tekne Turu, Tarihi Gezi",https://gorsel-linki.com/antalya-yat-limani.jpg,Antalya sahneleri ve deniz kenarı hesaplaşmaları
547,"Medea (film, 1969)",Film,Fantastik,Pier Paolo Pasolini,Franco Rossellini,1969.0,San Marco,"Maria Callas, Massimo Girotti",154,Sürmene Köyleri ve Yaylaları,Trabzon,Sürmene,40.91,40.118,"40.910, 40.118",Yüksek,Açık,"Doğa Fotoğrafçılığı, Gastronomi",https://gorsel-linki.com/surmene.jpg,Temel'in Trabzon'daki evi ve mahalle sahneleri
547,"Medea (film, 1969)",Film,Fantastik,Pier Paolo Pasolini,Franco Rossellini,1969.0,San Marco,"Maria Callas, Massimo Girotti",2,Adana Tren Garı,Adana,Seyhan,36.999,35.321,"36.999, 35.321",Yüksek,Açık,"Mimari Gezi, Ulaşım",https://gorsel-linki.com/adana-gar.jpg,Rusya yolculuğu öncesi ulaşım ve hazırlık çekimleri
547,"Medea (film, 1969)",Film,Fantastik,Pier Paolo Pasolini,Franco Rossellini,1969.0,San Marco,"Maria Callas, Massimo Girotti",170,Balat Sokakları,İstanbul,Fatih,41.031,28.947,"41.031, 28.947",Yüksek,Açık,Cafe-Kültür Gezisi,https://gorsel-linki.com/balat.jpg,Şehir içi aksiyon ve komedi sahneleri
705,Süpermenler,Film,Bilim Kurgu,Italo Martinenghi,"Türker İnanoğlu, Italo Martinenghi, Aldo Sambrell",1979.0,"Erler Film , Cinesecolo , Asbrell Productions , Barbatoja Film",müzik = Ennio Morricone,170,Balat Sokakları,İstanbul,Fatih,41.031,28.947,"41.031, 28.947",Yüksek,Açık,Cafe-Kültür Gezisi,https://gorsel-linki.com/balat.jpg,Dizinin ana merkezi olan tarihi İstanbul mahalleleri
705,Süpermenler,Film,Bilim Kurgu,Italo Martinenghi,"Türker İnanoğlu, Italo Martinenghi, Aldo Sambrell",1979.0,"Erler Film , Cinesecolo , Asbrell Productions , Barbatoja Film",müzik = Ennio Morricone,173,Bebek Sahil Şeridi,İstanbul,Beşiktaş,41.076,29.043,"41.076, 29.043",Çok Yüksek,Açık,"Yürüyüş, Lüks Kafe Kültürü",https://gorsel-linki.com/bebek.jpg,Boğaz hattı ve deniz kenarındaki dramatik sahneler
705,Süpermenler,Film,Bilim Kurgu,Italo Martinenghi,"Türker İnanoğlu, Italo Martinenghi, Aldo Sambrell",1979.0,"Erler Film , Cinesecolo , Asbrell Productions , Barbatoja Film",müzik = Ennio Morricone,222,Levent ve Maslak İş Merkezleri,İstanbul,Beşiktaş,41.077,29.012,"41.077, 29.012",Orta,Açık,Şehir Gezisi,https://gorsel-linki.com/levent.jpg,Karakterlerin iş hayatı ve modern şehir sahneleri
413,Kanıt,Dizi,Gerilim/Suç,Biray Dalkıran (Yönetmen),Abdullah Oğuz (Yapımcı),2010.0,ANS Productions,"Sevil Atasoy, Engin Benli, Deniz Celiloğlu",178,Beykoz Adliyesi ve Eski Sokaklar,İstanbul,Beykoz,41.132,29.091,"41.132, 29.091",Orta,Açık,Tarihi Şehir Gezisi,https://gorsel-linki.com/beykoz-sokak.jpg,Mahir Kara'nın mahallesini temsil eden Beykoz ve çevresi
413,Kanıt,Dizi,Gerilim/Suç,Biray Dalkıran (Yönetmen),Abdullah Oğuz (Yapımcı),2010.0,ANS Productions,"Sevil Atasoy, Engin Benli, Deniz Celiloğlu",266,İstanbul Çağlayan Adliyesi,İstanbul,Kağıthane,41.082,28.981,"41.082, 28.981",Düşük,Kısıtlı (Resmi Kurum),Gözlem,https://gorsel-linki.com/adliye.jpg,Dönemin adliye atmosferini yansıtan tarihi binalar
413,Kanıt,Dizi,Gerilim/Suç,Biray Dalkıran (Yönetmen),Abdullah Oğuz (Yapımcı),2010.0,ANS Productions,"Sevil Atasoy, Engin Benli, Deniz Celiloğlu",170,Balat Sokakları,İstanbul,Fatih,41.031,28.947,"41.031, 28.947",Yüksek,Açık,Cafe-Kültür Gezisi,https://gorsel-linki.com/balat.jpg,1970'lerin İstanbul'unu yansıtan Balat ve Beyoğlu arka sokakları
699,Suskunlar,Dizi,Gerilim/Suç,Umur Turagay (1) Çağatay Tosun (2-16) Çağrı Vila Lostuvalı (17-28)Hatice Memiş (17-28) (Yönetmen),Timur Savcı (Yapımcı),2012.0,Tims&B Productions,"Murat Yıldırım, Sarp Akkaya, Güven Murat Akpınar, Aslı Enver Berk Hakman, Pelin Akil",146,Fırtına Deresi ve Taş Köprüler,Rize,Ardeşen,41.192,41.002,"41.192, 41.002",Çok Yüksek,Açık,"Rafting, Kültür Turu",https://gorsel-linki.com/firtina.jpg,Fadime'nin Rize'den İstanbul'a uzanan hikayesinin Karadeniz sahneleri
699,Suskunlar,Dizi,Gerilim/Suç,Umur Turagay (1) Çağatay Tosun (2-16) Çağrı Vila Lostuvalı (17-28)Hatice Memiş (17-28) (Yönetmen),Timur Savcı (Yapımcı),2012.0,Tims&B Productions,"Murat Yıldırım, Sarp Akkaya, Güven Murat Akpınar, Aslı Enver Berk Hakman, Pelin Akil",219,Kuzguncuk Evleri,İstanbul,Üsküdar,41.037,29.03,"41.037, 29.030",Yüksek,Açık,"Fotoğrafçılık, Nostalji Gezisi",https://gorsel-linki.com/kuzguncuk.jpg,Fadime ve ailesinin İstanbul'da yerleştiği samimi mahalle
699,Suskunlar,Dizi,Gerilim/Suç,Umur Turagay (1) Çağatay Tosun (2-16) Çağrı Vila Lostuvalı (17-28)Hatice Memiş (17-28) (Yönetmen),Timur Savcı (Yapımcı),2012.0,Tims&B Productions,"Murat Yıldırım, Sarp Akkaya, Güven Murat Akpınar, Aslı Enver Berk Hakman, Pelin Akil",173,Bebek Sahil Şeridi,İstanbul,Beşiktaş,41.076,29.043,"41.076, 29.043",Çok Yüksek,Açık,"Yürüyüş, Lüks Kafe Kültürü",https://gorsel-linki.com/bebek.jpg,Beşiktaş ve çevresindeki romantik komedi sahneleri
301,Fatmagül'ün Suçu Ne?,Dizi,Dram,Hilal Saral (Yönetmen),Kerem Çatay (Yapımcı),2010.0,Ay Yapım,"Beren Saat, Engin Akyürek",148,Çamlıhemşin Konakları,Rize,Çamlıhemşin,41.045,41.062,"41.045, 41.062",Çok Yüksek,Açık,Yayla Turizmi,https://gorsel-linki.com/rize-konak.jpg,Ali ve Zeynep'in aşkının geçtiği Çamlıhemşin ve Fırtına Deresi
301,Fatmagül'ün Suçu Ne?,Dizi,Dram,Hilal Saral (Yönetmen),Kerem Çatay (Yapımcı),2010.0,Ay Yapım,"Beren Saat, Engin Akyürek",146,Fırtına Deresi ve Taş Köprüler,Rize,Ardeşen,41.192,41.002,"41.192, 41.002",Çok Yüksek,Açık,"Rafting, Kültür Turu",https://gorsel-linki.com/firtina.jpg,Rafting ve nehir kenarındaki eğlenceli atışma sahneleri
301,Fatmagül'ün Suçu Ne?,Dizi,Dram,Hilal Saral (Yönetmen),Kerem Çatay (Yapımcı),2010.0,Ay Yapım,"Beren Saat, Engin Akyürek",154,Sürmene Köyleri ve Yaylaları,Trabzon,Sürmene,40.91,40.118,"40.910, 40.118",Yüksek,Açık,"Doğa Fotoğrafçılığı, Gastronomi",https://gorsel-linki.com/surmene.jpg,Genel Karadeniz doğası ve yayla çekimleri
870,"Öksüzler (film, 1973)",Film,Dram,Ertem Göreç,Berker İnanoğlu,1973.0,dağıtıcı =,seslendiren =,173,Bebek Sahil Şeridi,İstanbul,Beşiktaş,41.076,29.043,"41.076, 29.043",Çok Yüksek,Açık,"Yürüyüş, Lüks Kafe Kültürü",https://gorsel-linki.com/bebek.jpg,Aras Teknoloji ofisi ve modern İstanbul manzaralı çekimler
870,"Öksüzler (film, 1973)",Film,Dram,Ertem Göreç,Berker İnanoğlu,1973.0,dağıtıcı =,seslendiren =,222,Levent ve Maslak İş Merkezleri,İstanbul,Beşiktaş,41.077,29.012,"41.077, 29.012",Orta,Açık,Şehir Gezisi,https://gorsel-linki.com/levent.jpg,Şehir içindeki plazalar ve lüks mekan sahneleri
870,"Öksüzler (film, 1973)",Film,Dram,Ertem Göreç,Berker İnanoğlu,1973.0,dağıtıcı =,seslendiren =,148,Çamlıhemşin Konakları,Rize,Çamlıhemşin,41.045,41.062,"41.045, 41.062",Çok Yüksek,Açık,Yayla Turizmi,https://gorsel-linki.com/rize-konak.jpg,Karakterlerin memleketlerine yaptıkları Karadeniz yolculukları
776,Veda (film),Film,Dram,Zülfü Livaneli,Özkan İpek,2010.0,Kamera Film,"Sinan Tuzcu, Dolunay Soysert, Özge Özpirinçci",220,Kuzguncuk Lazın Köşkü,İstanbul,Üsküdar,41.036,29.032,"41.036, 29.032",Yüksek,Ziyarete Açık,Nostalji Gezisi,https://gorsel-linki.com/lazin-kosku.jpg,Tekin ailesinin yaşadığı ve dizinin kalbi olan ikonik köşk (Kuzguncuk)
776,Veda (film),Film,Dram,Zülfü Livaneli,Özkan İpek,2010.0,Kamera Film,"Sinan Tuzcu, Dolunay Soysert, Özge Özpirinçci",173,Bebek Sahil Şeridi,İstanbul,Beşiktaş,41.076,29.043,"41.076, 29.043",Çok Yüksek,Açık,"Yürüyüş, Lüks Kafe Kültürü",https://gorsel-linki.com/bebek.jpg,Hayriye Hanım ve kızlarının alışveriş ve gezi sahneleri (Beyoğlu-Beşiktaş)
776,Veda (film),Film,Dram,Zülfü Livaneli,Özkan İpek,2010.0,Kamera Film,"Sinan Tuzcu, Dolunay Soysert, Özge Özpirinçci",239,Sirkeci Garı ve Çevresi,İstanbul,Fatih,41.014,28.977,"41.014, 28.977",Çok Yüksek,Açık,"Tarih Gezisi, Fotoğraf",https://gorsel-linki.com/sirkeci.jpg,Ali Rıza Bey'in emeklilik sonrası İstanbul'a ilk geldiği tren garı çevresi
8,7. Koğuştaki Mucize,Film,Dram,Mehmet Ada Öztekin,Hakan Karamahmutoğlu,2019.0,Lanistar Medya,"Aras Bulut İynemli, Nisa Sofiya Aksongur",34,Antalya Karain Mağarası ve Çevresi,Antalya,Döşemealtı,37.078,30.571,"37.078, 30.571",Çok Yüksek,Müze/Açık,Arkeolojik Gezi,https://gorsel-linki.com/karain.jpg,Memo'nun kızıyla yaşadığı köy atmosferi için kullanılan mağara ve çevresi
8,7. Koğuştaki Mucize,Film,Dram,Mehmet Ada Öztekin,Hakan Karamahmutoğlu,2019.0,Lanistar Medya,"Aras Bulut İynemli, Nisa Sofiya Aksongur",31,Alanya Çiçek Bahçeleri ve Kalesi,Antalya,Alanya,36.544,31.991,"36.544, 31.991",Çok Yüksek,Açık,"Manzara İzleme, Tarih Turu",https://gorsel-linki.com/alanya.jpg,Muğla/Yatağan çevresinde kurulan plato ve köy sahneleri
8,7. Koğuştaki Mucize,Film,Dram,Mehmet Ada Öztekin,Hakan Karamahmutoğlu,2019.0,Lanistar Medya,"Aras Bulut İynemli, Nisa Sofiya Aksongur",82,Soğanlı Vadisi,Kayseri,Yeşilhisar,38.348,34.978,"38.348, 34.978",Yüksek,Açık,"Balon Turu, Kaya Kiliseleri",https://gorsel-linki.com/soganli.jpg,Karakterlerin doğa içindeki duygusal geçiş sahneleri
244,Dila Hanım (dizi),Dizi,Romantik,Onur Tan,Faruk Turgut,2012.0,Gold Film,"Erkan Petekkaya, Hatice Şendil",120,Muğla Şehir Merkezi ve Arasta,Muğla,Menteşe,37.215,28.366,"37.215, 28.366",Yüksek,Açık,"Kültür Gezisi, Alışveriş",https://gorsel-linki.com/mugla-arasta.jpg,Ali Usta'nın dondurma motoruyla gezdiği Muğla şehir içi sokakları
244,Dila Hanım (dizi),Dizi,Romantik,Onur Tan,Faruk Turgut,2012.0,Gold Film,"Erkan Petekkaya, Hatice Şendil",127,Yeşilyurt Köyü (Organik Köy),Muğla,Menteşe,37.261,28.271,"37.261, 28.271",Orta,Açık,"Köy Kahvaltısı, Fotoğraf",https://gorsel-linki.com/yesilyurt.jpg,Dizinin geçtiği doğal köy atmosferi ve komşuluk sahneleri
244,Dila Hanım (dizi),Dizi,Romantik,Onur Tan,Faruk Turgut,2012.0,Gold Film,"Erkan Petekkaya, Hatice Şendil",112,Marmaris Yat Limanı ve Plajları,Muğla,Marmaris,36.85,28.27,"36.850, 28.270",Çok Yüksek,Açık,"Yat Turu, Gece Hayatı",https://gorsel-linki.com/marmaris.jpg,Muğla çevre yolu ve kasaba giriş sahneleri
581,Nergis Hanım,Film,Dram,Görkem Şarkan,Caner Özyurtlu,2014.0,dağıtıcı = M3 Film,"Zerrin Sümer, Settar Tanrıöğen, Begüm Akkaya, Faruk Barman",127,Yeşilyurt Köyü (Organik Köy),Muğla,Menteşe,37.261,28.271,"37.261, 28.271",Orta,Açık,"Köy Kahvaltısı, Fotoğraf",https://gorsel-linki.com/yesilyurt.jpg,Köy hayatına alışmaya çalışan karakterlerin tarla ve çiftlik sahneleri
581,Nergis Hanım,Film,Dram,Görkem Şarkan,Caner Özyurtlu,2014.0,dağıtıcı = M3 Film,"Zerrin Sümer, Settar Tanrıöğen, Begüm Akkaya, Faruk Barman",112,Marmaris Yat Limanı ve Plajları,Muğla,Marmaris,36.85,28.27,"36.850, 28.270",Çok Yüksek,Açık,"Yat Turu, Gece Hayatı",https://gorsel-linki.com/marmaris.jpg,Marmaris sahil şeridi ve romantik sahneler
581,Nergis Hanım,Film,Dram,Görkem Şarkan,Caner Özyurtlu,2014.0,dağıtıcı = M3 Film,"Zerrin Sümer, Settar Tanrıöğen, Begüm Akkaya, Faruk Barman",173,Bebek Sahil Şeridi,İstanbul,Beşiktaş,41.076,29.043,"41.076, 29.043",Çok Yüksek,Açık,"Yürüyüş, Lüks Kafe Kültürü",https://gorsel-linki.com/bebek.jpg,Karakterlerin İstanbul bağlantılı başlangıç sahneleri
72,Aslan Ailem,Dizi,Komedi,Başak Soysal,Yusuf Esenkal,2017.0,Es Film,"Burcu Özberk, Akın Akınözü",179,Beykoz Film Platosu (Eski Kundura),İstanbul,Beykoz,41.134,29.071,"41.134, 29.071",Yüksek,Etkinlik Bazlı,"Set Gezisi, Festival",https://gorsel-linki.com/beykoz-plato.jpg,Aslan ailesinin yaşadığı geniş çiftlik evi ve bahçesi
72,Aslan Ailem,Dizi,Komedi,Başak Soysal,Yusuf Esenkal,2017.0,Es Film,"Burcu Özberk, Akın Akınözü",173,Bebek Sahil Şeridi,İstanbul,Beşiktaş,41.076,29.043,"41.076, 29.043",Çok Yüksek,Açık,"Yürüyüş, Lüks Kafe Kültürü",https://gorsel-linki.com/bebek.jpg,Modern İstanbul sahneleri ve üniversite çevresi
72,Aslan Ailem,Dizi,Komedi,Başak Soysal,Yusuf Esenkal,2017.0,Es Film,"Burcu Özberk, Akın Akınözü",222,Levent ve Maslak İş Merkezleri,İstanbul,Beşiktaş,41.077,29.012,"41.077, 29.012",Orta,Açık,Şehir Gezisi,https://gorsel-linki.com/levent.jpg,İş dünyası ve ofis çekimlerinin yapıldığı plazalar
398,"Hıçkırık (film, 1953)",Film,Dram,Atıf Yılmaz,"Hürrem Erman, Temel Karamahmut",1953.0,Erman Film,"müzik = Sadi Işılay, Faruk Yener",127,Yeşilyurt Köyü (Organik Köy),Muğla,Menteşe,37.261,28.271,"37.261, 28.271",Orta,Açık,"Köy Kahvaltısı, Fotoğraf",https://gorsel-linki.com/yesilyurt.jpg,Dal ailesinin İstanbul'dan kaçıp yerleştiği Yeşilyurt köyü meydanı
398,"Hıçkırık (film, 1953)",Film,Dram,Atıf Yılmaz,"Hürrem Erman, Temel Karamahmut",1953.0,Erman Film,"müzik = Sadi Işılay, Faruk Yener",120,Muğla Şehir Merkezi ve Arasta,Muğla,Menteşe,37.215,28.366,"37.215, 28.366",Yüksek,Açık,"Kültür Gezisi, Alışveriş",https://gorsel-linki.com/mugla-arasta.jpg,Muğla şehir merkezi ve adliye sahneleri
398,"Hıçkırık (film, 1953)",Film,Dram,Atıf Yılmaz,"Hürrem Erman, Temel Karamahmut",1953.0,Erman Film,"müzik = Sadi Işılay, Faruk Yener",173,Bebek Sahil Şeridi,İstanbul,Beşiktaş,41.076,29.043,"41.076, 29.043",Çok Yüksek,Açık,"Yürüyüş, Lüks Kafe Kültürü",https://gorsel-linki.com/bebek.jpg,Ailenin İstanbul'daki lüks hayatına dair flashback sahneleri
873,Ölü Bir Deniz,Film,Dram,Atıf Yılmaz,Cengiz Ergun,1989.0,Yeşilçam Film,"Türkan Şoray, Rutkay Aziz, Özdemir İnce, Turgay Betil, Tarık Günersel, Dursun Ali Sarıoğlu, Sermin Karaali",170,Balat Sokakları,İstanbul,Fatih,41.031,28.947,"41.031, 28.947",Yüksek,Açık,Cafe-Kültür Gezisi,https://gorsel-linki.com/balat.jpg,Azem'in kaldığı otelin bulunduğu tarihi mahalle ve Balat sokakları
873,Ölü Bir Deniz,Film,Dram,Atıf Yılmaz,Cengiz Ergun,1989.0,Yeşilçam Film,"Türkan Şoray, Rutkay Aziz, Özdemir İnce, Turgay Betil, Tarık Günersel, Dursun Ali Sarıoğlu, Sermin Karaali",187,Beşiktaş Sahili ve Dikilitaş,İstanbul,Beşiktaş,41.042,29.008,"41.042, 29.008",Çok Yüksek,Açık,"Yürüyüş, Şehir Turu",https://gorsel-linki.com/besiktas.jpg,Beşiktaş ve çevresindeki günlük yaşam sahneleri
873,Ölü Bir Deniz,Film,Dram,Atıf Yılmaz,Cengiz Ergun,1989.0,Yeşilçam Film,"Türkan Şoray, Rutkay Aziz, Özdemir İnce, Turgay Betil, Tarık Günersel, Dursun Ali Sarıoğlu, Sermin Karaali",173,Bebek Sahil Şeridi,İstanbul,Beşiktaş,41.076,29.043,"41.076, 29.043",Çok Yüksek,Açık,"Yürüyüş, Lüks Kafe Kültürü",https://gorsel-linki.com/bebek.jpg,Dizinin ikonik pavyon sahnelerinin çekildiği kapalı setler ve sahil hattı
129,Barbaros Hayreddin: Sultanın Fermanı,Dizi,Aksiyon,Berat Özdoğan,Yusuf Esenkal,2022.0,Es Film,"Tolgahan Sayışman, Timur Acar",85,Darıca Riva Platosu (Tarihi Set),Kocaeli,Darıca,40.76,29.351,"40.760, 29.351",Yüksek,Özel İzinle,Set Gezisi,https://gorsel-linki.com/riva-set.jpg,Riva'da kurulan devasa gemi ve liman platosu sahneleri
129,Barbaros Hayreddin: Sultanın Fermanı,Dizi,Aksiyon,Berat Özdoğan,Yusuf Esenkal,2022.0,Es Film,"Tolgahan Sayışman, Timur Acar",179,Beykoz Film Platosu (Eski Kundura),İstanbul,Beykoz,41.134,29.071,"41.134, 29.071",Yüksek,Etkinlik Bazlı,"Set Gezisi, Festival",https://gorsel-linki.com/beykoz-plato.jpg,Tarihi çarşı ve iç mekan çekimleri için kullanılan Beykoz stüdyoları
129,Barbaros Hayreddin: Sultanın Fermanı,Dizi,Aksiyon,Berat Özdoğan,Yusuf Esenkal,2022.0,Es Film,"Tolgahan Sayışman, Timur Acar",170,Balat Sokakları,İstanbul,Fatih,41.031,28.947,"41.031, 28.947",Yüksek,Açık,Cafe-Kültür Gezisi,https://gorsel-linki.com/balat.jpg,Saray ve zindan sahneleri için kullanılan tarihi yapılar
399,"Hıçkırık (film, 1965)",Film,Dram,Orhan Aksoy,Hürrem Erman,1965.0,dağıtıcı =,müzik = Belkıs Özener,173,Bebek Sahil Şeridi,İstanbul,Beşiktaş,41.076,29.043,"41.076, 29.043",Çok Yüksek,Açık,"Yürüyüş, Lüks Kafe Kültürü",https://gorsel-linki.com/bebek.jpg,Hastanenin bulunduğu lüks semt ve sahil yürüyüş yolları
399,"Hıçkırık (film, 1965)",Film,Dram,Orhan Aksoy,Hürrem Erman,1965.0,dağıtıcı =,müzik = Belkıs Özener,222,Levent ve Maslak İş Merkezleri,İstanbul,Beşiktaş,41.077,29.012,"41.077, 29.012",Orta,Açık,Şehir Gezisi,https://gorsel-linki.com/levent.jpg,Modern tıp merkezi çekimleri ve dış mekan şehir görüntüleri
399,"Hıçkırık (film, 1965)",Film,Dram,Orhan Aksoy,Hürrem Erman,1965.0,dağıtıcı =,müzik = Belkıs Özener,170,Balat Sokakları,İstanbul,Fatih,41.031,28.947,"41.031, 28.947",Yüksek,Açık,Cafe-Kültür Gezisi,https://gorsel-linki.com/balat.jpg,Eylül'ün çocukluğunun geçtiği mahalle ve okul sahneleri
193,Bizim Kuruntu Ailesi,Dizi,Komedi,Bülent Özdural (Yönetmen),Bülent Özdural (Yapımcı),1997.0,TGRT,"Gazanfer Özcan, Gönül Ülkü Özcan, Doğu Erkan, Gazanfer Ündüz, Fulya Özcan, Doğan Aybay, Şemsay Çankara, Saltuk Kaplangı, Tomris Oğuzalp, Aliye Tölak, Tarık Ündüz, Engin Gürmen, Ferdi Atuner, Şensel Uykal, Reyhan Ayyüzlü",105,Bodrum Antik Tiyatro ve Sahili,Muğla,Bodrum,37.039,27.424,"37.039, 27.424",Çok Yüksek,Açık,"Konser, Kültür Turu",https://gorsel-linki.com/bodrum.jpg,Ergüven ailesinin Bodrum'a döndükten sonraki sahil ve liman sahneleri
193,Bizim Kuruntu Ailesi,Dizi,Komedi,Bülent Özdural (Yönetmen),Bülent Özdural (Yapımcı),1997.0,TGRT,"Gazanfer Özcan, Gönül Ülkü Özcan, Doğu Erkan, Gazanfer Ündüz, Fulya Özcan, Doğan Aybay, Şemsay Çankara, Saltuk Kaplangı, Tomris Oğuzalp, Aliye Tölak, Tarık Ündüz, Engin Gürmen, Ferdi Atuner, Şensel Uykal, Reyhan Ayyüzlü",106,Bodrum Bitez Sahili,Muğla,Bodrum,37.029,27.384,"37.029, 27.384",Çok Yüksek,Açık,"Su Sporları, Yürüyüş",https://gorsel-linki.com/bitez.jpg,Bitez ve çevresindeki sörf okulu ve gençlik temalı çekimler
193,Bizim Kuruntu Ailesi,Dizi,Komedi,Bülent Özdural (Yönetmen),Bülent Özdural (Yapımcı),1997.0,TGRT,"Gazanfer Özcan, Gönül Ülkü Özcan, Doğu Erkan, Gazanfer Ündüz, Fulya Özcan, Doğan Aybay, Şemsay Çankara, Saltuk Kaplangı, Tomris Oğuzalp, Aliye Tölak, Tarık Ündüz, Engin Gürmen, Ferdi Atuner, Şensel Uykal, Reyhan Ayyüzlü",173,Bebek Sahil Şeridi,İstanbul,Beşiktaş,41.076,29.043,"41.076, 29.043",Çok Yüksek,Açık,"Yürüyüş, Lüks Kafe Kültürü",https://gorsel-linki.com/bebek.jpg,Ailenin İstanbul'daki eski zengin hayatını temsil eden yalı sahneleri
533,Mahkum,Dizi,Aksiyon,Volkan Kocatürk(1-24)Özgür Sevimli(25-31) (Yönetmen),Asena Bülbüloğlu (Yapımcı),2021.0,MF Yapım,"Onur Tuna, İsmail Hacıoğlu, Seray Kaya, Melike İpek Yalova, Gökçe Eyüboğlu",122,Selimiye Köyü ve Limanı,Muğla,Marmaris,36.708,28.093,"36.708, 28.093",Çok Yüksek,Açık,"Tekne Turu, Dinlenme",https://gorsel-linki.com/selimiye.jpg,Ali ve ailesinin sığındığı sakin Selimiye koyu ve liman sahneleri
533,Mahkum,Dizi,Aksiyon,Volkan Kocatürk(1-24)Özgür Sevimli(25-31) (Yönetmen),Asena Bülbüloğlu (Yapımcı),2021.0,MF Yapım,"Onur Tuna, İsmail Hacıoğlu, Seray Kaya, Melike İpek Yalova, Gökçe Eyüboğlu",112,Marmaris Yat Limanı ve Plajları,Muğla,Marmaris,36.85,28.27,"36.850, 28.270",Çok Yüksek,Açık,"Yat Turu, Gece Hayatı",https://gorsel-linki.com/marmaris.jpg,Marmaris ilçe merkezi ve operasyonel sahneler
533,Mahkum,Dizi,Aksiyon,Volkan Kocatürk(1-24)Özgür Sevimli(25-31) (Yönetmen),Asena Bülbüloğlu (Yapımcı),2021.0,MF Yapım,"Onur Tuna, İsmail Hacıoğlu, Seray Kaya, Melike İpek Yalova, Gökçe Eyüboğlu",38,Kaş Limanı ve Sahili,Antalya,Kaş,36.2,29.638,"36.200, 29.638",Çok Yüksek,Açık,"Dalış, Tekne Turu",https://gorsel-linki.com/kas.jpg,Dizinin dramatik yapısını destekleyen deniz ve kıyı çekimleri
864,Çukur (dizi),Dizi,Aksiyon,Sinan Öztürk,Kerem Çatay,2017.0,Ay Yapım,"Aras Bulut İynemli, Dilan Çiçek Deniz",105,Bodrum Antik Tiyatro ve Sahili,Muğla,Bodrum,37.039,27.424,"37.039, 27.424",Çok Yüksek,Açık,"Konser, Kültür Turu",https://gorsel-linki.com/bodrum.jpg,Serkan ve Duygu'nun tanıştığı Bodrum lüks otel sahneleri
864,Çukur (dizi),Dizi,Aksiyon,Sinan Öztürk,Kerem Çatay,2017.0,Ay Yapım,"Aras Bulut İynemli, Dilan Çiçek Deniz",170,Balat Sokakları,İstanbul,Fatih,41.031,28.947,"41.031, 28.947",Yüksek,Açık,Cafe-Kültür Gezisi,https://gorsel-linki.com/balat.jpg,Karakterlerin İstanbul'daki gerçek hayatlarını sürdürdükleri mahalleler
864,Çukur (dizi),Dizi,Aksiyon,Sinan Öztürk,Kerem Çatay,2017.0,Ay Yapım,"Aras Bulut İynemli, Dilan Çiçek Deniz",173,Bebek Sahil Şeridi,İstanbul,Beşiktaş,41.076,29.043,"41.076, 29.043",Çok Yüksek,Açık,"Yürüyüş, Lüks Kafe Kültürü",https://gorsel-linki.com/bebek.jpg,Beşiktaş-Bebek hattındaki tesadüfi karşılaşma sahneleri
118,Baba Ocağı (dizi),Dizi,Komedi,Mustafa Şevki Doğan,İbrahim Mertoğlu,2008.0,Sinetel Film,"Engin Şenkan, Ali Sürmeli, Burak Özçivit",115,Muğla Bozüyük Meydanı,Muğla,Yatağan,37.339,28.232,"37.339, 28.232",Çok Yüksek,Açık,Dizi Seti Gezisi,https://gorsel-linki.com/bozuyuk-meydan.jpg,Halil Efe ve oğullarının yaşadığı Muğla Bozüyük (Güzelköy) sokakları
118,Baba Ocağı (dizi),Dizi,Komedi,Mustafa Şevki Doğan,İbrahim Mertoğlu,2008.0,Sinetel Film,"Engin Şenkan, Ali Sürmeli, Burak Özçivit",118,Muğla Köyceğiz Yaylaları,Muğla,Köyceğiz,36.969,28.694,"36.969, 28.694",Yüksek,Açık,Doğa Yürüyüşü,https://gorsel-linki.com/koycegiz.jpg,Köyceğiz gölü kenarındaki tarla ve doğa çekimleri
118,Baba Ocağı (dizi),Dizi,Komedi,Mustafa Şevki Doğan,İbrahim Mertoğlu,2008.0,Sinetel Film,"Engin Şenkan, Ali Sürmeli, Burak Özçivit",110,Köyceğiz Sığla Ormanları,Muğla,Köyceğiz,36.95,28.67,"36.950, 28.670",Orta,Açık,Doğa Fotoğrafçılığı,https://gorsel-linki.com/sigla.jpg,Muğla kırsalındaki sığla ormanları ve yayla sahneleri
770,Uçurtmayı Vurmasınlar,Film,Dram,Tunç Başaran,Tunç Başaran,1989.0,Magnum Film,"Ozan Bilen, Nur Sürer, Füsun Demirel",105,Bodrum Antik Tiyatro ve Sahili,Muğla,Bodrum,37.039,27.424,"37.039, 27.424",Çok Yüksek,Açık,"Konser, Kültür Turu",https://gorsel-linki.com/bodrum.jpg,Tarık ve Naz'ın Bodrum sahneleri ve tekne çekimleri
770,Uçurtmayı Vurmasınlar,Film,Dram,Tunç Başaran,Tunç Başaran,1989.0,Magnum Film,"Ozan Bilen, Nur Sürer, Füsun Demirel",173,Bebek Sahil Şeridi,İstanbul,Beşiktaş,41.076,29.043,"41.076, 29.043",Çok Yüksek,Açık,"Yürüyüş, Lüks Kafe Kültürü",https://gorsel-linki.com/bebek.jpg,Merve Sevi ve Barış Akarsu'nun İstanbul sahneleri ve villa çekimleri
770,Uçurtmayı Vurmasınlar,Film,Dram,Tunç Başaran,Tunç Başaran,1989.0,Magnum Film,"Ozan Bilen, Nur Sürer, Füsun Demirel",170,Balat Sokakları,İstanbul,Fatih,41.031,28.947,"41.031, 28.947",Yüksek,Açık,Cafe-Kültür Gezisi,https://gorsel-linki.com/balat.jpg,Karakterlerin sosyal çevre ve arkadaş grubu sahneleri
634,Ringo Kazım,Film,Macera,Türker İnanoğlu,Türker İnanoğlu,1967.0,Erler Film,müzik =,107,Fethiye Kayaköy Hayalet Köy,Muğla,Fethiye,36.575,29.09,"36.575, 29.090",Çok Yüksek,Müze/Açık,"Tarihi Keşif, Fotoğraf",https://gorsel-linki.com/kayakoy.jpg,Sancar Efe'nin kulübesinin ve geçmişin geçtiği Kayaköy bölgesi
634,Ringo Kazım,Film,Macera,Türker İnanoğlu,Türker İnanoğlu,1967.0,Erler Film,müzik =,105,Bodrum Antik Tiyatro ve Sahili,Muğla,Bodrum,37.039,27.424,"37.039, 27.424",Çok Yüksek,Açık,"Konser, Kültür Turu",https://gorsel-linki.com/bodrum.jpg,Bodrum limanı ve Sancar ile Nare'nin modern zaman sahneleri
634,Ringo Kazım,Film,Macera,Türker İnanoğlu,Türker İnanoğlu,1967.0,Erler Film,müzik =,114,Milas Çökertme Koyu,Muğla,Milas,37.001,27.791,"37.001, 27.791",Yüksek,Açık,"Yüzme, Kamp",https://gorsel-linki.com/cokertme.jpg,Dizinin meşhur sahil ve koy çekimlerinin yapıldığı Milas hattı
713,Sınav (film),Film,Komedi,Ömer Faruk Sorak,Murat Akdilek,2006.0,"Böcek Yapım, Fida Film","Hümeyra, Altan Erkekli, Güven Kıraç, Zafer Algöz, Kadir Çöpdemir, İsmail Hacıoğlu, Caner Özyurtlu, Itır Esen, Rüya Önal, Tuba Büyüküstün, Jean-Claude Van Damme, Yağmur Atacan, Ayda Aksel, Volkan Demirok, Özge Özder, Okan Bayülgen, Candaş Çetinkaya",105,Bodrum Antik Tiyatro ve Sahili,Muğla,Bodrum,37.039,27.424,"37.039, 27.424",Çok Yüksek,Açık,"Konser, Kültür Turu",https://gorsel-linki.com/bodrum.jpg,İskender ve Korkmaz'ın Bodrum sokaklarındaki aksiyon sahneleri
713,Sınav (film),Film,Komedi,Ömer Faruk Sorak,Murat Akdilek,2006.0,"Böcek Yapım, Fida Film","Hümeyra, Altan Erkekli, Güven Kıraç, Zafer Algöz, Kadir Çöpdemir, İsmail Hacıoğlu, Caner Özyurtlu, Itır Esen, Rüya Önal, Tuba Büyüküstün, Jean-Claude Van Damme, Yağmur Atacan, Ayda Aksel, Volkan Demirok, Özge Özder, Okan Bayülgen, Candaş Çetinkaya",106,Bodrum Bitez Sahili,Muğla,Bodrum,37.029,27.384,"37.029, 27.384",Çok Yüksek,Açık,"Su Sporları, Yürüyüş",https://gorsel-linki.com/bitez.jpg,Bitez ve çevresindeki operasyon ve hesaplaşma sahneleri
713,Sınav (film),Film,Komedi,Ömer Faruk Sorak,Murat Akdilek,2006.0,"Böcek Yapım, Fida Film","Hümeyra, Altan Erkekli, Güven Kıraç, Zafer Algöz, Kadir Çöpdemir, İsmail Hacıoğlu, Caner Özyurtlu, Itır Esen, Rüya Önal, Tuba Büyüküstün, Jean-Claude Van Damme, Yağmur Atacan, Ayda Aksel, Volkan Demirok, Özge Özder, Okan Bayülgen, Candaş Çetinkaya",173,Bebek Sahil Şeridi,İstanbul,Beşiktaş,41.076,29.043,"41.076, 29.043",Çok Yüksek,Açık,"Yürüyüş, Lüks Kafe Kültürü",https://gorsel-linki.com/bebek.jpg,İstanbul bağlantılı geçmiş ve suç dünyası sahneleri
261,Dünyayı Kurtaran Adam'ın Oğlu,Film,Aksiyon,Kartal Tibet,Şenol Zencir,2006.0,Bilinmiyor,"Cüneyt Arkın, Mehmet Ali Erbil",118,Muğla Köyceğiz Yaylaları,Muğla,Köyceğiz,36.969,28.694,"36.969, 28.694",Yüksek,Açık,Doğa Yürüyüşü,https://gorsel-linki.com/koycegiz.jpg,Ezo'nun yaşadığı ve intikam planları kurduğu Köyceğiz sahneleri
261,Dünyayı Kurtaran Adam'ın Oğlu,Film,Aksiyon,Kartal Tibet,Şenol Zencir,2006.0,Bilinmiyor,"Cüneyt Arkın, Mehmet Ali Erbil",110,Köyceğiz Sığla Ormanları,Muğla,Köyceğiz,36.95,28.67,"36.950, 28.670",Orta,Açık,Doğa Fotoğrafçılığı,https://gorsel-linki.com/sigla.jpg,Dizinin ormanlık alanlardaki dramatik ve gizemli çekimleri
261,Dünyayı Kurtaran Adam'ın Oğlu,Film,Aksiyon,Kartal Tibet,Şenol Zencir,2006.0,Bilinmiyor,"Cüneyt Arkın, Mehmet Ali Erbil",112,Marmaris Yat Limanı ve Plajları,Muğla,Marmaris,36.85,28.27,"36.850, 28.270",Çok Yüksek,Açık,"Yat Turu, Gece Hayatı",https://gorsel-linki.com/marmaris.jpg,Muğla şehir merkezi ve adliye sahneleri
132,Bay Yanlış,Dizi,Komedi,Deniz Yorulmazer,Faruk Turgut,2020.0,Gold Film,"Can Yaman, Özge Gürel",173,Bebek Sahil Şeridi,İstanbul,Beşiktaş,41.076,29.043,"41.076, 29.043",Çok Yüksek,Açık,"Yürüyüş, Lüks Kafe Kültürü",https://gorsel-linki.com/bebek.jpg,Özgür'ün teras barı ve İstanbul manzaralı çekimleri
132,Bay Yanlış,Dizi,Komedi,Deniz Yorulmazer,Faruk Turgut,2020.0,Gold Film,"Can Yaman, Özge Gürel",222,Levent ve Maslak İş Merkezleri,İstanbul,Beşiktaş,41.077,29.012,"41.077, 29.012",Orta,Açık,Şehir Gezisi,https://gorsel-linki.com/levent.jpg,Levent ve Maslak bölgesindeki modern ofis sahneleri
132,Bay Yanlış,Dizi,Komedi,Deniz Yorulmazer,Faruk Turgut,2020.0,Gold Film,"Can Yaman, Özge Gürel",107,Fethiye Kayaköy Hayalet Köy,Muğla,Fethiye,36.575,29.09,"36.575, 29.090",Çok Yüksek,Müze/Açık,"Tarihi Keşif, Fotoğraf",https://gorsel-linki.com/kayakoy.jpg,Karakterlerin tatil ve kaçış bölgesi olarak gittikleri Fethiye sahneleri
176,Bir Mucize Olsun,Dizi,Romantik,Hamdi Alkan (Yönetmen),Yaşar İrvül Efe İrvül (Yapımcı),2018.0,Pastel Film,"Furkan Palalı, Su Kutlu",118,Muğla Köyceğiz Yaylaları,Muğla,Köyceğiz,36.969,28.694,"36.969, 28.694",Yüksek,Açık,Doğa Yürüyüşü,https://gorsel-linki.com/koycegiz.jpg,Yılmaz ve Elif'in yaşadığı Köyceğiz kıyıları ve fener sahneleri
176,Bir Mucize Olsun,Dizi,Romantik,Hamdi Alkan (Yönetmen),Yaşar İrvül Efe İrvül (Yapımcı),2018.0,Pastel Film,"Furkan Palalı, Su Kutlu",110,Köyceğiz Sığla Ormanları,Muğla,Köyceğiz,36.95,28.67,"36.950, 28.670",Orta,Açık,Doğa Fotoğrafçılığı,https://gorsel-linki.com/sigla.jpg,Göl çevresindeki duygusal ve sakin sahneler
176,Bir Mucize Olsun,Dizi,Romantik,Hamdi Alkan (Yönetmen),Yaşar İrvül Efe İrvül (Yapımcı),2018.0,Pastel Film,"Furkan Palalı, Su Kutlu",173,Bebek Sahil Şeridi,İstanbul,Beşiktaş,41.076,29.043,"41.076, 29.043",Çok Yüksek,Açık,"Yürüyüş, Lüks Kafe Kültürü",https://gorsel-linki.com/bebek.jpg,İstanbul flashbackleri ve hastane sahneleri
130,Barbaroslar: Akdeniz'in Kılıcı,Dizi,Aksiyon,Berat Özdoğan,Yusuf Esenkal,2021.0,Es Film,"Engin Altan Düzyatan, Ulaş Tuna Astepe",85,Darıca Riva Platosu (Tarihi Set),Kocaeli,Darıca,40.76,29.351,"40.760, 29.351",Yüksek,Özel İzinle,Set Gezisi,https://gorsel-linki.com/riva-set.jpg,Gemi savaşları ve liman sahneleri için kurulan devasa Riva platosu
130,Barbaroslar: Akdeniz'in Kılıcı,Dizi,Aksiyon,Berat Özdoğan,Yusuf Esenkal,2021.0,Es Film,"Engin Altan Düzyatan, Ulaş Tuna Astepe",170,Balat Sokakları,İstanbul,Fatih,41.031,28.947,"41.031, 28.947",Yüksek,Açık,Cafe-Kültür Gezisi,https://gorsel-linki.com/balat.jpg,İç mekan çekimleri ve saray atmosferi stüdyoları
130,Barbaroslar: Akdeniz'in Kılıcı,Dizi,Aksiyon,Berat Özdoğan,Yusuf Esenkal,2021.0,Es Film,"Engin Altan Düzyatan, Ulaş Tuna Astepe",32,Antalya EXPO Alanı ve Stüdyolar,Antalya,Aksu,36.936,30.893,"36.936, 30.893",Yüksek,Ziyarete Açık,"Etkinlik, Fotoğrafçılık",https://gorsel-linki.com/expo-antalya.jpg,Antalya bölgesinde yapılan bazı dış mekan sahil çekimleri
343,Gümüş,Dizi,Romantik,Tarık AlpagutKemal Uzun (Yönetmen),Abdullah Oğuz (Yapımcı),2005.0,ANS Productions,"Kıvanç Tatlıtuğ, Songül Öden, Ekrem Bora, Güngör Bayrak, Ayça Varlıer, Serdar Orçin",125,Yatağan Bozüyük Köyü (Güzel Köy),Muğla,Yatağan,37.339,28.232,"37.339, 28.232",Çok Yüksek,Açık,"Dizi Turu, Yöresel Kahvaltı",https://gorsel-linki.com/bozuyuk.jpg,Gül'ün İstanbul'dan kaçıp yerleştiği Güzelköy (Bozüyük) meydanı
343,Gümüş,Dizi,Romantik,Tarık AlpagutKemal Uzun (Yönetmen),Abdullah Oğuz (Yapımcı),2005.0,ANS Productions,"Kıvanç Tatlıtuğ, Songül Öden, Ekrem Bora, Güngör Bayrak, Ayça Varlıer, Serdar Orçin",118,Muğla Köyceğiz Yaylaları,Muğla,Köyceğiz,36.969,28.694,"36.969, 28.694",Yüksek,Açık,Doğa Yürüyüşü,https://gorsel-linki.com/koycegiz.jpg,Köyceğiz gölü kıyısındaki romantik sahneler
343,Gümüş,Dizi,Romantik,Tarık AlpagutKemal Uzun (Yönetmen),Abdullah Oğuz (Yapımcı),2005.0,ANS Productions,"Kıvanç Tatlıtuğ, Songül Öden, Ekrem Bora, Güngör Bayrak, Ayça Varlıer, Serdar Orçin",114,Milas Çökertme Koyu,Muğla,Milas,37.001,27.791,"37.001, 27.791",Yüksek,Açık,"Yüzme, Kamp",https://gorsel-linki.com/cokertme.jpg,Muğla'nın bakir koylarında yapılan piknik ve eğlence çekimleri
888,İffet,Dizi,Dram,Faruk Teber (Yönetmen),Faruk Turgut (Yapımcı),2011.0,Gold Film,"Deniz Çakır, İbrahim Çelikkol, Mahir Günşiray",112,Marmaris Yat Limanı ve Plajları,Muğla,Marmaris,36.85,28.27,"36.850, 28.270",Çok Yüksek,Açık,"Yat Turu, Gece Hayatı",https://gorsel-linki.com/marmaris.jpg,Marmaris sokaklarındaki eğlenceli ve romantik sahneler
888,İffet,Dizi,Dram,Faruk Teber (Yönetmen),Faruk Turgut (Yapımcı),2011.0,Gold Film,"Deniz Çakır, İbrahim Çelikkol, Mahir Günşiray",119,Muğla Marmaris Saklıgöl,Muğla,Marmaris,36.985,28.324,"36.985, 28.324",Yüksek,Açık,"Kahvaltı, Doğa Yürüyüşü",https://gorsel-linki.com/sakligol.jpg,Adam ve Havva'nın buluştuğu Saklıgöl ve çevresi
888,İffet,Dizi,Dram,Faruk Teber (Yönetmen),Faruk Turgut (Yapımcı),2011.0,Gold Film,"Deniz Çakır, İbrahim Çelikkol, Mahir Günşiray",105,Bodrum Antik Tiyatro ve Sahili,Muğla,Bodrum,37.039,27.424,"37.039, 27.424",Çok Yüksek,Açık,"Konser, Kültür Turu",https://gorsel-linki.com/bodrum.jpg,Muğla genelindeki turistik noktaların dış çekimleri
171,Bir Deli Rüzgar,Dizi,Dram,Altan Dönmez (Yönetmen),Erol Avcı (Yapımcı),2018.0,TMC Film,"Pınar Deniz, Berk Cankat, Hatice Aslan, Almila Ada",114,Milas Çökertme Koyu,Muğla,Milas,37.001,27.791,"37.001, 27.791",Yüksek,Açık,"Yüzme, Kamp",https://gorsel-linki.com/cokertme.jpg,Deniz ve babasının yaşadığı sakin sahil kasabası sahneleri
171,Bir Deli Rüzgar,Dizi,Dram,Altan Dönmez (Yönetmen),Erol Avcı (Yapımcı),2018.0,TMC Film,"Pınar Deniz, Berk Cankat, Hatice Aslan, Almila Ada",105,Bodrum Antik Tiyatro ve Sahili,Muğla,Bodrum,37.039,27.424,"37.039, 27.424",Çok Yüksek,Açık,"Konser, Kültür Turu",https://gorsel-linki.com/bodrum.jpg,Bodrum çarşı ve limanındaki günlük yaşam çekimleri
171,Bir Deli Rüzgar,Dizi,Dram,Altan Dönmez (Yönetmen),Erol Avcı (Yapımcı),2018.0,TMC Film,"Pınar Deniz, Berk Cankat, Hatice Aslan, Almila Ada",173,Bebek Sahil Şeridi,İstanbul,Beşiktaş,41.076,29.043,"41.076, 29.043",Çok Yüksek,Açık,"Yürüyüş, Lüks Kafe Kültürü",https://gorsel-linki.com/bebek.jpg,Deniz'in annesiyle olan İstanbul bağlantılı sahneleri
807,Yazı Tura (film),Film,Dram,Uğur Yücel,Uğur Yücel,2004.0,Cinegram,"Kenan İmirzalıoğlu, Olgun Şimşek",170,Balat Sokakları,İstanbul,Fatih,41.031,28.947,"41.031, 28.947",Yüksek,Açık,Cafe-Kültür Gezisi,https://gorsel-linki.com/balat.jpg,Karakterlerin yaşadığı Boğaz manzaralı tarihi yalı ve Balat
807,Yazı Tura (film),Film,Dram,Uğur Yücel,Uğur Yücel,2004.0,Cinegram,"Kenan İmirzalıoğlu, Olgun Şimşek",173,Bebek Sahil Şeridi,İstanbul,Beşiktaş,41.076,29.043,"41.076, 29.043",Çok Yüksek,Açık,"Yürüyüş, Lüks Kafe Kültürü",https://gorsel-linki.com/bebek.jpg,Bebek sahilindeki yürüyüş ve geçmişe dönüş sahneleri
807,Yazı Tura (film),Film,Dram,Uğur Yücel,Uğur Yücel,2004.0,Cinegram,"Kenan İmirzalıoğlu, Olgun Şimşek",222,Levent ve Maslak İş Merkezleri,İstanbul,Beşiktaş,41.077,29.012,"41.077, 29.012",Orta,Açık,Şehir Gezisi,https://gorsel-linki.com/levent.jpg,Modern İstanbul iş hayatı ve ofis çekimleri
832,Yılan Hikâyesi,Dizi,Gerilim/Suç,Nihat Durak (Yönetmen),Osman Yağmurdereli (Yapımcı),1999.0,Yağmur Ajans,"Meltem Cumbul, Memet Ali Alabora, Çetin Tekindor, Ayten Gökçer, Süleyman Turan, Emre Kınay",112,Marmaris Yat Limanı ve Plajları,Muğla,Marmaris,36.85,28.27,"36.850, 28.270",Çok Yüksek,Açık,"Yat Turu, Gece Hayatı",https://gorsel-linki.com/marmaris.jpg,Aslı ve Burak'ın tanıştığı lüks otel ve Bodrum-Marmaris sahil şeridi
832,Yılan Hikâyesi,Dizi,Gerilim/Suç,Nihat Durak (Yönetmen),Osman Yağmurdereli (Yapımcı),1999.0,Yağmur Ajans,"Meltem Cumbul, Memet Ali Alabora, Çetin Tekindor, Ayten Gökçer, Süleyman Turan, Emre Kınay",173,Bebek Sahil Şeridi,İstanbul,Beşiktaş,41.076,29.043,"41.076, 29.043",Çok Yüksek,Açık,"Yürüyüş, Lüks Kafe Kültürü",https://gorsel-linki.com/bebek.jpg,Karakterlerin İstanbul'daki evleri ve okul çevresi
832,Yılan Hikâyesi,Dizi,Gerilim/Suç,Nihat Durak (Yönetmen),Osman Yağmurdereli (Yapımcı),1999.0,Yağmur Ajans,"Meltem Cumbul, Memet Ali Alabora, Çetin Tekindor, Ayten Gökçer, Süleyman Turan, Emre Kınay",170,Balat Sokakları,İstanbul,Fatih,41.031,28.947,"41.031, 28.947",Yüksek,Açık,Cafe-Kültür Gezisi,https://gorsel-linki.com/balat.jpg,Zengin ailelerin yaşadığı lüks villalar ve sokaklar
653,Seksenler,Dizi,Romantik,"Birol Güven(2012)Müfit Can Saçıntı(2012-2016)Bora Tekay(2016-2017, 2019-2021, 2022)Mustafa Uğur Yağcıoğlu(2021-2022) (Yönetmen)",Birol Güven (Yapımcı),2012.0,MinT Motion Pictures,"Özlem Türkad, Şoray Uzun, Ayşe Tolga, İlker Ayrık, Zeynep Sever, Rasim Öztekin, Yasemin Baştan, Serhat Kılıç, Ceyhun Fersoy",118,Muğla Köyceğiz Yaylaları,Muğla,Köyceğiz,36.969,28.694,"36.969, 28.694",Yüksek,Açık,Doğa Yürüyüşü,https://gorsel-linki.com/koycegiz.jpg,Köyceğiz gölü kenarındaki ana çiftlik ve doğa sahneleri
653,Seksenler,Dizi,Romantik,"Birol Güven(2012)Müfit Can Saçıntı(2012-2016)Bora Tekay(2016-2017, 2019-2021, 2022)Mustafa Uğur Yağcıoğlu(2021-2022) (Yönetmen)",Birol Güven (Yapımcı),2012.0,MinT Motion Pictures,"Özlem Türkad, Şoray Uzun, Ayşe Tolga, İlker Ayrık, Zeynep Sever, Rasim Öztekin, Yasemin Baştan, Serhat Kılıç, Ceyhun Fersoy",119,Muğla Marmaris Saklıgöl,Muğla,Marmaris,36.985,28.324,"36.985, 28.324",Yüksek,Açık,"Kahvaltı, Doğa Yürüyüşü",https://gorsel-linki.com/sakligol.jpg,At biniş sahneleri ve karakterlerin buluşma noktaları
653,Seksenler,Dizi,Romantik,"Birol Güven(2012)Müfit Can Saçıntı(2012-2016)Bora Tekay(2016-2017, 2019-2021, 2022)Mustafa Uğur Yağcıoğlu(2021-2022) (Yönetmen)",Birol Güven (Yapımcı),2012.0,MinT Motion Pictures,"Özlem Türkad, Şoray Uzun, Ayşe Tolga, İlker Ayrık, Zeynep Sever, Rasim Öztekin, Yasemin Baştan, Serhat Kılıç, Ceyhun Fersoy",112,Marmaris Yat Limanı ve Plajları,Muğla,Marmaris,36.85,28.27,"36.850, 28.270",Çok Yüksek,Açık,"Yat Turu, Gece Hayatı",https://gorsel-linki.com/marmaris.jpg,Muğla genelindeki dış çekimler ve kasaba merkezi
489,Kördüğüm,Dizi,Romantik,Gökçen Usta Çaylar (Yönetmen),H. Hakan Eren Gökhan Tatarer (Yapımcı),2016.0,Endemol Shine Turkey,"İbrahim Çelikkol, Alican Yücesoy, Saadet Işıl Aksoy, Belçim Bilgin",16,Demirtepe ve Ankara Tren Yolları,Ankara,Çankaya,39.928,32.845,"39.928, 32.845",Düşük,Açık,Tren Yolculuğu,https://gorsel-linki.com/ankara-tren.jpg,Mehmetcan'ın dedesinin yanına gittiği Ankara ve tren sahneleri
489,Kördüğüm,Dizi,Romantik,Gökçen Usta Çaylar (Yönetmen),H. Hakan Eren Gökhan Tatarer (Yapımcı),2016.0,Endemol Shine Turkey,"İbrahim Çelikkol, Alican Yücesoy, Saadet Işıl Aksoy, Belçim Bilgin",173,Bebek Sahil Şeridi,İstanbul,Beşiktaş,41.076,29.043,"41.076, 29.043",Çok Yüksek,Açık,"Yürüyüş, Lüks Kafe Kültürü",https://gorsel-linki.com/bebek.jpg,Ailenin İstanbul'daki modern yaşam alanı ve okul sahneleri
489,Kördüğüm,Dizi,Romantik,Gökçen Usta Çaylar (Yönetmen),H. Hakan Eren Gökhan Tatarer (Yapımcı),2016.0,Endemol Shine Turkey,"İbrahim Çelikkol, Alican Yücesoy, Saadet Işıl Aksoy, Belçim Bilgin",170,Balat Sokakları,İstanbul,Fatih,41.031,28.947,"41.031, 28.947",Yüksek,Açık,Cafe-Kültür Gezisi,https://gorsel-linki.com/balat.jpg,Sokak oyunları ve mahalle kültürü çekimleri
355,Güzel Şoför,Film,Komedi,"Mehmet Bozkuş, Mahmoud Koushan (İran versiyonu)","Türker İnanoğlu (Türk versiyonu), Esmail Koushan (İran versiyonu)",1970.0,"Erler Film, Pars Film",kurgu = Metin Miroğlu,119,Muğla Marmaris Saklıgöl,Muğla,Marmaris,36.985,28.324,"36.985, 28.324",Yüksek,Açık,"Kahvaltı, Doğa Yürüyüşü",https://gorsel-linki.com/sakligol.jpg,Muğla'nın kurgusal Saklıgöl köyü sahneleri ve doğal şelaleler
355,Güzel Şoför,Film,Komedi,"Mehmet Bozkuş, Mahmoud Koushan (İran versiyonu)","Türker İnanoğlu (Türk versiyonu), Esmail Koushan (İran versiyonu)",1970.0,"Erler Film, Pars Film",kurgu = Metin Miroğlu,118,Muğla Köyceğiz Yaylaları,Muğla,Köyceğiz,36.969,28.694,"36.969, 28.694",Yüksek,Açık,Doğa Yürüyüşü,https://gorsel-linki.com/koycegiz.jpg,Karakterlerin tarım yaptığı ve yaşadığı yayla evleri
355,Güzel Şoför,Film,Komedi,"Mehmet Bozkuş, Mahmoud Koushan (İran versiyonu)","Türker İnanoğlu (Türk versiyonu), Esmail Koushan (İran versiyonu)",1970.0,"Erler Film, Pars Film",kurgu = Metin Miroğlu,112,Marmaris Yat Limanı ve Plajları,Muğla,Marmaris,36.85,28.27,"36.850, 28.270",Çok Yüksek,Açık,"Yat Turu, Gece Hayatı",https://gorsel-linki.com/marmaris.jpg,İlçe merkezi ve pazaryeri çekimleri
670,Sevda Çiçeği,Dizi,Komedi,Tevfik Şenol (1-6)Kartal Çidamlı (7-24) (Yönetmen),İnci KırhanAli Gündoğdu (Yapımcı),2006.0,Süreç Film,"Gökhan Özen, Yasemin Hadivent, Savaş Dinçel, Halit Akçatepe, Gül Onat, Ebru Karanfilci, Meral Kaplan, Pakize Suda, Ercü Turan, Serdal Genç, Engin Günay, Başak Koç, İbrahim Gündoğan, Elif Burgaz",9,Varda Köprüsü (Alman Köprüsü),Adana,Karaisalı,37.243,34.976,"37.243, 34.976",Yüksek,Açık,"Mimari Gözlem, Tren İzleme",https://gorsel-linki.com/varda.jpg,Bond'un trenden düştüğü ikonik dövüş sahneleri (Varda Köprüsü)
670,Sevda Çiçeği,Dizi,Komedi,Tevfik Şenol (1-6)Kartal Çidamlı (7-24) (Yönetmen),İnci KırhanAli Gündoğdu (Yapımcı),2006.0,Süreç Film,"Gökhan Özen, Yasemin Hadivent, Savaş Dinçel, Halit Akçatepe, Gül Onat, Ebru Karanfilci, Meral Kaplan, Pakize Suda, Ercü Turan, Serdal Genç, Engin Günay, Başak Koç, İbrahim Gündoğan, Elif Burgaz",239,Sirkeci Garı ve Çevresi,İstanbul,Fatih,41.014,28.977,"41.014, 28.977",Çok Yüksek,Açık,"Tarih Gezisi, Fotoğraf",https://gorsel-linki.com/sirkeci.jpg,Sirkeci ve Eminönü çevresindeki motosiklet kovalamaca sahneleri
670,Sevda Çiçeği,Dizi,Komedi,Tevfik Şenol (1-6)Kartal Çidamlı (7-24) (Yönetmen),İnci KırhanAli Gündoğdu (Yapımcı),2006.0,Süreç Film,"Gökhan Özen, Yasemin Hadivent, Savaş Dinçel, Halit Akçatepe, Gül Onat, Ebru Karanfilci, Meral Kaplan, Pakize Suda, Ercü Turan, Serdal Genç, Engin Günay, Başak Koç, İbrahim Gündoğan, Elif Burgaz",2,Adana Tren Garı,Adana,Seyhan,36.999,35.321,"36.999, 35.321",Yüksek,Açık,"Mimari Gezi, Ulaşım",https://gorsel-linki.com/adana-gar.jpg,Adana tren garı çevresindeki hazırlık ve aksiyon sekansları
229,,,,,,,,,2,Adana Tren Garı,Adana,Seyhan,36.999,35.321,"36.999, 35.321",Yüksek,Açık,"Mimari Gezi, Ulaşım",https://gorsel-linki.com/adana-gar.jpg,Maraş dondurmacısı Ekrem'in Adana sokaklarındaki maceraları
229,,,,,,,,,6,Kuzey Adana Modern Yerleşimler,Adana,Çukurova,37.045,35.292,"37.045, 35.292",Orta,Açık,Şehir Turu,https://gorsel-linki.com/adana-modern.jpg,Adana'nın modern semtlerindeki romantik ve komik anlar
229,,,,,,,,,170,Balat Sokakları,İstanbul,Fatih,41.031,28.947,"41.031, 28.947",Yüksek,Açık,Cafe-Kültür Gezisi,https://gorsel-linki.com/balat.jpg,Hikayenin İstanbul'a uzanan bölümleri ve sahil şeridi
484,Kuzey Rüzgârı,Dizi,Aksiyon,Mustafa Şevki Doğan (Yönetmen),İbrahim Mertoğlu (Yapımcı),2007.0,Duka Film,"Kadir İnanır, Oktay Kaynarca, Ebru Kocaağa, Çağla Kubat, Selçuk Yöntem",16,Demirtepe ve Ankara Tren Yolları,Ankara,Çankaya,39.928,32.845,"39.928, 32.845",Düşük,Açık,Tren Yolculuğu,https://gorsel-linki.com/ankara-tren.jpg,Demiryolu bekçisi Basri'nin çalıştığı ıssız tren yolları ve Ankara bozkırı
484,Kuzey Rüzgârı,Dizi,Aksiyon,Mustafa Şevki Doğan (Yönetmen),İbrahim Mertoğlu (Yapımcı),2007.0,Duka Film,"Kadir İnanır, Oktay Kaynarca, Ebru Kocaağa, Çağla Kubat, Selçuk Yöntem",97,Mardin Eski Şehir,Mardin,Artuklu,37.312,40.735,"37.312, 40.735",Çok Yüksek,Açık,Mimari Fotoğrafçılık,https://gorsel-linki.com/mardin.jpg,Dramatik atmosferi destekleyen taşra sahneleri
484,Kuzey Rüzgârı,Dizi,Aksiyon,Mustafa Şevki Doğan (Yönetmen),İbrahim Mertoğlu (Yapımcı),2007.0,Duka Film,"Kadir İnanır, Oktay Kaynarca, Ebru Kocaağa, Çağla Kubat, Selçuk Yöntem",73,Barla Dağları (Karabel Mevkii),Isparta,Eğirdir,38.012,30.725,"38.012, 30.725",Düşük,Kısıtlı (Zorlu Arazi),Doğa Yürüyüşü,https://gorsel-linki.com/barla.jpg,Filmin kasvetli havasına uygun doğal arazi çekimleri
32,Aile Arasında,Film,Komedi,Ozan Açıktan,Necati Akpınar,2017.0,BKM Film,"Engin Günaydın, Demet Evgar",6,Kuzey Adana Modern Yerleşimler,Adana,Çukurova,37.045,35.292,"37.045, 35.292",Orta,Açık,Şehir Turu,https://gorsel-linki.com/adana-modern.jpg,Fikret'in Adana'ya gelişi ve aile evindeki meşhur yemek sahneleri
32,Aile Arasında,Film,Komedi,Ozan Açıktan,Necati Akpınar,2017.0,BKM Film,"Engin Günaydın, Demet Evgar",31,Alanya Çiçek Bahçeleri ve Kalesi,Antalya,Alanya,36.544,31.991,"36.544, 31.991",Çok Yüksek,Açık,"Manzara İzleme, Tarih Turu",https://gorsel-linki.com/alanya.jpg,Düğün hazırlıkları ve Alanya-Adana arası geçiş sahneleri
32,Aile Arasında,Film,Komedi,Ozan Açıktan,Necati Akpınar,2017.0,BKM Film,"Engin Günaydın, Demet Evgar",173,Bebek Sahil Şeridi,İstanbul,Beşiktaş,41.076,29.043,"41.076, 29.043",Çok Yüksek,Açık,"Yürüyüş, Lüks Kafe Kültürü",https://gorsel-linki.com/bebek.jpg,Solmaz'ın İstanbul Cihangir'deki evi ve mahalle sahneleri
340,Gülümse Kaderine,Dizi,Dram,Aytaç Çiçek,Şükrü Avşar,2022.0,Avşar Film,"Bahar Şahin, Sude Zülal Güler",4,Adana Şehir Hastanesi ve Çevresi,Adana,Yüreğir,37.016,35.361,"37.016, 35.361",Düşük,Kısıtlı,Gözlem,https://gorsel-linki.com/adana-sehir.jpg,Yusuf'un güvercin beslediği Adana damları ve kenar mahalleler
340,Gülümse Kaderine,Dizi,Dram,Aytaç Çiçek,Şükrü Avşar,2022.0,Avşar Film,"Bahar Şahin, Sude Zülal Güler",2,Adana Tren Garı,Adana,Seyhan,36.999,35.321,"36.999, 35.321",Yüksek,Açık,"Mimari Gezi, Ulaşım",https://gorsel-linki.com/adana-gar.jpg,Karakterlerin şehir içindeki günlük rotaları ve sanayi bölgesi
340,Gülümse Kaderine,Dizi,Dram,Aytaç Çiçek,Şükrü Avşar,2022.0,Avşar Film,"Bahar Şahin, Sude Zülal Güler",8,Sarıçam Pamuk Çiftlikleri,Adana,Sarıçam,37.031,35.451,"37.031, 35.451",Orta,Açık,Tarım Turizmi,https://gorsel-linki.com/saricam.jpg,Dış mekan çekimleri ve Adana kırsalındaki dramatik sahneler
637,Rüya,Dizi,Romantik,Cemal Şan (Yönetmen),Faruk Turgut (Yapımcı),2017.0,Gold Film,"Hazal Filiz Küçükköse, Ceyhun Mengiroğlu",144,Kadirli Barajı ve Çevresi,Osmaniye,Kadirli,37.421,36.142,"37.421, 36.142",Yüksek,Açık,"Nostalji Gezisi, Fotoğraf",https://gorsel-linki.com/selvi-boylum.jpg,İlyas'ın kamyonuyla geçtiği yollar ve Asya ile tanıştığı baraj bölgesi
637,Rüya,Dizi,Romantik,Cemal Şan (Yönetmen),Faruk Turgut (Yapımcı),2017.0,Gold Film,"Hazal Filiz Küçükköse, Ceyhun Mengiroğlu",170,Balat Sokakları,İstanbul,Fatih,41.031,28.947,"41.031, 28.947",Yüksek,Açık,Cafe-Kültür Gezisi,https://gorsel-linki.com/balat.jpg,Filmin post-prodüksiyon ve final kurgu bağlantılı mekanları
637,Rüya,Dizi,Romantik,Cemal Şan (Yönetmen),Faruk Turgut (Yapımcı),2017.0,Gold Film,"Hazal Filiz Küçükköse, Ceyhun Mengiroğlu",40,Köprübaşı ve Nehir Kenarı,Antalya,Manavgat,36.788,31.442,"36.788, 31.442",Yüksek,Açık,"Rafting, Fotoğraf",https://gorsel-linki.com/manavgat.jpg,Irmak kenarı ve şantiye sahneleri
630,Recep İvedik 7,Film,Komedi,Togan Gökbakar,Şahan Gökbakar,2022.0,Cielo Medya,"Şahan Gökbakar, Öznur Serçeler",4,Adana Şehir Hastanesi ve Çevresi,Adana,Yüreğir,37.016,35.361,"37.016, 35.361",Düşük,Kısıtlı,Gözlem,https://gorsel-linki.com/adana-sehir.jpg,Karsu ve ailesinin Adana'daki yaşamları ve hastane sahneleri
630,Recep İvedik 7,Film,Komedi,Togan Gökbakar,Şahan Gökbakar,2022.0,Cielo Medya,"Şahan Gökbakar, Öznur Serçeler",6,Kuzey Adana Modern Yerleşimler,Adana,Çukurova,37.045,35.292,"37.045, 35.292",Orta,Açık,Şehir Turu,https://gorsel-linki.com/adana-modern.jpg,Karakterlerin Adana içindeki sosyal yaşam alanları
630,Recep İvedik 7,Film,Komedi,Togan Gökbakar,Şahan Gökbakar,2022.0,Cielo Medya,"Şahan Gökbakar, Öznur Serçeler",173,Bebek Sahil Şeridi,İstanbul,Beşiktaş,41.076,29.043,"41.076, 29.043",Çok Yüksek,Açık,"Yürüyüş, Lüks Kafe Kültürü",https://gorsel-linki.com/bebek.jpg,Hikayenin İstanbul'a taşınmasıyla kullanılan Bebek ve sahil hattı
236,Deli Aşk,Film,Komedi,Murat Dündar,Muzaffer Yıldırım,2017.0,Nulook,"Emrah Kaman, Pelin Akil",5,Kozan Tarihi Evleri ve Kalesi,Adana,Kozan,37.455,35.815,"37.455, 35.815",Yüksek,Açık,Tarih Turu,https://gorsel-linki.com/kozan.jpg,Barazoğlu ailesinin ihtişamlı çiftliği ve Adana kırsalı
236,Deli Aşk,Film,Komedi,Murat Dündar,Muzaffer Yıldırım,2017.0,Nulook,"Emrah Kaman, Pelin Akil",8,Sarıçam Pamuk Çiftlikleri,Adana,Sarıçam,37.031,35.451,"37.031, 35.451",Orta,Açık,Tarım Turizmi,https://gorsel-linki.com/saricam.jpg,Arazi anlaşmazlıklarının ve at binme sahnelerinin geçtiği ovalar
236,Deli Aşk,Film,Komedi,Murat Dündar,Muzaffer Yıldırım,2017.0,Nulook,"Emrah Kaman, Pelin Akil",2,Adana Tren Garı,Adana,Seyhan,36.999,35.321,"36.999, 35.321",Yüksek,Açık,"Mimari Gezi, Ulaşım",https://gorsel-linki.com/adana-gar.jpg,Şehir merkezi sahneleri ve istasyon buluşmaları
157,Berlin Kaplanı,Film,Komedi,Hakan Algül,Necati Akpınar,2011.0,BKM,"Ata Demirer, Tarık Ünlüoğlu",8,Sarıçam Pamuk Çiftlikleri,Adana,Sarıçam,37.031,35.451,"37.031, 35.451",Orta,Açık,Tarım Turizmi,https://gorsel-linki.com/saricam.jpg,Aslanbaş ailesinin holding ve tarım arazilerinin kalbi olan çiftlik
157,Berlin Kaplanı,Film,Komedi,Hakan Algül,Necati Akpınar,2011.0,BKM,"Ata Demirer, Tarık Ünlüoğlu",3,Adana Çukurova Pamuk Tarlaları,Adana,Çukurova,37.058,35.321,"37.058, 35.321",Orta,Açık,"Fotoğrafçılık, Tarım Gezisi",https://gorsel-linki.com/adana-tarla.jpg,Dizinin simgesi olan uçsuz bucaksız pamuk tarlaları
157,Berlin Kaplanı,Film,Komedi,Hakan Algül,Necati Akpınar,2011.0,BKM,"Ata Demirer, Tarık Ünlüoğlu",2,Adana Tren Garı,Adana,Seyhan,36.999,35.321,"36.999, 35.321",Yüksek,Açık,"Mimari Gezi, Ulaşım",https://gorsel-linki.com/adana-gar.jpg,Karakterlerin seyahat ve karşılanma sahneleri
563,Mucize (film),Film,Komedi,Mahsun Kırmızıgül,Murat Tokat,2014.0,Boyut Film,"Mahsun Kırmızıgül, Talat Bulut, Mert Turak",2,Adana Tren Garı,Adana,Seyhan,36.999,35.321,"36.999, 35.321",Yüksek,Açık,"Mimari Gezi, Ulaşım",https://gorsel-linki.com/adana-gar.jpg,Suriye sınır hattı geçişlerini temsil eden Adana tren hattı sahneleri
563,Mucize (film),Film,Komedi,Mahsun Kırmızıgül,Murat Tokat,2014.0,Boyut Film,"Mahsun Kırmızıgül, Talat Bulut, Mert Turak",5,Kozan Tarihi Evleri ve Kalesi,Adana,Kozan,37.455,35.815,"37.455, 35.815",Yüksek,Açık,Tarih Turu,https://gorsel-linki.com/kozan.jpg,Sınır kasabası atmosferi için kullanılan Adana dış ilçeleri
563,Mucize (film),Film,Komedi,Mahsun Kırmızıgül,Murat Tokat,2014.0,Boyut Film,"Mahsun Kırmızıgül, Talat Bulut, Mert Turak",173,Bebek Sahil Şeridi,İstanbul,Beşiktaş,41.076,29.043,"41.076, 29.043",Çok Yüksek,Açık,"Yürüyüş, Lüks Kafe Kültürü",https://gorsel-linki.com/bebek.jpg,Rüya'nın Berlin'den gelip İstanbul'da babasıyla karşılaştığı sahneler
356,Gırgıriye'de Büyük Seçim,Film,Komedi,Temel Gürsu,Türker İnanoğlu,1984.0,Sineray,"Müjdat Gezen, Gülşen Bubikoğlu, Münir Özkul, Perran Kutman, Şemsi İnkaya, Ayşen Gruda, Asuman Arsan, Öztürk Serengil, Sami Hazinses, Yadigar Ejder, Turgut Özatay, , Cevat Kurtuluş",3,Adana Çukurova Pamuk Tarlaları,Adana,Çukurova,37.058,35.321,"37.058, 35.321",Orta,Açık,"Fotoğrafçılık, Tarım Gezisi",https://gorsel-linki.com/adana-tarla.jpg,"Güllü ve Kemal'in çalıştığı, hikayenin kalbi olan pamuk tarlaları"
356,Gırgıriye'de Büyük Seçim,Film,Komedi,Temel Gürsu,Türker İnanoğlu,1984.0,Sineray,"Müjdat Gezen, Gülşen Bubikoğlu, Münir Özkul, Perran Kutman, Şemsi İnkaya, Ayşen Gruda, Asuman Arsan, Öztürk Serengil, Sami Hazinses, Yadigar Ejder, Turgut Özatay, , Cevat Kurtuluş",5,Kozan Tarihi Evleri ve Kalesi,Adana,Kozan,37.455,35.815,"37.455, 35.815",Yüksek,Açık,Tarih Turu,https://gorsel-linki.com/kozan.jpg,Muzaffer Bey'in çiftliği ve Adana şehir merkezi sahneleri
356,Gırgıriye'de Büyük Seçim,Film,Komedi,Temel Gürsu,Türker İnanoğlu,1984.0,Sineray,"Müjdat Gezen, Gülşen Bubikoğlu, Münir Özkul, Perran Kutman, Şemsi İnkaya, Ayşen Gruda, Asuman Arsan, Öztürk Serengil, Sami Hazinses, Yadigar Ejder, Turgut Özatay, , Cevat Kurtuluş",170,Balat Sokakları,İstanbul,Fatih,41.031,28.947,"41.031, 28.947",Yüksek,Açık,Cafe-Kültür Gezisi,https://gorsel-linki.com/balat.jpg,Karakterlerin İstanbul yolculukları ve flashback sekansları
789,Yakışıklı,Film,Komedi,Orhan Aksoy,Memduh Ün,1987.0,Uğur Film,"Kemal Sunal, Renan Fosforoğlu, Hüseyin Kutman, Ayşegül Uygurer",5,Kozan Tarihi Evleri ve Kalesi,Adana,Kozan,37.455,35.815,"37.455, 35.815",Yüksek,Açık,Tarih Turu,https://gorsel-linki.com/kozan.jpg,Bozok Konağı olarak kullanılan tarihi konak ve çevresi
789,Yakışıklı,Film,Komedi,Orhan Aksoy,Memduh Ün,1987.0,Uğur Film,"Kemal Sunal, Renan Fosforoğlu, Hüseyin Kutman, Ayşegül Uygurer",40,Köprübaşı ve Nehir Kenarı,Antalya,Manavgat,36.788,31.442,"36.788, 31.442",Yüksek,Açık,"Rafting, Fotoğraf",https://gorsel-linki.com/manavgat.jpg,Dizinin doğal dış çekimleri ve piknik sahneleri
789,Yakışıklı,Film,Komedi,Orhan Aksoy,Memduh Ün,1987.0,Uğur Film,"Kemal Sunal, Renan Fosforoğlu, Hüseyin Kutman, Ayşegül Uygurer",33,Antalya Havalimanı Çevresi,Antalya,Muratpaşa,36.9,30.792,"36.900, 30.792",Düşük,Açık,Ulaşım,https://gorsel-linki.com/havalimani.jpg,Bella'nın şehre ilk gelişi ve ayrılış sahneleri
303,Fazilet Hanım ve Kızları,Dizi,Dram,Murat Saraçoğlu (Yönetmen),Şükrü Avşar (Yapımcı),2017.0,Avşar Film,"Nazan Kesal, Deniz Baysal, Çağlar Ertuğrul, Mahir Günşiray, Tolga Güleç, Hazal Türesan, Afra Saraçoğlu, İdris Nebi Taşkan, Alp Navruz, Tuğba Melis Türk, Ecem Baltacı",32,Antalya EXPO Alanı ve Stüdyolar,Antalya,Aksu,36.936,30.893,"36.936, 30.893",Yüksek,Ziyarete Açık,"Etkinlik, Fotoğrafçılık",https://gorsel-linki.com/expo-antalya.jpg,Uzay gemisi içi ve GORA gezegeni sahnelerinin kurulduğu dev stüdyolar
303,Fazilet Hanım ve Kızları,Dizi,Dram,Murat Saraçoğlu (Yönetmen),Şükrü Avşar (Yapımcı),2017.0,Avşar Film,"Nazan Kesal, Deniz Baysal, Çağlar Ertuğrul, Mahir Günşiray, Tolga Güleç, Hazal Türesan, Afra Saraçoğlu, İdris Nebi Taşkan, Alp Navruz, Tuğba Melis Türk, Ecem Baltacı",34,Antalya Karain Mağarası ve Çevresi,Antalya,Döşemealtı,37.078,30.571,"37.078, 30.571",Çok Yüksek,Müze/Açık,Arkeolojik Gezi,https://gorsel-linki.com/karain.jpg,Gezegen yüzeyi sahneleri için kullanılan doğal mağara ve kayalıklar
303,Fazilet Hanım ve Kızları,Dizi,Dram,Murat Saraçoğlu (Yönetmen),Şükrü Avşar (Yapımcı),2017.0,Avşar Film,"Nazan Kesal, Deniz Baysal, Çağlar Ertuğrul, Mahir Günşiray, Tolga Güleç, Hazal Türesan, Afra Saraçoğlu, İdris Nebi Taşkan, Alp Navruz, Tuğba Melis Türk, Ecem Baltacı",31,Alanya Çiçek Bahçeleri ve Kalesi,Antalya,Alanya,36.544,31.991,"36.544, 31.991",Çok Yüksek,Açık,"Manzara İzleme, Tarih Turu",https://gorsel-linki.com/alanya.jpg,Arif Işık'ın halı dükkanının bulunduğu Antalya çarşı sahneleri
221,Cenneti Beklerken,Film,Dram,Derviş Zaim,Bilinmiyor,2005.0,Marathon,"Serhat Tutumluer, Melisa Sözen",105,Bodrum Antik Tiyatro ve Sahili,Muğla,Bodrum,37.039,27.424,"37.039, 27.424",Çok Yüksek,Açık,"Konser, Kültür Turu",https://gorsel-linki.com/bodrum.jpg,Gaza ve babasının insan kaçakçılığı yaptığı kıyı şeridi ve depolar
221,Cenneti Beklerken,Film,Dram,Derviş Zaim,Bilinmiyor,2005.0,Marathon,"Serhat Tutumluer, Melisa Sözen",38,Kaş Limanı ve Sahili,Antalya,Kaş,36.2,29.638,"36.200, 29.638",Çok Yüksek,Açık,"Dalış, Tekne Turu",https://gorsel-linki.com/kas.jpg,Kaş ve çevresindeki ıssız koylar ve yol sahneleri
221,Cenneti Beklerken,Film,Dram,Derviş Zaim,Bilinmiyor,2005.0,Marathon,"Serhat Tutumluer, Melisa Sözen",271,Şile Sahili ve Villaları,İstanbul,Şile,41.174,29.612,"41.174, 29.612",Yüksek,Açık,"Deniz Keyfi, Tatil",https://gorsel-linki.com/sile.jpg,Deniz sahneleri ve teknelerin beklediği gizli noktalar
257,Duvar (film),Film,Dram,Yılmaz Güney,Marin Karmitz,1983.0,Güney Film,"Tuncel Kurtiz, Ayşe Emel Mesçi",118,Muğla Köyceğiz Yaylaları,Muğla,Köyceğiz,36.969,28.694,"36.969, 28.694",Yüksek,Açık,Doğa Yürüyüşü,https://gorsel-linki.com/koycegiz.jpg,Belediye Başkanı Aziz Özay'ın muazzam elma bahçesi
257,Duvar (film),Film,Dram,Yılmaz Güney,Marin Karmitz,1983.0,Güney Film,"Tuncel Kurtiz, Ayşe Emel Mesçi",264,Üsküdar İskelesi ve Çevresi,İstanbul,Üsküdar,41.027,29.015,"41.027, 29.015",Çok Yüksek,Açık,"Vapur Gezisi, Manzara",https://gorsel-linki.com/uskudar.jpg,Karakterlerin yıllar sonra İstanbul'daki buluşma sahneleri
257,Duvar (film),Film,Dram,Yılmaz Güney,Marin Karmitz,1983.0,Güney Film,"Tuncel Kurtiz, Ayşe Emel Mesçi",31,Alanya Çiçek Bahçeleri ve Kalesi,Antalya,Alanya,36.544,31.991,"36.544, 31.991",Çok Yüksek,Açık,"Manzara İzleme, Tarih Turu",https://gorsel-linki.com/alanya.jpg,Hakkari atmosferini yansıtmak için kullanılan Antalya yaylaları
350,Güvercin (film),Film,Dram,Banu Sıvacı,Banu Sıvacı,2018.0,Anagraf Film,"Kemal Burak Alper, Ruhi Sarı",38,Kaş Limanı ve Sahili,Antalya,Kaş,36.2,29.638,"36.200, 29.638",Çok Yüksek,Açık,"Dalış, Tekne Turu",https://gorsel-linki.com/kas.jpg,Balıkçı Ali ve oğlu Efe'nin yaşadığı ana sahil kasabası
350,Güvercin (film),Film,Dram,Banu Sıvacı,Banu Sıvacı,2018.0,Anagraf Film,"Kemal Burak Alper, Ruhi Sarı",286,Konak Meydanı,İzmir,Konak,38.418,27.128,"38.418, 27.128",Yüksek,Açık,Tarihi Gezi,https://gorsel-linki.com/konak.jpg,Karakterlerin hastane ve şehir merkezi sahneleri
350,Güvercin (film),Film,Dram,Banu Sıvacı,Banu Sıvacı,2018.0,Anagraf Film,"Kemal Burak Alper, Ruhi Sarı",173,Bebek Sahil Şeridi,İstanbul,Beşiktaş,41.076,29.043,"41.076, 29.043",Çok Yüksek,Açık,"Yürüyüş, Lüks Kafe Kültürü",https://gorsel-linki.com/bebek.jpg,İstanbul ile bağlantılı flashback sahneleri
407,Kalbimdeki Deniz,Dizi,Dram,Hakan İnan (Yönetmen),Yaşar İrvülEfe İrvül (Yapımcı),2016.0,Pastel Film,"Özge Özberk, Kutsi",40,Köprübaşı ve Nehir Kenarı,Antalya,Manavgat,36.788,31.442,"36.788, 31.442",Yüksek,Açık,"Rafting, Fotoğraf",https://gorsel-linki.com/manavgat.jpg,Cüneyt Arkın'ın aksiyon sahnelerinin geçtiği nehir ve köprü çevresi
407,Kalbimdeki Deniz,Dizi,Dram,Hakan İnan (Yönetmen),Yaşar İrvülEfe İrvül (Yapımcı),2016.0,Pastel Film,"Özge Özberk, Kutsi",39,Kemer Yaylaları ve Ormanları,Antalya,Kemer,36.6,30.55,"36.600, 30.550",Orta,Açık,"Doğa Yürüyüşü, Macera",https://gorsel-linki.com/kemer-yayla.jpg,Ormanlık alandaki takip ve çatışma sahneleri
407,Kalbimdeki Deniz,Dizi,Dram,Hakan İnan (Yönetmen),Yaşar İrvülEfe İrvül (Yapımcı),2016.0,Pastel Film,"Özge Özberk, Kutsi",170,Balat Sokakları,İstanbul,Fatih,41.031,28.947,"41.031, 28.947",Yüksek,Açık,Cafe-Kültür Gezisi,https://gorsel-linki.com/balat.jpg,Dönemin İstanbul sokaklarındaki yeraltı dünyası çekimleri
156,Bergen (film),Film,Dram,"Mehmet Binay, Caner Alper",Mine Şengöz,2021.0,Orchestra Content,"Farah Zeynep Abdullah , Erdal Beşikçioğlu, Tilbe Saran, Nergis Öztürk, Şebnem Sönmez, Ahmet Kayakesen, Arif Pişkin, Suzan Kardeş",222,Levent ve Maslak İş Merkezleri,İstanbul,Beşiktaş,41.077,29.012,"41.077, 29.012",Orta,Açık,Şehir Gezisi,https://gorsel-linki.com/levent.jpg,Ayhan Kaplan'ın Almanya dönüşü İstanbul'daki sahneleri
156,Bergen (film),Film,Dram,"Mehmet Binay, Caner Alper",Mine Şengöz,2021.0,Orchestra Content,"Farah Zeynep Abdullah , Erdal Beşikçioğlu, Tilbe Saran, Nergis Öztürk, Şebnem Sönmez, Ahmet Kayakesen, Arif Pişkin, Suzan Kardeş",286,Konak Meydanı,İzmir,Konak,38.418,27.128,"38.418, 27.128",Yüksek,Açık,Tarihi Gezi,https://gorsel-linki.com/konak.jpg,Antalya bölgesindeki antrenman ve hazırlık kampı sahneleri
156,Bergen (film),Film,Dram,"Mehmet Binay, Caner Alper",Mine Şengöz,2021.0,Orchestra Content,"Farah Zeynep Abdullah , Erdal Beşikçioğlu, Tilbe Saran, Nergis Öztürk, Şebnem Sönmez, Ahmet Kayakesen, Arif Pişkin, Suzan Kardeş",38,Kaş Limanı ve Sahili,Antalya,Kaş,36.2,29.638,"36.200, 29.638",Çok Yüksek,Açık,"Dalış, Tekne Turu",https://gorsel-linki.com/kas.jpg,Dizinin komedi unsurlarının arttığı sahil ve çarşı bölgeleri
564,Mucize 2: Aşk,Film,Dram,Mahsun Kırmızıgül,Murat Tokat,2019.0,Boyut Film,"Mert Turak, Fikret Kuşkan, Biran Damla Yılmaz",73,Barla Dağları (Karabel Mevkii),Isparta,Eğirdir,38.012,30.725,"38.012, 30.725",Düşük,Kısıtlı (Zorlu Arazi),Doğa Yürüyüşü,https://gorsel-linki.com/barla.jpg,Kurgusal Karabal Jandarma Karakolu sahnelerinin çekildiği sarp dağlar
564,Mucize 2: Aşk,Film,Dram,Mahsun Kırmızıgül,Murat Tokat,2019.0,Boyut Film,"Mert Turak, Fikret Kuşkan, Biran Damla Yılmaz",74,Eğirdir Gölü,Isparta,Eğirdir,37.873,30.852,"37.873, 30.852",Orta,Açık,"Doğa Yürüyüşü, Balıkçılık",https://gorsel-linki.com/egirdir.jpg,Operasyon hazırlıklarının geçtiği göl çevresi ve düzlükler
564,Mucize 2: Aşk,Film,Dram,Mahsun Kırmızıgül,Murat Tokat,2019.0,Boyut Film,"Mert Turak, Fikret Kuşkan, Biran Damla Yılmaz",33,Antalya Havalimanı Çevresi,Antalya,Muratpaşa,36.9,30.792,"36.900, 30.792",Düşük,Açık,Ulaşım,https://gorsel-linki.com/havalimani.jpg,İntikal ve lojistik geçiş sahneleri
332,Gözlerinde Son Gece,Dizi,Dram,Faruk Turgut (Yönetmen),Faruk Turgut (Yapımcı),1996.0,Gold Film,"Türkan Şoray, Rutkay Aziz, Kaan Girgin, Selen Yıldız, Levent Özdilek, Attila Olgaç, Bülent Bilgiç",173,Bebek Sahil Şeridi,İstanbul,Beşiktaş,41.076,29.043,"41.076, 29.043",Çok Yüksek,Açık,"Yürüyüş, Lüks Kafe Kültürü",https://gorsel-linki.com/bebek.jpg,Gülşah ve ailesinin yaşadığı köşk ve Bebek çevresi
332,Gözlerinde Son Gece,Dizi,Dram,Faruk Turgut (Yönetmen),Faruk Turgut (Yapımcı),1996.0,Gold Film,"Türkan Şoray, Rutkay Aziz, Kaan Girgin, Selen Yıldız, Levent Özdilek, Attila Olgaç, Bülent Bilgiç",170,Balat Sokakları,İstanbul,Fatih,41.031,28.947,"41.031, 28.947",Yüksek,Açık,Cafe-Kültür Gezisi,https://gorsel-linki.com/balat.jpg,Küçük Gülşah'ın İstanbul sokaklarındaki maceraları
332,Gözlerinde Son Gece,Dizi,Dram,Faruk Turgut (Yönetmen),Faruk Turgut (Yapımcı),1996.0,Gold Film,"Türkan Şoray, Rutkay Aziz, Kaan Girgin, Selen Yıldız, Levent Özdilek, Attila Olgaç, Bülent Bilgiç",219,Kuzguncuk Evleri,İstanbul,Üsküdar,41.037,29.03,"41.037, 29.030",Yüksek,Açık,"Fotoğrafçılık, Nostalji Gezisi",https://gorsel-linki.com/kuzguncuk.jpg,Nostaljik İstanbul mahallesi ve komşuluk sahneleri
201,Bugünün Saraylısı,Dizi,Dram,Ziya Öztan (Yönetmen),Sacit Doğruyol (Yapımcı),1992.0,| dağıtıcı =,"Sema Yunak, Ahmet Mekin, Yaman Okay, Ahmet Sezerel, Gülsen Tuncer, Fatoş Sezer",39,Kemer Yaylaları ve Ormanları,Antalya,Kemer,36.6,30.55,"36.600, 30.550",Orta,Açık,"Doğa Yürüyüşü, Macera",https://gorsel-linki.com/kemer-yayla.jpg,Ahmet ve Hatice'nin dağlardaki kaçış ve intikam sahneleri
201,Bugünün Saraylısı,Dizi,Dram,Ziya Öztan (Yönetmen),Sacit Doğruyol (Yapımcı),1992.0,| dağıtıcı =,"Sema Yunak, Ahmet Mekin, Yaman Okay, Ahmet Sezerel, Gülsen Tuncer, Fatoş Sezer",288,Kozak Yaylası,İzmir,Bergama,39.245,27.105,"39.245, 27.105",Yüksek,Açık,"Doğa Fotoğrafçılığı, Piknik",https://gorsel-linki.com/kozak-yaylasi.jpg,Geniş plato sahneleri ve yayla görselleri
201,Bugünün Saraylısı,Dizi,Dram,Ziya Öztan (Yönetmen),Sacit Doğruyol (Yapımcı),1992.0,| dağıtıcı =,"Sema Yunak, Ahmet Mekin, Yaman Okay, Ahmet Sezerel, Gülsen Tuncer, Fatoş Sezer",36,Elmalı Sokakları ve Jandarma Karakolu,Antalya,Elmalı,36.733,29.917,"36.733, 29.917",Orta,Açık,Tarihi Ev Gezisi,https://gorsel-linki.com/elmali.jpg,Köy merkezi ve hesaplaşma meydanı sahneleri
38,"Ala Geyik (film, 1969)",Film,Dram,Süreyya Duru,Hürrem Erman,1969.0,Erman Film,"Cüneyt Arkın, Mine Mutlu",288,Kozak Yaylası,İzmir,Bergama,39.245,27.105,"39.245, 27.105",Yüksek,Açık,"Doğa Fotoğrafçılığı, Piknik",https://gorsel-linki.com/kozak-yaylasi.jpg,Halil'in geyik avı için çıktığı efsanevi dağ sahneleri
38,"Ala Geyik (film, 1969)",Film,Dram,Süreyya Duru,Hürrem Erman,1969.0,Erman Film,"Cüneyt Arkın, Mine Mutlu",39,Kemer Yaylaları ve Ormanları,Antalya,Kemer,36.6,30.55,"36.600, 30.550",Orta,Açık,"Doğa Yürüyüşü, Macera",https://gorsel-linki.com/kemer-yayla.jpg,Orman içi takip ve avlanma sekansları
38,"Ala Geyik (film, 1969)",Film,Dram,Süreyya Duru,Hürrem Erman,1969.0,Erman Film,"Cüneyt Arkın, Mine Mutlu",36,Elmalı Sokakları ve Jandarma Karakolu,Antalya,Elmalı,36.733,29.917,"36.733, 29.917",Orta,Açık,Tarihi Ev Gezisi,https://gorsel-linki.com/elmali.jpg,Geleneksel köy yaşantısının geçtiği dış mekanlar
716,Talihli Amele,Film,Komedi,Atıf Yılmaz,Atıf Yılmaz,1980.0,dağıtıcı =,"İlyas Salman, Hümeyra, Metin Serezli",32,Antalya EXPO Alanı ve Stüdyolar,Antalya,Aksu,36.936,30.893,"36.936, 30.893",Yüksek,Ziyarete Açık,"Etkinlik, Fotoğrafçılık",https://gorsel-linki.com/expo-antalya.jpg,Filmin büyük bir kısmının çekildiği devasa kapalı stüdyo setleri
716,Talihli Amele,Film,Komedi,Atıf Yılmaz,Atıf Yılmaz,1980.0,dağıtıcı =,"İlyas Salman, Hümeyra, Metin Serezli",35,Antalya Yat Limanı (Kaleiçi),Antalya,Muratpaşa,36.884,30.703,"36.884, 30.703",Çok Yüksek,Açık,"Tekne Turu, Tarihi Gezi",https://gorsel-linki.com/antalya-yat-limani.jpg,Liman ve gemi sahnelerinin çekildiği tarihi liman bölgesi
716,Talihli Amele,Film,Komedi,Atıf Yılmaz,Atıf Yılmaz,1980.0,dağıtıcı =,"İlyas Salman, Hümeyra, Metin Serezli",31,Alanya Çiçek Bahçeleri ve Kalesi,Antalya,Alanya,36.544,31.991,"36.544, 31.991",Çok Yüksek,Açık,"Manzara İzleme, Tarih Turu",https://gorsel-linki.com/alanya.jpg,Kıyı şeridindeki aksiyon ve patlama sahneleri
610,Peri Tozu,Film,Romantik,Ela Alyamaç,Nermin Alyamaç,2007.0,Kara Kedi Film,"İpek Değer, Mehmet Ali Nuroğlu",32,Antalya EXPO Alanı ve Stüdyolar,Antalya,Aksu,36.936,30.893,"36.936, 30.893",Yüksek,Ziyarete Açık,"Etkinlik, Fotoğrafçılık",https://gorsel-linki.com/expo-antalya.jpg,Milli sporcuların kamp yaptığı ve müsabakaların geçtiği spor tesisleri
610,Peri Tozu,Film,Romantik,Ela Alyamaç,Nermin Alyamaç,2007.0,Kara Kedi Film,"İpek Değer, Mehmet Ali Nuroğlu",33,Antalya Havalimanı Çevresi,Antalya,Muratpaşa,36.9,30.792,"36.900, 30.792",Düşük,Açık,Ulaşım,https://gorsel-linki.com/havalimani.jpg,Kafile ile birlikte yapılan yolculuk ve havalimanı sahneleri
610,Peri Tozu,Film,Romantik,Ela Alyamaç,Nermin Alyamaç,2007.0,Kara Kedi Film,"İpek Değer, Mehmet Ali Nuroğlu",173,Bebek Sahil Şeridi,İstanbul,Beşiktaş,41.076,29.043,"41.076, 29.043",Çok Yüksek,Açık,"Yürüyüş, Lüks Kafe Kültürü",https://gorsel-linki.com/bebek.jpg,Recep'in İstanbul'daki hazırlık süreci sahneleri
608,Pek Yakında,Film,Komedi,Cem Yılmaz,"Muzaffer Yıldırım, Can Yılmaz, Cem Yılmaz",2014.0,"CMYLMZ Fikirsanat, Nulook Production","Cem Yılmaz, Tülin Özen, Ozan Güven, Özkan Uğur, Zafer Algöz, Çağlar Çorumlu",31,Alanya Çiçek Bahçeleri ve Kalesi,Antalya,Alanya,36.544,31.991,"36.544, 31.991",Çok Yüksek,Açık,"Manzara İzleme, Tarih Turu",https://gorsel-linki.com/alanya.jpg,Recep'in çocukluk aşkını bulmak için gittiği lüks otel ve plaj sahneleri
608,Pek Yakında,Film,Komedi,Cem Yılmaz,"Muzaffer Yıldırım, Can Yılmaz, Cem Yılmaz",2014.0,"CMYLMZ Fikirsanat, Nulook Production","Cem Yılmaz, Tülin Özen, Ozan Güven, Özkan Uğur, Zafer Algöz, Çağlar Çorumlu",265,Üsküdar-Güngören Arası Mahalleler,İstanbul,Güngören,41.02,28.87,"41.020, 28.870",Düşük,Açık,Yerel Yaşam Gözlemi,https://gorsel-linki.com/gungoren-sokak.jpg,Recep'in İstanbul'daki evi ve mahalle hayatı
608,Pek Yakında,Film,Komedi,Cem Yılmaz,"Muzaffer Yıldırım, Can Yılmaz, Cem Yılmaz",2014.0,"CMYLMZ Fikirsanat, Nulook Production","Cem Yılmaz, Tülin Özen, Ozan Güven, Özkan Uğur, Zafer Algöz, Çağlar Çorumlu",173,Bebek Sahil Şeridi,İstanbul,Beşiktaş,41.076,29.043,"41.076, 29.043",Çok Yüksek,Açık,"Yürüyüş, Lüks Kafe Kültürü",https://gorsel-linki.com/bebek.jpg,Yolculuk öncesi İstanbul içi trafik ve sahil sahneleri
573,Mükemmel Eşleşme,Dizi,Komedi,Emre Kavuk (Yönetmen),Birol Güven (Yapımcı),2022.0,MinT Motion Pictures,"Ahmet Kayakesen, Gizem Sevim",36,Elmalı Sokakları ve Jandarma Karakolu,Antalya,Elmalı,36.733,29.917,"36.733, 29.917",Orta,Açık,Tarihi Ev Gezisi,https://gorsel-linki.com/elmali.jpg,Jandarma karakolunun ve kasaba hayatının geçtiği ana merkez
573,Mükemmel Eşleşme,Dizi,Komedi,Emre Kavuk (Yönetmen),Birol Güven (Yapımcı),2022.0,MinT Motion Pictures,"Ahmet Kayakesen, Gizem Sevim",33,Antalya Havalimanı Çevresi,Antalya,Muratpaşa,36.9,30.792,"36.900, 30.792",Düşük,Açık,Ulaşım,https://gorsel-linki.com/havalimani.jpg,Operasyon sahneleri ve lojistik geçiş noktaları
573,Mükemmel Eşleşme,Dizi,Komedi,Emre Kavuk (Yönetmen),Birol Güven (Yapımcı),2022.0,MinT Motion Pictures,"Ahmet Kayakesen, Gizem Sevim",31,Alanya Çiçek Bahçeleri ve Kalesi,Antalya,Alanya,36.544,31.991,"36.544, 31.991",Çok Yüksek,Açık,"Manzara İzleme, Tarih Turu",https://gorsel-linki.com/alanya.jpg,Bölgeye yakın dış mekan operasyon çekimleri
486,"Kuzgun (dizi, 2019)",Dizi,Dram,Ali Bilgin,Kerem Çatay,2019.0,Ay Yapım,"Barış Arduç, Burcu Biricik",140,Ürgüp Şehir Merkezi,Nevşehir,Ürgüp,38.63,34.912,"38.630, 34.912",Çok Yüksek,Açık,"Alışveriş, Kültür Turu",https://gorsel-linki.com/urgup.jpg,Arat Giraylı ve ailesinin köklerinin bulunduğu Kapadokya sahneleri
486,"Kuzgun (dizi, 2019)",Dizi,Dram,Ali Bilgin,Kerem Çatay,2019.0,Ay Yapım,"Barış Arduç, Burcu Biricik",136,Old Greek House (Asmalı Konak),Nevşehir,Mustafapaşa,38.583,34.899,"38.583, 34.899",Çok Yüksek,Müze/Restoran,Tarihi Konak Gezisi,https://gorsel-linki.com/asmalikonak.jpg,Giraylı ailesinin ihtişamlı yaşamının geçtiği konak
486,"Kuzgun (dizi, 2019)",Dizi,Dram,Ali Bilgin,Kerem Çatay,2019.0,Ay Yapım,"Barış Arduç, Burcu Biricik",173,Bebek Sahil Şeridi,İstanbul,Beşiktaş,41.076,29.043,"41.076, 29.043",Çok Yüksek,Açık,"Yürüyüş, Lüks Kafe Kültürü",https://gorsel-linki.com/bebek.jpg,İstanbul sahneleri ve lüks restoran buluşmaları
808,"Yaşamın Kıyısında (film, 2007)",Film,Dram,Fatih Akın,Bilinmiyor,2007.0,Anka Film,"Nurgül Yeşilçay, Baki Davrak",31,Alanya Çiçek Bahçeleri ve Kalesi,Antalya,Alanya,36.544,31.991,"36.544, 31.991",Çok Yüksek,Açık,"Manzara İzleme, Tarih Turu",https://gorsel-linki.com/alanya.jpg,Dizinin geçtiği kurgusal Kalender kasabasının (Alanya) çiçek bahçeleri
808,"Yaşamın Kıyısında (film, 2007)",Film,Dram,Fatih Akın,Bilinmiyor,2007.0,Anka Film,"Nurgül Yeşilçay, Baki Davrak",286,Konak Meydanı,İzmir,Konak,38.418,27.128,"38.418, 27.128",Yüksek,Açık,Tarihi Gezi,https://gorsel-linki.com/konak.jpg,Liman ve şehir merkezi aksiyon sahneleri
808,"Yaşamın Kıyısında (film, 2007)",Film,Dram,Fatih Akın,Bilinmiyor,2007.0,Anka Film,"Nurgül Yeşilçay, Baki Davrak",33,Antalya Havalimanı Çevresi,Antalya,Muratpaşa,36.9,30.792,"36.900, 30.792",Düşük,Açık,Ulaşım,https://gorsel-linki.com/havalimani.jpg,Karakterlerin kasabaya dönüş ve ayrılış sahneleri
254,,,,,,,,,271,Şile Sahili ve Villaları,İstanbul,Şile,41.174,29.612,"41.174, 29.612",Yüksek,Açık,"Deniz Keyfi, Tatil",https://gorsel-linki.com/sile.jpg,Elif ve Erhan karakterlerinin inziva ve gerilim sahneleri
254,,,,,,,,,173,Bebek Sahil Şeridi,İstanbul,Beşiktaş,41.076,29.043,"41.076, 29.043",Çok Yüksek,Açık,"Yürüyüş, Lüks Kafe Kültürü",https://gorsel-linki.com/bebek.jpg,Sibel'in lüks ofisi ve modern İstanbul hayatı
254,,,,,,,,,257,Zekeriyaköy Villaları,İstanbul,Sarıyer,41.205,29.028,"41.205, 29.028",Düşük,Özel Mülk,Konut Projeleri İnceleme,https://gorsel-linki.com/zekeriyakoy.jpg,Karakterlerin aile evleri ve özel yaşam alanları
656,Sen Anlat Karadeniz,Dizi,Dram,Murat Onbul,Osman Sınav,2018.0,Sinegraf,"Ulaş Tuna Astepe, İrem Helvacıoğlu",237,Sarıyer Balıkçı Köyü,İstanbul,Sarıyer,41.166,29.05,"41.166, 29.050",Yüksek,Açık,"Gastronomi, Deniz Havası",https://gorsel-linki.com/sariyer.jpg,Samimi bir mahalle komedisi olan dizinin geçtiği kıyı şeridi
656,Sen Anlat Karadeniz,Dizi,Dram,Murat Onbul,Osman Sınav,2018.0,Sinegraf,"Ulaş Tuna Astepe, İrem Helvacıoğlu",219,Kuzguncuk Evleri,İstanbul,Üsküdar,41.037,29.03,"41.037, 29.030",Yüksek,Açık,"Fotoğrafçılık, Nostalji Gezisi",https://gorsel-linki.com/kuzguncuk.jpg,Eski İstanbul evleri ve komşuluk sahneleri
656,Sen Anlat Karadeniz,Dizi,Dram,Murat Onbul,Osman Sınav,2018.0,Sinegraf,"Ulaş Tuna Astepe, İrem Helvacıoğlu",170,Balat Sokakları,İstanbul,Fatih,41.031,28.947,"41.031, 28.947",Yüksek,Açık,Cafe-Kültür Gezisi,https://gorsel-linki.com/balat.jpg,Çarşı ve pazar gibi genel sosyal alan çekimleri
625,Reaksiyon,Dizi,Aksiyon,Onur Tan (Yönetmen),Ozan AksungurEmre ÖzdürBaşar Başaran (Yapımcı),2014.0,Reaksiyon Film,Erdal Beşikçioğlu İbrahim Çelikkol Nehir Erdoğan Selen Soyder Yurdaer Okur İsmail Demirci,140,Ürgüp Şehir Merkezi,Nevşehir,Ürgüp,38.63,34.912,"38.630, 34.912",Çok Yüksek,Açık,"Alışveriş, Kültür Turu",https://gorsel-linki.com/urgup.jpg,Gülsoy ailesinin yaşadığı ana konak ve çevresi
625,Reaksiyon,Dizi,Aksiyon,Onur Tan (Yönetmen),Ozan AksungurEmre ÖzdürBaşar Başaran (Yapımcı),2014.0,Reaksiyon Film,Erdal Beşikçioğlu İbrahim Çelikkol Nehir Erdoğan Selen Soyder Yurdaer Okur İsmail Demirci,134,Kapadokya Peribacaları,Nevşehir,Ürgüp,38.63,34.912,"38.630, 34.912",Çok Yüksek,Açık,"Balon Turu, Fotoğraf",https://gorsel-linki.com/kapadokya.jpg,Karakterlerin duygusal yüzleşmelerinin geçtiği Kapadokya vadileri
625,Reaksiyon,Dizi,Aksiyon,Onur Tan (Yönetmen),Ozan AksungurEmre ÖzdürBaşar Başaran (Yapımcı),2014.0,Reaksiyon Film,Erdal Beşikçioğlu İbrahim Çelikkol Nehir Erdoğan Selen Soyder Yurdaer Okur İsmail Demirci,132,Gülşehir Açıksaray Harabeleri,Nevşehir,Gülşehir,38.718,34.645,"38.718, 34.645",Yüksek,Açık,"Tarihi Gezi, Fotoğraf",https://gorsel-linki.com/gulsehir.jpg,Dizinin ikonik dış mekan ve mağara çekimleri
476,Kurtlar Vadisi Irak,Film,Aksiyon,Serdar Akar,Raci Şaşmaz,2006.0,Pana Film,"Necati Şaşmaz, Billy Zane",82,Soğanlı Vadisi,Kayseri,Yeşilhisar,38.348,34.978,"38.348, 34.978",Yüksek,Açık,"Balon Turu, Kaya Kiliseleri",https://gorsel-linki.com/soganli.jpg,Kuzgun'un çocukluğunun geçtiği ve hikayenin başladığı Kayseri sahneleri
476,Kurtlar Vadisi Irak,Film,Aksiyon,Serdar Akar,Raci Şaşmaz,2006.0,Pana Film,"Necati Şaşmaz, Billy Zane",170,Balat Sokakları,İstanbul,Fatih,41.031,28.947,"41.031, 28.947",Yüksek,Açık,Cafe-Kültür Gezisi,https://gorsel-linki.com/balat.jpg,Kuzgun'un İstanbul'a dönüşünde yerleştiği mahalle
476,Kurtlar Vadisi Irak,Film,Aksiyon,Serdar Akar,Raci Şaşmaz,2006.0,Pana Film,"Necati Şaşmaz, Billy Zane",264,Üsküdar İskelesi ve Çevresi,İstanbul,Üsküdar,41.027,29.015,"41.027, 29.015",Çok Yüksek,Açık,"Vapur Gezisi, Manzara",https://gorsel-linki.com/uskudar.jpg,Dila ve Kuzgun'un deniz kenarındaki kritik görüşmeleri
779,Vicdan (film),Film,Dram,Erden Kıral,Turan Tokel,2008.0,Deniz Film,"Nurgül Yeşilçay, Murat Han, Tülin Özen",266,İstanbul Çağlayan Adliyesi,İstanbul,Kağıthane,41.082,28.981,"41.082, 28.981",Düşük,Kısıtlı (Resmi Kurum),Gözlem,https://gorsel-linki.com/adliye.jpg,Ilgaz ve Ceylin'in mesai harcadığı ana adliye koridorları
779,Vicdan (film),Film,Dram,Erden Kıral,Turan Tokel,2008.0,Deniz Film,"Nurgül Yeşilçay, Murat Han, Tülin Özen",166,Atatürk Kültür Merkezi (AKM),İstanbul,Beyoğlu,41.036,28.985,"41.036, 28.985",Çok Yüksek,Açık,Sanat Etkinlikleri,https://gorsel-linki.com/akm.jpg,Şehir merkezi sahneleri ve karakterlerin sosyal buluşma noktaları
812,Yeni Hayat,Dizi,Aksiyon,Başak SoysalCem Özüduru (Yönetmen),Ömer ÖzgünerÜmmü Burhan (Yapımcı),2020.0,OJO Pictures,"Serkan Çayoğlu, Melisa Aslı Pamuk, Tayanç Ayaydın, Nilperi Şahinkaya",82,Soğanlı Vadisi,Kayseri,Yeşilhisar,38.348,34.978,"38.348, 34.978",Yüksek,Açık,"Balon Turu, Kaya Kiliseleri",https://gorsel-linki.com/soganli.jpg,Köy yaşantısının ve toprak kavgalarının geçtiği ana çekim alanları
812,Yeni Hayat,Dizi,Aksiyon,Başak SoysalCem Özüduru (Yönetmen),Ömer ÖzgünerÜmmü Burhan (Yapımcı),2020.0,OJO Pictures,"Serkan Çayoğlu, Melisa Aslı Pamuk, Tayanç Ayaydın, Nilperi Şahinkaya",134,Kapadokya Peribacaları,Nevşehir,Ürgüp,38.63,34.912,"38.630, 34.912",Çok Yüksek,Açık,"Balon Turu, Fotoğraf",https://gorsel-linki.com/kapadokya.jpg,Nevşehir-Kayseri hattındaki kırsal bölgeler
812,Yeni Hayat,Dizi,Aksiyon,Başak SoysalCem Özüduru (Yönetmen),Ömer ÖzgünerÜmmü Burhan (Yapımcı),2020.0,OJO Pictures,"Serkan Çayoğlu, Melisa Aslı Pamuk, Tayanç Ayaydın, Nilperi Şahinkaya",140,Ürgüp Şehir Merkezi,Nevşehir,Ürgüp,38.63,34.912,"38.630, 34.912",Çok Yüksek,Açık,"Alışveriş, Kültür Turu",https://gorsel-linki.com/urgup.jpg,Kasaba merkezi ve pazar sahneleri
820,Yol Kenarı,Film,Dram,Tayfun Pirselimoğlu,Tayfun Pirselimoğlu,2014.0,Mitra Filmcilik,"Tansu Biçer, Nalan Kuruçim",140,Ürgüp Şehir Merkezi,Nevşehir,Ürgüp,38.63,34.912,"38.630, 34.912",Çok Yüksek,Açık,"Alışveriş, Kültür Turu",https://gorsel-linki.com/urgup.jpg,Zümrüt'ün yaşadığı mahalle ve Ürgüp sokakları
820,Yol Kenarı,Film,Dram,Tayfun Pirselimoğlu,Tayfun Pirselimoğlu,2014.0,Mitra Filmcilik,"Tansu Biçer, Nalan Kuruçim",134,Kapadokya Peribacaları,Nevşehir,Ürgüp,38.63,34.912,"38.630, 34.912",Çok Yüksek,Açık,"Balon Turu, Fotoğraf",https://gorsel-linki.com/kapadokya.jpg,Demirkan malikanesinin bulunduğu bölge ve vadi manzaraları
820,Yol Kenarı,Film,Dram,Tayfun Pirselimoğlu,Tayfun Pirselimoğlu,2014.0,Mitra Filmcilik,"Tansu Biçer, Nalan Kuruçim",132,Gülşehir Açıksaray Harabeleri,Nevşehir,Gülşehir,38.718,34.645,"38.718, 34.645",Yüksek,Açık,"Tarihi Gezi, Fotoğraf",https://gorsel-linki.com/gulsehir.jpg,Dizinin masalsı atmosferini destekleyen doğal oluşumlar
64,Arka Sokaklar,Dizi,Gerilim/Suç,Orhan Oğuz(2006-2024)Baran Özçaylan(2024-günümüz)Eray Koçak(2025-günümüz) (Yönetmen),Türker İnanoğlu(2006-2022)Ali Cengiz Deveci(2023-günümüz) (Yapımcı),2006.0,Erler Film(2006-2022)D Media(2023-günümüz),"Zafer Ergin, Şevket Çoruh, Özgür Ozan, Oya Okar, Alp Korkmaz, Ozan Çobanoğlu, Ebru Cündübeyoğlu, Sarp Levendoğlu, Yasemin Allen, Özlem Çınar, İlker İnanoğlu, Uğur Pektaş, Gamze Özçelik, Can Nergis, Müge Boz, Berk Oktay, Çağla Kubat, Gülcan Arslan, Zeynep Beşerler, Beril Kayar",267,İstiklal Caddesi,İstanbul,Beyoğlu,41.0147,29.0447,"41.0147, 29.0447",Orta,Açık,"Dizi seti ziyareti, Fotoğrafçılık",,Arka Sokaklar dizisinin ana çekim mekanlarından biri İstiklal Caddesi ve çevresidir.
765,Uykucu,Film,Aksiyon,Can Ulkay,Polat Yağcı,2025.0,Poll Films,"Çağatay Ulusoy, Elçin Sangu",250,Vefa,İstanbul,Fatih,41.0708,29.032,"41.0708, 29.0320",Yüksek,Açık,"Dizi seti ziyareti, Fotoğrafçılık",,Yabancı Damat dizisinin ana çekim mekanlarından biri Vefa ve çevresidir.
73,Asmalı Konak,Dizi,Dram,Çağan Irmak,Abdullah Oğuz,2002.0,ANS Productions,"Özcan Deniz, Nurgül Yeşilçay",202,Göktürk,İstanbul,Eyüpsultan,41.0998,29.0264,"41.0998, 29.0264",Yüksek,Açık,"Dizi seti ziyareti, Fotoğrafçılık",,Asmalı Konak dizisinin ana çekim mekanlarından biri Göktürk ve çevresidir.
136,Behzat Ç. Ankara Yanıyor,Film,Aksiyon,Serdar Akar,Tarkan Karlıdağ,2013.0,Adam Film,"Erdal Beşikçioğlu, Nejat İşler, Sanem Çelik",246,Tarlabaşı,İstanbul,Beyoğlu,41.0326,29.0609,"41.0326, 29.0609",Yüksek,Açık,"Dizi seti ziyareti, Fotoğrafçılık",,Behzat Ç. Bir Ankara Polisiyesi dizisinin ana çekim mekanlarından biri Tarlabaşı ve çevresidir.
752,Ufak Tefek Cinayetler,Dizi,Gerilim/Suç,Ali BilginDeniz Yorulmazer (Yönetmen),Kerem ÇatayPelin Diştaş (Yapımcı),2017.0,Ay Yapım,"Gökçe Bahadır, Aslıhan Gürbüz, Bade İşçil, Tülin Özen, Mert Fırat",180,Beykoz Kundura Fabrikası,İstanbul,Beykoz,41.0564,29.0222,"41.0564, 29.0222",Yüksek,Açık,"Dizi seti ziyareti, Fotoğrafçılık",,Vatanım Sensin dizisinin ana çekim mekanlarından biri Beykoz Kundura Fabrikası ve çevresidir.
778,Ver Elini Aşk,Dizi,Komedi,Bora Onur,Ayça Aral Sarangil,2017.0,Salacak Yapım,"Ali İl, Sevda Erginci",176,Belgrad Ormanı,İstanbul,Sarıyer,41.0666,29.0328,"41.0666, 29.0328",Yüksek,Açık,"Dizi seti ziyareti, Fotoğrafçılık",,Yargı dizisinin ana çekim mekanlarından biri Belgrad Ormanı ve çevresidir.
840,Zerda,Dizi,Dram,Kudret Sabancı,Erol Avcı,2002.0,TMC,"Yavuz Bingöl, Ece Uslu",169,Balat,İstanbul,Fatih,41.0617,29.0995,"41.0617, 29.0995",Yüksek,Açık,"Dizi seti ziyareti, Fotoğrafçılık",,Çukur dizisinin ana çekim mekanlarından biri Balat ve çevresidir.
162,Bi Küçük Eylül Meselesi,Film,Romantik,Kerem Deren,Kerem Çatay,2014.0,"Warner Bros., Ay Yapım","Farah Zeynep Abdullah, Engin Akyürek",194,Emirgan Korusu,İstanbul,Sarıyer,41.0417,29.0401,"41.0417, 29.0401",Yüksek,Açık,"Dizi seti ziyareti, Fotoğrafçılık",,Binbir Gece dizisinin ana çekim mekanlarından biri Emirgan Korusu ve çevresidir.
416,"Kapan (film, 2019)",Film,Aksiyon,Kudret Sabancı,Muharrem Gürer,2019.0,Nehir Yapım,"Erkan Petekkaya, Kemal Uçar, Öykü Çelik, Ali Gürer, Başak Akbay, Ruhi Sarı, Neslihan Acar",203,Gülhane Parkı,İstanbul,Fatih,41.0762,29.0263,"41.0762, 29.0263",Yüksek,Açık,"Dizi seti ziyareti, Fotoğrafçılık",,Karayılan dizisinin ana çekim mekanlarından biri Gülhane Parkı ve çevresidir.
588,Not Defteri,Dizi,Dram,Ilgaz Giritlioğlu (Yönetmen),Şükrü Avşar (Yapımcı),2019.0,Avşar Film,Fatih Al Ebru Özkan Ekin Mert Daymaz Tarık Özcan Ündüz Beste Kökdemir,198,Fener,İstanbul,Fatih,41.0663,29.0167,"41.0663, 29.0167",Orta,Açık,"Dizi seti ziyareti, Fotoğrafçılık",,Payitaht Abdülhamid dizisinin ana çekim mekanlarından biri Fener ve çevresidir.
861,Çocuk,Dizi,Dram,Serkan Birinci (Yönetmen),İrfan ŞahinCengiz Deveci (Yapımcı),2019.0,1441 Productions,"Nazan Kesal, İsmail Hacıoğlu, Serhat Teoman, Merve Çağıran, Ceyda Ateş Toplusoy, Kenan Acar, Mehmet Emin Güney",213,Kemerburgaz,İstanbul,Eyüpsultan,41.0116,29.0697,"41.0116, 29.0697",Yüksek,Açık,"Dizi seti ziyareti, Fotoğrafçılık",,Üç Kız Kardeş dizisinin ana çekim mekanlarından biri Kemerburgaz ve çevresidir.
479,Kurtuluş,Dizi,Dram,Ziya Öztan (Yönetmen),Sinan YakaMustafa Şen (Yapımcı),1994.0,| dağıtıcı =,"Rutkay Aziz, Mahmut Cevher, Savaş Dinçel, Altan Erkekli, Ayda Aksel, Macide Tanır",202,Göktürk,İstanbul,Eyüpsultan,41.0998,29.0264,"41.0998, 29.0264",Yüksek,Açık,"Dizi seti ziyareti, Fotoğrafçılık",,Kördüğüm dizisinin ana çekim mekanlarından biri Göktürk ve çevresidir.
663,Seni Çok Özledim,Dizi,Dram,Dilek Gökçin (Yönetmen),Serdar Temizkan (Yapımcı),2005.0,| dağıtıcı =,"Zuhal Olcay, Tuba Ünsal Kaan Urgancıoğlu, Ege Aydan, Emre Kınay, Mahir Günşiray, Ali Düşenkalkar, Erdal Beşikçioğlu, Rıza Kocaoğlu, Sezgi Mengi, Bilge Şen, Avni Yalçın, Kürşat Alnıaçık, Saydam Yeniay",215,Kilyos Sahili,İstanbul,Sarıyer,41.0227,29.0295,"41.0227, 29.0295",Yüksek,Açık,"Dizi seti ziyareti, Fotoğrafçılık",,Sipahi dizisinin ana çekim mekanlarından biri Kilyos Sahili ve çevresidir.
488,Köprü,Dizi,Macera,Sadullah Şentürk (1-6) Çağatay Tosun (7-65) (Yönetmen),Ata Türkoğlu (Yapımcı),2006.0,Koliba Film,"Erdal Beşikçioğlu, Ayşegül Ünsal, İpek Karapınar",259,Çengelköy,İstanbul,Üsküdar,41.0801,29.0511,"41.0801, 29.0511",Yüksek,Açık,"Dizi seti ziyareti, Fotoğrafçılık",,Küçük Ağa dizisinin ana çekim mekanlarından biri Çengelköy ve çevresidir.
279,Esir Şehrin Gözyaşları - Bir Ferhat ile Şirin Hikayesi,Dizi,Dram,Çağatay Tosun (Yönetmen),Ata Türkoğlu (Yapımcı),2012.0,Koliba Film,"Yiğit Özşener, Sedef Avcı",169,Balat,İstanbul,Fatih,41.0617,29.0995,"41.0617, 29.0995",Yüksek,Açık,"Dizi seti ziyareti, Fotoğrafçılık",,Ezel dizisinin ana çekim mekanlarından biri Balat ve çevresidir.
763,Uyanık Kardeşler,Film,Komedi,Hulki Saner,Hulki Saner,1974.0,Saner Film,"Kadir İnanır, Müjdat Gezen, Arzu Okay",203,Gülhane Parkı,İstanbul,Fatih,41.0762,29.0263,"41.0762, 29.0263",Yüksek,Açık,"Dizi seti ziyareti, Fotoğrafçılık",,Ya İstiklal Ya Ölüm dizisinin ana çekim mekanlarından biri Gülhane Parkı ve çevresidir.
836,Zalim İstanbul,Dizi,Dram,Cevdet Mercan (1-25) Gökçen Usta (26-32) Şenol Sönmez (33-39) (Yönetmen),Şükrü Avşar (Yapımcı),2019.0,Avşar Film,"Fikret Kuşkan, Deniz Uğur, Mine Tugay, Ozan Dolunay, Sera Kutlubey, Berker Güven, Simay Barlas, Bahar Şahin İdris Nebi Taşkan",194,Emirgan Korusu,İstanbul,Sarıyer,41.0417,29.0401,"41.0417, 29.0401",Yüksek,Açık,"Dizi seti ziyareti, Fotoğrafçılık",,Çoban Yıldızı dizisinin ana çekim mekanlarından biri Emirgan Korusu ve çevresidir.
328,Gönül Yarası (film),Film,Dram,Yavuz Turgul,Ömer Vargı,2004.0,Filmacass,"Şener Şen, Meltem Cumbul",165,Arnavutköy Sahili,İstanbul,Beşiktaş,41.039,29.0686,"41.0390, 29.0686",Yüksek,Açık,"Dizi seti ziyareti, Fotoğrafçılık",,Gülperi dizisinin ana çekim mekanlarından biri Arnavutköy Sahili ve çevresidir.
518,Kızılcık Şerbeti,Dizi,Dram,Hakan Kırvavaç (1-91)Aydın Bulut (92-103)Özgür Sevimli (104-) (Yönetmen),Faruk Turgut (Yapımcı),2022.0,Gold Film,"Barış Kılıç, Evrim Alasya, Ahmet Mümtaz Taylan, Seray Kaya, Erkan Avcı, Emre Dinler, Özge Borak, Settar Tanrıöğen, Sibel Taşçıoğlu, Müjde Uzman, Sıla Türkoğlu, Doğukan Güngör",180,Beykoz Kundura Fabrikası,İstanbul,Beykoz,41.0564,29.0222,"41.0564, 29.0222",Yüksek,Açık,"Dizi seti ziyareti, Fotoğrafçılık",,Leyla ile Mecnun dizisinin ana çekim mekanlarından biri Beykoz Kundura Fabrikası ve çevresidir.
871,Ölene Kadar,Dizi,Romantik,Umur Turagay,Timur Savcı,2017.0,Tims Productions,"Engin Akyürek, Fahriye Evcen, Sarp Levendoğlu",213,Kemerburgaz,İstanbul,Eyüpsultan,41.0116,29.0697,"41.0116, 29.0697",Yüksek,Açık,"Dizi seti ziyareti, Fotoğrafçılık",,İnadına Yaşamak dizisinin ana çekim mekanlarından biri Kemerburgaz ve çevresidir.
105,Aşk ve Umut,Dizi,Dram,Gürsel Ateş (1-180)Reyhan Usta (1-285)Mahmut Kaptan (181-285) (Yönetmen),Nilgün Sağyaşar (Yapımcı),2022.0,Focus FilmContent House,"Hakan Dinçkol, İlayda Orkut, Eda Elif Başlamışlı, Furkan Okumuş, Zeynep Melis Girşen, Erdem Adilce",202,Göktürk,İstanbul,Eyüpsultan,41.0998,29.0264,"41.0998, 29.0264",Yüksek,Açık,"Dizi seti ziyareti, Fotoğrafçılık",,Aşk ve Umut dizisinin ana çekim mekanlarından biri Göktürk ve çevresidir.
478,Kurtlar Vadisi Terör,Dizi,Aksiyon,Sadullah Şentürk (Yönetmen),Raci Şaşmaz (Yapımcı),2007.0,Pana Film,"Necati Şaşmaz, Gürkan Uygun, Sönmez Atasoy, Kenan Çoban",254,Yeniköy,İstanbul,Sarıyer,41.0301,29.0705,"41.0301, 29.0705",Yüksek,Açık,"Dizi seti ziyareti, Fotoğrafçılık",,Köprü dizisinin ana çekim mekanlarından biri Yeniköy ve çevresidir.
475,Kurt Seyit ve Şura,Dizi,Dram,Hilal Saral (Yönetmen),Kerem Çatay (Yapımcı),2014.0,Ay Yapım,"Kıvanç Tatlıtuğ, Farah Zeynep Abdullah, Birkan Sokullu, Fahriye Evcen, Ushan Çakır, Elçin Sangu",174,Bebek Sahili,İstanbul,Beşiktaş,41.0423,29.0281,"41.0423, 29.0281",Orta,Açık,"Dizi seti ziyareti, Fotoğrafçılık",,Kuzgun dizisinin ana çekim mekanlarından biri Bebek Sahili ve çevresidir.
714,Tabutta Rövaşata,Film,Dram,Derviş Zaim,Ezel Akay,1996.0,İ.F.R.,"Ahmet Uğurlu, Tuncel Kurtiz, Ayşen Aydemir",176,Belgrad Ormanı,İstanbul,Sarıyer,41.0666,29.0328,"41.0666, 29.0328",Yüksek,Açık,"Dizi seti ziyareti, Fotoğrafçılık",,Teşkilat dizisinin ana çekim mekanlarından biri Belgrad Ormanı ve çevresidir.
757,Umut Taksi,Dizi,Dram,Yusuf Kurçenli (8 bölüm) Avni Kütükoğlu (44 bölüm) (Yönetmen),Sami GünayHümmet Lale (Yapımcı),1992.0,Bilinmiyor,"Dilaver Uyanık Yılmaz Erdoğan Ferdi Akarnur Necati Bilgiç Tayfun Çorağan, Nüvit Özdoğru, Ayla Algan",225,Ortaköy,İstanbul,Beşiktaş,41.012,29.0922,"41.0120, 29.0922",Orta,Açık,"Dizi seti ziyareti, Fotoğrafçılık",,Ver Elini Aşk dizisinin ana çekim mekanlarından biri Ortaköy ve çevresidir.
811,Yeni Gelin,Dizi,Komedi,Ersoy Güler,İnci Gündoğdu,2017.0,Süreç Film,"Jessica May, Tolga Mendi",194,Emirgan Korusu,İstanbul,Sarıyer,41.0417,29.0401,"41.0417, 29.0401",Yüksek,Açık,"Dizi seti ziyareti, Fotoğrafçılık",,Yılanların Öcü dizisinin ana çekim mekanlarından biri Emirgan Korusu ve çevresidir.
814,Yeter,Dizi,Dram,Tarkan KarlıdağCemal ŞanKemal Uzun (Yönetmen),Ata Türkoğlu (Yapımcı),2015.0,Koliba Film,"Pelin Karahan, Yurdaer Okur, Ekin Türkmen, Wilma Elles, Rüçhan Çalışkur, Hazım Körmükçü, Mustafa Mert Koç",165,Arnavutköy Sahili,İstanbul,Beşiktaş,41.039,29.0686,"41.0390, 29.0686",Yüksek,Açık,"Dizi seti ziyareti, Fotoğrafçılık",,Zalim İstanbul dizisinin ana çekim mekanlarından biri Arnavutköy Sahili ve çevresidir.
544,Maviye Sürgün,Dizi,Dram,Nezaket Coşkun,Saner Ayar,2023.0,O3 Medya,"Caner Cindoruk, Damla Sönmez",224,Nişantaşı,İstanbul,Şişli,41.0767,29.0217,"41.0767, 29.0217",Yüksek,Açık,"Dizi seti ziyareti, Fotoğrafçılık",,Merhamet dizisinin ana çekim mekanlarından biri Nişantaşı ve çevresidir.
839,Zengin ve Yoksul,Dizi,Romantik,Deniz Yorulmazer (Yönetmen),Mehmet Yiğit Alp (Yapımcı),2019.0,Bilinmiyor,"Binnur Kaya, Gökhan Alkan, Osman Sonant, Evrim Solmaz Damla Colbay, Gülcan Arslan",169,Balat,İstanbul,Fatih,41.0617,29.0995,"41.0617, 29.0995",Yüksek,Açık,"Dizi seti ziyareti, Fotoğrafçılık",,Çocuklar Duymasın dizisinin ana çekim mekanlarından biri Balat ve çevresidir.
355,Güzel Şoför,Film,Komedi,"Mehmet Bozkuş, Mahmoud Koushan (İran versiyonu)","Türker İnanoğlu (Türk versiyonu), Esmail Koushan (İran versiyonu)",1970.0,"Erler Film, Pars Film",kurgu = Metin Miroğlu,259,Çengelköy,İstanbul,Üsküdar,41.0801,29.0511,"41.0801, 29.0511",Yüksek,Açık,"Dizi seti ziyareti, Fotoğrafçılık",,Hanım Köylü dizisinin ana çekim mekanlarından biri Çengelköy ve çevresidir.
35,Akrep,Dizi,Dram,Gökçen Usta (Yönetmen),İrfan Şahin (Yapımcı),2020.0,1441 Productions,"Demet Akbağ, Evrim Alasya, Bekir Aksoy, Yusuf Çim",254,Yeniköy,İstanbul,Sarıyer,41.0301,29.0705,"41.0301, 29.0705",Yüksek,Açık,"Dizi seti ziyareti, Fotoğrafçılık",,Akrep dizisinin ana çekim mekanlarından biri Yeniköy ve çevresidir.
130,Barbaroslar: Akdeniz'in Kılıcı,Dizi,Aksiyon,Berat Özdoğan,Yusuf Esenkal,2021.0,Es Film,"Engin Altan Düzyatan, Ulaş Tuna Astepe",180,Beykoz Kundura Fabrikası,İstanbul,Beykoz,41.0564,29.0222,"41.0564, 29.0222",Yüksek,Açık,"Dizi seti ziyareti, Fotoğrafçılık",,Barbaroslar: Akdeniz'in Kılıcı dizisinin ana çekim mekanlarından biri Beykoz Kundura Fabrikası ve çevresidir.
864,Çukur (dizi),Dizi,Aksiyon,Sinan Öztürk,Kerem Çatay,2017.0,Ay Yapım,"Aras Bulut İynemli, Dilan Çiçek Deniz",225,Ortaköy,İstanbul,Beşiktaş,41.012,29.0922,"41.0120, 29.0922",Orta,Açık,"Dizi seti ziyareti, Fotoğrafçılık",,İki Yalancı dizisinin ana çekim mekanlarından biri Ortaköy ve çevresidir.
41,Aldatmak,Dizi,Dram,Murat Saraçoğlu (Yönetmen),Timur SavcıBurak Sağyaşar (Yapımcı),2022.0,Tims&B Productions,"Vahide Perçin, Ercan Kesal, Mustafa Uğurlu",180,Beykoz Kundura Fabrikası,İstanbul,Beykoz,41.0564,29.0222,"41.0564, 29.0222",Yüksek,Açık,"Dizi seti ziyareti, Fotoğrafçılık",,Aldatmak dizisinin ana çekim mekanlarından biri Beykoz Kundura Fabrikası ve çevresidir.
399,"Hıçkırık (film, 1965)",Film,Dram,Orhan Aksoy,Hürrem Erman,1965.0,dağıtıcı =,müzik = Belkıs Özener,194,Emirgan Korusu,İstanbul,Sarıyer,41.0417,29.0401,"41.0417, 29.0401",Yüksek,Açık,"Dizi seti ziyareti, Fotoğrafçılık",,Kalp Atışı dizisinin ana çekim mekanlarından biri Emirgan Korusu ve çevresidir.
875,Ölüm Görevi,Film,Gerilim/Suç,Cüneyt Arkın,Berker İnanoğlu,1978.0,Bilinmiyor,"Cüneyt Arkın, Perihan Savaş, Eşref Kolçak",176,Belgrad Ormanı,İstanbul,Sarıyer,41.0666,29.0328,"41.0666, 29.0328",Yüksek,Açık,"Dizi seti ziyareti, Fotoğrafçılık",,İsimsizler dizisinin ana çekim mekanlarından biri Belgrad Ormanı ve çevresidir.
832,Yılan Hikâyesi,Dizi,Gerilim/Suç,Nihat Durak (Yönetmen),Osman Yağmurdereli (Yapımcı),1999.0,Yağmur Ajans,"Meltem Cumbul, Memet Ali Alabora, Çetin Tekindor, Ayten Gökçer, Süleyman Turan, Emre Kınay",169,Balat,İstanbul,Fatih,41.0617,29.0995,"41.0617, 29.0995",Yüksek,Açık,"Dizi seti ziyareti, Fotoğrafçılık",,Çilek Kokusu dizisinin ana çekim mekanlarından biri Balat ve çevresidir.
132,Bay Yanlış,Dizi,Komedi,Deniz Yorulmazer,Faruk Turgut,2020.0,Gold Film,"Can Yaman, Özge Gürel",259,Çengelköy,İstanbul,Üsküdar,41.0801,29.0511,"41.0801, 29.0511",Yüksek,Açık,"Dizi seti ziyareti, Fotoğrafçılık",,Bay Yanlış dizisinin ana çekim mekanlarından biri Çengelköy ve çevresidir.
623,Ramo,Dizi,Aksiyon,Yağız Alp Akaydın,Necati Akpınar,2020.0,BKM,"Murat Yıldırım, Esra Bilgiç",202,Göktürk,İstanbul,Eyüpsultan,41.0998,29.0264,"41.0998, 29.0264",Yüksek,Açık,"Dizi seti ziyareti, Fotoğrafçılık",,Sadakatsiz dizisinin ana çekim mekanlarından biri Göktürk ve çevresidir.
283,Evlat Kokusu,Dizi,Romantik,Erol ÖzleviGökçe Usta (Yönetmen),Gökhan TatarerH. Hakan Ergen (Yapımcı),2017.0,Endemol Shine Turkey,"Barış Kılıç, Hande Soral, Murat Han, Sedef Avcı, Yeşim Salkım, Nail Kırmızıgül, Selen Uçer",246,Tarlabaşı,İstanbul,Beyoğlu,41.0326,29.0609,"41.0326, 29.0609",Yüksek,Açık,"Dizi seti ziyareti, Fotoğrafçılık",,Eşkıya Dünyaya Hükümdar Olmaz dizisinin ana çekim mekanlarından biri Tarlabaşı ve çevresidir.
558,,,,,,,,,225,Ortaköy,İstanbul,Beşiktaş,41.012,29.0922,"41.0120, 29.0922",Orta,Açık,"Dizi seti ziyareti, Fotoğrafçılık",,Mükemmel Eşleşme dizisinin ana çekim mekanlarından biri Ortaköy ve çevresidir.
181,Bir Zamanlar Çukurova,Dizi,Dram,Bilinmiyor,Bilinmiyor,2018.0,Bilinmiyor,Bilinmiyor,245,Tarabya,İstanbul,Sarıyer,41.06,29.0518,"41.0600, 29.0518",Orta,Açık,"Dizi seti ziyareti, Fotoğrafçılık",,Bir İstanbul Masalı dizisinin ana çekim mekanlarından biri Tarabya ve çevresidir.
908,İstanbullu Gelin,Dizi,Dram,Zeynep Günay,Onur Güvenatam,2017.0,O3 Medya,"Özcan Deniz, Aslı Enver",180,Beykoz Kundura Fabrikası,İstanbul,Beykoz,41.0564,29.0222,"41.0564, 29.0222",Yüksek,Açık,"Dizi seti ziyareti, Fotoğrafçılık",,Şevkat Yerimdar dizisinin ana çekim mekanlarından biri Beykoz Kundura Fabrikası ve çevresidir.
164,Binbir Gece,Dizi,Dram,Kudret Sabancı (Yönetmen),Erol Avcı (Yapımcı),2006.0,TMC,"Halit Ergenç Bergüzar Korel, Tardu Flordun, Ceyda Düvenci, Tomris İncer, Metin Çekmez, Meral Çetinkaya, Yonca Cevher, Ergün Demir",218,Kuzguncuk,İstanbul,Üsküdar,41.0912,29.0356,"41.0912, 29.0356",Orta,Açık,"Dizi seti ziyareti, Fotoğrafçılık",,Bir Aile Hikayesi dizisinin ana çekim mekanlarından biri Kuzguncuk ve çevresidir.
647,Salkım Hanımın Taneleri (film),Film,Dram,Tomris Giritlioğlu,Cafer Özgül,1999.0,Avşar Film,"Hülya Avşar, Kamran Usluer",165,Arnavutköy Sahili,İstanbul,Beşiktaş,41.039,29.0686,"41.0390, 29.0686",Yüksek,Açık,"Dizi seti ziyareti, Fotoğrafçılık",,Sensiz Olmuyor dizisinin ana çekim mekanlarından biri Arnavutköy Sahili ve çevresidir.
463,Kocamın Ailesi,Dizi,Komedi,Kemal Uzun (Yönetmen),Banu Akdeniz (Yapımcı),2014.0,Mia Yapım,"Gökhan Alkan, Yeliz Kuvancı, Selen Seyven",259,Çengelköy,İstanbul,Üsküdar,41.0801,29.0511,"41.0801, 29.0511",Yüksek,Açık,"Dizi seti ziyareti, Fotoğrafçılık",,Koçum Benim dizisinin ana çekim mekanlarından biri Çengelköy ve çevresidir.
116,Baba Evi,Dizi,Dram,Yusuf KurçenliOrhan OğuzMahinur ErgunFeyzi TunaErden Kıral (Yönetmen),İrfan Tözüm (Yapımcı),1997.0,Muhteşem Film,"Halil Ergün, Deniz Gökçer, Sevinç Erbulak, Ayşegül Ünsal, Altan Karındaş, İsmet Ay, İhsan Devrim",213,Kemerburgaz,İstanbul,Eyüpsultan,41.0116,29.0697,"41.0116, 29.0697",Yüksek,Açık,"Dizi seti ziyareti, Fotoğrafçılık",,Baba Evi dizisinin ana çekim mekanlarından biri Kemerburgaz ve çevresidir.
100,Aşk Yeniden,Dizi,Komedi,Ersoy Güler (Yönetmen),İnci Gündoğduİsmail Gündoğdu (Yapımcı),2015.0,Süreç Film,"Özge Özpirinçci, Buğra Gülsoy",223,Moda Sahili,İstanbul,Kadıköy,40.98,29.0228,"40.9800, 29.0228",Orta,Açık,"Dizi seti ziyareti, Fotoğrafçılık",,Aşk Yeniden dizisinin ana çekim mekanlarından biri Moda Sahili ve çevresidir.
72,Aslan Ailem,Dizi,Komedi,Başak Soysal,Yusuf Esenkal,2017.0,Es Film,"Burcu Özberk, Akın Akınözü",225,Ortaköy,İstanbul,Beşiktaş,41.012,29.0922,"41.0120, 29.0922",Orta,Açık,"Dizi seti ziyareti, Fotoğrafçılık",,Aslan Ailem dizisinin ana çekim mekanlarından biri Ortaköy ve çevresidir.
818,Yok Artık!,Film,Komedi,Caner Özyurtlu,"AC Film, Yıldırım Film, Şebnem Bozoklu",2015.0,dağıtıcı = Bir Film,"Şebnem Bozoklu, Demet Evgar, Çağlar Çorumlu, Erkan Kolçak Köstendil",174,Bebek Sahili,İstanbul,Beşiktaş,41.0423,29.0281,"41.0423, 29.0281",Orta,Açık,"Dizi seti ziyareti, Fotoğrafçılık",,Zerda dizisinin ana çekim mekanlarından biri Bebek Sahili ve çevresidir.
792,Yalnız Kurt,Dizi,Aksiyon,Çağatay Tosun (Yönetmen),Osman Sınav (Yapımcı),2022.0,Sinegraf,{{Yalın liste|,245,Tarabya,İstanbul,Sarıyer,41.06,29.0518,"41.0600, 29.0518",Orta,Açık,"Dizi seti ziyareti, Fotoğrafçılık",,Yeter dizisinin ana çekim mekanlarından biri Tarabya ve çevresidir.
204,Böyle Bitmesin,Dizi,Gerilim/Suç,Emre Kabakuşak (Yönetmen),Atalay Taşdiken (Yapımcı),2012.0,AT Yapım,Yeliz Kuvancı Nergis Öztürk Cemal Toktaş,180,Beykoz Kundura Fabrikası,İstanbul,Beykoz,41.0564,29.0222,"41.0564, 29.0222",Yüksek,Açık,"Dizi seti ziyareti, Fotoğrafçılık",,Camdaki Kız dizisinin ana çekim mekanlarından biri Beykoz Kundura Fabrikası ve çevresidir.
747,Tövbeler Tövbesi,Dizi,Komedi,Aydın BulutSeben Delice (Yönetmen),Hayri Aslan (Yapımcı),2011.0,Limon Film,"Tuba Ünsal, Cemal Toktaş, Fulya Zenginer, Keremcem, Füsun Demirel, Rıza Akın, Cihat Tamer, Pınar Dikici",194,Emirgan Korusu,İstanbul,Sarıyer,41.0417,29.0401,"41.0417, 29.0401",Yüksek,Açık,"Dizi seti ziyareti, Fotoğrafçılık",,Uzak Şehrin Masalı dizisinin ana çekim mekanlarından biri Emirgan Korusu ve çevresidir.
753,Ulan İstanbul,Dizi,Aksiyon,Murat Onbul (Yönetmen),Elif Ayşe Durmaz (Yapımcı),2014.0,D Productions,"Uğur Polat, Şebnem Bozoklu, Erkan Kolçak Köstendil, Kaan Yıldırım, Sevtap Özaltun, Salih Bademci",259,Çengelköy,İstanbul,Üsküdar,41.0801,29.0511,"41.0801, 29.0511",Yüksek,Açık,"Dizi seti ziyareti, Fotoğrafçılık",,Vay Anam Vay dizisinin ana çekim mekanlarından biri Çengelköy ve çevresidir.
772,Vali (film),Film,Dram,M. Çağatay Tosun,Ata Türkoğlu,2008.0,Koliba Film,"Erdal Beşikçioğlu, Uğur Polat, İsmail Hacıoğlu",254,Yeniköy,İstanbul,Sarıyer,41.0301,29.0705,"41.0301, 29.0705",Yüksek,Açık,"Dizi seti ziyareti, Fotoğrafçılık",,Yalı Çapkını dizisinin ana çekim mekanlarından biri Yeniköy ve çevresidir.
907,İstanbul'un Altınları,Dizi,Komedi,Yonca Güzelpınar (Yönetmen),Mine Öztürk (Yapımcı),2011.0,İCA Production,"Haluk Bilginer, Demet Akbağ, Salih Kalyon",213,Kemerburgaz,İstanbul,Eyüpsultan,41.0116,29.0697,"41.0116, 29.0697",Yüksek,Açık,"Dizi seti ziyareti, Fotoğrafçılık",,Şeref Meselesi dizisinin ana çekim mekanlarından biri Kemerburgaz ve çevresidir.
258,Dönence (dizi),Dizi,Romantik,Serdar Gözelekli,Ali Cengiz Deveci,2023.0,D Media,"Emre Kınay, Caner Topçu",202,Göktürk,İstanbul,Eyüpsultan,41.0998,29.0264,"41.0998, 29.0264",Yüksek,Açık,"Dizi seti ziyareti, Fotoğrafçılık",,Elbet Bir Gün dizisinin ana çekim mekanlarından biri Göktürk ve çevresidir.
359,Hacı (dizi),Dizi,Dram,Şahin Gök,Bülent Bilgiç,2006.0,Naz Film,"Tuncel Kurtiz, Fikret Kuşkan, Dolunay Soysert",203,Gülhane Parkı,İstanbul,Fatih,41.0762,29.0263,"41.0762, 29.0263",Yüksek,Açık,"Dizi seti ziyareti, Fotoğrafçılık",,Hatırla Sevgili dizisinin ana çekim mekanlarından biri Gülhane Parkı ve çevresidir.
227,Daha,Film,Dram,Onur Saylak,Kerem Çatay,2017.0,Ay Yapım,"Ahmet Mümtaz Taylan, Tuba Büyüküstün",212,Karaköy,İstanbul,Beyoğlu,41.0425,29.0482,"41.0425, 29.0482",Yüksek,Açık,"Dizi seti ziyareti, Fotoğrafçılık",,Dedektif Memoli dizisinin ana çekim mekanlarından biri Karaköy ve çevresidir.
310,Firar (film),Film,Dram,Şerif Gören,Selim Soydan,1984.0,Gülşah Film,"Hülya Koçyiğit, Talat Bulut",212,Karaköy,İstanbul,Beyoğlu,41.0425,29.0482,"41.0425, 29.0482",Yüksek,Açık,"Dizi seti ziyareti, Fotoğrafçılık",,Geniş Aile dizisinin ana çekim mekanlarından biri Karaköy ve çevresidir.
431,Kardeşlerim,Dizi,Romantik,Serkan Birinci (Yönetmen),Nazlı HeptürkUğur TürkmenGökhan Erkal (Yapımcı),2021.0,NGM,"Celil Nalçakan, Cüneyt Mete, Simge Selçuk, Yiğit Koçak, Halit Özgür Sarı, Onur Seyit Yaran, Fadik Sevin Atasoy, Ahu Yağtu, Su Burcu Yazgı Coşkun",218,Kuzguncuk,İstanbul,Üsküdar,41.0912,29.0356,"41.0912, 29.0356",Orta,Açık,"Dizi seti ziyareti, Fotoğrafçılık",,Kaynanalar dizisinin ana çekim mekanlarından biri Kuzguncuk ve çevresidir.
343,Gümüş,Dizi,Romantik,Tarık AlpagutKemal Uzun (Yönetmen),Abdullah Oğuz (Yapımcı),2005.0,ANS Productions,"Kıvanç Tatlıtuğ, Songül Öden, Ekrem Bora, Güngör Bayrak, Ayça Varlıer, Serdar Orçin",259,Çengelköy,İstanbul,Üsküdar,41.0801,29.0511,"41.0801, 29.0511",Yüksek,Açık,"Dizi seti ziyareti, Fotoğrafçılık",,Güzel Köylü dizisinin ana çekim mekanlarından biri Çengelköy ve çevresidir.
865,Çöpçüler Kralı,Film,Macera,Zeki Ökten,Nahit Ataman,1977.0,Arzu Film,"Kemal Sunal, Şener Şen, Ayşen Gruda, İhsan Yüce, Erdal Özyağcılar, Türker Tekin, İlyas Salman",165,Arnavutköy Sahili,İstanbul,Beşiktaş,41.039,29.0686,"41.0390, 29.0686",Yüksek,Açık,"Dizi seti ziyareti, Fotoğrafçılık",,İkinci Bahar dizisinin ana çekim mekanlarından biri Arnavutköy Sahili ve çevresidir.
106,Aşk-ı Memnu,Dizi,Dram,Halit Refiğ (Yönetmen),| yapım_idarecisi = (Yapımcı),1975.0,| dağıtıcı =,| seslendirenler =,254,Yeniköy,İstanbul,Sarıyer,41.0301,29.0705,"41.0301, 29.0705",Yüksek,Açık,"Dizi seti ziyareti, Fotoğrafçılık",,Aşk-ı Memnu dizisinin ana çekim mekanlarından biri Yeniköy ve çevresidir.
149,Benim Adım Gültepe,Dizi,Dram,Zeynep Günay,Ayşe Durmaz,2014.0,D Productions,"Mete Horozoğlu, Ayça Bingöl",213,Kemerburgaz,İstanbul,Eyüpsultan,41.0116,29.0697,"41.0116, 29.0697",Yüksek,Açık,"Dizi seti ziyareti, Fotoğrafçılık",,Benim Adım Melek dizisinin ana çekim mekanlarından biri Kemerburgaz ve çevresidir.
188,Bizi Hatırla,Film,Dram,Çağan Irmak,Şükrü Avşar,2018.0,Avşar Film,"Altan Erkekli, Tolga Tekin, Özge Özberk",250,Vefa,İstanbul,Fatih,41.0708,29.032,"41.0708, 29.0320",Yüksek,Açık,"Dizi seti ziyareti, Fotoğrafçılık",,Bizim Hikaye dizisinin ana çekim mekanlarından biri Vefa ve çevresidir.
439,Kaygısızlar,Dizi,Komedi,Oğuz YalçınAyhan ÖnalCankat ErginSamim DeğerTemel GürsuUğur Erkır (Yönetmen),İlksen Fırat (Yapımcı),1994.0,3 Nokta Film,"Ercan Yazgan, Halit Akçatepe, Ayşen Gruda, Gülçin Hatıhan, Çiçek Dilligil, Yılmaz Köksal, Sibel Seyhan, Şoray Uzun, Damla Özen, Yalçın Avşar, Ülkü Duru",180,Beykoz Kundura Fabrikası,İstanbul,Beykoz,41.0564,29.0222,"41.0564, 29.0222",Yüksek,Açık,"Dizi seti ziyareti, Fotoğrafçılık",,Kaçın Kurası dizisinin ana çekim mekanlarından biri Beykoz Kundura Fabrikası ve çevresidir.
107,Aşk-ı Roman,Dizi,Komedi,Semra Dündar,Oğuz Karali,2017.0,Global Medya,"Solmaz Çiros, Kaan Güvenilir",218,Kuzguncuk,İstanbul,Üsküdar,41.0912,29.0356,"41.0912, 29.0356",Orta,Açık,"Dizi seti ziyareti, Fotoğrafçılık",,Aşk-ı Roman dizisinin ana çekim mekanlarından biri Kuzguncuk ve çevresidir.
379,Hayat Türküsü,Dizi,Dram,Hakan Gürtop,Ata Türkoğlu,2006.0,Koliba Film,"Devin Özgür Çınar, Melih Görgün",245,Tarabya,İstanbul,Sarıyer,41.06,29.0518,"41.0600, 29.0518",Orta,Açık,"Dizi seti ziyareti, Fotoğrafçılık",,Hicran dizisinin ana çekim mekanlarından biri Tarabya ve çevresidir.
384,Hekimoğlu,Dizi,Komedi,Hülya Gezer (1-24)Semih Bağcı (15-24)Emre Aybek (25-51) (Yönetmen),Ömer ÖzgünerÜmmü BurhanKerem Çatay (Yapımcı),2019.0,Karga Seven PicturesOJO Pictures,"Timuçin Esen, Okan Yalabık, Ebru Özkan, Kaan Yıldırım, Aytaç Şaşmaz, Damla Colbay",243,Süleymaniye,İstanbul,Fatih,41.075,29.0578,"41.0750, 29.0578",Yüksek,Açık,"Dizi seti ziyareti, Fotoğrafçılık",,Hürrem Sultan dizisinin ana çekim mekanlarından biri Süleymaniye ve çevresidir.
848,Çalıkuşu,Dizi,Dram,Çağan IrmakDoğan Ümit Karaca (Yönetmen),Timur Savcı (Yapımcı),2013.0,Tims&B Productions,"Fahriye Evcen, Burak Özçivit",194,Emirgan Korusu,İstanbul,Sarıyer,41.0417,29.0401,"41.0417, 29.0401",Yüksek,Açık,"Dizi seti ziyareti, Fotoğrafçılık",,Ölene Kadar dizisinin ana çekim mekanlarından biri Emirgan Korusu ve çevresidir.
390,"Hitman (film, 2007)",Film,Dram,Xavier Gens,"Chuck Gordon, Adrian Askariah, Daniel Alter, Luc Besson",2007.0,dağıtıcı = 20th Century Fox,"Timothy Olyphant, Dougray Scott, Robert Knepper, Olga Kurylenko",165,Arnavutköy Sahili,İstanbul,Beşiktaş,41.039,29.0686,"41.0390, 29.0686",Yüksek,Açık,"Dizi seti ziyareti, Fotoğrafçılık",,Ihlamurlar Altında dizisinin ana çekim mekanlarından biri Arnavutköy Sahili ve çevresidir.
890,İkinci Bahar,Dizi,Dram,Uğur YücelOrhan OğuzTürkan Derya (Yönetmen),Mustafa Oğuz (Yapımcı),1998.0,Erler FilmMost Production,"Türkan Şoray, Şener Şen, Tarık Papuççuoğlu, Güven Hokna, Nedim Saban, Özkan Uğur, Nurgül Yeşilçay, Ozan Güven",225,Ortaköy,İstanbul,Beşiktaş,41.012,29.0922,"41.0120, 29.0922",Orta,Açık,"Dizi seti ziyareti, Fotoğrafçılık",,İşler Güçler dizisinin ana çekim mekanlarından biri Ortaköy ve çevresidir.
771,Uğurlugiller,Dizi,Komedi,Gürol Gökçe (1-3)Uğur Erkır (4-55)Aram Gülyüz (56-68) (Yönetmen),Uğur Erkır (Yapımcı),1988.0,STR,Bilinmiyor,267,İstiklal Caddesi,İstanbul,Beyoğlu,41.0147,29.0447,"41.0147, 29.0447",Orta,Açık,"Dizi seti ziyareti, Fotoğrafçılık",,Yalnız Kurt dizisinin ana çekim mekanlarından biri İstiklal Caddesi ve çevresidir.
878,Öyle Bir Geçer Zaman ki,Dizi,Dram,Zeynep Günay (Yönetmen),Cengiz Deveci (Yapımcı),2010.0,D Productions,{{Yalın liste|,202,Göktürk,İstanbul,Eyüpsultan,41.0998,29.0264,"41.0998, 29.0264",Yüksek,Açık,"Dizi seti ziyareti, Fotoğrafçılık",,İstanbul Sokakları dizisinin ana çekim mekanlarından biri Göktürk ve çevresidir.
102,Aşk ve Ceza,Dizi,Romantik,Kudret Sabancı (Yönetmen),Erol Avcı (Yapımcı),2010.0,TMC Film,"Murat Yıldırım, Nurgül Yeşilçay, Feride Çetin, Tomris İncer, Caner Kurtaran",254,Yeniköy,İstanbul,Sarıyer,41.0301,29.0705,"41.0301, 29.0705",Yüksek,Açık,"Dizi seti ziyareti, Fotoğrafçılık",,Aşk ve Ceza dizisinin ana çekim mekanlarından biri Yeniköy ve çevresidir.
209,Camdaki Kız,Dizi,Dram,Nadim Güç (Yönetmen),Onur Güvenatam (Yapımcı),2021.0,OGM Pictures,"Burcu Biricik, Feyyaz Şerifoğlu, Selma Ergeç, Enis Arıkan, Cihangir Ceyhan, Tamer Levent, Nur Sürer",245,Tarabya,İstanbul,Sarıyer,41.06,29.0518,"41.0600, 29.0518",Orta,Açık,"Dizi seti ziyareti, Fotoğrafçılık",,Canım Annem dizisinin ana çekim mekanlarından biri Tarabya ve çevresidir.
604,Paramparça,Dizi,Dram,Cevdet Mercan (1-31) Altan Dönmez (32-97) (Yönetmen),Gökhan Tatarer H. Hakan Eren (Yapımcı),2014.0,Endemol Shine Turkey,"Nurgül Yeşilçay (1-52)Erkan Petekkaya, Ebru Özkan, Barış Falay, Civan Canova, Nursel Köse, Tolga Tekin, Burak Tozkoparan, Alina Boz, Leyla Tanlar",215,Kilyos Sahili,İstanbul,Sarıyer,41.0227,29.0295,"41.0227, 29.0295",Yüksek,Açık,"Dizi seti ziyareti, Fotoğrafçılık",,Racon: Ailem İçin dizisinin ana çekim mekanlarından biri Kilyos Sahili ve çevresidir.
405,Kadın,Dizi,Gerilim/Suç,"Merve Girgin Aytekin (1-2)Nadim Güç (3-81)Ece Erdek Koçoğlu(2. yönetmen, 1-81) (Yönetmen)",Fatih AksoyFaruk Bayhan (Yapımcı),2017.0,MedyapımMF Yapım,"Özge Özpirinçci, Caner Cindoruk, Bennu Yıldırımlar, Seray Kaya, Feyyaz Duman, Şerif Erol, Hümeyra, Gökçe Eyüboğlu, Ayça Erturan, Ali Semi Sefil, Kübra Süzgün",259,Çengelköy,İstanbul,Üsküdar,41.0801,29.0511,"41.0801, 29.0511",Yüksek,Açık,"Dizi seti ziyareti, Fotoğrafçılık",,Kapalıçarşı dizisinin ana çekim mekanlarından biri Çengelköy ve çevresidir.
305,Ferhunde Hanımlar,Dizi,Dram,Tülay Eratalay,Bilinmiyor,1993.0,TRT,"Beyhan Saran, Baykal Saran, Güven Hokna",180,Beykoz Kundura Fabrikası,İstanbul,Beykoz,41.0564,29.0222,"41.0564, 29.0222",Yüksek,Açık,"Dizi seti ziyareti, Fotoğrafçılık",,Gece Gündüz dizisinin ana çekim mekanlarından biri Beykoz Kundura Fabrikası ve çevresidir.
112,Baba,Dizi,Dram,Çağrı Bayrak (Yönetmen),Kerem Çatay (Yapımcı),2022.0,Ay Yapım,Haluk Bilginer Tolga Sarıtaş,224,Nişantaşı,İstanbul,Şişli,41.0767,29.0217,"41.0767, 29.0217",Yüksek,Açık,"Dizi seti ziyareti, Fotoğrafçılık",,Baba dizisinin ana çekim mekanlarından biri Nişantaşı ve çevresidir.
374,Hayat (film),Film,Dram,Zeki Demirkubuz,"Zeki Demirkubuz, Rossitsa Valkanova",2023.0,"Mavi Film, TRT, Klas Film","Miray Daner, Burak Dakak, Cem Davran",180,Beykoz Kundura Fabrikası,İstanbul,Beykoz,41.0564,29.0222,"41.0564, 29.0222",Yüksek,Açık,"Dizi seti ziyareti, Fotoğrafçılık",,Hekimoğlu dizisinin ana çekim mekanlarından biri Beykoz Kundura Fabrikası ve çevresidir.
403,Kader Bağları,Dizi,Dram,Benal Tairi,Ali Gündoğdu,2023.0,Süreç Film,"Serkan Çayoğlu, Ayça Ayşin Turan",176,Belgrad Ormanı,İstanbul,Sarıyer,41.0666,29.0328,"41.0666, 29.0328",Yüksek,Açık,"Dizi seti ziyareti, Fotoğrafçılık",,Kanıt dizisinin ana çekim mekanlarından biri Belgrad Ormanı ve çevresidir.
291,Eğreti Gelin Ladik,Film,Dram,"Zaim Güvenç, Deniz Güvenç",Cihan Aydın,2016.0,Bilinmiyor,"Yeşim Salkım, Hakan Eren, Ali Erkazan",254,Yeniköy,İstanbul,Sarıyer,41.0301,29.0705,"41.0301, 29.0705",Yüksek,Açık,"Dizi seti ziyareti, Fotoğrafçılık",,Fatmagül'ün Suçu Ne? dizisinin ana çekim mekanlarından biri Yeniköy ve çevresidir.
199,Boynu Bükükler,Dizi,Komedi,Ömer Uğur (Yönetmen),Ahmet KayımtuMahmut Kayımtu (Yapımcı),2014.0,Barakuda Film,"Sedef Avcı, Ahmet Saraçoğlu, Murat Akkoyunlu, Ünal Yeter, Barış Başar, Ali Tutal, Mine Teber, Ahmet Olgun Sünear, Çağlar Ertuğrul, Gün Koper, Güven Murat Akpınar, Bora Akkaş, Bensu Soral, Sevilay Şimşek, Özüm Arkan, Öznur Serçeler, Barış Aytaç, Cüneyt Çeliksoy, Bengi İdil Uras, Nihan Tarhan, Anıl Altan, Kadir İlter",267,İstiklal Caddesi,İstanbul,Beyoğlu,41.0147,29.0447,"41.0147, 29.0447",Orta,Açık,"Dizi seti ziyareti, Fotoğrafçılık",,Böyle Bitmesin dizisinin ana çekim mekanlarından biri İstiklal Caddesi ve çevresidir.
678,Seviyor Sevmiyor,Dizi,Komedi,Yusuf Pirhasan (Yönetmen),Faruk Bayhan (Yapımcı),2016.0,MF Yapım,"Zeynep Çamcı, Gökhan Alkan, Gonca Sarıyıldız, Yiğit Kirazcı",245,Tarabya,İstanbul,Sarıyer,41.06,29.0518,"41.0600, 29.0518",Orta,Açık,"Dizi seti ziyareti, Fotoğrafçılık",,Sultan Makamı dizisinin ana çekim mekanlarından biri Tarabya ve çevresidir.
652,Sefirin Kızı,Dizi,Dram,Emre Kabakuşak,Saner Ayar,2019.0,O3 Medya,"Engin Akyürek, Neslihan Atagül",180,Beykoz Kundura Fabrikası,İstanbul,Beykoz,41.0564,29.0222,"41.0564, 29.0222",Yüksek,Açık,"Dizi seti ziyareti, Fotoğrafçılık",,Sevda'nın Bahçesi dizisinin ana çekim mekanlarından biri Beykoz Kundura Fabrikası ve çevresidir.
117,Baba Ocağı,Dizi,Komedi,Mustafa Şevki Doğan (Yönetmen),İbrahim Mertoğlu| (Yapımcı),2008.0,Sinetel Film,"Engin Şenkan, Ali Sürmeli, Ali İpin, Suzan Aksoy, Burak Özçivit, Selim Gülgören, Uğur Demirpehlivan, Gülden Dudarık, Ceren Hindistan, Algı Eke",225,Ortaköy,İstanbul,Beşiktaş,41.012,29.0922,"41.0120, 29.0922",Orta,Açık,"Dizi seti ziyareti, Fotoğrafçılık",,Baba Ocağı dizisinin ana çekim mekanlarından biri Ortaköy ve çevresidir.
829,Yüz Yıllık Mucize,Dizi,Fantastik,Hilal Saral,Onur Güvenatam,2023.0,OGM Pictures,"Birkan Sokullu, Ebru Şahin",176,Belgrad Ormanı,İstanbul,Sarıyer,41.0666,29.0328,"41.0666, 29.0328",Yüksek,Açık,"Dizi seti ziyareti, Fotoğrafçılık",,Çarpışma dizisinin ana çekim mekanlarından biri Belgrad Ormanı ve çevresidir.
701,Söz,Dizi,Aksiyon,Yağız Alp Akaydın (Yönetmen),Timur SavcıBurak Sağyaşar (Yapımcı),2017.0,Tims&B Productions,"Tolga Sarıtaş, Aybüke Pusat, Deniz Baysal, Serhat Kılıç, Sarp Akkaya, Nihat Altınkaya, Aytaç Şaşmaz, Mehmet Özgür, Meriç Aral, Burak Sevinç, Görkem Sevindik, Eren Vurdem, Mustafa Yıldıran, Doğukan Polat, Çağan Atakan Arslan",180,Beykoz Kundura Fabrikası,İstanbul,Beykoz,41.0564,29.0222,"41.0564, 29.0222",Yüksek,Açık,"Dizi seti ziyareti, Fotoğrafçılık",,Tatlı Hayat dizisinin ana çekim mekanlarından biri Beykoz Kundura Fabrikası ve çevresidir.
358,Hacı,Dizi,Dram,Şahin Gök Ersin Pertan (Yönetmen),Bülent Bilgiç Şerif Gören (Yapımcı),2006.0,Naz Film,"Tuncel Kurtiz, Fikret Kuşkan, Aytaç Arman, Sevda Ferdağ, Sema Öztürk, Dolunay Soysert, Selçuk Özer",218,Kuzguncuk,İstanbul,Üsküdar,41.0912,29.0356,"41.0912, 29.0356",Orta,Açık,"Dizi seti ziyareti, Fotoğrafçılık",,Harem dizisinin ana çekim mekanlarından biri Kuzguncuk ve çevresidir.
115,Baba Candır,Dizi,Komedi,Yusuf Pirhasan,Faruk Bayhan,2015.0,MF Yapım,"Settar Tanrıöğen, Uraz Kaygılaroğlu",169,Balat,İstanbul,Fatih,41.0617,29.0995,"41.0617, 29.0995",Yüksek,Açık,"Dizi seti ziyareti, Fotoğrafçılık",,Baba Candır dizisinin ana çekim mekanlarından biri Balat ve çevresidir.
613,Peşpeşe,Film,Dram,"Ertan Velimatti Alagöz, Suvi Elif Alagöz",Banu Alagöz,2011.0,dağıtıcı =,"Okan Yalabık, Azra Akın, Anıl Altınöz, Begüm Kütük Yaşaroğlu, Cemal Hünal",259,Çengelköy,İstanbul,Üsküdar,41.0801,29.0511,"41.0801, 29.0511",Yüksek,Açık,"Dizi seti ziyareti, Fotoğrafçılık",,Reis dizisinin ana çekim mekanlarından biri Çengelköy ve çevresidir.
134,,,,,,,,,174,Bebek Sahili,İstanbul,Beşiktaş,41.0423,29.0281,"41.0423, 29.0281",Orta,Açık,"Dizi seti ziyareti, Fotoğrafçılık",,Bedel dizisinin ana çekim mekanlarından biri Bebek Sahili ve çevresidir.
444,Kayıp Şehir,Dizi,Gerilim/Suç,Cevdet MercanOsman Taşcı (Yönetmen),Ayşe Durmaz (Yapımcı),2012.0,D Productions,"Gökçe Bahadır, Nik Xhelilaj, İlker Kaleli, Nazan Kesal, Uğur Polat, Cansu Tosun Tugay Mercan, Ahmet Mekin, Ayta Sözeri",245,Tarabya,İstanbul,Sarıyer,41.06,29.0518,"41.0600, 29.0518",Orta,Açık,"Dizi seti ziyareti, Fotoğrafçılık",,Keşanlı Ali Destanı dizisinin ana çekim mekanlarından biri Tarabya ve çevresidir.
470,Korkusuz Korkak,Film,Macera,Natuk Baytan,Yahya Kılıç,1979.0,Cumhur Film,"Kemal Sunal, Turgut Özatay, Ayşin Atav, Nejat Gürçen, Zafer Önen, Hikmet Taşdemir, Rıza Pekkutsal, Belkıs Dilligil, Hakkı Kıvanç, Renan Fosforoğlu",240,Sultanahmet,İstanbul,Fatih,41.0306,29.0111,"41.0306, 29.0111",Yüksek,Açık,"Dizi seti ziyareti, Fotoğrafçılık",,Kuruluş Osman dizisinin ana çekim mekanlarından biri Sultanahmet ve çevresidir.
550,Melekler Korusun,Dizi,Dram,Cevriye Demir Kerem Çakıroğlu (Yönetmen),Timur Savcı (Yapımcı),2009.0,Tims&B Productions,Özge Özpirinçci Selin Şekerci Rojda Demirer Hümeyra Avni Yalçın Serkan Altunorak Mahperi Mertoğlu Yıldız Kültür Alper Saldıran Ömer Köse Taner Barlas Cem Aktaş Şebnem Gürsoy Şamil Kafkas Zeynep Köse Ceylan Dizdar Cansın Özyosun,194,Emirgan Korusu,İstanbul,Sarıyer,41.0417,29.0401,"41.0417, 29.0401",Yüksek,Açık,"Dizi seti ziyareti, Fotoğrafçılık",,Mucize Doktor dizisinin ana çekim mekanlarından biri Emirgan Korusu ve çevresidir.
601,Osman Pazarlama,Film,Komedi,Togan Gökbakar,Şahan Gökbakar,2015.0,Çamaşırhane Film,"Şahan Gökbakar, Selim Akgül , Liberat Niyoyandika , Feriştah Senem Yıldırım , Yurtşen Fidan , Tahsin Yıldırım , Esra Balıkçı , Şükran Çağman, Demet Akalın",180,Beykoz Kundura Fabrikası,İstanbul,Beykoz,41.0564,29.0222,"41.0564, 29.0222",Yüksek,Açık,"Dizi seti ziyareti, Fotoğrafçılık",,Poyraz Karayel dizisinin ana çekim mekanlarından biri Beykoz Kundura Fabrikası ve çevresidir.
708,Süt (film),Film,Dram,Semih Kaplanoğlu,Semih Kaplanoğlu,2008.0,Kaplan Film,"Melih Selçuk, Başak Köklükaya",246,Tarlabaşı,İstanbul,Beyoğlu,41.0326,29.0609,"41.0326, 29.0609",Yüksek,Açık,"Dizi seti ziyareti, Fotoğrafçılık",,Tek Yürek dizisinin ana çekim mekanlarından biri Tarlabaşı ve çevresidir.
596,Olanlar Oldu,Film,Komedi,Hakan Algül,Necati Akpınar,2017.0,BKM,"Ata Demirer, Tuvana Türkay",169,Balat,İstanbul,Fatih,41.0617,29.0995,"41.0617, 29.0995",Yüksek,Açık,"Dizi seti ziyareti, Fotoğrafçılık",,Pis Yedili dizisinin ana çekim mekanlarından biri Balat ve çevresidir.
469,Koltuk Belası,Film,Komedi,Kartal Tibet,Yahya Kılıç,1990.0,Cem Film,"Kemal Sunal, Sema Çeyrekbaşı",180,Beykoz Kundura Fabrikası,İstanbul,Beykoz,41.0564,29.0222,"41.0564, 29.0222",Yüksek,Açık,"Dizi seti ziyareti, Fotoğrafçılık",,Kurtuluş dizisinin ana çekim mekanlarından biri Beykoz Kundura Fabrikası ve çevresidir.
232,Dayı: Bir Adamın Hikâyesi,Film,Aksiyon,Uğur Bayraktar,"Uğur Bayraktar, Abdurrahman Akpınar",2020.0,"Ubay Film, Zyef Film","Ufuk Bayraktar , Gizem Karaca, Ahmet Varlı, Timur Ölkebaş, Beste Bereket, Turgut Tunçalp, Ümit Çırak, Murat Akkoyunlu, Cem Kurtoğlu, Recep Çavdar, Efe Cevahir Bayraktar",199,Galata Kulesi,İstanbul,Beyoğlu,41.0428,29.038,"41.0428, 29.0380",Orta,Açık,"Dizi seti ziyareti, Fotoğrafçılık",,Deli Saraylı dizisinin ana çekim mekanlarından biri Galata Kulesi ve çevresidir.
46,Aliye,Dizi,Dram,Kudret Sabancı (Yönetmen),Erol Avcı (Yapımcı),2004.0,TMC Film,"Sanem Çelik, Nejat İşler, Halit Ergenç",174,Bebek Sahili,İstanbul,Beşiktaş,41.0423,29.0281,"41.0423, 29.0281",Orta,Açık,"Dizi seti ziyareti, Fotoğrafçılık",,Aliye dizisinin ana çekim mekanlarından biri Bebek Sahili ve çevresidir.
473,Koçum Benim,Dizi,Komedi,Vecihi EnerSerdar Akar (Yönetmen),Hüseyin Apaydın (Yapımcı),2002.0,Replik Ajans,"Tarık Akan, Ebru Cündübeyoğlu, Engin Altan, Sevil Üstekin, Zihni Göktay, Ozan Güven, Yunus Günçe",180,Beykoz Kundura Fabrikası,İstanbul,Beykoz,41.0564,29.0222,"41.0564, 29.0222",Yüksek,Açık,"Dizi seti ziyareti, Fotoğrafçılık",,Kuzey Güney dizisinin ana çekim mekanlarından biri Beykoz Kundura Fabrikası ve çevresidir.
90,Ağlama Anne,Dizi,Dram,Feride Kaytan (Yönetmen),İnci Gündoğduİsmail Gündoğdu (Yapımcı),2018.0,Süreç Film,"Birce Akalay, Cansel Elçin, Özlem Yılmaz",180,Beykoz Kundura Fabrikası,İstanbul,Beykoz,41.0564,29.0222,"41.0564, 29.0222",Yüksek,Açık,"Dizi seti ziyareti, Fotoğrafçılık",,Ağlama Anne dizisinin ana çekim mekanlarından biri Beykoz Kundura Fabrikası ve çevresidir.
522,Kızım İçin,Film,Dram,Hakan Haksun,"Hanefi Haras, Kemal Seden",2013.0,Avşar film,"Yetkin Dikinciler, Eda Ece, İnci Türkay",212,Karaköy,İstanbul,Beyoğlu,41.0425,29.0482,"41.0425, 29.0482",Yüksek,Açık,"Dizi seti ziyareti, Fotoğrafçılık",,Mahkum dizisinin ana çekim mekanlarından biri Karaköy ve çevresidir.
418,Kara Melek,Dizi,Macera,Uğur Erkır,Ertuğrul Karslıoğlu,1997.0,Eylül TV,"Sanem Çelik, Ece Uslu, Mustafa Alabora",218,Kuzguncuk,İstanbul,Üsküdar,41.0912,29.0356,"41.0912, 29.0356",Orta,Açık,"Dizi seti ziyareti, Fotoğrafçılık",,Kardeş Payı dizisinin ana çekim mekanlarından biri Kuzguncuk ve çevresidir.
614,Pis Yedili,Dizi,Komedi,Haluk Bener (1)Süleyman Seçik (2-26)Kartal Çidamlı (27-66)Doğan Ümit Karaca (67-71)Osman Taşcı (72-101) (Yönetmen),| denetleyici_yapımcı = (Yapımcı),2011.0,Tükenmezkalem Film,"Kadir Doğulu, Eda Ece, Melis Babadağ, Uraz Kaygılaroğlu, Burak Alkaş, Halil Babür, Ayşegül Aldinç, Hazal Şenel, Sezer Arıçay, Ümit Kantarcılar, Bükre Atala, Ahmet Yıldırım, Melih Selçuk, Ümit Erlim, Güneş Zavrak, Ecem Karavus",169,Balat,İstanbul,Fatih,41.0617,29.0995,"41.0617, 29.0995",Yüksek,Açık,"Dizi seti ziyareti, Fotoğrafçılık",,Rengarenk dizisinin ana çekim mekanlarından biri Balat ve çevresidir.
87,Aziz,Dizi,Aksiyon,Recai Karagöz (1-28) (Yönetmen),Saner Ayar (Yapımcı),2021.0,O3 Medya,"Murat Yıldırım, Damla Sönmez, Simay Barlas",199,Galata Kulesi,İstanbul,Beyoğlu,41.0428,29.038,"41.0428, 29.0380",Orta,Açık,"Dizi seti ziyareti, Fotoğrafçılık",,Aziz dizisinin ana çekim mekanlarından biri Galata Kulesi ve çevresidir.
193,Bizim Kuruntu Ailesi,Dizi,Komedi,Bülent Özdural (Yönetmen),Bülent Özdural (Yapımcı),1997.0,TGRT,"Gazanfer Özcan, Gönül Ülkü Özcan, Doğu Erkan, Gazanfer Ündüz, Fulya Özcan, Doğan Aybay, Şemsay Çankara, Saltuk Kaplangı, Tomris Oğuzalp, Aliye Tölak, Tarık Ündüz, Engin Gürmen, Ferdi Atuner, Şensel Uykal, Reyhan Ayyüzlü",202,Göktürk,İstanbul,Eyüpsultan,41.0998,29.0264,"41.0998, 29.0264",Yüksek,Açık,"Dizi seti ziyareti, Fotoğrafçılık",,Bodrum Masalı dizisinin ana çekim mekanlarından biri Göktürk ve çevresidir.
434,Kategori:Tarkan (film),Film,Dram,Bilinmiyor,Bilinmiyor,1963.0,Bilinmiyor,Bilinmiyor,254,Yeniköy,İstanbul,Sarıyer,41.0301,29.0705,"41.0301, 29.0705",Yüksek,Açık,"Dizi seti ziyareti, Fotoğrafçılık",,Kayıp Şehir dizisinin ana çekim mekanlarından biri Yeniköy ve çevresidir.
532,Mahallenin Muhtarları,Dizi,Dram,Oğuz Yalçın Filiz KaynakAvni KütükoğluNursan Esenboğa (Yönetmen),Hüseyin Apaydın (Yapımcı),2004.0,Replik Yapım,"Aydan Burhan, Erkan Can Cihat Tamer, Işık Aras, Goncagül Sunar, Esra Akkaya, Nedret Özbek, Leman Çıdamlı, Filiz Taçbaş",174,Bebek Sahili,İstanbul,Beşiktaş,41.0423,29.0281,"41.0423, 29.0281",Orta,Açık,"Dizi seti ziyareti, Fotoğrafçılık",,Masumlar Apartmanı dizisinin ana çekim mekanlarından biri Bebek Sahili ve çevresidir.
372,Hayalet Sürücü 2: İntikam Ateşi,Film,Fantastik,"Neveldine, Taylor",Ashok Amritraj,2010.0,Marvel Knights,"Nicolas Cage, Idris Elba",250,Vefa,İstanbul,Fatih,41.0708,29.032,"41.0708, 29.0320",Yüksek,Açık,"Dizi seti ziyareti, Fotoğrafçılık",,Hayatımın Aşkı dizisinin ana çekim mekanlarından biri Vefa ve çevresidir.
263,EGO (dizi),Dizi,Dram,Doğa Can Anafarta,Efe İrvül,2023.0,Pastel Film,"Alperen Duymaz, Melisa Aslı Pamuk",180,Beykoz Kundura Fabrikası,İstanbul,Beykoz,41.0564,29.0222,"41.0564, 29.0222",Yüksek,Açık,"Dizi seti ziyareti, Fotoğrafçılık",,Emret Komutanım dizisinin ana çekim mekanlarından biri Beykoz Kundura Fabrikası ve çevresidir.
298,Familya,Dizi,Komedi,Can Yücel (Yönetmen),Erol Avcı (Yapımcı),2016.0,TMC Film,"Uğur Yücel, Erkan Kolçak Köstendil, Bülent Emrah Parlak, Murat Ceylan",267,İstiklal Caddesi,İstanbul,Beyoğlu,41.0147,29.0447,"41.0147, 29.0447",Orta,Açık,"Dizi seti ziyareti, Fotoğrafçılık",,Firar dizisinin ana çekim mekanlarından biri İstiklal Caddesi ve çevresidir.
775,Veda,Dizi,Romantik,Merve Girgin (Yönetmen),Fatih Aksoy (Yapımcı),2012.0,Medyapım,"Mehmet Aslantuğ, Fahriye Evcen, Maral Üner, Jale Arıkan, Sevda Erginci, Ahmet Tansu Taşanlar",218,Kuzguncuk,İstanbul,Üsküdar,41.0912,29.0356,"41.0912, 29.0356",Orta,Açık,"Dizi seti ziyareti, Fotoğrafçılık",,Yaprak Dökümü dizisinin ana çekim mekanlarından biri Kuzguncuk ve çevresidir.
830,Yüzleşme (dizi),Dizi,Gerilim/Suç,Ömer Faruk Sorak,Bülent Turgut,2019.0,T Company,"Hande Doğandemir, Uğur Yücel",224,Nişantaşı,İstanbul,Şişli,41.0767,29.0217,"41.0767, 29.0217",Yüksek,Açık,"Dizi seti ziyareti, Fotoğrafçılık",,Çemberimde Gül Oya dizisinin ana çekim mekanlarından biri Nişantaşı ve çevresidir.
17,Acı Aşk,Dizi,Romantik,Çağatay Tosun (Yönetmen),Erol Avcı (Yapımcı),2015.0,TMC Film,"Seçkin Özdemir, Selin Şekerci, Sezgi Sena Akay, Alperen Duymaz, Hüseyin Avni Danyal, Neriman Uğur, Erkan Can",213,Kemerburgaz,İstanbul,Eyüpsultan,41.0116,29.0697,"41.0116, 29.0697",Yüksek,Açık,"Dizi seti ziyareti, Fotoğrafçılık",,Acı Aşk dizisinin ana çekim mekanlarından biri Kemerburgaz ve çevresidir.
834,Yılanların Öcü (dizi),Dizi,Dram,Cemal Şan,Ata Türkoğlu,2014.0,Koliba Film,"Cemal Toktaş, Hande Soral",223,Moda Sahili,İstanbul,Kadıköy,40.98,29.0228,"40.9800, 29.0228",Orta,Açık,"Dizi seti ziyareti, Fotoğrafçılık",,Çiçek Taksi dizisinin ana çekim mekanlarından biri Moda Sahili ve çevresidir.
319,Gel Dese Aşk,Dizi,Dram,Murat Onbul (Yönetmen),Osman Sınav (Yapımcı),2020.0,Sinegraf,"Erkan Petekkaya, Şebnem Bozoklu, İlayda Çevik",225,Ortaköy,İstanbul,Beşiktaş,41.012,29.0922,"41.0120, 29.0922",Orta,Açık,"Dizi seti ziyareti, Fotoğrafçılık",,Gönülçelen dizisinin ana çekim mekanlarından biri Ortaköy ve çevresidir.
860,Çoban Yıldızı (dizi),Dizi,Romantik,Gül Oğuz,Gül Oğuz,2017.0,Most Production,"Şükrü Özyıldız, Selin Şekerci",267,İstiklal Caddesi,İstanbul,Beyoğlu,41.0147,29.0447,"41.0147, 29.0447",Orta,Açık,"Dizi seti ziyareti, Fotoğrafçılık",,Üç Kuruş dizisinin ana çekim mekanlarından biri İstiklal Caddesi ve çevresidir.
912,İzmir Çetesi,Dizi,Komedi,Murat Şeker,Yaşar İrvül,2011.0,Pastel Film,"Kadir İnanır, Kenan Ece, Mustafa Üstündağ",245,Tarabya,İstanbul,Sarıyer,41.06,29.0518,"41.0600, 29.0518",Orta,Açık,"Dizi seti ziyareti, Fotoğrafçılık",,Şubat dizisinin ana çekim mekanlarından biri Tarabya ve çevresidir.
507,Kınalı Hanzo,Film,Macera,Yılmaz Atadeniz,"Behçet Nacar, Çengiz Nacaroğlu",1989.0,Bizim Film,"İlyas Salman, Behçet Nacar",246,Tarlabaşı,İstanbul,Beyoğlu,41.0326,29.0609,"41.0326, 29.0609",Yüksek,Açık,"Dizi seti ziyareti, Fotoğrafçılık",,Kızıl Elma dizisinin ana çekim mekanlarından biri Tarlabaşı ve çevresidir.
108,Aşka Sürgün,Dizi,Dram,Cemal Şan,Tomris Giritlioğlu,2005.0,Sis Yapım,"İzzet Günay, Mahsun Kırmızıgül",194,Emirgan Korusu,İstanbul,Sarıyer,41.0417,29.0401,"41.0417, 29.0401",Yüksek,Açık,"Dizi seti ziyareti, Fotoğrafçılık",,Aşka Sürgün dizisinin ana çekim mekanlarından biri Emirgan Korusu ve çevresidir.
668,,,,,,,,,165,Arnavutköy Sahili,İstanbul,Beşiktaş,41.039,29.0686,"41.0390, 29.0686",Yüksek,Açık,"Dizi seti ziyareti, Fotoğrafçılık",,Siyah İnci dizisinin ana çekim mekanlarından biri Arnavutköy Sahili ve çevresidir.
810,Yemin,Dizi,Dram,Hakan ArslanReyhan Pekar (Yönetmen),| denetleyici_yapımcılar = (Yapımcı),2019.0,Karamel Yapım,"Gökberk Demirci, Özge Yağız, Cansu Tuman, Setenay Süer, Can Verel, Yağmur Şahbazova",215,Kilyos Sahili,İstanbul,Sarıyer,41.0227,29.0295,"41.0227, 29.0295",Yüksek,Açık,"Dizi seti ziyareti, Fotoğrafçılık",,Yılan Hikâyesi dizisinin ana çekim mekanlarından biri Kilyos Sahili ve çevresidir.
754,Uluslararası (film),Film,Gerilim/Suç,Tom Tykwer,"Charles Roven, Richard Suckle, Lloyd Phillips",2009.0,Relativity Media,"Clive Owen, Naomi Watts, Armin Mueller-Stahl, Brian F. O'Byrne, Ulrich Thomsen, Haluk Bilginer",203,Gülhane Parkı,İstanbul,Fatih,41.0762,29.0263,"41.0762, 29.0263",Yüksek,Açık,"Dizi seti ziyareti, Fotoğrafçılık",,Veda dizisinin ana çekim mekanlarından biri Gülhane Parkı ve çevresidir.
27,Adını Feriha Koydum,Dizi,Romantik,Merve Girgin (1-24)Tolga Kutluay (25-26)Barış Yöş (27-67) (Yönetmen),Fatih Aksoy (Yapımcı),2011.0,Medyapım,"Vahide Perçin, Hazal Kaya, Çağatay Ulusoy Metin Çekmez, Deniz Uğur, Yusuf Akgün, Ceyda Ateş, Barış Kılıç",174,Bebek Sahili,İstanbul,Beşiktaş,41.0423,29.0281,"41.0423, 29.0281",Orta,Açık,"Dizi seti ziyareti, Fotoğrafçılık",,Adını Feriha Koydum dizisinin ana çekim mekanlarından biri Bebek Sahili ve çevresidir.
412,"Kanlı Nigâr (film, 1981)",Film,Komedi,Memduh Ün,Memduh Ün,1981.0,Uğur Film,"Kemal Sunal, Fatma Girik, Dinçer Çekmez, Sümer Tilmaç, Bahar Öztan",246,Tarlabaşı,İstanbul,Beyoğlu,41.0326,29.0609,"41.0326, 29.0609",Yüksek,Açık,"Dizi seti ziyareti, Fotoğrafçılık",,Karadayı dizisinin ana çekim mekanlarından biri Tarlabaşı ve çevresidir.
553,,,,,,,,,199,Galata Kulesi,İstanbul,Beyoğlu,41.0428,29.038,"41.0428, 29.0380",Orta,Açık,"Dizi seti ziyareti, Fotoğrafçılık",,Muhteşem Yüzyıl Kösem dizisinin ana çekim mekanlarından biri Galata Kulesi ve çevresidir.
289,Ezel (dizi),Dizi,Aksiyon,Uluç Bayraktar,Kerem Çatay,2009.0,Ay Yapım,"Kenan İmirzalıoğlu, Cansu Dere, Tuncel Kurtiz",240,Sultanahmet,İstanbul,Fatih,41.0306,29.0111,"41.0306, 29.0111",Yüksek,Açık,"Dizi seti ziyareti, Fotoğrafçılık",,Fatih dizisinin ana çekim mekanlarından biri Sultanahmet ve çevresidir.
740,Topkapı (film),Film,Gerilim/Suç,Jules Dassin,Jules Dassin,1964.0,Filmways Pictures,"Melina Mercouri, Peter Ustinov, Maximilian Schell, Ege Ernart",243,Süleymaniye,İstanbul,Fatih,41.075,29.0578,"41.0750, 29.0578",Yüksek,Açık,"Dizi seti ziyareti, Fotoğrafçılık",,Ustura Kemal dizisinin ana çekim mekanlarından biri Süleymaniye ve çevresidir.
880,Özür Dilerim,Film,Komedi,İbrahim Büyükak,Fırat Parlak,2022.0,25 Film,"İbrahim Büyükak, Oğuzhan Koç, Gizem Karaca",259,Çengelköy,İstanbul,Üsküdar,41.0801,29.0511,"41.0801, 29.0511",Yüksek,Açık,"Dizi seti ziyareti, Fotoğrafçılık",,İstanbul'un Altınları dizisinin ana çekim mekanlarından biri Çengelköy ve çevresidir.
732,Terkedilmiş,Film,Dram,Korhan Uğur,Mustafa Saygın,2015.0,Saygın Film,"Levent Ülgen, Hakan Vanlı, Sema Şimşek",180,Beykoz Kundura Fabrikası,İstanbul,Beykoz,41.0564,29.0222,"41.0564, 29.0222",Yüksek,Açık,"Dizi seti ziyareti, Fotoğrafçılık",,Ulan İstanbul dizisinin ana çekim mekanlarından biri Beykoz Kundura Fabrikası ve çevresidir.
727,Tehlikeli Karım,Dizi,Romantik,Çağrı Bayrak (Yönetmen),Faruk Bayhan (Yapımcı),2018.0,MF Yapım,"Gonca Vuslateri, Seçkin Özdemir, Mustafa Üstündağ, Bige Önal",223,Moda Sahili,İstanbul,Kadıköy,40.98,29.0228,"40.9800, 29.0228",Orta,Açık,"Dizi seti ziyareti, Fotoğrafçılık",,Tövbeler Tövbesi dizisinin ana çekim mekanlarından biri Moda Sahili ve çevresidir.
858,Çiçero (film),Film,Dram,Serdar Akar,Mustafa Uslu,2019.0,Dijital Sanatlar,"Erdal Beşikçioğlu, Burcu Biricik",225,Ortaköy,İstanbul,Beşiktaş,41.012,29.0922,"41.0120, 29.0922",Orta,Açık,"Dizi seti ziyareti, Fotoğrafçılık",,Üsküdar'a Giderken dizisinin ana çekim mekanlarından biri Ortaköy ve çevresidir.
467,Kolpaçino: Bir Şehir Efsanesi,Film,Aksiyon,Atıl İnaç,Şenol Zencir ve Selin Altınel,2009.0,İyi Seyirler Film,"Şafak Sezer, Aydemir Akbaş, Ali Çatalbaş, Ebubekir Öztürk, Serkan Şengül, Ali Sürmeli, Hakan Ural, Hüseyin Elmalıpınar, Abidin Yerebakan, Kemal İnci, Güzin Usta, Eriş Akman",176,Belgrad Ormanı,İstanbul,Sarıyer,41.0666,29.0328,"41.0666, 29.0328",Yüksek,Açık,"Dizi seti ziyareti, Fotoğrafçılık",,Kurtlar Vadisi Pusu dizisinin ana çekim mekanlarından biri Belgrad Ormanı ve çevresidir.
54,Analar ve Anneler,Dizi,Dram,Mehmet Ada Öztekin (Yönetmen),Kerem Çatay (Yapımcı),1993.0,Ay Yapım,"Hazar Ergüçlü, Binnur Kaya, Okan Yalabık, Sinem Kobal, Nazan Kesal, Ulaş Tuna Astepe, Metin Akdülger",254,Yeniköy,İstanbul,Sarıyer,41.0301,29.0705,"41.0301, 29.0705",Yüksek,Açık,"Dizi seti ziyareti, Fotoğrafçılık",,Analar ve Anneler dizisinin ana çekim mekanlarından biri Yeniköy ve çevresidir.
415,Kapalıçarşı,Dizi,Dram,Yasin Uslu (Yönetmen),Erol Avcı (Yapımcı),2009.0,TMC,Nejat İşler Olgun Şimşek Aslı Tandoğan Tülin Özen Mert Fırat Erkan Can Selen Seyven Engin Altan Düzyatan Zeynep Eronat,243,Süleymaniye,İstanbul,Fatih,41.075,29.0578,"41.0750, 29.0578",Yüksek,Açık,"Dizi seti ziyareti, Fotoğrafçılık",,Karaoğlan dizisinin ana çekim mekanlarından biri Süleymaniye ve çevresidir.
205,Büyük Yalan,Film,Dram,Yüksel Aksu,Faruk Turgut,2004.0,Gold Film,"Halil Ergün, Emrah",180,Beykoz Kundura Fabrikası,İstanbul,Beykoz,41.0564,29.0222,"41.0564, 29.0222",Yüksek,Açık,"Dizi seti ziyareti, Fotoğrafçılık",,Can Kırıkları dizisinin ana çekim mekanlarından biri Beykoz Kundura Fabrikası ve çevresidir.
520,Kızım Gibi Kokuyorsun,Film,Dram,Olgun Özdemir,Olgun Özdemir,2019.0,Sargona Film,"Clémence Verniau, Çağlar Ertuğrul",259,Çengelköy,İstanbul,Üsküdar,41.0801,29.0511,"41.0801, 29.0511",Yüksek,Açık,"Dizi seti ziyareti, Fotoğrafçılık",,Lise Defteri dizisinin ana çekim mekanlarından biri Çengelköy ve çevresidir.
383,Haziran Gecesi,Dizi,Dram,Andaç Haznedaroğlu (Yönetmen),Faruk Turgut (Yapımcı),2004.0,Gold Film,"Özcan Deniz, Nebahat Çehre, Naz Elmas, Burcu Kara, Demir Karahan",194,Emirgan Korusu,İstanbul,Sarıyer,41.0417,29.0401,"41.0417, 29.0401",Yüksek,Açık,"Dizi seti ziyareti, Fotoğrafçılık",,Huzur Sokağı dizisinin ana çekim mekanlarından biri Emirgan Korusu ve çevresidir.
725,Taşacak Bu Deniz,Dizi,Dram,Çağrı Bayrak,Onur Güvenatam,2019.0,OGM Pictures,"Ulaş Tuna Astepe, Deniz Baysal",165,Arnavutköy Sahili,İstanbul,Beşiktaş,41.039,29.0686,"41.0390, 29.0686",Yüksek,Açık,"Dizi seti ziyareti, Fotoğrafçılık",,Tutsak dizisinin ana çekim mekanlarından biri Arnavutköy Sahili ve çevresidir.
884,Üvey Baba,Dizi,Dram,Tunca Yönder (Yönetmen),Tunca Yönder (Yapımcı),1998.0,Yeni Yapımlar Yönder TV & Film Ltd. Şti.,Şemsi İnkaya Betül Aşçıoğlu Burçin Abdullah Seda Çetin Tunca Yönder,224,Nişantaşı,İstanbul,Şişli,41.0767,29.0217,"41.0767, 29.0217",Yüksek,Açık,"Dizi seti ziyareti, Fotoğrafçılık",,İyilik dizisinin ana çekim mekanlarından biri Nişantaşı ve çevresidir.
504,Küçük Sırlar,Dizi,Dram,Cevriye Demir (Yönetmen),Timur Savcı (Yapımcı),2010.0,Tims&B Productions,Sinem Kobal Burak Özçivit Merve Boluğur Birkan Sokullu İpek Karapınar Kadir Doğulu,250,Vefa,İstanbul,Fatih,41.0708,29.032,"41.0708, 29.0320",Yüksek,Açık,"Dizi seti ziyareti, Fotoğrafçılık",,Kızlar Sınıfı dizisinin ana çekim mekanlarından biri Vefa ve çevresidir.
468,Kolpaçino: Bomba,Film,Komedi,Şafak Sezer,Su Filmcilik,2011.0,dağıtıcı = Warner Bros.,"Aydemir Akbaş, Şafak Sezer, Ali Çatalbaş, Arzu Yanardağ, Kubilay Penbeklioğlu, Tuğba Melis Türk",180,Beykoz Kundura Fabrikası,İstanbul,Beykoz,41.0564,29.0222,"41.0564, 29.0222",Yüksek,Açık,"Dizi seti ziyareti, Fotoğrafçılık",,Kurtlar Vadisi Terör dizisinin ana çekim mekanlarından biri Beykoz Kundura Fabrikası ve çevresidir.
648,Sandık Kokusu,Dizi,Dram,Nezaket Coşkun,Saner Ayar,2023.0,O3 Medya,"Demet Akbağ, Özge Özpirinçci",254,Yeniköy,İstanbul,Sarıyer,41.0301,29.0705,"41.0301, 29.0705",Yüksek,Açık,"Dizi seti ziyareti, Fotoğrafçılık",,Servet dizisinin ana çekim mekanlarından biri Yeniköy ve çevresidir.
501,Küçük Gelin,Dizi,Dram,Naci Çelik Berksoy (Yönetmen),Murat KesginAdem Tan (Yapımcı),2013.0,Ser Film,"Çağla Şimşek, Gözde Mukavelat, Orhan Şimşek, Bengi Öztürk Akkaya, Arda Esen, Ufuk Şen, Sema Aybars, Ali Çakalgöz, Arif Selçuk, Ece Okay, Melda Arat, Devrim Atmaca, Melissa Yıldırımer, Gökhan Şahin, Yağmur Kar, Burcu Yüce, Burcu Adal Köse, Helin Melike Çal, Sabri Özmener, Onurcan Kırşan, Tayfun Sav, Ece Baykal, Elif Verit",174,Bebek Sahili,İstanbul,Beşiktaş,41.0423,29.0281,"41.0423, 29.0281",Orta,Açık,"Dizi seti ziyareti, Fotoğrafçılık",,Kırmızı Oda dizisinin ana çekim mekanlarından biri Bebek Sahili ve çevresidir.
780,Vizontele,Film,Komedi,Yılmaz Erdoğan,Necati Akpınar,2000.0,BKM,"Yılmaz Erdoğan, Demet Akbağ",259,Çengelköy,İstanbul,Üsküdar,41.0801,29.0511,"41.0801, 29.0511",Yüksek,Açık,"Dizi seti ziyareti, Fotoğrafçılık",,Yarım Elma dizisinin ana çekim mekanlarından biri Çengelköy ve çevresidir.
494,Küf (film),Film,Dram,Ali Aydın,Cengiz Keten,2012.0,Beleza Film,"Ercan Kesal, Muhammet Uzuner",180,Beykoz Kundura Fabrikası,İstanbul,Beykoz,41.0564,29.0222,"41.0564, 29.0222",Yüksek,Açık,"Dizi seti ziyareti, Fotoğrafçılık",,Küçük Sırlar dizisinin ana çekim mekanlarından biri Beykoz Kundura Fabrikası ve çevresidir.
316,Gece Yaşayan Kadın,Film,Gerilim/Suç,Yavuz Figenli,Necdet Barlık,1979.0,"Barlık Film, Koç Film","Dilber Ay, Hakan Özer, Ata Saka, Güven Gül",223,Moda Sahili,İstanbul,Kadıköy,40.98,29.0228,"40.9800, 29.0228",Orta,Açık,"Dizi seti ziyareti, Fotoğrafçılık",,Gönül dizisinin ana çekim mekanlarından biri Moda Sahili ve çevresidir.
787,Yahşi Batı,Film,Western,Ömer Faruk Sorak,"Can Yılmaz, Cem Yılmaz, Murat Akdilek",2009.0,"Böcek Yapım, CMYLMZ Fikir Sanat, Fida Film","Cem Yılmaz , Ozan Güven , Demet Evgar , Özkan Uğur , Zafer Algöz",225,Ortaköy,İstanbul,Beşiktaş,41.012,29.0922,"41.0120, 29.0922",Orta,Açık,"Dizi seti ziyareti, Fotoğrafçılık",,Yedi Numara dizisinin ana çekim mekanlarından biri Ortaköy ve çevresidir.
297,Fadime,Film,Dram,Türker İnanoğlu,Türker İnanoğlu,1970.0,Erler Film,"Filiz Akın, Kartal Tibet, Cihangir Gaffari",243,Süleymaniye,İstanbul,Fatih,41.075,29.0578,"41.0750, 29.0578",Yüksek,Açık,"Dizi seti ziyareti, Fotoğrafçılık",,Filinta dizisinin ana çekim mekanlarından biri Süleymaniye ve çevresidir.
414,Kanıt: Ateş Üstünde,Dizi,Gerilim/Suç,Abdullah Oğuz (Yönetmen),Abdullah OğuzMuzaffer Yıldırım (Yapımcı),2016.0,ANS Productions,"Tansel Öngel, Başak Güröz, Ahmet Olgun Sünear, Gurur Aydoğan, Okday Korunan, Müge Mertson, Ebru Aytemur, Mustafa Açılan, Hayati Akbaş",212,Karaköy,İstanbul,Beyoğlu,41.0425,29.0482,"41.0425, 29.0482",Yüksek,Açık,"Dizi seti ziyareti, Fotoğrafçılık",,Karagül dizisinin ana çekim mekanlarından biri Karaköy ve çevresidir.
48,Alparslan: Büyük Selçuklu,Dizi,Dram,Sedat İnci (Yönetmen),Emre Konuk (Yapımcı),2021.0,Akli Film,"Barış Arduç, Fahriye Evcen, Kayra Zabcı, Mehmet Özgür, Yurdaer Okur, Barış Bağcı, Korel Cezayirli, Sarp Levendoğlu, Gizem Karaca, Hande Subaşı, Özgür Çevik, Erdinç Gülener, Uygar Özçelik, Serhat Tutumluer, Devrim Saltoğlu",203,Gülhane Parkı,İstanbul,Fatih,41.0762,29.0263,"41.0762, 29.0263",Yüksek,Açık,"Dizi seti ziyareti, Fotoğrafçılık",,Alparslan: Büyük Selçuklu dizisinin ana çekim mekanlarından biri Gülhane Parkı ve çevresidir.
36,Akıncı,Dizi,Aksiyon,Levent Türkan (13-20)Gökhan Erkut (13-20)Veli Çelik (1-12) (Yönetmen),Mehmet Yiğit Alp (Yapımcı),2021.0,NTC Medya,"Şükrü Özyıldız, Büşra Develi",215,Kilyos Sahili,İstanbul,Sarıyer,41.0227,29.0295,"41.0227, 29.0295",Yüksek,Açık,"Dizi seti ziyareti, Fotoğrafçılık",,Akıncı dizisinin ana çekim mekanlarından biri Kilyos Sahili ve çevresidir.
29,Afili Aşk,Dizi,Komedi,Serdar Gözelekli (Yönetmen),Fatih Enes Ömeroğlu (Yapımcı),2019.0,ARC Film,"Çağlar Ertuğrul, Burcu Özberk",259,Çengelköy,İstanbul,Üsküdar,41.0801,29.0511,"41.0801, 29.0511",Yüksek,Açık,"Dizi seti ziyareti, Fotoğrafçılık",,Afili Aşk dizisinin ana çekim mekanlarından biri Çengelköy ve çevresidir.
401,Issız Adam,Film,Romantik,Çağan Irmak,"Mustafa Oğuz, Gül Oğuz",2008.0,Most Prodüksiyon,"Cemal Hünal, Melis Birkan, Yıldız Kültür, Aslı Aybars, Şerif Bozkurt, Gözde Kansu, Goncagül Sunar",245,Tarabya,İstanbul,Sarıyer,41.06,29.0518,"41.0600, 29.0518",Orta,Açık,"Dizi seti ziyareti, Fotoğrafçılık",,Kanatsız Kuşlar dizisinin ana çekim mekanlarından biri Tarabya ve çevresidir.
103,Aşk ve Gurur,Dizi,Romantik,Taner Akvardar (Yönetmen),Hayri Aslan (Yapımcı),2017.0,Limon Film,"Mert Fırat, Damla Sönmez, Alper Saldıran, Tülin Özen, Ahmet Rıfat Şungar",180,Beykoz Kundura Fabrikası,İstanbul,Beykoz,41.0564,29.0222,"41.0564, 29.0222",Yüksek,Açık,"Dizi seti ziyareti, Fotoğrafçılık",,Aşk ve Gurur dizisinin ana çekim mekanlarından biri Beykoz Kundura Fabrikası ve çevresidir.
537,Malkoçoğlu Cem Sultan,Film,Aksiyon,Remzi Jöntürk,Naci Duru,1969.0,Duru Film,"Cüneyt Arkın, Gülnaz Huri",243,Süleymaniye,İstanbul,Fatih,41.075,29.0578,"41.0750, 29.0578",Yüksek,Açık,"Dizi seti ziyareti, Fotoğrafçılık",,Mehmed: Bir Cihan Fatihi dizisinin ana çekim mekanlarından biri Süleymaniye ve çevresidir.
817,Yok Artık 2,Film,Komedi,Caner Özyurtlu,"AC Film, Yıldırım Film, Şebnem Bozoklu",2016.0,dağıtıcı = TME Films,"Zafer Algöz, Şebnem Bozoklu, Onur Buldu, Cem Gelinoğlu",165,Arnavutköy Sahili,İstanbul,Beşiktaş,41.039,29.0686,"41.0390, 29.0686",Yüksek,Açık,"Dizi seti ziyareti, Fotoğrafçılık",,Zengin ve Yoksul dizisinin ana çekim mekanlarından biri Arnavutköy Sahili ve çevresidir.
863,Çukur,Dizi,Aksiyon,Sinan Öztürk(1-4. sezon)Özgür Sevimli(2. sezon) (Yönetmen),Kerem Çatay (1-4. sezon) Pelin Diştaş (1-2. sezon) (Yapımcı),2017.0,Ay Yapım,"Aras Bulut İynemli, Dilan Çiçek Deniz, Ercan Kesal Perihan Savaş, Şenay Gürler Erkan Kolçak Köstendil, Öner Erkan, Rıza Kocaoğlu, Necip Memili, Damla Sönmez, Burak Sergen, Berkay Ateş, Erkan Avcı, Salih Kalyon, Nur Sürer, Mustafa Avkıran, Nejat İşler, Barış Arduç, Müfit Kayacan ve ''diğerleri''",224,Nişantaşı,İstanbul,Şişli,41.0767,29.0217,"41.0767, 29.0217",Yüksek,Açık,"Dizi seti ziyareti, Fotoğrafçılık",,İffet dizisinin ana çekim mekanlarından biri Nişantaşı ve çevresidir.
913,İçerde,Dizi,Gerilim/Suç,Uluç Bayraktar (Yönetmen),Kerem ÇatayPelin Diştaş (Yapımcı),2016.0,Ay Yapım,"Çağatay Ulusoy, Aras Bulut İynemli, Çetin Tekindor, Mustafa Uğurlu, Bensu Soral",213,Kemerburgaz,İstanbul,Eyüpsultan,41.0116,29.0697,"41.0116, 29.0697",Yüksek,Açık,"Dizi seti ziyareti, Fotoğrafçılık",,Şöhret dizisinin ana çekim mekanlarından biri Kemerburgaz ve çevresidir.
385,Hepimiz Birimiz İçin,Dizi,Komedi,Serkan BirinciSadullah Celen (Yönetmen),Onur Peker (Yapımcı),2008.0,Artı Film,"Seda Güven, Buğra Gülsoy",169,Balat,İstanbul,Fatih,41.0617,29.0995,"41.0617, 29.0995",Yüksek,Açık,"Dizi seti ziyareti, Fotoğrafçılık",,Hüsnü Bey Amca dizisinin ana çekim mekanlarından biri Balat ve çevresidir.
365,Hanım Köylü,Dizi,Komedi,Mustafa Şevki Doğan,Faruk Turgut,2016.0,Gold Film,"Yusuf Çim, Gülsim Ali",259,Çengelköy,İstanbul,Üsküdar,41.0801,29.0511,"41.0801, 29.0511",Yüksek,Açık,"Dizi seti ziyareti, Fotoğrafçılık",,Hayat Bazen Tatlıdır dizisinin ana çekim mekanlarından biri Çengelköy ve çevresidir.
726,Taşı Toprağı Altın Şehir,Film,Dram,Orhan Aksoy,Türker İnanoğlu,1978.0,Erler Film,"Levent Kırca , Ayşegül Atik, Mahmut Gürses, Asım Par, Erol Taş, Hüseyin Baradan",209,Kandilli,İstanbul,Üsküdar,41.0374,29.0166,"41.0374, 29.0166",Orta,Açık,"Dizi seti ziyareti, Fotoğrafçılık",,Tutunamayanlar dizisinin ana çekim mekanlarından biri Kandilli ve çevresidir.
641,Sadakatsiz,Dizi,Gerilim/Suç,Neslihan Yeşilyurt,Fatih Aksoy,2020.0,Medyapım,"Cansu Dere, Caner Cindoruk, Melis Sezen",223,Moda Sahili,İstanbul,Kadıköy,40.98,29.0228,"40.9800, 29.0228",Orta,Açık,"Dizi seti ziyareti, Fotoğrafçılık",,Sen Çal Kapımı dizisinin ana çekim mekanlarından biri Moda Sahili ve çevresidir.
645,Salak Milyoner,Film,Komedi,Ertem Eğilmez,Nahit Ataman,1974.0,Arzu Film,"Metin Akpınar, Zeki Alasya, Kemal Sunal, Münir Özkul, Adile Naşit, Halit Akçatepe, Perran Kutman, Hulusi Kentmen, Meral Zeren, Ali Şen, Oya Alasya, Arap Celal",180,Beykoz Kundura Fabrikası,İstanbul,Beykoz,41.0564,29.0222,"41.0564, 29.0222",Yüksek,Açık,"Dizi seti ziyareti, Fotoğrafçılık",,Seni Çok Özledim dizisinin ana çekim mekanlarından biri Beykoz Kundura Fabrikası ve çevresidir.
545,Medcezir,Dizi,Dram,Ali BilginDeniz Yorulmazer (Yönetmen),Kerem Çatay (Yapımcı),2013.0,Ay Yapım,"Çağatay Ulusoy, Serenay Sarıkaya",250,Vefa,İstanbul,Fatih,41.0708,29.032,"41.0708, 29.0320",Yüksek,Açık,"Dizi seti ziyareti, Fotoğrafçılık",,Mert ile Gert dizisinin ana çekim mekanlarından biri Vefa ve çevresidir.
39,Alacakaranlık,Dizi,Gerilim/Suç,Yağmur TaylanPaxton WintersDurul TaylanAlican Yücel (Yönetmen),Uğur YücelDefne Kayalar (Yapımcı),2003.0,Paranoya TV,"Uğur Yücel, Kenan İmirzalıoğlu",180,Beykoz Kundura Fabrikası,İstanbul,Beykoz,41.0564,29.0222,"41.0564, 29.0222",Yüksek,Açık,"Dizi seti ziyareti, Fotoğrafçılık",,Alacakaranlık dizisinin ana çekim mekanlarından biri Beykoz Kundura Fabrikası ve çevresidir.
217,Canısı (film),Film,Dram,Temel Gürsu,Faruk Turgut,1997.0,"dağıtıcı = Gold Film, Ulus Müzik, Uzman Film","İbrahim Erkal, Emine Ün, Murat Soydan, Selen Yıldız, Engin Koç, Müge Oruçkaptan, Yılmaz Köksal, Işık Aras",246,Tarlabaşı,İstanbul,Beyoğlu,41.0326,29.0609,"41.0326, 29.0609",Yüksek,Açık,"Dizi seti ziyareti, Fotoğrafçılık",,Cesur Yürek dizisinin ana çekim mekanlarından biri Tarlabaşı ve çevresidir.
14,Acemi Cadı,Dizi,Fantastik,Feride Kaytan (Yönetmen),Elif A. Durmaz (Yapımcı),2006.0,D Productions,"Merve Boluğur, Şenay Gürler, Nergis Kumbasar Çağkan Çulha",169,Balat,İstanbul,Fatih,41.0617,29.0995,"41.0617, 29.0995",Yüksek,Açık,"Dizi seti ziyareti, Fotoğrafçılık",,Acemi Cadı dizisinin ana çekim mekanlarından biri Balat ve çevresidir.
910,İtirazım Var,Film,Gerilim/Suç,Onur Ünlü,Onur Ünlü,2014.0,"U10 Film, stüdyo =","Serkan Keskin, Hazal Kaya, Öner Erkan, Büşra Pekin, Osman Sonant, Erkan Kolçak Köstendil",176,Belgrad Ormanı,İstanbul,Sarıyer,41.0666,29.0328,"41.0666, 29.0328",Yüksek,Açık,"Dizi seti ziyareti, Fotoğrafçılık",,Şeytan Ayrıntıda Gizlidir dizisinin ana çekim mekanlarından biri Belgrad Ormanı ve çevresidir.
621,Propaganda (film),Film,Komedi,Sinan Çetin,Sinan Çetin,1999.0,Plato Film,"Kemal Sunal, Metin Akpınar",254,Yeniköy,İstanbul,Sarıyer,41.0301,29.0705,"41.0301, 29.0705",Yüksek,Açık,"Dizi seti ziyareti, Fotoğrafçılık",,Rüzgarın Kalbi dizisinin ana çekim mekanlarından biri Yeniköy ve çevresidir.
672,Sevdam Alabora,Dizi,Dram,Aydın Bulut,Gökhan Tatarer,2015.0,Endemol Shine,"Kadir Doğulu, Elçin Sangu",174,Bebek Sahili,İstanbul,Beşiktaş,41.0423,29.0281,"41.0423, 29.0281",Orta,Açık,"Dizi seti ziyareti, Fotoğrafçılık",,Son dizisinin ana çekim mekanlarından biri Bebek Sahili ve çevresidir.
57,Anne,Dizi,Dram,Merve GirginNadim Güç (Yönetmen),Fatih AksoyFaruk Bayhan (Yapımcı),2016.0,MedyapımMF Yapım,"Cansu Dere, Vahide Perçin, Beren Gökyıldız",225,Ortaköy,İstanbul,Beşiktaş,41.012,29.0922,"41.0120, 29.0922",Orta,Açık,"Dizi seti ziyareti, Fotoğrafçılık",,Anne dizisinin ana çekim mekanlarından biri Ortaköy ve çevresidir.
288,Ezel,Dizi,Aksiyon,Uluç Bayraktar (Yönetmen),Kerem Çatay (Yapımcı),2009.0,Ay Yapım,"Kenan İmirzalıoğlu, Cansu Dere, Yiğit Özşener, Barış Falay, Tuncel Kurtiz, Haluk Bilginer",250,Vefa,İstanbul,Fatih,41.0708,29.032,"41.0708, 29.0320",Yüksek,Açık,"Dizi seti ziyareti, Fotoğrafçılık",,Familya dizisinin ana çekim mekanlarından biri Vefa ve çevresidir.
208,Bıçkın,Film,Komedi,Orhan Aksoy,Memduh Ün,1988.0,Uğur Film,"Kemal Sunal, Nilgün Belgün, Ayten Erman, Nevzat Okçugil, Hüseyin Kutman",180,Beykoz Kundura Fabrikası,İstanbul,Beykoz,41.0564,29.0222,"41.0564, 29.0222",Yüksek,Açık,"Dizi seti ziyareti, Fotoğrafçılık",,Canım Ailem dizisinin ana çekim mekanlarından biri Beykoz Kundura Fabrikası ve çevresidir.
121,Babil,Dizi,Gerilim/Suç,Uluç Bayraktar (Yönetmen),Kerem Çatay (Yapımcı),2020.0,Ay Yapım,"Halit Ergenç, Ozan Güven, Aslı Enver, Birce Akalay, Nur Fettahoğlu, Mesut Akusta, Onur Saylak",165,Arnavutköy Sahili,İstanbul,Beşiktaş,41.039,29.0686,"41.0390, 29.0686",Yüksek,Açık,"Dizi seti ziyareti, Fotoğrafçılık",,Babil dizisinin ana çekim mekanlarından biri Arnavutköy Sahili ve çevresidir.
238,Deli Gönül,Dizi,Dram,Selim DemirdelenBerat Özdoğan (Yönetmen),Fırat ParlakKoray Şahin (Yapımcı),2017.0,25 Film,"Murat Ünalmış, Tuvana Türkay, Çiğdem Batur, Ogün Kaptanoğlu",224,Nişantaşı,İstanbul,Şişli,41.0767,29.0217,"41.0767, 29.0217",Yüksek,Açık,"Dizi seti ziyareti, Fotoğrafçılık",,Dinle Sevgili dizisinin ana çekim mekanlarından biri Nişantaşı ve çevresidir.
195,Bizim İçin Şampiyon,Film,Dram,Ahmet Katıksız,"Kerem Çatay, Pelin Diştaş, Fatih Aksoy",2018.0,"Ay Yapım, Medyapım","Ekin Koç, Farah Zeynep Abdullah, Fikret Kuşkan, Melis Sezen, Ali Seçkiner Alıcı, Serkan Ercan, Erdem Akakçe, Sekvan Serinkaya",259,Çengelköy,İstanbul,Üsküdar,41.0801,29.0511,"41.0801, 29.0511",Yüksek,Açık,"Dizi seti ziyareti, Fotoğrafçılık",,Boynu Bükükler dizisinin ana çekim mekanlarından biri Çengelköy ve çevresidir.
862,Çocuklar Duymasın,Dizi,Komedi,"Bora Tekay (2010-2014, 2017-2019)Raşit Çelikezer (2002-2005)Günay Köker (2010-2012) (Yönetmen)",Birol GüvenSüleyman Nebioğlu (2002) (Yapımcı),2002.0,Protel Yapım (2002)MinT Motion Pictures (2002-2019),"Tamer Karadağlı, Pınar Altuğ, Volkan Severcan, Zeyno Günenç, Öykü Güven, Alp Eren Khamis, Mehmet Baran Erdoğan, Buse Sinem İren'''Eski başrol'''Ayşecan Tatari, Furkan Kızılay, Özgür Ozan, Hayal Kahraman Özalp, Bengisu Özenel",209,Kandilli,İstanbul,Üsküdar,41.0374,29.0166,"41.0374, 29.0166",Orta,Açık,"Dizi seti ziyareti, Fotoğrafçılık",,İbreti Ailem dizisinin ana çekim mekanlarından biri Kandilli ve çevresidir.
761,Ustura Kemal,Dizi,Dram,Mustafa Şevki Doğan (Yönetmen),Ali Gündoğduİnci Gündoğdu (Yapımcı),2012.0,Süreç Film,"Oktay Kaynarca, Naz Elmas, Emre Kınay",223,Moda Sahili,İstanbul,Kadıköy,40.98,29.0228,"40.9800, 29.0228",Orta,Açık,"Dizi seti ziyareti, Fotoğrafçılık",,Vurgun dizisinin ana çekim mekanlarından biri Moda Sahili ve çevresidir.
898,İnadına Yaşamak (dizi),Dizi,Dram,Serdar Akar,Ali Gündoğdu,2013.0,Süreç Film,"Sanem Çelik, Oktay Kaynarca",212,Karaköy,İstanbul,Beyoğlu,41.0425,29.0482,"41.0425, 29.0482",Yüksek,Açık,"Dizi seti ziyareti, Fotoğrafçılık",,Şampiyon dizisinin ana çekim mekanlarından biri Karaköy ve çevresidir.
530,Leyla ile Mecnun (dizi),Dizi,Komedi,Onur Ünlü,Onur Ünlü,2011.0,Eflatun Film,"Ali Atay, Serkan Keskin, Osman Sonant",245,Tarabya,İstanbul,Sarıyer,41.06,29.0518,"41.0600, 29.0518",Orta,Açık,"Dizi seti ziyareti, Fotoğrafçılık",,Masum Değiliz dizisinin ana çekim mekanlarından biri Tarabya ve çevresidir.
723,Taçsız Kral,Film,Dram,Atıf Yılmaz,Ertem Eğilmez,1965.0,Arzu Film,"Metin Oktay, Gönül Yazar, Ayten Gökçer",199,Galata Kulesi,İstanbul,Beyoğlu,41.0428,29.038,"41.0428, 29.0380",Orta,Açık,"Dizi seti ziyareti, Fotoğrafçılık",,Tozkoparan İskender dizisinin ana çekim mekanlarından biri Galata Kulesi ve çevresidir.
487,Kuş Bakışı Dünya,Film,Dram,Bilinmiyor,"Robert Pilley, Philip Dalton, John Downer (Seri)",2021.0,Bilinmiyor,anlatan = David Tennant,218,Kuzguncuk,İstanbul,Üsküdar,41.0912,29.0356,"41.0912, 29.0356",Orta,Açık,"Dizi seti ziyareti, Fotoğrafçılık",,Küstüm Çiçeği dizisinin ana çekim mekanlarından biri Kuzguncuk ve çevresidir.
144,Ben Onu Çok Sevdim,Dizi,Dram,Mehmet Bahadır ErEylem Koza (Yönetmen),Raci Şaşmaz (Yapımcı),2013.0,Pana Film,"Mehmet Aslantuğ, İdil Fırat, Birce Akalay, Şemsi İnkaya, Rıza Akın, Erdinç Gülener, Mehmetcan Mincinozlu, Savaş Zafer, Ege Aydan, Kerem Alışık, Devrim Yakut",169,Balat,İstanbul,Fatih,41.0617,29.0995,"41.0617, 29.0995",Yüksek,Açık,"Dizi seti ziyareti, Fotoğrafçılık",,Ben de Özledim dizisinin ana çekim mekanlarından biri Balat ve çevresidir.
826,Yüksek Sosyete,Dizi,Komedi,Metin Balekoğlu(1-8. bölüm)Feride Kaytan(8-26. bölüm) (Yönetmen),Burak Sağyaşar (Yapımcı),2016.0,Bi Yapım,"Hazar Ergüçlü, Engin Öztürk, Meriç Aral, Ozan Dolunay, Zuhal Olcay",224,Nişantaşı,İstanbul,Şişli,41.0767,29.0217,"41.0767, 29.0217",Yüksek,Açık,"Dizi seti ziyareti, Fotoğrafçılık",,Çalıkuşu dizisinin ana çekim mekanlarından biri Nişantaşı ve çevresidir.
462,Kocaman Ailem,Dizi,Komedi,Sadullah Şentürk (Yönetmen),Banu Akdeniz (Yapımcı),2018.0,Mia Yapım,"Levent Ülgen, Emre Karayel, Özlem Türkad, Çağla Demir, Necmi Yapıcı, Berkay Tulumbacı, Çağrı Çıtanak, Zeynep Gülmez",212,Karaköy,İstanbul,Beyoğlu,41.0425,29.0482,"41.0425, 29.0482",Yüksek,Açık,"Dizi seti ziyareti, Fotoğrafçılık",,Koyu Kırmızı dizisinin ana çekim mekanlarından biri Karaköy ve çevresidir.
400,Ihlamurlar Altında,Dizi,Dram,Aydın Bulut (Yönetmen),Şükrü Avşar (Yapımcı),2005.0,Avşar Film,"Bülent İnal, Tuba Büyüküstün, Özge Borak, Sinan Tuzcu",202,Göktürk,İstanbul,Eyüpsultan,41.0998,29.0264,"41.0998, 29.0264",Yüksek,Açık,"Dizi seti ziyareti, Fotoğrafçılık",,Kampüsistan dizisinin ana çekim mekanlarından biri Göktürk ve çevresidir.
571,Mutluluk (film),Film,Dram,Abdullah Oğuz,Abdullah Oğuz,2007.0,ANS Productions,"Talat Bulut , Özgü Namal , Murat Han , Lale Mansur",225,Ortaköy,İstanbul,Beşiktaş,41.012,29.0922,"41.0120, 29.0922",Orta,Açık,"Dizi seti ziyareti, Fotoğrafçılık",,No 309 dizisinin ana çekim mekanlarından biri Ortaköy ve çevresidir.
731,Tepe'nin Uşakları (film),Film,Komedi,İsmet Eraydın,Bilinmiyor,2013.0,Hamsi Medya,Samet Karahasanoğlu,267,İstiklal Caddesi,İstanbul,Beyoğlu,41.0147,29.0447,"41.0147, 29.0447",Orta,Açık,"Dizi seti ziyareti, Fotoğrafçılık",,Ufak Tefek Cinayetler dizisinin ana çekim mekanlarından biri İstiklal Caddesi ve çevresidir.
554,Menekşe ile Halil,Dizi,Romantik,Uluç Bayraktar (Yönetmen),Kerem Çatay (Yapımcı),2007.0,Ay Yapım,"Kıvanç Tatlıtuğ, Sedef Avcı",180,Beykoz Kundura Fabrikası,İstanbul,Beykoz,41.0564,29.0222,"41.0564, 29.0222",Yüksek,Açık,"Dizi seti ziyareti, Fotoğrafçılık",,Muhteşem İkili dizisinin ana çekim mekanlarından biri Beykoz Kundura Fabrikası ve çevresidir.
43,Aldırma Gönül,Dizi,Komedi,Hakan Algül (Yönetmen),Necati Akpınar (Yapımcı),2013.0,BKM,"Şahin Irmak, Tülin Özen, Nadir Sarıbacak, Çağlar Çorumlu",218,Kuzguncuk,İstanbul,Üsküdar,41.0912,29.0356,"41.0912, 29.0356",Orta,Açık,"Dizi seti ziyareti, Fotoğrafçılık",,Aldırma Gönül dizisinin ana çekim mekanlarından biri Kuzguncuk ve çevresidir.
422,Karadayı,Dizi,Aksiyon,Uluç BayraktarCem Karcı (Yönetmen),Kerem Çatay (Yapımcı),2012.0,Ay Yapım,"Kenan İmirzalıoğlu, Bergüzar Korel, Çetin Tekindor Yurdaer Okur",194,Emirgan Korusu,İstanbul,Sarıyer,41.0417,29.0401,"41.0417, 29.0401",Yüksek,Açık,"Dizi seti ziyareti, Fotoğrafçılık",,Kasaba Doktoru dizisinin ana çekim mekanlarından biri Emirgan Korusu ve çevresidir.
607,Pazarları Hiç Sevmem,Film,Romantik,Rezzan Tanyeli,Ayşe Hassas,2012.0,Shark Film,"Melisa Sözen, Edhem Dirvana, Ezgi Mola",176,Belgrad Ormanı,İstanbul,Sarıyer,41.0666,29.0328,"41.0666, 29.0328",Yüksek,Açık,"Dizi seti ziyareti, Fotoğrafçılık",,Reaksiyon dizisinin ana çekim mekanlarından biri Belgrad Ormanı ve çevresidir.
11,A.Ş.K.,Dizi,Romantik,Ömür Atay (Yönetmen),Faruk Turgut (Yapımcı),2013.0,Gold Film,"Nebahat Çehre, Hazal Kaya, Hakan Kurtaş, Kaan Urgancıoğlu, Aslı Tandoğan, Erkan Can",224,Nişantaşı,İstanbul,Şişli,41.0767,29.0217,"41.0767, 29.0217",Yüksek,Açık,"Dizi seti ziyareti, Fotoğrafçılık",,A.Ş.K. dizisinin ana çekim mekanlarından biri Nişantaşı ve çevresidir.
269,Elimi Bırakma,Dizi,Romantik,Sadullah CelenAdnan Güler (Yönetmen),Süreyya Yaşar Önal (Yapımcı),2018.0,ÜS Yapım,"Alina Boz, Alp Navruz, Dolunay Soysert, Seray Gözler, Nihat Altınkaya, Ebru Aykaç",213,Kemerburgaz,İstanbul,Eyüpsultan,41.0116,29.0697,"41.0116, 29.0697",Yüksek,Açık,"Dizi seti ziyareti, Fotoğrafçılık",,Esaret dizisinin ana çekim mekanlarından biri Kemerburgaz ve çevresidir.
13,Acayip Hikayeler,Dizi,Bilim Kurgu,Soykut TuranVeli ÇelikMustafa Altıoklar (Yönetmen),Metin Kalkavan (Yapımcı),2012.0,Acayip Medya,"'''Serinin herhangi bir filminde rol alan oyuncular'''Haluk Bilginer, Şevval Sam, Altan Erkekli, Begüm Akkaya, Cem Özer, Fatih Dönmez, Irmak Ünal, Kaan Urgancıoğlu, Tamer Karadağlı, Gülşah Şahin, Levent Üzümcü, Yeşim Büber, İdil Fırat, Jess Molho, Sermet Yeşil, Ayşegül Akdemir, Beril Kayar, Ayla Arslancan, Ferdi Sancar, Bülent Polat, Murat Çekem, Özlem Tekin",223,Moda Sahili,İstanbul,Kadıköy,40.98,29.0228,"40.9800, 29.0228",Orta,Açık,"Dizi seti ziyareti, Fotoğrafçılık",,Acayip Hikayeler dizisinin ana çekim mekanlarından biri Moda Sahili ve çevresidir.
896,İnadına Aşk,Dizi,Komedi,Osman Sınav,Osman Sınav,2015.0,Sinegraf,"Can Yaman, Açelya Topaloğlu",254,Yeniköy,İstanbul,Sarıyer,41.0301,29.0705,"41.0301, 29.0705",Yüksek,Açık,"Dizi seti ziyareti, Fotoğrafçılık",,Şahin Tepesi dizisinin ana çekim mekanlarından biri Yeniköy ve çevresidir.
354,Güzel Çirkin,Dizi,Gerilim/Suç,Kemal Uzun (Yönetmen),İlker İnanoğlu (Yapımcı),2013.0,Erler Film,"Naz Elmas, Ali Sunal, Cahit Gök, Mihriban Er, Ali İpin, Nazan Diper, Mehmet Çevik, Pamir Pekin, Gözde Türkpençe, Kâmil Güler",180,Beykoz Kundura Fabrikası,İstanbul,Beykoz,41.0564,29.0222,"41.0564, 29.0222",Yüksek,Açık,"Dizi seti ziyareti, Fotoğrafçılık",,Hangimiz Sevmedik dizisinin ana çekim mekanlarından biri Beykoz Kundura Fabrikası ve çevresidir.
304,Fedai,Dizi,Dram,Güzide Balcı (Yönetmen),Abdullah Oğuz (Yapımcı),2007.0,D Productions,"Seda Sayan, Tamer Karadağlı Metin Belgin, Güliz Gençoğlu, İpek Tanrıyar, Enginay Gültekin, Mutlu Güney, Atilla Yiğit, Ergül Coşkun, Selen Uçer, Kaan Olcay, Şeyda Şaşmaz",176,Belgrad Ormanı,İstanbul,Sarıyer,41.0666,29.0328,"41.0666, 29.0328",Yüksek,Açık,"Dizi seti ziyareti, Fotoğrafçılık",,Galip Derviş dizisinin ana çekim mekanlarından biri Belgrad Ormanı ve çevresidir.
276,Erkekçe (film),Film,Dram,Bilinmiyor,Bilinmiyor,1984.0,Bilinmiyor,Bilinmiyor,180,Beykoz Kundura Fabrikası,İstanbul,Beykoz,41.0564,29.0222,"41.0564, 29.0222",Yüksek,Açık,"Dizi seti ziyareti, Fotoğrafçılık",,Evli ve Öfkeli dizisinin ana çekim mekanlarından biri Beykoz Kundura Fabrikası ve çevresidir.
859,Çoban Yıldızı,Dizi,Romantik,Gül OğuzKader Bayraktar (Yönetmen),Gül Oğuz (Yapımcı),2017.0,Most Production,"Şükrü Özyıldız, Selin Şekerci, Serhat Özcan, Menderes Samancılar, Selim Bayraktar, Özkan Uğur",194,Emirgan Korusu,İstanbul,Sarıyer,41.0417,29.0401,"41.0417, 29.0401",Yüksek,Açık,"Dizi seti ziyareti, Fotoğrafçılık",,Üvey Baba dizisinin ana çekim mekanlarından biri Emirgan Korusu ve çevresidir.
546,Medcezir (dizi),Dizi,Dram,"Ali Bilgin, Deniz Yorulmazer",Kerem Çatay,2013.0,Ay Yapım,"Çağatay Ulusoy, Serenay Sarıkaya",165,Arnavutköy Sahili,İstanbul,Beşiktaş,41.039,29.0686,"41.0390, 29.0686",Yüksek,Açık,"Dizi seti ziyareti, Fotoğrafçılık",,Meryem dizisinin ana çekim mekanlarından biri Arnavutköy Sahili ve çevresidir.
619,Poyraz Karayel,Dizi,Gerilim/Suç,Çağrı Vila Lostuvalı (1-62)Osman Taşcı (63-82) (Yönetmen),Hayri Aslan (Yapımcı),2015.0,Limon Film,"İlker Kaleli, Burçin Terzioğlu, Musa Uzunlar",224,Nişantaşı,İstanbul,Şişli,41.0767,29.0217,"41.0767, 29.0217",Yüksek,Açık,"Dizi seti ziyareti, Fotoğrafçılık",,Rüya dizisinin ana çekim mekanlarından biri Nişantaşı ve çevresidir.
381,Hayati ve Diğerleri,Dizi,Gerilim/Suç,Metin Balekoğlu (Yönetmen),İrfan Şahin (Yapımcı),2017.0,1441 Productions,"Celil Nalçakan, Günay Karacaoğlu, Levent Ülgen, Bülent Çolak, Bahtiyar Engin, İbrahim Selim, Gökhan Kıraç, Aybike Esin Tumluer, Tolga Deniz, Edip Tepeli",213,Kemerburgaz,İstanbul,Eyüpsultan,41.0116,29.0697,"41.0116, 29.0697",Yüksek,Açık,"Dizi seti ziyareti, Fotoğrafçılık",,Hizmetçiler dizisinin ana çekim mekanlarından biri Kemerburgaz ve çevresidir.
247,Doksanlar,Dizi,Komedi,Mesude Erarslan (Yönetmen),Birol Güven (Yapımcı),2013.0,MinT Motion Pictures,"Renan Bilek, Gamze Gözalan, Arif Erkin Güzelbeyoğlu, Beste Bereket, Atılay Uluışık, Açelya Akkoyun, Erkan Köse, Esra Dermancıoğlu, Deniz Oral, Derya Şensoy",202,Göktürk,İstanbul,Eyüpsultan,41.0998,29.0264,"41.0998, 29.0264",Yüksek,Açık,"Dizi seti ziyareti, Fotoğrafçılık",,Dudaktan Kalbe dizisinin ana çekim mekanlarından biri Göktürk ve çevresidir.
455,Kibar Feyzo,Film,Komedi,Atıf Yılmaz,Nahit Ataman,1978.0,"Arzu Film, stüdyo =","Kemal Sunal, Müjde Ar, Adile Naşit, Şener Şen, İhsan Yüce, İlyas Salman, Erdal Özyağcılar, Bahri Ateş, Reşit Çıldam",215,Kilyos Sahili,İstanbul,Sarıyer,41.0227,29.0295,"41.0227, 29.0295",Yüksek,Açık,"Dizi seti ziyareti, Fotoğrafçılık",,Kollama dizisinin ana çekim mekanlarından biri Kilyos Sahili ve çevresidir.
338,Gülperi,Dizi,Dram,Metin Balekoğlu (Yönetmen),Timur SavcıBurak Sağyaşar (Yapımcı),2018.0,Tims&B Productions,"Nurgül Yeşilçay, Timuçin Esen, Tarık Papuççuoğlu, Ece Sükan, Burak Dakak, Aleyna Özgeçen, Emir Özyakışır, Onur Bilge",218,Kuzguncuk,İstanbul,Üsküdar,41.0912,29.0356,"41.0912, 29.0356",Orta,Açık,"Dizi seti ziyareti, Fotoğrafçılık",,Güneşin Kızları dizisinin ana çekim mekanlarından biri Kuzguncuk ve çevresidir.
521,Kızım Nerede?,Dizi,Gerilim/Suç,Ersoy GülerAtilla Cengiz (Yönetmen),Fatih Oflaz Ahmet Öncül (Yapımcı),2010.0,Medya Vizyon,Ece Uslu Hüseyin Avni Danyal Özge Gürel Burak Hakkı Tolga Savacı Özgül Kavruk,169,Balat,İstanbul,Fatih,41.0617,29.0995,"41.0617, 29.0995",Yüksek,Açık,"Dizi seti ziyareti, Fotoğrafçılık",,Mahallenin Muhtarları dizisinin ana çekim mekanlarından biri Balat ve çevresidir.
886,Üç Kız Kardeş,Dizi,Romantik,Eda Teksöz (Yönetmen),Ali Gündoğduİnci Gündoğdu (Yapımcı),2022.0,Süreç Film,"İclal Aydın, Reha Özcan, Özgü Kaya, Almila Ada, Melisa Berberoğlu, Berker Güven, Gökberk Demirci",246,Tarlabaşı,İstanbul,Beyoğlu,41.0326,29.0609,"41.0326, 29.0609",Yüksek,Açık,"Dizi seti ziyareti, Fotoğrafçılık",,İçerde dizisinin ana çekim mekanlarından biri Tarlabaşı ve çevresidir.
435,Kavak Yelleri,Dizi,Dram,Jale İncekolKerem ÇakıroğluA. Taner Elhan (Yönetmen),Timur Savcı (Yapımcı),2007.0,Tims&B Productions,Pelin Karahan Dağhan Külegeç İbrahim Kendirci Aslı Enver Sarp Apak Ceren Moray Cemil Büyükdöğerli Ferit Aktuğ Lale Mansur,212,Karaköy,İstanbul,Beyoğlu,41.0425,29.0482,"41.0425, 29.0482",Yüksek,Açık,"Dizi seti ziyareti, Fotoğrafçılık",,Kayıtdışı dizisinin ana çekim mekanlarından biri Karaköy ve çevresidir.
411,Kanatsız Kuşlar,Dizi,Dram,Kemal Uzun (Yönetmen),Ata Türkoğlu (Yapımcı),2017.0,Koliba Film,"Melis Tüzüngüç, Ümit Kantarcılar, Ahmet Varlı, Deniz Bolışık, Fatih Al",165,Arnavutköy Sahili,İstanbul,Beşiktaş,41.039,29.0686,"41.0390, 29.0686",Yüksek,Açık,"Dizi seti ziyareti, Fotoğrafçılık",,Kara Yazı dizisinin ana çekim mekanlarından biri Arnavutköy Sahili ve çevresidir.
790,Yalan Dünya,Dizi,Komedi,Jale Atabey Özberk (Yönetmen),Ayşe E. Durmaz (Yapımcı),2012.0,D Productions,"Altan Erkekli Füsun Demirel Olgun Şimşek, Beyazıt Öztürk, Gülse Birsel Hasibe Eren, Sarp Apak, Öner Erkan",215,Kilyos Sahili,İstanbul,Sarıyer,41.0227,29.0295,"41.0227, 29.0295",Yüksek,Açık,"Dizi seti ziyareti, Fotoğrafçılık",,Yeni Hayat dizisinin ana çekim mekanlarından biri Kilyos Sahili ve çevresidir.
806,Yaz'ın Öyküsü,Dizi,Romantik,Yağız Alp Akaydın (Yönetmen),Elif Ayşe Durmaz (Yapımcı),2016.0,D Productions,"Ece Çeşmioğlu Vildan Atasever Tansel Öngel Çağdaş Onur Öztürk, Tarık Özcan Ündüz",267,İstiklal Caddesi,İstanbul,Beyoğlu,41.0147,29.0447,"41.0147, 29.0447",Orta,Açık,"Dizi seti ziyareti, Fotoğrafçılık",,Yüz Yüze dizisinin ana çekim mekanlarından biri İstiklal Caddesi ve çevresidir.
649,Savaşçı (dizi),Dizi,Aksiyon,Volkan Kocatürk,Hayri Aslan,2017.0,Limon Film,"Berk Oktay, Sarp Levendoğlu, Murat Serezli",202,Göktürk,İstanbul,Eyüpsultan,41.0998,29.0264,"41.0998, 29.0264",Yüksek,Açık,"Dizi seti ziyareti, Fotoğrafçılık",,Serçe Sarayı dizisinin ana çekim mekanlarından biri Göktürk ve çevresidir.
28,Adını Sen Koy,Dizi,Romantik,Gül GüzelkayaAtilla CengizIrmak ÇengelFulya YavuzoğluMahir Aktaş (Yönetmen),Sevgi Birsel(1. sezon)Nazmiye Yılmaz(1-4. sezon) (Yapımcı),2016.0,Birsel Film(1. sezon)Karamel Yapım(1-4. sezon),{{Yalın liste|,254,Yeniköy,İstanbul,Sarıyer,41.0301,29.0705,"41.0301, 29.0705",Yüksek,Açık,"Dizi seti ziyareti, Fotoğrafçılık",,Adını Sen Koy dizisinin ana çekim mekanlarından biri Yeniköy ve çevresidir.
586,Niyazi Gül Dörtnala,Film,Komedi,Hakan Algül,Necati Akpınar,2015.0,BKM,"Ata Demirer, Demet Akbağ, Şebnem Bozoklu",209,Kandilli,İstanbul,Üsküdar,41.0374,29.0166,"41.0374, 29.0166",Orta,Açık,"Dizi seti ziyareti, Fotoğrafçılık",,Paramparça dizisinin ana çekim mekanlarından biri Kandilli ve çevresidir.
736,The Ministry of Ungentlemanly Warfare,Film,Dram,Guy Ritchie,Jerry Bruckheimer,2024.0,Bilinmiyor,Henry Cavill,245,Tarabya,İstanbul,Sarıyer,41.06,29.0518,"41.0600, 29.0518",Orta,Açık,"Dizi seti ziyareti, Fotoğrafçılık",,Umut Taksi dizisinin ana çekim mekanlarından biri Tarabya ve çevresidir.
640,Rüzgâr (film),Film,Macera,Cüneyt Arkın,Abdurrahman Keskiner,1980.0,Umut Film,"Cüneyt Arkın, Emel Sayın",180,Beykoz Kundura Fabrikası,İstanbul,Beykoz,41.0564,29.0222,"41.0564, 29.0222",Yüksek,Açık,"Dizi seti ziyareti, Fotoğrafçılık",,Sen de Gitme dizisinin ana çekim mekanlarından biri Beykoz Kundura Fabrikası ve çevresidir.
697,"Sultan (film, 1978)",Film,Komedi,Kartal Tibet,Nahit Ataman,1978.0,Arzu Film,"Türkan Şoray, Bulut Aras, Şener Şen, Adile Naşit, İhsan Yüce, İlyas Salman, Erdal Özyağcılar, Tuncer Sevi, Hikmet Gül, Tuncer Sevi",243,Süleymaniye,İstanbul,Fatih,41.075,29.0578,"41.0750, 29.0578",Yüksek,Açık,"Dizi seti ziyareti, Fotoğrafçılık",,Tatar Ramazan dizisinin ana çekim mekanlarından biri Süleymaniye ve çevresidir.
9,8. Gün,Dizi,Aksiyon,Çağrı Vila LostuvalıEnder Mıhlar (Yönetmen),Kerem Çatay (Yapımcı),2018.0,Ay Yapım,"Burcu Biricik, Musa Uzunlar, Buğra Gülsoy, Ceyda Düvenci, Cem Davran, Yiğit Kirazcı, Hakan Kurtaş, Gökçe Yanardağ, Sermet Yeşil",180,Beykoz Kundura Fabrikası,İstanbul,Beykoz,41.0564,29.0222,"41.0564, 29.0222",Yüksek,Açık,"Dizi seti ziyareti, Fotoğrafçılık",,8. Gün dizisinin ana çekim mekanlarından biri Beykoz Kundura Fabrikası ve çevresidir.
333,Gülbeyaz,Dizi,Macera,Özer Kızıltan (Yönetmen),Bilinmiyor,2002.0,eyeQ prodiction,"Şevval Sam, Nejat İşler, Meral Çetinkaya, Kamran Usluer, Bora Ayanoğlu, Yeşim Ceren Bozoğlu",224,Nişantaşı,İstanbul,Şişli,41.0767,29.0217,"41.0767, 29.0217",Yüksek,Açık,"Dizi seti ziyareti, Fotoğrafçılık",,Gümüş dizisinin ana çekim mekanlarından biri Nişantaşı ve çevresidir.
308,Firar,Dizi,Gerilim/Suç,Cemal Şan (Yönetmen),Ata Türkoğlu (Yapımcı),2011.0,Koliba Film,"Caner Cindoruk, Didem Balçın, İsmail Hacıoğlu, Engin Şenkan, Ece Çeşmioğlu, Eda Özerkan, Lilâ Gürmen, Haldun Boysan, Şafak Pekdemir, Yavuz Çetin, Osman Akça, Eser Karabil, Beyza Şekerci, Necip Memili",213,Kemerburgaz,İstanbul,Eyüpsultan,41.0116,29.0697,"41.0116, 29.0697",Yüksek,Açık,"Dizi seti ziyareti, Fotoğrafçılık",,Gecenin Kraliçesi dizisinin ana çekim mekanlarından biri Kemerburgaz ve çevresidir.
94,Aşk Ağlatır,Dizi,Dram,Gökçen Usta (Yönetmen),Faruk Bayhan (Yapımcı),2019.0,MF Yapım,"Deniz Can Aktaş, Hafsanur Sancaktutan, Yağız Can Konyalı, Eda Şölenci",202,Göktürk,İstanbul,Eyüpsultan,41.0998,29.0264,"41.0998, 29.0264",Yüksek,Açık,"Dizi seti ziyareti, Fotoğrafçılık",,Aşk Ağlatır dizisinin ana çekim mekanlarından biri Göktürk ve çevresidir.
900,İnsanlık Suçu,Dizi,Dram,Reyhan PekerOzan Uzunoğlu (Yönetmen),Efe İrvül (Yapımcı),2019.0,Pastel Film,"Kaan Yıldırım, Gizem Karaca, Melike İpek Yalova, Laçin Ceylan, Deniz Uğur, Serkay Tütüncü, Ahmet Mümtaz Taylan",169,Balat,İstanbul,Fatih,41.0617,29.0995,"41.0617, 29.0995",Yüksek,Açık,"Dizi seti ziyareti, Fotoğrafçılık",,Şaşkın Bakkal 216 dizisinin ana çekim mekanlarından biri Balat ve çevresidir.
565,Mucize Doktor,Dizi,Dram,"Yusuf Pirhasan (1-48, 64)Aytaç Çiçek (2-28, 30-53)Volkan Keskin (53)Yağız Alp Akaydın (54-60)Altan Dönmez (61-64) (Yönetmen)",Asena Bülbüloğlu (Yapımcı),2019.0,MF Yapım,"Taner Ölmez, Onur Tuna, Sinem Ünsal",259,Çengelköy,İstanbul,Üsküdar,41.0801,29.0511,"41.0801, 29.0511",Yüksek,Açık,"Dizi seti ziyareti, Fotoğrafçılık",,Nerdesin Birader dizisinin ana çekim mekanlarından biri Çengelköy ve çevresidir.
174,Bir Dilek Tut,Film,Dram,Meta Akkuş,Meta Akkuş,2021.0,The Best Films,"Altan Erkekli, Vildan Atasever",245,Tarabya,İstanbul,Sarıyer,41.06,29.0518,"41.0600, 29.0518",Orta,Açık,"Dizi seti ziyareti, Fotoğrafçılık",,Bir Mucize Olsun dizisinin ana çekim mekanlarından biri Tarabya ve çevresidir.
831,Yüzyıllık Mühür,Dizi,Dram,Mehmet Bahadır Er,Bilinmiyor,2016.0,Galibarda,"Serkan Kuru, Ali Akdal, Yiğit Özşener",223,Moda Sahili,İstanbul,Kadıköy,40.98,29.0228,"40.9800, 29.0228",Orta,Açık,"Dizi seti ziyareti, Fotoğrafçılık",,Çifte Saadet dizisinin ana çekim mekanlarından biri Moda Sahili ve çevresidir.
274,En Son Babalar Duyar,Dizi,Komedi,Sibel KocataşFunda Karagöz (Yönetmen),Birol Güven (Yapımcı),2013.0,| dağıtıcı =,Ayşegül Atik Ali Erkazan Levent Ülgen Hatice Aslan,194,Emirgan Korusu,İstanbul,Sarıyer,41.0417,29.0401,"41.0417, 29.0401",Yüksek,Açık,"Dizi seti ziyareti, Fotoğrafçılık",,Evlat Kokusu dizisinin ana çekim mekanlarından biri Emirgan Korusu ve çevresidir.
429,Kardeş Çocukları,Dizi,Dram,Faruk Teber (Yönetmen),Faruk Turgut (Yapımcı),2019.0,Gold Film,"Mehmet Aslantuğ, Ayça Bingöl, Nur Fettahoğlu, Afra Saraçoğlu, Alara Turan, Furkan Andıç, Berkay Hardal, Murat Daltaban",250,Vefa,İstanbul,Fatih,41.0708,29.032,"41.0708, 29.0320",Yüksek,Açık,"Dizi seti ziyareti, Fotoğrafçılık",,Kaygısızlar dizisinin ana çekim mekanlarından biri Vefa ve çevresidir.
294,Eşref Saati,Dizi,Komedi,Ümit Volkan (Yönetmen),| editör = (Yapımcı),1990.0,| dağıtıcı =,Tuluğ Çizgen Cihat Tamer Suna Yıldızoğlu Suat Sungur Arzu Atalay Hadi Çaman,224,Nişantaşı,İstanbul,Şişli,41.0767,29.0217,"41.0767, 29.0217",Yüksek,Açık,"Dizi seti ziyareti, Fotoğrafçılık",,Fedai dizisinin ana çekim mekanlarından biri Nişantaşı ve çevresidir.
874,Ölüm Fermanı,Film,Dram,Bilinmiyor,Bilinmiyor,1987.0,Bilinmiyor,Bilinmiyor,213,Kemerburgaz,İstanbul,Eyüpsultan,41.0116,29.0697,"41.0116, 29.0697",Yüksek,Açık,"Dizi seti ziyareti, Fotoğrafçılık",,İnsanlık Suçu dizisinin ana çekim mekanlarından biri Kemerburgaz ve çevresidir.
737,The Net 2.0,Film,Dram,Charles Winkler,senarist = Rob Cowan,2005.0,"dağıtıcı = Columbia Pictures Corporation , '''ABD'''","Nikki Deloach, Cengiz Bozkurt, Şebnem Dönmez, Demet Akbağ, Neil Hopkins, Güven Kıraç, Osman Soykut",180,Beykoz Kundura Fabrikası,İstanbul,Beykoz,41.0564,29.0222,"41.0564, 29.0222",Yüksek,Açık,"Dizi seti ziyareti, Fotoğrafçılık",,Umut Yolcuları dizisinin ana çekim mekanlarından biri Beykoz Kundura Fabrikası ve çevresidir.
769,"Uzun Hikâye (film, 2012)",Film,Macera,Osman Sınav,"Suat Kapkı, Osman Sınav",2012.0,"Sinegraf, Şafak Film","Kenan İmirzalıoğlu, Tuğçe Kazaz, Altan Erkekli, Güven Kıraç",191,Cihangir,İstanbul,Beyoğlu,41.0569,29.0471,"41.0569, 29.0471",Yüksek,Açık,"Dizi seti ziyareti, Fotoğrafçılık",,Yalan Dünya dizisinin ana çekim mekanlarından biri Cihangir ve çevresidir.
165,Binbir Gece (dizi),Dizi,Dram,Kudret Sabancı,Erol Avcı,2006.0,TMC,"Halit Ergenç, Bergüzar Korel, Tardu Flordun",174,Bebek Sahili,İstanbul,Beşiktaş,41.0423,29.0281,"41.0423, 29.0281",Orta,Açık,"Dizi seti ziyareti, Fotoğrafçılık",,Bir Aşk Hikayesi dizisinin ana çekim mekanlarından biri Bebek Sahili ve çevresidir.
216,Canım Kardeşim,Film,Dram,Ertem Eğilmez,Nahit Ataman,1973.0,Arzu Film,"Tarık Akan, Halit Akçatepe, Kahraman Kıral",223,Moda Sahili,İstanbul,Kadıköy,40.98,29.0228,"40.9800, 29.0228",Orta,Açık,"Dizi seti ziyareti, Fotoğrafçılık",,Cesaretin Var Mı Aşka dizisinin ana çekim mekanlarından biri Moda Sahili ve çevresidir.
202,,,,,,,,,245,Tarabya,İstanbul,Sarıyer,41.06,29.0518,"41.0600, 29.0518",Orta,Açık,"Dizi seti ziyareti, Fotoğrafçılık",,Bıçak Sırtı dizisinin ana çekim mekanlarından biri Tarabya ve çevresidir.
643,Safir (dizi),Dizi,Dram,Semih Bağcı,Fatih Aksoy,2023.0,NTC Medya,"İlhan Şen, Özge Yağız",194,Emirgan Korusu,İstanbul,Sarıyer,41.0417,29.0401,"41.0417, 29.0401",Yüksek,Açık,"Dizi seti ziyareti, Fotoğrafçılık",,Seni Kimler Aldı dizisinin ana çekim mekanlarından biri Emirgan Korusu ve çevresidir.
88,Azize,Dizi,Dram,Volkan Kocatürk (Yönetmen),Ali Gündoğdu (Yapımcı),2019.0,Süreç Film,"Hande Erçel, Buğra Gülsoy",165,Arnavutköy Sahili,İstanbul,Beşiktaş,41.039,29.0686,"41.0390, 29.0686",Yüksek,Açık,"Dizi seti ziyareti, Fotoğrafçılık",,Azize dizisinin ana çekim mekanlarından biri Arnavutköy Sahili ve çevresidir.
290,,,,,,,,,224,Nişantaşı,İstanbul,Şişli,41.0767,29.0217,"41.0767, 29.0217",Yüksek,Açık,"Dizi seti ziyareti, Fotoğrafçılık",,Fatih Harbiye dizisinin ana çekim mekanlarından biri Nişantaşı ve çevresidir.
397,Hıçkırık,Dizi,Romantik,Fırat GürsoyÖzdemir Göksel Aydın (Yönetmen),Sevgi BirselSinan Akad (Yapımcı),2018.0,Birsel Yapım,"Sezgi Sena Akay, Barış Arda Hacıoğlu",213,Kemerburgaz,İstanbul,Eyüpsultan,41.0116,29.0697,"41.0116, 29.0697",Yüksek,Açık,"Dizi seti ziyareti, Fotoğrafçılık",,Kalbimdeki Deniz dizisinin ana çekim mekanlarından biri Kemerburgaz ve çevresidir.
55,Ankara'nın Dikmen'i,Dizi,Komedi,Osman TaşcıSüleyman Seçik (Yönetmen),Gani Müjde (Yapımcı),2014.0,Tükenmezkalem Film,"Bülent Emrah Parlak, Burak Kut, Gözde Kansu, Nurseli İdiz",259,Çengelköy,İstanbul,Üsküdar,41.0801,29.0511,"41.0801, 29.0511",Yüksek,Açık,"Dizi seti ziyareti, Fotoğrafçılık",,Ankara'nın Dikmen'i dizisinin ana çekim mekanlarından biri Çengelköy ve çevresidir.
525,La Route d'Istanbul,Film,Dram,Rachid Bouchareb,yazar =,2016.0,stüdyo =,Astrid Whettnall,254,Yeniköy,İstanbul,Sarıyer,41.0301,29.0705,"41.0301, 29.0705",Yüksek,Açık,"Dizi seti ziyareti, Fotoğrafçılık",,Makber dizisinin ana çekim mekanlarından biri Yeniköy ve çevresidir.
122,Bahtiyar Ölmez,Dizi,Aksiyon,Cem TabakUfuk Hakan ErenKartal Çidamlı (Yönetmen),Muharrem Gürer (Yapımcı),2017.0,Nehir Yapım (1-8)Baba Yapım (9-19),Yetkin Dikinciler Hande Subaşı,267,İstiklal Caddesi,İstanbul,Beyoğlu,41.0147,29.0447,"41.0147, 29.0447",Orta,Açık,"Dizi seti ziyareti, Fotoğrafçılık",,Bahtiyar Ölmez dizisinin ana çekim mekanlarından biri İstiklal Caddesi ve çevresidir.
317,Gecenin Kanatları,Film,Dram,Serdar Akar,Murat Tokat,2009.0,Boyut Film,"Beren Saat, Murat Ünalmış, Erkan Petekkaya, Yavuz Bingöl",225,Ortaköy,İstanbul,Beşiktaş,41.012,29.0922,"41.0120, 29.0922",Orta,Açık,"Dizi seti ziyareti, Fotoğrafçılık",,Gönül Ferman Dinlemiyor dizisinin ana çekim mekanlarından biri Ortaköy ve çevresidir.
683,Sipahi,Dizi,Aksiyon,Hakan İnan(1-6)Doğan Ümit Karaca(7-8) (Yönetmen),Mehmet CanpolatSadi Canpolat (Yapımcı),2022.0,CNP Film,"Kaan Yıldırım, Özge Gürel, Kerem Alışık",180,Beykoz Kundura Fabrikası,İstanbul,Beykoz,41.0564,29.0222,"41.0564, 29.0222",Yüksek,Açık,"Dizi seti ziyareti, Fotoğrafçılık",,Süper Baba dizisinin ana çekim mekanlarından biri Beykoz Kundura Fabrikası ve çevresidir.
870,"Öksüzler (film, 1973)",Film,Dram,Ertem Göreç,Berker İnanoğlu,1973.0,dağıtıcı =,seslendiren =,180,Beykoz Kundura Fabrikası,İstanbul,Beykoz,41.0564,29.0222,"41.0564, 29.0222",Yüksek,Açık,"Dizi seti ziyareti, Fotoğrafçılık",,İnadına Aşk dizisinin ana çekim mekanlarından biri Beykoz Kundura Fabrikası ve çevresidir.
170,Bir Cumhuriyet Şarkısı,Film,Dram,Yağız Alp Akaydın,Bilinmiyor,2024.0,BKM,"Salih Bademci, Ertan Saban, Birce Akalay",218,Kuzguncuk,İstanbul,Üsküdar,41.0912,29.0356,"41.0912, 29.0356",Orta,Açık,"Dizi seti ziyareti, Fotoğrafçılık",,Bir Deli Sevda dizisinin ana çekim mekanlarından biri Kuzguncuk ve çevresidir.
277,Erkenci Kuş,Dizi,Komedi,Çağrı BayrakAytaç Çiçek (Yönetmen),Faruk Turgut (Yapımcı),2018.0,Gold Film,"Can Yaman, Demet Özdemir",169,Balat,İstanbul,Fatih,41.0617,29.0995,"41.0617, 29.0995",Yüksek,Açık,"Dizi seti ziyareti, Fotoğrafçılık",,Eyvah Halam dizisinin ana çekim mekanlarından biri Balat ve çevresidir.
506,Kılıbık,Film,Komedi,Uğur İnan,Memduh Ün,1983.0,türü = Komedi,"Kemal Sunal, Nevra Serezli, Sümer Tilmaç, Ali Şen, Günay Girik, Billur Emre, Reha Yurdakul",213,Kemerburgaz,İstanbul,Eyüpsultan,41.0116,29.0697,"41.0116, 29.0697",Yüksek,Açık,"Dizi seti ziyareti, Fotoğrafçılık",,Kızlarım İçin dizisinin ana çekim mekanlarından biri Kemerburgaz ve çevresidir.
387,Her Şey Yolunda,Dizi,Gerilim/Suç,Ömer Uğur (Yönetmen),Hayri Aslan (Yapımcı),2013.0,Limon Film,"İpek Tuzcuoğlu, Bülent Alkış, Aslıhan Güner, Burçin Abdullah, Bora Akkaş, Gökhan Alkan, Aykut Taşkın, Berk Atan, Arzu Oruç, Barış Çelikkol, Emre Büyükpınar, Ferzan Hekimoğlu, Melisa Toros, Cezmi Baskın, Murat Akkoyunlu, Tuğçe Kurşunluoğlu",202,Göktürk,İstanbul,Eyüpsultan,41.0998,29.0264,"41.0998, 29.0264",Yüksek,Açık,"Dizi seti ziyareti, Fotoğrafçılık",,Hıçkırık dizisinin ana çekim mekanlarından biri Göktürk ve çevresidir.
83,Aynadaki Düşman,Dizi,Aksiyon,Hakan Kurşun (Yönetmen),İsmail Özer (Yapımcı),2009.0,| dağıtıcı =,"Şafak Sezer, Haluk Piyes, Barış Kılıç, Mine Tugay, Mahir Günşiray, Fadik Sevin Atasoy",246,Tarlabaşı,İstanbul,Beyoğlu,41.0326,29.0609,"41.0326, 29.0609",Yüksek,Açık,"Dizi seti ziyareti, Fotoğrafçılık",,Aynadaki Düşman dizisinin ana çekim mekanlarından biri Tarlabaşı ve çevresidir.
465,Kollama,Dizi,Gerilim/Suç,Cemile Kırmızı Karadaş Ercan Durmuş Gül Güzelkaya Ömer Gökhan Erkut Cem Akyoldaş Taner Tunç Barış Yöş (Yönetmen),Melih Sezgin Mustafa Kartal (Yapımcı),2017.0,Ser Film,"Mehmet Özgür, Orhan Bıyıklı Eşref Kolçak Serhan Süsler Ertan Kılıç, Osman Kot Okay Şenol Enis Yıldız Cevher Hikmet Güzey Hüseyin Köroğlu Reha Taşman Ali Başar Gökçer Genç",199,Galata Kulesi,İstanbul,Beyoğlu,41.0428,29.038,"41.0428, 29.0380",Orta,Açık,"Dizi seti ziyareti, Fotoğrafçılık",,Kurt Seyit ve Şura dizisinin ana çekim mekanlarından biri Galata Kulesi ve çevresidir.
644,Sahipsizler (dizi),Dizi,Dram,Cem Karcı,Onur Güvenatam,2024.0,OGM Pictures,"Hazal Subaşı, Kaan Mirac Sezen",245,Tarabya,İstanbul,Sarıyer,41.06,29.0518,"41.0600, 29.0518",Orta,Açık,"Dizi seti ziyareti, Fotoğrafçılık",,Seni Çok Bekledim dizisinin ana çekim mekanlarından biri Tarabya ve çevresidir.
838,Zengin Kız Fakir Oğlan,Dizi,Dram,Bilinmiyor,Bilinmiyor,2006.0,Bilinmiyor,Bilinmiyor,180,Beykoz Kundura Fabrikası,İstanbul,Beykoz,41.0564,29.0222,"41.0564, 29.0222",Yüksek,Açık,"Dizi seti ziyareti, Fotoğrafçılık",,Çocuk dizisinin ana çekim mekanlarından biri Beykoz Kundura Fabrikası ve çevresidir.
348,Güneşin Kızları,Dizi,Komedi,Sadullah Celen (Yönetmen),İnci Gündoğduİsmail Gündoğdu (Yapımcı),2015.0,Süreç Film,"Emre Kınay, Evrim Alasya, Tolga Sarıtaş, Burcu Özberk, Hande Erçel, Berk Atan",194,Emirgan Korusu,İstanbul,Sarıyer,41.0417,29.0401,"41.0417, 29.0401",Yüksek,Açık,"Dizi seti ziyareti, Fotoğrafçılık",,Hacı dizisinin ana çekim mekanlarından biri Emirgan Korusu ve çevresidir.
784,Ya İstiklal Ya Ölüm,Dizi,Dram,Yasin Uslu (Yönetmen),| editör = (Yapımcı),2020.0,Kirli Kedi,"İlker Kızmaz, Birkan Sokullu, Dolunay Soysert, Osman Sonant, Mehmet Özgür, Rıza Kocaoğlu, Hilmi Cem İntepe, Melis Sezen",165,Arnavutköy Sahili,İstanbul,Beşiktaş,41.039,29.0686,"41.0390, 29.0686",Yüksek,Açık,"Dizi seti ziyareti, Fotoğrafçılık",,Yaz'ın Öyküsü dizisinin ana çekim mekanlarından biri Arnavutköy Sahili ve çevresidir.
275,Entelköy Efeköy'e Karşı,Film,Dram,Bilinmiyor,Bilinmiyor,2010.0,Bilinmiyor,Bilinmiyor,224,Nişantaşı,İstanbul,Şişli,41.0767,29.0217,"41.0767, 29.0217",Yüksek,Açık,"Dizi seti ziyareti, Fotoğrafçılık",,Evlerden Biri dizisinin ana çekim mekanlarından biri Nişantaşı ve çevresidir.
23,Adanalı,Dizi,Gerilim/Suç,Tarık Çidamlı Tayfun Güneyer Bora Onur Adnan Güler (Yönetmen),Ali Gündoğdu İnci Kırhan Gündoğdu Mehmet Yiğit Alp (Yapımcı),2007.0,Kuzey Prodüksiyon,"Oktay Kaynarca, Mehmet Akif Alakurt, Ekin Türkmen, Cemal Hünal, Selin Demiratar, Serenay Sarıkaya, Çağkan Çulha, Eda Özerkan, Umut Oğuz",212,Karaköy,İstanbul,Beyoğlu,41.0425,29.0482,"41.0425, 29.0482",Yüksek,Açık,"Dizi seti ziyareti, Fotoğrafçılık",,Adanalı dizisinin ana çekim mekanlarından biri Karaköy ve çevresidir.
482,Kurşun Bilal,Dizi,Gerilim/Suç,Hasan Karacadağ (Yönetmen),Hasan Karacadağ (Yapımcı),2011.0,J Plan,"Gökhan Mumcu, Arda Kural, Leyla Göksun, Sefa Zengin, Levent Sülün, Barkın Bayoğlu, Cem Kurtoğlu, Koray Kadirağa, Umut Demirdelen, Sevinç Erol, Kahraman Sivri, Bertan Ceylan, Müge Uyar, Uğur Taşdemir, Önder Keskin, Fatma Kabasakal, Nevzat Yılmaz, Hakan Gökhan Erdil, Hande Kaptan, Burak Orhan Yüzüak",202,Göktürk,İstanbul,Eyüpsultan,41.0998,29.0264,"41.0998, 29.0264",Yüksek,Açık,"Dizi seti ziyareti, Fotoğrafçılık",,Kötü Yol dizisinin ana çekim mekanlarından biri Göktürk ve çevresidir.
633,Rengarenk (dizi),Dizi,Komedi,Kerem Çakıroğlu,Mehmet Yiğit Alp,2016.0,NTC Medya,"Selin Şekerci, Kaan Taşaner",215,Kilyos Sahili,İstanbul,Sarıyer,41.0227,29.0295,"41.0227, 29.0295",Yüksek,Açık,"Dizi seti ziyareti, Fotoğrafçılık",,Sağır Oda dizisinin ana çekim mekanlarından biri Kilyos Sahili ve çevresidir.
659,Sen Çal Kapımı,Dizi,Komedi,Altan Dönmez,Asena Bülbüloğlu,2020.0,MF Yapım,"Hande Erçel, Kerem Bürsin",250,Vefa,İstanbul,Fatih,41.0708,29.032,"41.0708, 29.0320",Yüksek,Açık,"Dizi seti ziyareti, Fotoğrafçılık",,Seviyor Sevmiyor dizisinin ana çekim mekanlarından biri Vefa ve çevresidir.
245,Dila Hanım (film),Film,Dram,Orhan Aksoy,İrfan Ünal,1977.0,Akün Film,"Türkan Şoray, Kadir İnanır",180,Beykoz Kundura Fabrikası,İstanbul,Beykoz,41.0564,29.0222,"41.0564, 29.0222",Yüksek,Açık,"Dizi seti ziyareti, Fotoğrafçılık",,Dostlar Mahallesi dizisinin ana çekim mekanlarından biri Beykoz Kundura Fabrikası ve çevresidir.
93,Aşağı Yukarı Yemişlililer,Dizi,Komedi,Şahin Altuğ (Yönetmen),Şahin Altuğ (Yapımcı),2011.0,BKM Mutfak,Şahin Irmak - Sülo Bülent Emrah Parlak - Mikail Murat Eken - Serhat Büşra Pekin - Menekşe Gülhan Tekin - Emine Burcu Gönder - Handan,218,Kuzguncuk,İstanbul,Üsküdar,41.0912,29.0356,"41.0912, 29.0356",Orta,Açık,"Dizi seti ziyareti, Fotoğrafçılık",,Aşağı Yukarı Yemişlililer dizisinin ana çekim mekanlarından biri Kuzguncuk ve çevresidir.
762,Uyanık Gazeteci,Film,Komedi,Kartal Tibet,Yahya Kılıç,1988.0,Cem Film,"Kemal Sunal, Kutay Köktürk, Nesrin Akkoç",212,Karaköy,İstanbul,Beyoğlu,41.0425,29.0482,"41.0425, 29.0482",Yüksek,Açık,"Dizi seti ziyareti, Fotoğrafçılık",,Vuslat dizisinin ana çekim mekanlarından biri Karaköy ve çevresidir.
240,Deli Yürek,Dizi,Aksiyon,Osman Sınav (Yönetmen),Mustafa Şevki Doğan (Yapımcı),1998.0,Sinegraf,"Kenan İmirzalıoğlu, Zeynep Tokuş, Ebru Cündübeyoğlu, Demir Karahan, Kürşat Alnıaçık, Ali Sürmeli, Selçuk Yöntem, Emin Gürsoy Melda Bekcan",165,Arnavutköy Sahili,İstanbul,Beşiktaş,41.039,29.0686,"41.0390, 29.0686",Yüksek,Açık,"Dizi seti ziyareti, Fotoğrafçılık",,Doktorlar dizisinin ana çekim mekanlarından biri Arnavutköy Sahili ve çevresidir.
206,Büyük Yemin,Film,Macera,Memduh Ün,Memduh Ün,1969.0,Acar Film,"Cüneyt Arkın, Fatma Girik",224,Nişantaşı,İstanbul,Şişli,41.0767,29.0217,"41.0767, 29.0217",Yüksek,Açık,"Dizi seti ziyareti, Fotoğrafçılık",,Canan dizisinin ana çekim mekanlarından biri Nişantaşı ve çevresidir.
311,Fırtına (dizi),Dizi,Komedi,Metin Balekoğlu,Necati Akpınar,2006.0,BKM,"Burçin Terzioğlu, Murat Yıldırım",223,Moda Sahili,İstanbul,Kadıköy,40.98,29.0228,"40.9800, 29.0228",Orta,Açık,"Dizi seti ziyareti, Fotoğrafçılık",,Gençliğim Eyvah dizisinin ana çekim mekanlarından biri Moda Sahili ve çevresidir.
905,İstanbul Sokakları,Dizi,Romantik,Adnan Güler (Yönetmen),Faruk Turgut (Yapımcı),2016.0,Gold Film,"Caner Cindoruk, Gizem Karaca, Rıza Kocaoğlu, Naz Elmas, Derya Alabora, Mine Şenhuy Teber, Sitare Akbaş, Güven Murat Akpınar, Berkay Ateş",225,Ortaköy,İstanbul,Beşiktaş,41.012,29.0922,"41.0120, 29.0922",Orta,Açık,"Dizi seti ziyareti, Fotoğrafçılık",,Şen Yuva dizisinin ana çekim mekanlarından biri Ortaköy ve çevresidir.
197,Bodrum Masalı,Dizi,Romantik,Mehmet Ada Öztekin,Erol Avcı,2016.0,TMC Film,"Timuçin Esen, Şevval Sam",253,Yedikule Zindanları,İstanbul,Fatih,41.0303,29.0927,"41.0303, 29.0927",Yüksek,Açık,"Dizi seti ziyareti, Fotoğrafçılık",,Bugünün Saraylısı dizisinin ana çekim mekanlarından biri Yedikule Zindanları ve çevresidir.
828,Yüz Yüze,Dizi,Aksiyon,Osman Taşcı (Yönetmen),Timur SavcıBurak Sağyaşar (Yapımcı),2017.0,Tims&B Productions,"Birkan Sokullu, Sinem Kobal, Taner Ölmez",180,Beykoz Kundura Fabrikası,İstanbul,Beykoz,41.0564,29.0222,"41.0564, 29.0222",Yüksek,Açık,"Dizi seti ziyareti, Fotoğrafçılık",,Çarli dizisinin ana çekim mekanlarından biri Beykoz Kundura Fabrikası ve çevresidir.
739,Topal (film),Film,Macera,Orhan Elmas,İrfan Atasoy,1973.0,İrfan Film,"İrfan Atasoy, Meral Orhonsay",245,Tarabya,İstanbul,Sarıyer,41.06,29.0518,"41.0600, 29.0518",Orta,Açık,"Dizi seti ziyareti, Fotoğrafçılık",,Unutulmaz dizisinin ana çekim mekanlarından biri Tarabya ve çevresidir.
370,Hayal ve Gerçek,Dizi,Fantastik,Gürcan Mete Şener (Yönetmen),İnci Gündoğdu (Yapımcı),2007.0,Süreç Film,Yasemin Hadivent Cem Kılıç Zuhal Yalçın,169,Balat,İstanbul,Fatih,41.0617,29.0995,"41.0617, 29.0995",Yüksek,Açık,"Dizi seti ziyareti, Fotoğrafçılık",,Hayat Şarkısı dizisinin ana çekim mekanlarından biri Balat ve çevresidir.
560,Meryem,Dizi,Romantik,Barış Erçetin (Yönetmen),Erol Avcı (Yapımcı),2017.0,TMC Film,Furkan Andıç Ayça Ayşin Turan Cemal Toktaş,259,Çengelköy,İstanbul,Üsküdar,41.0801,29.0511,"41.0801, 29.0511",Yüksek,Açık,"Dizi seti ziyareti, Fotoğrafçılık",,N'olur Ayrılalım dizisinin ana çekim mekanlarından biri Çengelköy ve çevresidir.
655,Selvi Boylum Al Yazmalım,Film,Dram,Atıf Yılmaz,Arif Keskiner,1977.0,Yeşilçam Film,"Türkan Şoray, Kadir İnanır",165,Arnavutköy Sahili,İstanbul,Beşiktaş,41.039,29.0686,"41.0390, 29.0686",Yüksek,Açık,"Dizi seti ziyareti, Fotoğrafçılık",,Seven Ne Yapmaz dizisinin ana çekim mekanlarından biri Arnavutköy Sahili ve çevresidir.
425,Karaoğlan,Dizi,Aksiyon,Abdullah OğuzCem AkyoldaşÇetin İnançErdoğan Engin (Yönetmen),Abdullah Oğuz (Yapımcı),1966.0,ANS Production,"Kaan Urgancıoğlu, Tuba Ünsal Serdar Gökhan, Özlem Tekin, İpek Tanrıyar, Sümer Tilmaç, İştar Gökseven, Hasan Yalnızoğlu, Evrim Solmaz, Fatoş Silan, Ayşen Gürler, Haldun Boysan, Sinemis Candemir, Nihat Nikerel, Ökkeş Avgın, Şevval Sam, Yılmaz Köksal",223,Moda Sahili,İstanbul,Kadıköy,40.98,29.0228,"40.9800, 29.0228",Orta,Açık,"Dizi seti ziyareti, Fotoğrafçılık",,Kavak Yelleri dizisinin ana çekim mekanlarından biri Moda Sahili ve çevresidir.
207,Bıçak Sırtı,Dizi,Dram,Selim Demirdelen (Yönetmen),Erol Avcı (Yapımcı),2007.0,TMC,"Nejat İşler, Melisa Sözen, Fikret Kuşkan, Vildan Atasever, Mehmet Günsür, Mahir Günşiray, Erkan Can, Batuhan Karacakaya",225,Ortaköy,İstanbul,Beşiktaş,41.012,29.0922,"41.0120, 29.0922",Orta,Açık,"Dizi seti ziyareti, Fotoğrafçılık",,Canevim dizisinin ana çekim mekanlarından biri Ortaköy ve çevresidir.
894,İlişki Durumu: Karışık,Dizi,Komedi,Bülent İşbilen (Yönetmen),Faruk Bayhan (Yapımcı),2015.0,MF Yapım,"Seren Şirince, Berk Oktay, Eda Ece, Pamir Pekin, Nurseli İdiz",250,Vefa,İstanbul,Fatih,41.0708,29.032,"41.0708, 29.0320",Yüksek,Açık,"Dizi seti ziyareti, Fotoğrafçılık",,Şahane Damat dizisinin ana çekim mekanlarından biri Vefa ve çevresidir.
628,Recep İvedik 5,Film,Komedi,Togan Gökbakar,Şahan Gökbakar,2016.0,Çamaşırhane Film,"Şahan Gökbakar, Orkan Varan",180,Beykoz Kundura Fabrikası,İstanbul,Beykoz,41.0564,29.0222,"41.0564, 29.0222",Yüksek,Açık,"Dizi seti ziyareti, Fotoğrafçılık",,Salih Kuşu dizisinin ana çekim mekanlarından biri Beykoz Kundura Fabrikası ve çevresidir.
224,Cesur ve Güzel,Dizi,Romantik,Ali Bilgin (Yönetmen),Kerem Çatay Pelin Diştaş Yaşaroğlu (Yapımcı),2016.0,Ay Yapım,Kıvanç Tatlıtuğ Tuba Büyüküstün,174,Bebek Sahili,İstanbul,Beşiktaş,41.0423,29.0281,"41.0423, 29.0281",Orta,Açık,"Dizi seti ziyareti, Fotoğrafçılık",,Dayan Yüreğim dizisinin ana çekim mekanlarından biri Bebek Sahili ve çevresidir.
691,Sokak Şarkıcıları (dizi),Dizi,Dram,Nazmi Özer,Bilinmiyor,2001.0,Yeni Stüdyo,"Ali Poyrazoğlu, Oya Başar",180,Beykoz Kundura Fabrikası,İstanbul,Beykoz,41.0564,29.0222,"41.0564, 29.0222",Yüksek,Açık,"Dizi seti ziyareti, Fotoğrafçılık",,Sıla dizisinin ana çekim mekanlarından biri Beykoz Kundura Fabrikası ve çevresidir.
777,Veliaht,Dizi,Aksiyon,Sinan Öztürk (Yönetmen),Yamaç OkurFaruk TurgutMehmet Eryılmaz (Yapımcı),2025.0,Faro YapımGold Film,"Akın Akınözü, Serra Arıtürk",180,Beykoz Kundura Fabrikası,İstanbul,Beykoz,41.0564,29.0222,"41.0564, 29.0222",Yüksek,Açık,"Dizi seti ziyareti, Fotoğrafçılık",,Yaralı Kuşlar dizisinin ana çekim mekanlarından biri Beykoz Kundura Fabrikası ve çevresidir.
451,Kelebeğin Rüyası,Film,Romantik,Yılmaz Erdoğan,"Necati Akpınar, Can Yılmaz",2013.0,"BKM Film, Böcek Yapım","Kıvanç Tatlıtuğ , Mert Fırat , Yılmaz Erdoğan , Belçim Erdoğan , Farah Zeynep Abdullah",209,Kandilli,İstanbul,Üsküdar,41.0374,29.0166,"41.0374, 29.0166",Orta,Açık,"Dizi seti ziyareti, Fotoğrafçılık",,Koca Koca Yalanlar dizisinin ana çekim mekanlarından biri Kandilli ve çevresidir.
474,"Kuma (film, 1974)",Film,Dram,Atıf Yılmaz,Hürrem Erman,1974.0,Erman Film,"Fatma Girik, Hakan Balamir",176,Belgrad Ormanı,İstanbul,Sarıyer,41.0666,29.0328,"41.0666, 29.0328",Yüksek,Açık,"Dizi seti ziyareti, Fotoğrafçılık",,Kuzey Rüzgârı dizisinin ana çekim mekanlarından biri Belgrad Ormanı ve çevresidir.
543,Masumlar Apartmanı,Dizi,Dram,Çağrı Vila Lostuvalı (1-71)Ender Mıhlar (7-9)Çiğdem Bozali (10-71) (Yönetmen),Onur Güvenatam (Yapımcı),2020.0,OGM Pictures,"Birkan Sokullu, Ezgi Mola, Merve Dizdar, Farah Zeynep Abdullah, Aslıhan Gürbüz",224,Nişantaşı,İstanbul,Şişli,41.0767,29.0217,"41.0767, 29.0217",Yüksek,Açık,"Dizi seti ziyareti, Fotoğrafçılık",,Merhaba Hayat dizisinin ana çekim mekanlarından biri Nişantaşı ve çevresidir.
839,Zengin ve Yoksul,Dizi,Romantik,Deniz Yorulmazer (Yönetmen),Mehmet Yiğit Alp (Yapımcı),2019.0,Bilinmiyor,"Binnur Kaya, Gökhan Alkan, Osman Sonant, Evrim Solmaz Damla Colbay, Gülcan Arslan",250,Vefa,İstanbul,Fatih,41.0708,29.032,"41.0708, 29.0320",Yüksek,Açık,"Dizi seti ziyareti, Fotoğrafçılık",,Çocuklar Duymasın dizisinin ana çekim mekanlarından biri Vefa ve çevresidir.
352,Güzel Günler Göreceğiz (film),Film,Dram,Hasan Tolga Pulat,"Hasan Tolga Pulat, Emre Kavuk",2012.0,Onaltıdokuz Film,"Uğur Polat, Nesrin Cavadzade, Buğra Gülsoy, Feride Çetin, Barış Atay",180,Beykoz Kundura Fabrikası,İstanbul,Beykoz,41.0564,29.0222,"41.0564, 29.0222",Yüksek,Açık,"Dizi seti ziyareti, Fotoğrafçılık",,Halka dizisinin ana çekim mekanlarından biri Beykoz Kundura Fabrikası ve çevresidir.
843,Çakallarla Dans (film),Film,Komedi,Murat Şeker,"Murat Şeker, Uğur Şeker",2010.0,SugarWorkz,"Şevket Çoruh, İlker Ayrık, Timur Acar, Murat Akkoyunlu, Tuba Ünsal, Kemal Uçar",218,Kuzguncuk,İstanbul,Üsküdar,41.0912,29.0356,"41.0912, 29.0356",Orta,Açık,"Dizi seti ziyareti, Fotoğrafçılık",,Çılgın Bediş dizisinin ana çekim mekanlarından biri Kuzguncuk ve çevresidir.
256,Dudaktan Kalbe,Dizi,Dram,Andaç Haznedaroğlu (Yönetmen),Kerem Çatay (Yapımcı),2007.0,Ay Yapım,Aslı Tandoğan Burak Hakkı Özge Özder Yiğit Özşener Fadik Sevin Atasoy Köksal Engür,218,Kuzguncuk,İstanbul,Üsküdar,41.0912,29.0356,"41.0912, 29.0356",Orta,Açık,"Dizi seti ziyareti, Fotoğrafçılık",,Ekmek Teknesi dizisinin ana çekim mekanlarından biri Kuzguncuk ve çevresidir.
421,Kara Yazı,Dizi,Dram,Neslihan Yeşilyurt (Yönetmen),Sema ErgenekonEylem Canpolat (Yapımcı),2017.0,Bilinmiyor,"Haluk Bilginer, Emre Kınay, Ushan Çakır, Gülper Özdemir Zeynep Çamcı, Burak Çelik, Ahmet Tansu Taşanlar, Zehra Yılmaz",245,Tarabya,İstanbul,Sarıyer,41.06,29.0518,"41.0600, 29.0518",Orta,Açık,"Dizi seti ziyareti, Fotoğrafçılık",,Kardeşlerim dizisinin ana çekim mekanlarından biri Tarabya ve çevresidir.
734,Teşkilat,Dizi,Aksiyon,Yağız Alp Akaydın (1-4)Hakan Kırvavaç (5-14)Burak Arlıel (15-) (Yönetmen),Timur SavcıBurak Sağyaşar (Yapımcı),2021.0,TİMSBİ Productions,"Tolga Sarıtaş, Rabia Soytürk, Yunus Emre Yıldırımer, Buçe Buse Kahraman, Erkan Bektaş, Serdar Yeğin, Murat Han, Erkan Petekkaya, Murat Yıldırım, Deniz Baysal, Çağlar Ertuğrul, Aybüke Pusat, Mesut Akusta, Gürkan Uygun, Turgut Tunçalp, Tuncer Salman, Ezgi Şenler, Nihat Altınkaya, Ezgi Eyüboğlu, Levent Can, Mehmet Usta, Ahmet Uğur Say, Ceyhun Mengiroğlu, Cengiz Bozkurt, Sarp Levendoğlu, Murat Aygen, Adnan Biricik, Tuvana Türkay",180,Beykoz Kundura Fabrikası,İstanbul,Beykoz,41.0564,29.0222,"41.0564, 29.0222",Yüksek,Açık,"Dizi seti ziyareti, Fotoğrafçılık",,Umuda Kelepçe Vurulmaz dizisinin ana çekim mekanlarından biri Beykoz Kundura Fabrikası ve çevresidir.
911,İyilik,Dizi,Romantik,Murat Öztürk (Yönetmen),Merve GirginDirenç Aksoy (Yapımcı),2022.0,Medyapım,"Hatice Şendil, İsmail Demirci, Sera Kutlubey",223,Moda Sahili,İstanbul,Kadıköy,40.98,29.0228,"40.9800, 29.0228",Orta,Açık,"Dizi seti ziyareti, Fotoğrafçılık",,Şimdi Onlar Düşünsün dizisinin ana çekim mekanlarından biri Moda Sahili ve çevresidir.
827,Yüz Lira ile Evlenilmez,Film,Komedi,Osman Fahir Seden,İrfan Ünal,1975.0,Akün Film,"{{Yalın liste, , * Ediz Hun, * Gülşen Bubikoğlu, * Ahu Tuğbay, * Bülent Kayabaş , * Hulusi Kentmen, * Adile Naşit, * Suzan Avcı, * Mete İnselel}}",225,Ortaköy,İstanbul,Beşiktaş,41.012,29.0922,"41.0120, 29.0922",Orta,Açık,"Dizi seti ziyareti, Fotoğrafçılık",,Çapkın dizisinin ana çekim mekanlarından biri Ortaköy ve çevresidir.
783,Vuslat,Dizi,Aksiyon,Murat Onbul (1-2)Barış Yöş (3-44) (Yönetmen),Uğur VeliRaif İnan (Yapımcı),2019.0,A23 Medya,"Kadir Doğulu, Devrim Özkan, Mehmet Özgür, Ümit Kantarcılar",250,Vefa,İstanbul,Fatih,41.0708,29.032,"41.0708, 29.0320",Yüksek,Açık,"Dizi seti ziyareti, Fotoğrafçılık",,Yaz Şarkısı dizisinin ana çekim mekanlarından biri Vefa ve çevresidir.
707,Sürü (film),Film,Dram,Zeki Ökten,Yılmaz Güney,1978.0,Güney Film,"Tarık Akan, Melike Demirağ, Tuncel Kurtiz",213,Kemerburgaz,İstanbul,Eyüpsultan,41.0116,29.0697,"41.0116, 29.0697",Yüksek,Açık,"Dizi seti ziyareti, Fotoğrafçılık",,Tehlikeli Karım dizisinin ana çekim mekanlarından biri Kemerburgaz ve çevresidir.
360,Hadi be Oğlum,Film,Dram,Bora Egemen,Koray Şahin,2018.0,25 Film,"Kıvanç Tatlıtuğ, Alihan Türkdemir",218,Kuzguncuk,İstanbul,Üsküdar,41.0912,29.0356,"41.0912, 29.0356",Orta,Açık,"Dizi seti ziyareti, Fotoğrafçılık",,Hayal ve Gerçek dizisinin ana çekim mekanlarından biri Kuzguncuk ve çevresidir.
756,Umut Sokağı,Film,Dram,Şerif Gören,Abdurrahman Keskiner,1986.0,dağıtıcı =,"Kadir İnanır , Bülent Bilgiç",215,Kilyos Sahili,İstanbul,Sarıyer,41.0227,29.0295,"41.0227, 29.0295",Yüksek,Açık,"Dizi seti ziyareti, Fotoğrafçılık",,Veliaht dizisinin ana çekim mekanlarından biri Kilyos Sahili ve çevresidir.
887,İbreti Ailem,Dizi,Komedi,Ömer Uğur (Yönetmen),Mehmet Yiğit Alp (Yapımcı),2012.0,NTC Medya,Müjdat Gezen Şebnem Sönmez Zafer Algöz,180,Beykoz Kundura Fabrikası,İstanbul,Beykoz,41.0564,29.0222,"41.0564, 29.0222",Yüksek,Açık,"Dizi seti ziyareti, Fotoğrafçılık",,İçimdeki Fırtına dizisinin ana çekim mekanlarından biri Beykoz Kundura Fabrikası ve çevresidir.
323,Gerçek Kesit,Dizi,Gerilim/Suç,Erbay Gül,Cahit Kaşıkçılar,1993.0,Flash TV,"Cahit Kaşıkçılar, Cevat Dinçer, Mehmet Vanlıoğlu",180,Beykoz Kundura Fabrikası,İstanbul,Beykoz,41.0564,29.0222,"41.0564, 29.0222",Yüksek,Açık,"Dizi seti ziyareti, Fotoğrafçılık",,Gülbeyaz dizisinin ana çekim mekanlarından biri Beykoz Kundura Fabrikası ve çevresidir.
169,Bir Bulut Olsam,Dizi,Dram,Ulaş İnaç,Timur Savcı,2009.0,Tims&B,"Melisa Sözen, Engin Altan Düzyatan",194,Emirgan Korusu,İstanbul,Sarıyer,41.0417,29.0401,"41.0417, 29.0401",Yüksek,Açık,"Dizi seti ziyareti, Fotoğrafçılık",,Bir Deli Rüzgar dizisinin ana çekim mekanlarından biri Emirgan Korusu ve çevresidir.
125,Bana Baba Dedi,Dizi,Komedi,Bedran Güzel (Yönetmen),Acun Ilıcalı (Yapımcı),2015.0,Acun Medya,"Oğuzhan Koç, Eser Yenenler, İbrahim Büyükak, Yağmur Tanrısevsin, Ersin Korkut, Cezmi Baskın, Ayşe Tunaboylu",250,Vefa,İstanbul,Fatih,41.0708,29.032,"41.0708, 29.0320",Yüksek,Açık,"Dizi seti ziyareti, Fotoğrafçılık",,Bana Baba Dedi dizisinin ana çekim mekanlarından biri Vefa ve çevresidir.
902,İsimsizler,Dizi,Gerilim/Suç,Osman Kaya (1-2)Emre Konuk (3-13)Volkan Kocatürk(14-27) (Yönetmen),Yusuf EsenkalAhmet KayımtuSerdar Öğretici (Yapımcı),2013.0,Es FilmBarakuda Film,{{Yalın liste|,180,Beykoz Kundura Fabrikası,İstanbul,Beykoz,41.0564,29.0222,"41.0564, 29.0222",Yüksek,Açık,"Dizi seti ziyareti, Fotoğrafçılık",,Şehnaz Tango dizisinin ana çekim mekanlarından biri Beykoz Kundura Fabrikası ve çevresidir.
667,Serçe Sarayı,Dizi,Romantik,Mesude Erarslan Tekin (1-5)Ömür Atay (6-13) (Yönetmen),Kemal KurçerGökhan TatarerSoysal DemirHakan Eren (Yapımcı),2012.0,Endemol Shine TurkeyBazıfilmler,"Songül Öden, Mert Fırat, Alican Yücesoy, Esra Dermancıoğlu, Selen Öztürk, Serkan Ercan, Erkan Bektaş, Turgay Kantürk",213,Kemerburgaz,İstanbul,Eyüpsultan,41.0116,29.0697,"41.0116, 29.0697",Yüksek,Açık,"Dizi seti ziyareti, Fotoğrafçılık",,Siyah Beyaz Aşk dizisinin ana çekim mekanlarından biri Kemerburgaz ve çevresidir.
419,Kara Para Aşk,Dizi,Gerilim/Suç,Ahmet Katıksız,Kerem Çatay,2014.0,Ay Yapım,"Engin Akyürek, Tuba Büyüküstün",202,Göktürk,İstanbul,Eyüpsultan,41.0998,29.0264,"41.0998, 29.0264",Yüksek,Açık,"Dizi seti ziyareti, Fotoğrafçılık",,Kardeş Çocukları dizisinin ana çekim mekanlarından biri Göktürk ve çevresidir.
371,Hayalet Dayı,Film,Komedi,Ali Yorgancıoğlu,"DCC Film, Ali Yorgancıoğlu, Ömer Abra",2014.0,dağıtıcı = Chantier Films,"Settar Tanrıöğen, Ozan Özcan, Caner Özyurtlu, Ülkü Duru, Esra Dermancıoğlu, Tuğçe Karabacak",246,Tarlabaşı,İstanbul,Beyoğlu,41.0326,29.0609,"41.0326, 29.0609",Yüksek,Açık,"Dizi seti ziyareti, Fotoğrafçılık",,Hayati ve Diğerleri dizisinin ana çekim mekanlarından biri Tarlabaşı ve çevresidir.
58,Annem,Dizi,Dram,Faruk Teber (Yönetmen),Faruk Turgut (Yapımcı),2007.0,Gold Film,"Talat Bulut, Vahide Perçin, Duygu Yetiş, İlhan Şeşen, Emel Göksu",174,Bebek Sahili,İstanbul,Beşiktaş,41.0423,29.0281,"41.0423, 29.0281",Orta,Açık,"Dizi seti ziyareti, Fotoğrafçılık",,Annem dizisinin ana çekim mekanlarından biri Bebek Sahili ve çevresidir.
490,Kördüğüm (dizi),Dizi,Romantik,Gökçen Usta,Hakan Eren,2016.0,Endemol Shine,"İbrahim Çelikkol, Belçim Bilgin",245,Tarabya,İstanbul,Sarıyer,41.06,29.0518,"41.0600, 29.0518",Orta,Açık,"Dizi seti ziyareti, Fotoğrafçılık",,Küçük Besleme dizisinin ana çekim mekanlarından biri Tarabya ve çevresidir.
334,Gülcemal (dizi),Dizi,Dram,Yusuf Pirhasan,Asena Bülbüloğlu,2023.0,MF Yapım,"Murat Ünalmış, Melis Sezen",180,Beykoz Kundura Fabrikası,İstanbul,Beykoz,41.0564,29.0222,"41.0564, 29.0222",Yüksek,Açık,"Dizi seti ziyareti, Fotoğrafçılık",,Güneydoğudan Öyküler Önce Vatan dizisinin ana çekim mekanlarından biri Beykoz Kundura Fabrikası ve çevresidir.
539,Maria ile Mustafa,Dizi,Romantik,Faruk Teber,Mehmet Yiğit Alp,2020.0,NTC Medya,"Jessica May, Hilmi Cem İntepe",194,Emirgan Korusu,İstanbul,Sarıyer,41.0417,29.0401,"41.0417, 29.0401",Yüksek,Açık,"Dizi seti ziyareti, Fotoğrafçılık",,Melekler Korusun dizisinin ana çekim mekanlarından biri Emirgan Korusu ve çevresidir.
449,Kaçın Kurası,Dizi,Komedi,İnci BalbanoğluElmas Balbanoğlu (Yönetmen),Yeşim AlpNazlı Heptürk (Yapımcı),2016.0,NTC Medya,"Selin Şekerci, Serhat Teoman, İbrahim Kendirci, Açelya Devrim Yılhan, Burak Tamdoğan, Burcu Altın, Köksal Engür",225,Ortaköy,İstanbul,Beşiktaş,41.012,29.0922,"41.0120, 29.0922",Orta,Açık,"Dizi seti ziyareti, Fotoğrafçılık",,Kiralık Aşk dizisinin ana çekim mekanlarından biri Ortaköy ve çevresidir.
398,"Hıçkırık (film, 1953)",Film,Dram,Atıf Yılmaz,"Hürrem Erman, Temel Karamahmut",1953.0,Erman Film,"müzik = Sadi Işılay, Faruk Yener",218,Kuzguncuk,İstanbul,Üsküdar,41.0912,29.0356,"41.0912, 29.0356",Orta,Açık,"Dizi seti ziyareti, Fotoğrafçılık",,Kalk Gidelim dizisinin ana çekim mekanlarından biri Kuzguncuk ve çevresidir.
867,Çılgın Dersane Kampta,Film,Dram,Faruk Aksoy,"Faruk Aksoy, Ayşe Germen",2008.0,dağıtıcı = Özen Film,"Paşhan Yılmazel, Alp Kırşan, Berksan, Simge Tertemiz, Okan Karacan, Sevil Uyar, Ceyda Ateş , Ulaş Özer, Ozan Aydemir, Mustafa Topaloğlu, Sibel Tüzün",169,Balat,İstanbul,Fatih,41.0617,29.0995,"41.0617, 29.0995",Yüksek,Açık,"Dizi seti ziyareti, Fotoğrafçılık",,İkizler Memo-Can dizisinin ana çekim mekanlarından biri Balat ve çevresidir.
5,46 Yok Olan,Dizi,Gerilim/Suç,Serdar Akar (Yönetmen),Kürşat Kayaoğlu (Yapımcı),2016.0,Nunova Film,Erdal Beşikçioğlu Melis Birkan Yasemin Allen,176,Belgrad Ormanı,İstanbul,Sarıyer,41.0666,29.0328,"41.0666, 29.0328",Yüksek,Açık,"Dizi seti ziyareti, Fotoğrafçılık",,46 Yok Olan dizisinin ana çekim mekanlarından biri Belgrad Ormanı ve çevresidir.
642,"Sadi, tarih = 13 Nisan 2014, yayıncı = sadibey.com, arşivurl = https:, , web.archive.org, web, 20151117173755, http:, , www.sadibey.com, 2014, 04, 13, ben-o-degilim, , arşivtarihi = 17 Kasım 2015, ölüurl =evet}}",Film,Dram,Tayfun Pirselimoğlu,"Veysel İpek, Nikos Moustakas , Guillaume de Seille , Konstantina Stavrianou , İnci Demirkol , İrfan Demirkol",2013.0,dağıtıcı =,"Ercan Kesal , Maryam Zaree",209,Kandilli,İstanbul,Üsküdar,41.0374,29.0166,"41.0374, 29.0166",Orta,Açık,"Dizi seti ziyareti, Fotoğrafçılık",,Senden Daha Güzel dizisinin ana çekim mekanlarından biri Kandilli ve çevresidir.
268,Elif,Dizi,Dram,Fulya YavuzoğluCanan Yılmaz (Yönetmen),Özkan İpek (Yapımcı),2014.0,Bilinmiyor,"Selin Sezgin, Volkan Çolpan, Isabella Damla Güvenilir",223,Moda Sahili,İstanbul,Kadıköy,40.98,29.0228,"40.9800, 29.0228",Orta,Açık,"Dizi seti ziyareti, Fotoğrafçılık",,Erkenci Kuş dizisinin ana çekim mekanlarından biri Moda Sahili ve çevresidir.
71,Asla Vazgeçmem,Dizi,Romantik,Nihat Durak Aysun Akyüz Eda Teksöz (Yönetmen),Faruk Turgut (Yapımcı),2015.0,Gold Film,Tolgahan Sayışman Amine Gülşe Şafak Pekdemir Ümit Yesin Ayşegül Günay Hülya Gülşen Irmak Tugay Mercan Taner Rumeli,245,Tarabya,İstanbul,Sarıyer,41.06,29.0518,"41.0600, 29.0518",Orta,Açık,"Dizi seti ziyareti, Fotoğrafçılık",,Asla Vazgeçmem dizisinin ana çekim mekanlarından biri Tarabya ve çevresidir.
126,Bana Sevmeyi Anlat,Dizi,Romantik,Mesude Erarslan (Yönetmen),Kerem ÇatayPelin Diştaş (Yapımcı),2016.0,Ay Yapım,"Kadir Doğulu, Seda Bakan, Mustafa Üstündağ",180,Beykoz Kundura Fabrikası,İstanbul,Beykoz,41.0564,29.0222,"41.0564, 29.0222",Yüksek,Açık,"Dizi seti ziyareti, Fotoğrafçılık",,Bana Sevmeyi Anlat dizisinin ana çekim mekanlarından biri Beykoz Kundura Fabrikası ve çevresidir.
180,Bir Zamanlar Osmanlı,Dizi,Dram,Altan Dönmez (Yönetmen),Burhan Özkan (Yapımcı),2012.0,Herşey Film,"Türkân Şoray, Özcan Deniz Aslı Tandoğan, Cemal Hünal, Fırat Tanış, Hâzım Körmükçü, Tolga Karel",180,Beykoz Kundura Fabrikası,İstanbul,Beykoz,41.0564,29.0222,"41.0564, 29.0222",Yüksek,Açık,"Dizi seti ziyareti, Fotoğrafçılık",,Bir Çocuk Sevdim dizisinin ana çekim mekanlarından biri Beykoz Kundura Fabrikası ve çevresidir.
702,Sümela'nın Şifresi: Temel,Film,Macera,Adem Kılıç,Adem Kılıç,2011.0,Üçgen Yapım,"Alper Kul, Aslıhan Güner",218,Kuzguncuk,İstanbul,Üsküdar,41.0912,29.0356,"41.0912, 29.0356",Orta,Açık,"Dizi seti ziyareti, Fotoğrafçılık",,Tatlı İntikam dizisinin ana çekim mekanlarından biri Kuzguncuk ve çevresidir.
393,Huzur Sokağı,Dizi,Dram,Şenol Sönmez (Yönetmen),| denetleyici_yapımcılar = (Yapımcı),2012.0,Set Film (2012-2013) atv İç Yapımlar (2013-2014),"Selin Demiratar, Ahmet Kutsi Karadoğan, Güven Hokna, Sinem Uslu, Gökhan Mete, Yeşim Salkım",224,Nişantaşı,İstanbul,Şişli,41.0767,29.0217,"41.0767, 29.0217",Yüksek,Açık,"Dizi seti ziyareti, Fotoğrafçılık",,Kader Bağları dizisinin ana çekim mekanlarından biri Nişantaşı ve çevresidir.
67,Arkadaşlar İyidir,Dizi,Dram,Zeynep Günay (Yönetmen),Onur Güvenatam (Yapımcı),2016.0,O3 Medya,"Aslı Melisa Uzun, İdris Nebi Taşkan, Su Kutlu, Akın Akınözü, Hayal Köseoğlu",259,Çengelköy,İstanbul,Üsküdar,41.0801,29.0511,"41.0801, 29.0511",Yüksek,Açık,"Dizi seti ziyareti, Fotoğrafçılık",,Arkadaşlar İyidir dizisinin ana çekim mekanlarından biri Çengelköy ve çevresidir.
813,Yer Gök Aşk,Dizi,Dram,Canan Çelik,Şükrü Avşar,2010.0,Avşar Film,"Birce Akalay, Burak Hakkı",202,Göktürk,İstanbul,Eyüpsultan,41.0998,29.0264,"41.0998, 29.0264",Yüksek,Açık,"Dizi seti ziyareti, Fotoğrafçılık",,Yıldızlar Şahidim dizisinin ana çekim mekanlarından biri Göktürk ve çevresidir.
190,Bizim Büyük Çaresizliğimiz,Film,Komedi,Seyfi Teoman,Yamaç Okur,2011.0,una film,"İlker Aksum, Fatih Al, Güneş Sayın",223,Moda Sahili,İstanbul,Kadıköy,40.98,29.0228,"40.9800, 29.0228",Orta,Açık,"Dizi seti ziyareti, Fotoğrafçılık",,Bizim Okul dizisinin ana çekim mekanlarından biri Moda Sahili ve çevresidir.
728,Tek Yürek,Dizi,Aksiyon,Mehmet Ada Öztekin (1)Nezaket Coşkun (2-22) (Yönetmen),Ahmet Kayımtu (Yapımcı),2019.0,Degas Film,"Tayanç Ayaydın, Vildan Atasever, Hilmi Cem İntepe, Anıl Tetik, Alpay Kemal Atalan, Eslem Akar, Tugay Bahşi, Arda Anarat, Atakan Yılmaz, Kaan Altay Köprülü",225,Ortaköy,İstanbul,Beşiktaş,41.012,29.0922,"41.0120, 29.0922",Orta,Açık,"Dizi seti ziyareti, Fotoğrafçılık",,Türk Malı dizisinin ana çekim mekanlarından biri Ortaköy ve çevresidir.
394,Hürrem Sultan,Dizi,Dram,Fatih Aksoy Fatmanur Sevinç (Yönetmen),Faruk Aksoy Fatih Aksoy (Yapımcı),2003.0,Medyapım,"Gülben Ergen Ali Sürmeli Serdar Deniz Hatice Aslan, Yasemin Kozanoğlu",245,Tarabya,İstanbul,Sarıyer,41.06,29.0518,"41.0600, 29.0518",Orta,Açık,"Dizi seti ziyareti, Fotoğrafçılık",,Kaderimin Yazıldığı Gün dizisinin ana çekim mekanlarından biri Tarabya ve çevresidir.
173,Bir Deniz Hikayesi,Dizi,Dram,Aydın Bulut,Türker İnanoğlu,2015.0,Erler Film,"Emir Berke Zincidi, Begüm Birgören",180,Beykoz Kundura Fabrikası,İstanbul,Beykoz,41.0564,29.0222,"41.0564, 29.0222",Yüksek,Açık,"Dizi seti ziyareti, Fotoğrafçılık",,Bir Litre Gözyaşı dizisinin ana çekim mekanlarından biri Beykoz Kundura Fabrikası ve çevresidir.
857,Çiçek Taksi,Dizi,Komedi,Yaşar SerinerÜmit EfekanMehmet BozkuşErdoğan Tokatlı (Yönetmen),Türker İnanoğlu (Yapımcı),1995.0,Ulusal Radyo TelevizyonErler Film,"Erol Günaydın, Tamer Yiğit, Mahmut Cevher, Eşref Kolçak, Ümit Yesin, Bekir Aksoy, Cengiz Küçükayvaz, Civan Canova, Gül Gölge, Tuna Arman",218,Kuzguncuk,İstanbul,Üsküdar,41.0912,29.0356,"41.0912, 29.0356",Orta,Açık,"Dizi seti ziyareti, Fotoğrafçılık",,Öğretmen Kemal dizisinin ana çekim mekanlarından biri Kuzguncuk ve çevresidir.
509,Kırgın Çiçekler,Dizi,Dram,Serkan Birinci (Yönetmen),Bilinmiyor,2015.0,NTC Medya,"İpek Karapınar, Özgür Çevik, Biran Damla Yılmaz, Gökçe Akyıldız, Hazar Motan, Naz Çağla Irmak, Aleyna Solaker",169,Balat,İstanbul,Fatih,41.0617,29.0995,"41.0617, 29.0995",Yüksek,Açık,"Dizi seti ziyareti, Fotoğrafçılık",,Kızım dizisinin ana çekim mekanlarından biri Balat ve çevresidir.
690,Skyfall,Film,Gerilim/Suç,Sam Mendes,Michael G. Wilson,2012.0,Goldwyn-Mayer,"Daniel Craig, Javier Bardem",259,Çengelköy,İstanbul,Üsküdar,41.0801,29.0511,"41.0801, 29.0511",Yüksek,Açık,"Dizi seti ziyareti, Fotoğrafçılık",,Sıdıka dizisinin ana çekim mekanlarından biri Çengelköy ve çevresidir.
152,Benim Hala Umudum Var,Dizi,Romantik,Nisan Akman (Yönetmen),Faruk Turgut (Yapımcı),2013.0,Gold Film,"Gizem Karaca, Berk Oktay, Şükrü Özyıldız",209,Kandilli,İstanbul,Üsküdar,41.0374,29.0166,"41.0374, 29.0166",Orta,Açık,"Dizi seti ziyareti, Fotoğrafçılık",,Benim Tatlı Yalanım dizisinin ana çekim mekanlarından biri Kandilli ve çevresidir.
866,Çılgın Bediş,Dizi,Komedi,Turgut Yasalar (1-5)Yavuz Figenli (6-53)Çetin İnanç (54-65)Ömer Uğur (66-70) (Yönetmen),Ayhan Aybek (Yapımcı),1996.0,Bilinmiyor,"Yonca Evcimik, Cenk Torun, Çiçek Dilligil, Selahattin Taşdöğen",202,Göktürk,İstanbul,Eyüpsultan,41.0998,29.0264,"41.0998, 29.0264",Yüksek,Açık,"Dizi seti ziyareti, Fotoğrafçılık",,İkisini de Sevdim dizisinin ana çekim mekanlarından biri Göktürk ve çevresidir.
91,Ağır Roman Yeni Dünya,Dizi,Dram,Metin Balekoğlu (Yönetmen),Timur Savcı (Yapımcı),2012.0,STAR Yapım,"Onur Saylak, Nesrin Cavadzade, Macit Koper, Sumru Yavrucuk, Murat Daltaban, Özge Özpirinçci, Tamer Tıraşoğlu, Erkan Bektaş, Begüm Birgören",254,Yeniköy,İstanbul,Sarıyer,41.0301,29.0705,"41.0301, 29.0705",Yüksek,Açık,"Dizi seti ziyareti, Fotoğrafçılık",,Ağır Roman Yeni Dünya dizisinin ana çekim mekanlarından biri Yeniköy ve çevresidir.
143,Ben Olsaydım,Dizi,Komedi,Uğur Erkır (Yönetmen),STR Film (Yapımcı),1991.0,STR Film,"Gazanfer Özcan, Gönül Ülkü Özcan, Hadi Çaman, Saltuk Kaplangı, Doğu Erkan, Cengiz Keskinkılıç, Osman Gidişoğlu, Erdoğan Dikmen, Aliye Tölak",174,Bebek Sahili,İstanbul,Beşiktaş,41.0423,29.0281,"41.0423, 29.0281",Orta,Açık,"Dizi seti ziyareti, Fotoğrafçılık",,Ben Onu Çok Sevdim dizisinin ana çekim mekanlarından biri Bebek Sahili ve çevresidir.
452,Kesişme: İyi ki Varsın Eren,Film,Dram,Özer Feyzioğlu,Mustafa Uslu,2021.0,TRT,"İsmail Hacıoğlu, Rahman Beşel",180,Beykoz Kundura Fabrikası,İstanbul,Beykoz,41.0564,29.0222,"41.0564, 29.0222",Yüksek,Açık,"Dizi seti ziyareti, Fotoğrafçılık",,Kocaman Ailem dizisinin ana çekim mekanlarından biri Beykoz Kundura Fabrikası ve çevresidir.
178,Bir Umut Yeter,Dizi,Dram,Yusuf Pirhasan,Fatih Aksoy,2018.0,MF Yapım,"Tolgahan Sayışman, Esra Bilgiç",180,Beykoz Kundura Fabrikası,İstanbul,Beykoz,41.0564,29.0222,"41.0564, 29.0222",Yüksek,Açık,"Dizi seti ziyareti, Fotoğrafçılık",,Bir Zamanlar Osmanlı dizisinin ana çekim mekanlarından biri Beykoz Kundura Fabrikası ve çevresidir.
80,Avrupa Yakası,Dizi,Komedi,Hakan Algül (1-41) Jale Atabey (42-190) (Yönetmen),Sinan Çetin (Yapımcı),2004.0,Plato Film,Gazanfer Özcan Hümeyra Müşfik Kenter Gönül Ülkü Ata Demirer Gülse Birsel Engin Günaydın Levent Üzümcü Şenay Gürler Bülent Polat Veysel Diker Yıldırım Öcek Yavuz Seçkin Hale Caneroğlu Evrim Akın Vural Çelik Hasibe Eren Tolga Çevik Sarp Apak Peker Açıkalın Binnur Kaya Hakan Yılmaz Ömür Arpacı Rutkay Aziz Suna Keskin ve ''diğerleri'',224,Nişantaşı,İstanbul,Şişli,41.0767,29.0217,"41.0767, 29.0217",Yüksek,Açık,"Dizi seti ziyareti, Fotoğrafçılık",,Avrupa Yakası dizisinin ana çekim mekanlarından biri Nişantaşı ve çevresidir.
651,Sağır Oda,Dizi,Aksiyon,Serdar Akar (1-6)Onur Tan (6-34) (Yönetmen),Timur Savcı Cüneyt Özdemir (Yapımcı),2006.0,Tims&B Productions,Orhan Kılıç Çağla Kubat Engin Cezzar Mahir Günşiray Arsen Gürzap,259,Çengelköy,İstanbul,Üsküdar,41.0801,29.0511,"41.0801, 29.0511",Yüksek,Açık,"Dizi seti ziyareti, Fotoğrafçılık",,Sevda Çiçeği dizisinin ana çekim mekanlarından biri Çengelköy ve çevresidir.
70,Artist Palas,Dizi,Komedi,Mahinur Ergun (Yönetmen),Ali Taygun (Yapımcı),1994.0,Protel,Zuhal Olcay Lale Mansur Burçin Orhon Füsun Demirel Hakan Tanfer,209,Kandilli,İstanbul,Üsküdar,41.0374,29.0166,"41.0374, 29.0166",Orta,Açık,"Dizi seti ziyareti, Fotoğrafçılık",,Artist Palas dizisinin ana çekim mekanlarından biri Kandilli ve çevresidir.
243,Deniz Yıldızı (dizi),Dizi,Dram,Ayşe Tügen,Nilgün Sağyaşar,2009.0,Focus Film,"Begüm Topçu, Cantuğ Turay",213,Kemerburgaz,İstanbul,Eyüpsultan,41.0116,29.0697,"41.0116, 29.0697",Yüksek,Açık,"Dizi seti ziyareti, Fotoğrafçılık",,Doludizgin Yıllar dizisinin ana çekim mekanlarından biri Kemerburgaz ve çevresidir.
807,Yazı Tura (film),Film,Dram,Uğur Yücel,Uğur Yücel,2004.0,Cinegram,"Kenan İmirzalıoğlu, Olgun Şimşek",202,Göktürk,İstanbul,Eyüpsultan,41.0998,29.0264,"41.0998, 29.0264",Yüksek,Açık,"Dizi seti ziyareti, Fotoğrafçılık",,Yüz Yıllık Mucize dizisinin ana çekim mekanlarından biri Göktürk ve çevresidir.
109,Aşkın Bedeli,Dizi,Romantik,Canan Evcimen Atilla Cengiz (Yönetmen),Nilgün Sağyaşar (Yapımcı),2013.0,Düş Gezginleri Film,"Zeynep Aydemir, Arda Öziri, Deniz Bolışık, Mert Ali Yavuzcan",250,Vefa,İstanbul,Fatih,41.0708,29.032,"41.0708, 29.0320",Yüksek,Açık,"Dizi seti ziyareti, Fotoğrafçılık",,Aşkın Bedeli dizisinin ana çekim mekanlarından biri Vefa ve çevresidir.
159,Beyoğlu'nun Arka Yakası,Film,Aksiyon,Şerif Gören,"Kadir Turgut, Ferit Turgut",1986.0,Uzman Film,"Tarık Akan, Erdal Özyağcılar, Oya Aydoğan, Yavuzer Çetinkaya, Günay Güner, Yadigar Ejder",180,Beykoz Kundura Fabrikası,İstanbul,Beykoz,41.0564,29.0222,"41.0564, 29.0222",Yüksek,Açık,"Dizi seti ziyareti, Fotoğrafçılık",,Bez Bebek dizisinin ana çekim mekanlarından biri Beykoz Kundura Fabrikası ve çevresidir.
321,Gençliğim Eyvah,Dizi,Komedi,"Deniz Yılmaz Şayir (1-17)Doğa Can Anafarta (8-9, 11-17) (Yönetmen)",Ali Gündoğduİsmail Gündoğdu (Yapımcı),2020.0,Süreç Film,"Cengiz Bozkurt, Levent Ülgen, Günay Karacaoğlu, Ulviye Karaca, Ekin Mert Daymaz, Elif Doğan, Burak Tozkoparan, Bahar Süer, Erdem Kaynarca, Zehra Yılmaz, Kemal Uçar, Beyti Engin",245,Tarabya,İstanbul,Sarıyer,41.06,29.0518,"41.0600, 29.0518",Orta,Açık,"Dizi seti ziyareti, Fotoğrafçılık",,Gözleri KaraDeniz dizisinin ana çekim mekanlarından biri Tarabya ve çevresidir.
148,Beni Bırakma (dizi),Dizi,Romantik,Gürsel Ateş,Nilgün Sağyaşar,2018.0,Focus Film,"Gökberk Yıldırım, Eda Nur Gülbudak",180,Beykoz Kundura Fabrikası,İstanbul,Beykoz,41.0564,29.0222,"41.0564, 29.0222",Yüksek,Açık,"Dizi seti ziyareti, Fotoğrafçılık",,Benim Adım Gültepe dizisinin ana çekim mekanlarından biri Beykoz Kundura Fabrikası ve çevresidir.
214,Canım Ailem,Dizi,Komedi,Sadullah Celen (Yönetmen),Erol Avcı (Yapımcı),2008.0,TMC Film,Uğur Yücel Ozan Güven Şebnem Bozoklu Funda Eryiğit Ezgi Mola İlker Aksum Oktay Gürsoy Sezgi Mengi Deniz Denker Alpay Şayhan Ayçe Abana Bengi Öztürk Hikmet Körmükçü Candan Sabuncu Nejat Birecik Haldun Boysan Onur Ünsal Begüm Kütük Yaşaroğlu Şeyda Şaşmaz,165,Arnavutköy Sahili,İstanbul,Beşiktaş,41.039,29.0686,"41.0390, 29.0686",Yüksek,Açık,"Dizi seti ziyareti, Fotoğrafçılık",,Cennet'in Gözyaşları dizisinin ana çekim mekanlarından biri Arnavutköy Sahili ve çevresidir.
593,OHA: Oflu Hoca'yı Aramak,Film,Komedi,Levent Soyarslan,Zeynep Kesler,2014.0,Mars Dağıtım,"Yaşar Kalyoncu, Taies Farzan",218,Kuzguncuk,İstanbul,Üsküdar,41.0912,29.0356,"41.0912, 29.0356",Orta,Açık,"Dizi seti ziyareti, Fotoğrafçılık",,Perihan Abla dizisinin ana çekim mekanlarından biri Kuzguncuk ve çevresidir.
373,Hayalet Tetikçi,Film,Dram,Don Michael Paul,"{{Yalın liste, , * Jeffery Beach, * Phillip J. Roth",2016.0,"{{Yalın liste, , * Destination Films, * UFO International Productions",Bilinmiyor,213,Kemerburgaz,İstanbul,Eyüpsultan,41.0116,29.0697,"41.0116, 29.0697",Yüksek,Açık,"Dizi seti ziyareti, Fotoğrafçılık",,Haziran Gecesi dizisinin ana çekim mekanlarından biri Kemerburgaz ve çevresidir.
684,Sipahi (dizi),Dizi,Aksiyon,Hakan İnan,Mehmet Canpolat,2022.0,CNP Film,"Kaan Yıldırım, Özge Gürel",250,Vefa,İstanbul,Fatih,41.0708,29.032,"41.0708, 29.0320",Yüksek,Açık,"Dizi seti ziyareti, Fotoğrafçılık",,Süper Babaanne dizisinin ana çekim mekanlarından biri Vefa ve çevresidir.
44,Alev Alev,Dizi,Dram,Ahmet KatıksızUfuk Hakan ErenÖzgür Sevimli (Yönetmen),Kerem Çatay (Yapımcı),2020.0,Ay Yapım,"Demet Evgâr, Hazar Ergüçlü, Dilan Çiçek Deniz, Berkay Ateş, Zuhal Olcay, Cihangir Ceyhan",180,Beykoz Kundura Fabrikası,İstanbul,Beykoz,41.0564,29.0222,"41.0564, 29.0222",Yüksek,Açık,"Dizi seti ziyareti, Fotoğrafçılık",,Alev Alev dizisinin ana çekim mekanlarından biri Beykoz Kundura Fabrikası ve çevresidir.
66,Arka Sıradakiler,Dizi,Dram,"Hamdi Alkan (1-160, 171-193)Ali Bilgin (161-170) (Yönetmen)",Birol Güven (Yapımcı),2007.0,MinT ProdüksiyonBest Prodüksiyon,"Bülent Emin Yarar, Bülent Çetinaslan, Sinem Öztürk, Barış Atay, Pelin Akil, Fırat Çöloğlu",245,Tarabya,İstanbul,Sarıyer,41.06,29.0518,"41.0600, 29.0518",Orta,Açık,"Dizi seti ziyareti, Fotoğrafçılık",,Arka Sıradakiler dizisinin ana çekim mekanlarından biri Tarabya ve çevresidir.
377,Hayat Devam Ediyor (dizi),Dizi,Dram,Cemal Şan,Murat Tokat,2011.0,Boyut Film,"Fikret Kuşkan, Şenay Gürler",246,Tarlabaşı,İstanbul,Beyoğlu,41.0326,29.0609,"41.0326, 29.0609",Yüksek,Açık,"Dizi seti ziyareti, Fotoğrafçılık",,Her Şey Yolunda dizisinin ana çekim mekanlarından biri Tarlabaşı ve çevresidir.
2,155 Polis İmdat,Dizi,Gerilim/Suç,Şahin Gök (Yönetmen),Nazmi Özer (Yapımcı),1994.0,Emek Film,Necla Nazır Bülent Bilgiç Murat Soydan Yusuf Sezgin,212,Karaköy,İstanbul,Beyoğlu,41.0425,29.0482,"41.0425, 29.0482",Yüksek,Açık,"Dizi seti ziyareti, Fotoğrafçılık",,155 Polis İmdat dizisinin ana çekim mekanlarından biri Karaköy ve çevresidir.
335,Gülen Gözler,Film,Komedi,Ertem Eğilmez,Nahit Ataman,1977.0,Arzu Film,"Münir Özkul, Adile Naşit, Müjde Ar, Şener Şen",165,Arnavutköy Sahili,İstanbul,Beşiktaş,41.039,29.0686,"41.0390, 29.0686",Yüksek,Açık,"Dizi seti ziyareti, Fotoğrafçılık",,Güneşi Beklerken dizisinin ana çekim mekanlarından biri Arnavutköy Sahili ve çevresidir.
231,Dayan Yüreğim,Dizi,Dram,Deniz Çelebi Dikilitaş (Yönetmen),H. Hakan Eren Gökhan Tatarer (Yapımcı),2017.0,Endemol Shine Turkey,"Mehmet Küçük, Ece Uslu, Cansel Elçin, Nilay Deniz, Berk Atan",224,Nişantaşı,İstanbul,Şişli,41.0767,29.0217,"41.0767, 29.0217",Yüksek,Açık,"Dizi seti ziyareti, Fotoğrafçılık",,Deli Gönül dizisinin ana çekim mekanlarından biri Nişantaşı ve çevresidir.
499,"Küçük Ağa (dizi, 2014)",Dizi,Komedi,Aysun Akyüz,Türker İnanoğlu,2014.0,Erler Film,"Birce Akalay, Sarp Levendoğlu",250,Vefa,İstanbul,Fatih,41.0708,29.032,"41.0708, 29.0320",Yüksek,Açık,"Dizi seti ziyareti, Fotoğrafçılık",,Kırgın Çiçekler dizisinin ana çekim mekanlarından biri Vefa ve çevresidir.
903,İstanbul (film),Film,Dram,Joseph Pevney,Albert J. Cohen,1957.0,dağıtıcı = Universal Studios,"Errol Flynn, Cornell Borchers, John Bentley, Nat King Cole, Torin Thatcher, Roland Varno",180,Beykoz Kundura Fabrikası,İstanbul,Beykoz,41.0564,29.0222,"41.0564, 29.0222",Yüksek,Açık,"Dizi seti ziyareti, Fotoğrafçılık",,Şehrin Melekleri dizisinin ana çekim mekanlarından biri Beykoz Kundura Fabrikası ve çevresidir.
538,Maral: En Güzel Hikayem,Dizi,Romantik,Bahadar İnce (Yönetmen),Arzu Eğmir (Yapımcı),2015.0,Medyapım,"Hazal Kaya, Aras Bulut İynemli, Can Nergis",243,Süleymaniye,İstanbul,Fatih,41.075,29.0578,"41.0750, 29.0578",Yüksek,Açık,"Dizi seti ziyareti, Fotoğrafçılık",,Mehmetçik Kut'ül Amare dizisinin ana çekim mekanlarından biri Süleymaniye ve çevresidir.
15,Acil Aşk Aranıyor,Dizi,Komedi,Hakan İnan (Yönetmen),Fatih Aksoy (Yapımcı),2015.0,Medyapım,"Serhat Teoman, Duygu Yetiş",169,Balat,İstanbul,Fatih,41.0617,29.0995,"41.0617, 29.0995",Yüksek,Açık,"Dizi seti ziyareti, Fotoğrafçılık",,Acil Aşk Aranıyor dizisinin ana çekim mekanlarından biri Balat ve çevresidir.
331,Gözleri KaraDeniz,Dizi,Dram,Altan Dönmez Orkun Çatak (Yönetmen),Saner Ayar (Yapımcı),2025.0,O3 Medya,Halit Özgür Sarı Özge Yağız,259,Çengelköy,İstanbul,Üsküdar,41.0801,29.0511,"41.0801, 29.0511",Yüksek,Açık,"Dizi seti ziyareti, Fotoğrafçılık",,Gülümse Yeter dizisinin ana çekim mekanlarından biri Çengelköy ve çevresidir.
650,Saygılar Bizden,Dizi,Komedi,Zeki Ökten (Yönetmen),Bilinmiyor,1992.0,Bugay Yapım,"Kemal Sunal, Jülide Kural, Selma Tarcan, Yaman Tarcan, Nur Gürkan, Alev Oraloğlu, Tuncer Necmioğlu, Zafer Algöz Yaman Okay, Güler Ökten, Ozan Bilen, Orhan Çağman, Kutay Köktürk, Erdinç Dinçer",198,Fener,İstanbul,Fatih,41.0663,29.0167,"41.0663, 29.0167",Orta,Açık,"Dizi seti ziyareti, Fotoğrafçılık",,Sevda Kuşun Kanadında dizisinin ana çekim mekanlarından biri Fener ve çevresidir.
271,Emanet,Dizi,Romantik,Ayhan ÖzenSerkan MutOğuzcan DenizhanNuh Şen (Yönetmen),Nazmiye Yılmaz (Yapımcı),2020.0,Karamel Yapım,{{Yalın liste|,194,Emirgan Korusu,İstanbul,Sarıyer,41.0417,29.0401,"41.0417, 29.0401",Yüksek,Açık,"Dizi seti ziyareti, Fotoğrafçılık",,Eski Hikâye dizisinin ana çekim mekanlarından biri Emirgan Korusu ve çevresidir.
142,Ben O Değilim,Film,Dram,Tayfun Pirselimoğlu,Bilinmiyor,2013.0,Bilinmiyor,"Ercan Kesal, Maryam Zaree",225,Ortaköy,İstanbul,Beşiktaş,41.012,29.0922,"41.0120, 29.0922",Orta,Açık,"Dizi seti ziyareti, Fotoğrafçılık",,Ben Olsaydım dizisinin ana çekim mekanlarından biri Ortaköy ve çevresidir.
150,Benim Adım Melek,Dizi,Dram,Cem Akyoldaş,Süreyya Yaşar Önal,2019.0,Üs Yapım,"Nehir Erdoğan, Kutsi",250,Vefa,İstanbul,Fatih,41.0708,29.032,"41.0708, 29.0320",Yüksek,Açık,"Dizi seti ziyareti, Fotoğrafçılık",,Benim Annem Bir Melek dizisinin ana çekim mekanlarından biri Vefa ve çevresidir.
376,Hayat Bilgisi,Dizi,Komedi,Tarkan Karlıdağ (Yönetmen),Ali Gündoğdu (Yapımcı),2011.0,Süreç Film,Perran Kutman Tarık Papuççuoğlu Kerem Kupacı,180,Beykoz Kundura Fabrikası,İstanbul,Beykoz,41.0564,29.0222,"41.0564, 29.0222",Yüksek,Açık,"Dizi seti ziyareti, Fotoğrafçılık",,Her Yerde Sen dizisinin ana çekim mekanlarından biri Beykoz Kundura Fabrikası ve çevresidir.
541,Masum Değiliz,Dizi,Dram,Serkan İpekören (Yönetmen),Ata Türkoğlu (Yapımcı),2018.0,Koliba Film,"Uraz Kaygılaroğlu, Damla Sönmez, Ushan Çakır, Aras Aydın, Sercan Badur",202,Göktürk,İstanbul,Eyüpsultan,41.0998,29.0264,"41.0998, 29.0264",Yüksek,Açık,"Dizi seti ziyareti, Fotoğrafçılık",,Menekşe ile Halil dizisinin ana çekim mekanlarından biri Göktürk ve çevresidir.
51,Alın Yazım,Dizi,Dram,Irmak ÇengelAtilla Cengiz (Yönetmen),Nilgün Sağyaşar (Yapımcı),2014.0,Düş Gezginleri Film,"Duygu Keser, Ozan Dağgez, Yeşim Gül, Orhan Aydın, Deniz Durmaz, Ayberk Aladar",174,Bebek Sahili,İstanbul,Beşiktaş,41.0423,29.0281,"41.0423, 29.0281",Orta,Açık,"Dizi seti ziyareti, Fotoğrafçılık",,Alın Yazım dizisinin ana çekim mekanlarından biri Bebek Sahili ve çevresidir.
409,Kalp Atışı,Dizi,Romantik,Yusuf Pirhasan,Faruk Bayhan,2017.0,MF Yapım,"Gökhan Alkan, Öykü Karayel",246,Tarlabaşı,İstanbul,Beyoğlu,41.0326,29.0609,"41.0326, 29.0609",Yüksek,Açık,"Dizi seti ziyareti, Fotoğrafçılık",,Kara Para Aşk dizisinin ana çekim mekanlarından biri Tarlabaşı ve çevresidir.
284,Evlerden Biri,Dizi,Dram,Bahadır İnce (Yönetmen),Ata Türkoğlu (Yapımcı),2012.0,Koliba Film,"Ceyda Ateş, Özgür Çevik Barış Aytaç, Şemsi İnkaya",225,Ortaköy,İstanbul,Beşiktaş,41.012,29.0922,"41.0120, 29.0922",Orta,Açık,"Dizi seti ziyareti, Fotoğrafçılık",,Eşref Saati dizisinin ana çekim mekanlarından biri Ortaköy ve çevresidir.
432,Kasaba Doktoru,Dizi,Romantik,Arda Sarıgün (1-21)Bahadır İnce (22-32) (Yönetmen),Fatih Enes Ömeroğlu (Yapımcı),2022.0,ARC Film,"Ozan Akbaba, Deniz Can Aktaş, Hazal Subaşı",176,Belgrad Ormanı,İstanbul,Sarıyer,41.0666,29.0328,"41.0666, 29.0328",Yüksek,Açık,"Dizi seti ziyareti, Fotoğrafçılık",,Kayıp dizisinin ana çekim mekanlarından biri Belgrad Ormanı ve çevresidir.
446,Kaçak Gelinler,Dizi,Komedi,İnci Balabanoğlu,Mehmet Yiğit Alp,2014.0,NTC Medya,"Selin Şekerci, Açelya Topaloğlu",215,Kilyos Sahili,İstanbul,Sarıyer,41.0227,29.0295,"41.0227, 29.0295",Yüksek,Açık,"Dizi seti ziyareti, Fotoğrafçılık",,Kimse Bilmez dizisinin ana çekim mekanlarından biri Kilyos Sahili ve çevresidir.
729,Temmuz'da,Film,Komedi,Fatih Akın,senarist = Fatih Akın,2012.0,dağıtıcı =,"Christiane Paul (Juli), Mehmet Kurtuluş (İsa), Moritz Bleibtreu (Daniel), İdil Üner (Melek)",218,Kuzguncuk,İstanbul,Üsküdar,41.0912,29.0356,"41.0912, 29.0356",Orta,Açık,"Dizi seti ziyareti, Fotoğrafçılık",,Türk'ün Uzayla İmtihanı dizisinin ana çekim mekanlarından biri Kuzguncuk ve çevresidir.
189,Bizim Aile (film),Film,Komedi,Ergin Orbey,Nahit Ataman,1975.0,Arzu Film,"Münir Özkul, Tarık Akan, Adile Naşit, Halit Akçatepe, Itır Esen, Şener Şen, Ayşen Gruda, Tuncay Akça, Saim Alpago, Sıtkı Akçatepe",169,Balat,İstanbul,Fatih,41.0617,29.0995,"41.0617, 29.0995",Yüksek,Açık,"Dizi seti ziyareti, Fotoğrafçılık",,Bizim Kuruntu Ailesi dizisinin ana çekim mekanlarından biri Balat ve çevresidir.
788,Yahşi Cazibe,Dizi,Komedi,Bora Onur (Yönetmen),| editör = (Yapımcı),2010.0,Süreç Film,"Hakan Yılmaz, Aslıhan Gürbüz, Gökçe Özyol, Hande Katipoğlu, Ege Kökenli, Bekir Aksoy, Sezai Aydın, Serhan Arslan",254,Yeniköy,İstanbul,Sarıyer,41.0301,29.0705,"41.0301, 29.0705",Yüksek,Açık,"Dizi seti ziyareti, Fotoğrafçılık",,Yemin dizisinin ana çekim mekanlarından biri Yeniköy ve çevresidir.
793,Yalı Çapkını,Dizi,Romantik,Burcu Alptekin,Onur Güvenatam,2022.0,OGM Pictures,"Afra Saraçoğlu, Mert Ramazan Demir",174,Bebek Sahili,İstanbul,Beşiktaş,41.0423,29.0281,"41.0423, 29.0281",Orta,Açık,"Dizi seti ziyareti, Fotoğrafçılık",,Yetim Gönüller dizisinin ana çekim mekanlarından biri Bebek Sahili ve çevresidir.
264,Ege'nin Hamsisi,Dizi,Komedi,Mustafa Şevki Doğan,Ferhat Eşsiz,2018.0,Köprü Film,"İclal Aydın, Uğur Çavuşoğlu, Uraz Kaygılaroğlu",215,Kilyos Sahili,İstanbul,Sarıyer,41.0227,29.0295,"41.0227, 29.0295",Yüksek,Açık,"Dizi seti ziyareti, Fotoğrafçılık",,Emret Komutanım Yeniden dizisinin ana çekim mekanlarından biri Kilyos Sahili ve çevresidir.
681,Sihirli Annem,Dizi,Fantastik,Ersoy Güler (2003)Tülay Kocatürk (2004-2005)Kartal Çidamlı (2006-2012) (Yönetmen),İnci Kırhan Gündoğdu (Yapımcı),2003.0,Süreç Film (2003-2012),"İnci Türkay, Şahap Sayılgan, Defne Joy Foster, Zuhal Topal, Nevra Serezli, Ebru Karanfilci, Metin Serezli, Gül Onat",267,İstiklal Caddesi,İstanbul,Beyoğlu,41.0147,29.0447,"41.0147, 29.0447",Orta,Açık,"Dizi seti ziyareti, Fotoğrafçılık",,Söz dizisinin ana çekim mekanlarından biri İstiklal Caddesi ve çevresidir.
196,Bizum Hoca,Film,Komedi,Serkan Acar,Serap Balkaya,2014.0,Pinema,"Cezmi Baskın, Levent Ülgen",180,Beykoz Kundura Fabrikası,İstanbul,Beykoz,41.0564,29.0222,"41.0564, 29.0222",Yüksek,Açık,"Dizi seti ziyareti, Fotoğrafçılık",,Bu Şehir Arkandan Gelecek dizisinin ana çekim mekanlarından biri Beykoz Kundura Fabrikası ve çevresidir.
617,Polyxeni,Film,Dram,Dora Masklavanou,Fenia Cossovitsa,2017.0,stüdyo =,Katia Goulioni,218,Kuzguncuk,İstanbul,Üsküdar,41.0912,29.0356,"41.0912, 29.0356",Orta,Açık,"Dizi seti ziyareti, Fotoğrafçılık",,Ruhsar dizisinin ana çekim mekanlarından biri Kuzguncuk ve çevresidir.
408,Kalk Gidelim,Dizi,Komedi,Hatice Memiş,Eyüp Üstün,2017.0,Staff Film,"Ufuk Özkan, Erkan Sever",213,Kemerburgaz,İstanbul,Eyüpsultan,41.0116,29.0697,"41.0116, 29.0697",Yüksek,Açık,"Dizi seti ziyareti, Fotoğrafçılık",,Kara Melek dizisinin ana çekim mekanlarından biri Kemerburgaz ve çevresidir.
679,,,,,,,,,169,Balat,İstanbul,Fatih,41.0617,29.0995,"41.0617, 29.0995",Yüksek,Açık,"Dizi seti ziyareti, Fotoğrafçılık",,Suskunlar dizisinin ana çekim mekanlarından biri Balat ve çevresidir.
854,Çifte Saadet,Dizi,Komedi,Bora Tekay (Yönetmen),Yaşar İrvül Efe İrvül (Yapımcı),2016.0,Pastel Film,"Fikret Kuşkan, Şebnem Bozoklu, Dolunay Soysert, Bora Akkaş, Dila Danışman, Bedia Ener",254,Yeniköy,İstanbul,Sarıyer,41.0301,29.0705,"41.0301, 29.0705",Yüksek,Açık,"Dizi seti ziyareti, Fotoğrafçılık",,Öyle Bir Geçer Zaman ki dizisinin ana çekim mekanlarından biri Yeniköy ve çevresidir.
767,Uzak Şehir,Dizi,Dram,Yıldız Aşanboğa,Kerem Çatay,2024.0,Ay Yapım,"Ozan Akbaba, Sinem Ünsal",223,Moda Sahili,İstanbul,Kadıköy,40.98,29.0228,"40.9800, 29.0228",Orta,Açık,"Dizi seti ziyareti, Fotoğrafçılık",,Yahşi Cazibe dizisinin ana çekim mekanlarından biri Moda Sahili ve çevresidir.
85,Ayrılsak da Beraberiz,Dizi,Komedi,Bora Tekay (Yönetmen),Birol Güven (Yapımcı),2015.0,Mint Prodüksiyon,"Mete Horozoğlu, Algı Eke, Hatice Aslan, Suzan Kardeş, Bülent Şakrak, Deniz Oral",225,Ortaköy,İstanbul,Beşiktaş,41.012,29.0922,"41.0120, 29.0922",Orta,Açık,"Dizi seti ziyareti, Fotoğrafçılık",,Ayrılsak da Beraberiz dizisinin ana çekim mekanlarından biri Ortaköy ve çevresidir.
450,Kelebekler (film),Film,Dram,Tolga Karaçelik,"Tolga Karaçelik, Metin Anter, Diloy Gülün",2018.0,Karaçelik Film Yapım,"Tolga Tekin, Bartu Küçükçağlayan, Tuğçe Altuğ",250,Vefa,İstanbul,Fatih,41.0708,29.032,"41.0708, 29.0320",Yüksek,Açık,"Dizi seti ziyareti, Fotoğrafçılık",,Klavye Delikanlıları dizisinin ana çekim mekanlarından biri Vefa ve çevresidir.
540,Maskeli Beşler İntikam Peşinde,Film,Macera,Murat Aslan,Murat Aslan,2005.0,"Arzu Film, Fida Film","Şafak Sezer , Memet Ali Alabora , Peker Açıkalın , Cengiz Küçükayvaz , Melih Ekener , Ceyhun Yılmaz , Dost Elver , Sümer Tilmaç , Nejat Birecik",180,Beykoz Kundura Fabrikası,İstanbul,Beykoz,41.0564,29.0222,"41.0564, 29.0222",Yüksek,Açık,"Dizi seti ziyareti, Fotoğrafçılık",,Meleklerin Aşkı dizisinin ana çekim mekanlarından biri Beykoz Kundura Fabrikası ve çevresidir.
85,Ayrılsak da Beraberiz,Dizi,Komedi,Bora Tekay (Yönetmen),Birol Güven (Yapımcı),2015.0,Mint Prodüksiyon,"Mete Horozoğlu, Algı Eke, Hatice Aslan, Suzan Kardeş, Bülent Şakrak, Deniz Oral",218,Kuzguncuk,İstanbul,Üsküdar,41.0912,29.0356,"41.0912, 29.0356",Orta,Açık,"Dizi seti ziyareti, Fotoğrafçılık",,Ayrılsak da Beraberiz dizisinin ana çekim mekanlarından biri Kuzguncuk ve çevresidir.
119,Babam Sınıfta Kaldı,Dizi,Komedi,Kartal Çidamlı (Yönetmen),Gani MüjdeSelim Aydoğdu (Yapımcı),2013.0,Tükenmezkalem Film,"Cem Davran, Melis Tüzüngüç, Mesut Yar, Defne Samyeli",169,Balat,İstanbul,Fatih,41.0617,29.0995,"41.0617, 29.0995",Yüksek,Açık,"Dizi seti ziyareti, Fotoğrafçılık",,Babam Sınıfta Kaldı dizisinin ana çekim mekanlarından biri Balat ve çevresidir.
513,"Kırık Hayatlar (dizi, 2021)",Dizi,Dram,İlknur Uğuz Arslan,Berna Akpınar,2021.0,Nöbetçi Yapım,"Meltem Akçöl, Erdem Yılmaz",213,Kemerburgaz,İstanbul,Eyüpsultan,41.0116,29.0697,"41.0116, 29.0697",Yüksek,Açık,"Dizi seti ziyareti, Fotoğrafçılık",,Kış Güneşi dizisinin ana çekim mekanlarından biri Kemerburgaz ve çevresidir.
260,Dünyayı Kurtaran Adam,Film,Bilim Kurgu,Çetin İnanç,Mehmet Karahafız,1982.0,Anıt Film,"Cüneyt Arkın, Aytekin Akkaya",202,Göktürk,İstanbul,Eyüpsultan,41.0998,29.0264,"41.0998, 29.0264",Yüksek,Açık,"Dizi seti ziyareti, Fotoğrafçılık",,Elimi Bırakma dizisinin ana çekim mekanlarından biri Göktürk ve çevresidir.
404,Kaderimin Yazıldığı Gün,Dizi,Romantik,Ulaş İnaçSadullah ŞentürkHakan İnan (Yönetmen),Onur Güvenatam (Yapımcı),2011.0,O3 Medya,"Özcan Deniz, Hatice Şendil, Begüm Kütük Yaşaroğlu, Gürbey İleri",246,Tarlabaşı,İstanbul,Beyoğlu,41.0326,29.0609,"41.0326, 29.0609",Yüksek,Açık,"Dizi seti ziyareti, Fotoğrafçılık",,Kanıt: Ateş Üstünde dizisinin ana çekim mekanlarından biri Tarlabaşı ve çevresidir.
246,Dinle Sevgili,Dizi,Romantik,Mehtap KöroğluFulya YavuzoğluIrmak ÇığÖzgür Pak (Yönetmen),| editör = (Yapımcı),2011.0,Base Yapım,Cem Kılıç,174,Bebek Sahili,İstanbul,Beşiktaş,41.0423,29.0281,"41.0423, 29.0281",Orta,Açık,"Dizi seti ziyareti, Fotoğrafçılık",,Doğduğun Ev Kaderindir dizisinin ana çekim mekanlarından biri Bebek Sahili ve çevresidir.
511,Kırmızı Oda,Dizi,Dram,Cem Karcı (1-32)Benal Tairi (29-42)Ali Balcı (34-42)Başak Soysal (43-61) (Yönetmen),Onur Güvenatam (Yapımcı),2020.0,OGM Pictures,"Binnur Kaya, Tülin Özen, Meriç Aral, Burak Sevinç, Gülçin Kültür Şahin",176,Belgrad Ormanı,İstanbul,Sarıyer,41.0666,29.0328,"41.0666, 29.0328",Yüksek,Açık,"Dizi seti ziyareti, Fotoğrafçılık",,Kızım Nerede? dizisinin ana çekim mekanlarından biri Belgrad Ormanı ve çevresidir.
508,Kınalı Kar,Dizi,Dram,Taner Akvardar,Osman Yağmurdereli,2002.0,Yağmur Ajans,"Emrah, Özlem Conker, Engin Şenkan",180,Beykoz Kundura Fabrikası,İstanbul,Beykoz,41.0564,29.0222,"41.0564, 29.0222",Yüksek,Açık,"Dizi seti ziyareti, Fotoğrafçılık",,Kızılcık Şerbeti dizisinin ana çekim mekanlarından biri Beykoz Kundura Fabrikası ve çevresidir.
270,Elkızı,Dizi,Dram,Feride Kaytan,Mehmet Yiğit Alp,2021.0,NTC Medya,"Sevda Erginci, Perihan Savaş",194,Emirgan Korusu,İstanbul,Sarıyer,41.0417,29.0401,"41.0417, 29.0401",Yüksek,Açık,"Dizi seti ziyareti, Fotoğrafçılık",,Esir Şehrin Gözyaşları - Bir Ferhat ile Şirin Hikayesi dizisinin ana çekim mekanlarından biri Emirgan Korusu ve çevresidir.
213,Canevim,Dizi,Dram,Adnan Güler (Yönetmen),Ata Türkoğlu (Yapımcı),2019.0,Koliba Film,"Aras Aydın, Biran Damla Yılmaz, Özgür Çevik, Burcu Tuna, Ezgi Şenler, Nihan Büyükağaç, Rıza Akın, Bedia Ener",169,Balat,İstanbul,Fatih,41.0617,29.0995,"41.0617, 29.0995",Yüksek,Açık,"Dizi seti ziyareti, Fotoğrafçılık",,Cennet Mahallesi dizisinin ana çekim mekanlarından biri Balat ve çevresidir.
19,Acı Hayat,Dizi,Aksiyon,Abdülkadir Ceylan Ede (Yönetmen),Osman Sınav (Yapımcı),2001.0,Sinegraf,Kenan İmirzalıoğlu Selin Demiratar Oğuz Galeli Ebru Kocaağa Ferdi Merter Anta Toros Ahmet Yenilmez Murat Soydan,212,Karaköy,İstanbul,Beyoğlu,41.0425,29.0482,"41.0425, 29.0482",Yüksek,Açık,"Dizi seti ziyareti, Fotoğrafçılık",,Acı Hayat dizisinin ana çekim mekanlarından biri Karaköy ve çevresidir.
259,Dünya Yetmez,Film,Aksiyon,Michael Apted,"Barbara Broccoli, Michael G. Wilson",1999.0,dağıtıcı = Metro-Goldwyn-Mayer,"Pierce Brosnan, Sophie Marceau, Robert Carlyle, Denise Richards",202,Göktürk,İstanbul,Eyüpsultan,41.0998,29.0264,"41.0998, 29.0264",Yüksek,Açık,"Dizi seti ziyareti, Fotoğrafçılık",,Elif dizisinin ana çekim mekanlarından biri Göktürk ve çevresidir.
95,Aşk Ekmek Hayaller,Dizi,Dram,Abdullah Oğuz (Yönetmen),Abdullah Oğuz (Yapımcı),2013.0,ANS Productions,"Müjde Ar, Burak Hakkı, Berna Laçin, Sinan Tuzcu, İrem Altuğ, Nihal Menzil, Ali İpin, Ayça Eren, Nebil Sayın, Alara Uncu, Deniz Baysal, Alican Özakoğlu, Furkan Andıç, Dilek Demir, Barış Hacıhan, Efe Karaman, Elif Merve Çolak, Begüm Çetinkaya, Sudenaz Akkoyun, Leyla Köse, Pelin Buse Gökçek, Kaan Ürkmez, Aydan Çakır",254,Yeniköy,İstanbul,Sarıyer,41.0301,29.0705,"41.0301, 29.0705",Yüksek,Açık,"Dizi seti ziyareti, Fotoğrafçılık",,Aşk Ekmek Hayaller dizisinin ana çekim mekanlarından biri Yeniköy ve çevresidir.
722,Tatlı İntikam,Dizi,Komedi,Barış Erçetin (Yönetmen),Ayşe Durmaz (Yapımcı),2016.0,D Productions,"Leyla Lydia Tuğutlu, Furkan Andıç",180,Beykoz Kundura Fabrikası,İstanbul,Beykoz,41.0564,29.0222,"41.0564, 29.0222",Yüksek,Açık,"Dizi seti ziyareti, Fotoğrafçılık",,Tozkoparan dizisinin ana çekim mekanlarından biri Beykoz Kundura Fabrikası ve çevresidir.
801,Yarım Elma,Dizi,Komedi,Deniz Akçay Katıksız Ömer Uğur (Yönetmen),Bahadır Atay (Yapımcı),2014.0,Sis Yapım,Janset Paçal Günay Karacaoğlu,199,Galata Kulesi,İstanbul,Beyoğlu,41.0428,29.038,"41.0428, 29.0380",Orta,Açık,"Dizi seti ziyareti, Fotoğrafçılık",,Yunus Emre Aşkın Yolculuğu dizisinin ana çekim mekanlarından biri Galata Kulesi ve çevresidir.
139,Bekçiler Kralı,Film,Macera,Osman F. Seden,"Memduh Ün, Fatma Girik",1979.0,Uğur Film,"Kemal Sunal, Semra Türel , Reha Yurdakul, Hakkı Kıvanç, Alpay İzer, Yaşar Şener, Mustafa Yavuz, Ahmet Turgutlu, Çetin Tolbas, Baki Tamer",246,Tarlabaşı,İstanbul,Beyoğlu,41.0326,29.0609,"41.0326, 29.0609",Yüksek,Açık,"Dizi seti ziyareti, Fotoğrafçılık",,Ben Bu Cihana Sığmazam dizisinin ana çekim mekanlarından biri Tarlabaşı ve çevresidir.
632,Rengarenk,Dizi,Komedi,Kerem Çakıroğlu (Yönetmen),Mehmet Yiğit Alp (Yapımcı),2016.0,NTC Medya,"Selin Şekerci, Kaan Taşaner, Ümit Kantarcılar, Merve Oflaz, İnci Türkay, Ferdi Sancar, İbrahim Kendirci, Serenay Aktaş, Sait Genay",169,Balat,İstanbul,Fatih,41.0617,29.0995,"41.0617, 29.0995",Yüksek,Açık,"Dizi seti ziyareti, Fotoğrafçılık",,Saygılar Bizden dizisinin ana çekim mekanlarından biri Balat ve çevresidir.
750,Türk'ün Uzayla İmtihanı,Dizi,Bilim Kurgu,Uğur Yağcıoğlu (Yönetmen),Ali Gündoğduİnci Gündoğdu (Yapımcı),2012.0,Süreç Film,"Ufuk Özkan, Peker Açıkalın, Sinan Çalışkanoğlu, Özge Ulusoy, Veysel Diker, Bala Atabek, Ayşe Melike Çerçi, Bülend Çolak, Yonca Oskay, Haki Biçici",209,Kandilli,İstanbul,Üsküdar,41.0374,29.0166,"41.0374, 29.0166",Orta,Açık,"Dizi seti ziyareti, Fotoğrafçılık",,Uğurlugiller dizisinin ana çekim mekanlarından biri Kandilli ve çevresidir.
344,Güneydoğudan Öyküler Önce Vatan,Dizi,Aksiyon,Onur Tan (Yönetmen),Murat Akdilek (Yapımcı),2010.0,Fida Film,"Melisa Sözen, Serhat Tutumluer, Umut Kurt, Sezai Aydın, İlker Kızmaz, Arsen Gürzap, Yeliz Akkaya, Nihan Okutucu",267,İstiklal Caddesi,İstanbul,Beyoğlu,41.0147,29.0447,"41.0147, 29.0447",Orta,Açık,"Dizi seti ziyareti, Fotoğrafçılık",,Güzel Çirkin dizisinin ana çekim mekanlarından biri İstiklal Caddesi ve çevresidir.
25,Adı Mutluluk,Dizi,Dram,Ersoy Özlevi,Ali Gündoğdu,2015.0,Süreç Film,"Ezgi Eyüboğlu, Kaan Yıldırım",225,Ortaköy,İstanbul,Beşiktaş,41.012,29.0922,"41.0120, 29.0922",Orta,Açık,"Dizi seti ziyareti, Fotoğrafçılık",,Adı Mutluluk dizisinin ana çekim mekanlarından biri Ortaköy ve çevresidir.
804,,,,,,,,,250,Vefa,İstanbul,Fatih,41.0708,29.032,"41.0708, 29.0320",Yüksek,Açık,"Dizi seti ziyareti, Fotoğrafçılık",,Yüksek Sosyete dizisinin ana çekim mekanlarından biri Vefa ve çevresidir.
160,Bez Bebek,Dizi,Fantastik,Serpil Kurtça (Yönetmen),Nilgün Sağyaşar (Yapımcı),2007.0,Focus Film,"Evrim Akın, Tan Sağtürk Alpay Kemal Atalan, Fatoş Kabasakal, Reyhan Asena Keskinci, Ege Tanman, Oya Aydoğan, Sibel Kasapoğlu, Mehmet Usta, Sevinç Aktansel",180,Beykoz Kundura Fabrikası,İstanbul,Beykoz,41.0564,29.0222,"41.0564, 29.0222",Yüksek,Açık,"Dizi seti ziyareti, Fotoğrafçılık",,Beş Kardeş dizisinin ana çekim mekanlarından biri Beykoz Kundura Fabrikası ve çevresidir.
436,"Kavak Yelleri (dizi, 2007)",Dizi,Dram,Jale İncekol,Timur Savcı,2007.0,Tims Productions,"Pelin Karahan, Dağhan Külegeç, Aslı Enver",218,Kuzguncuk,İstanbul,Üsküdar,41.0912,29.0356,"41.0912, 29.0356",Orta,Açık,"Dizi seti ziyareti, Fotoğrafçılık",,Kaçak Gelinler dizisinin ana çekim mekanlarından biri Kuzguncuk ve çevresidir.
273,Emret Komutanım Yeniden,Dizi,Aksiyon,Sarp LevendoğluÜmit Efekan (Yönetmen),Mehmet AltıoklarEmine Altıoklar (Yapımcı),2013.0,| dağıtıcı =,"Serdar Özer, Didem Reze, Naci Taşdöğen, Bilal Çatalçekiç",180,Beykoz Kundura Fabrikası,İstanbul,Beykoz,41.0564,29.0222,"41.0564, 29.0222",Yüksek,Açık,"Dizi seti ziyareti, Fotoğrafçılık",,Eve Düşen Yıldırım dizisinin ana çekim mekanlarından biri Beykoz Kundura Fabrikası ve çevresidir.
50,Altınsoylar,Dizi,Komedi,Türkan DeryaMurat Aksu (Yönetmen),Onur Güvenatam (Yapımcı),2016.0,O3 Medya,"Aras Aydın, Ayça Ayşin Turan, Şebnem Bozoklu, Bennu Yıldırımlar, Burak Sevinç, Cihat Tamer",259,Çengelköy,İstanbul,Üsküdar,41.0801,29.0511,"41.0801, 29.0511",Yüksek,Açık,"Dizi seti ziyareti, Fotoğrafçılık",,Altınsoylar dizisinin ana çekim mekanlarından biri Çengelköy ve çevresidir.
366,"Hanımın Çiftliği (dizi, 2009)",Dizi,Dram,Faruk Teber,Faruk Turgut,2009.0,Gold Film,"Mehmet Aslantuğ, Özgü Namal",218,Kuzguncuk,İstanbul,Üsküdar,41.0912,29.0356,"41.0912, 29.0356",Orta,Açık,"Dizi seti ziyareti, Fotoğrafçılık",,Hayat Bilgisi dizisinin ana çekim mekanlarından biri Kuzguncuk ve çevresidir.
218,"Cehennem (film, 2016)",Film,Dram,Ron Howard,"Brian Grazer, Michael De Luca, Andrea Giannetti",2016.0,"Imagine Entertainment, Skylark Productions","Tom Hanks, Felicity Jones, Omar Sy, Ben Foster, Irrfan Khan, Sidse Babett Knudsen",224,Nişantaşı,İstanbul,Şişli,41.0767,29.0217,"41.0767, 29.0217",Yüksek,Açık,"Dizi seti ziyareti, Fotoğrafçılık",,Cesur ve Güzel dizisinin ana çekim mekanlarından biri Nişantaşı ve çevresidir.
527,Lale Devri,Dizi,Dram,Murat Düzgünoğlu (Yönetmen),Şükrü Avşar (Yapımcı),2010.0,Avşar Film,"Tolgahan Sayışman, Selen Soyder, Emina Sandal, Serenay Sarıkaya, Hatice Aslan, Gül Onat, Kenan Bal, Ayşegül Günay",213,Kemerburgaz,İstanbul,Eyüpsultan,41.0116,29.0697,"41.0116, 29.0697",Yüksek,Açık,"Dizi seti ziyareti, Fotoğrafçılık",,Maral: En Güzel Hikayem dizisinin ana çekim mekanlarından biri Kemerburgaz ve çevresidir.
369,Hatırla Sevgili,Dizi,Romantik,Ümmü Burhan (Yönetmen),Ilgaz Giritlioğlu (Yapımcı),2006.0,Sis Yapım,"Cansel Elçin, Beren Saat, Okan Yalabık",202,Göktürk,İstanbul,Eyüpsultan,41.0998,29.0264,"41.0998, 29.0264",Yüksek,Açık,"Dizi seti ziyareti, Fotoğrafçılık",,Hayat Türküsü dizisinin ana çekim mekanlarından biri Göktürk ve çevresidir.
721,Tatlı Hayat,Dizi,Komedi,Bora Tekay (Yönetmen),Sibel Tuna (Yapımcı),2005.0,Medyapım,"Türkan Şoray, Haluk Bilginer, Asuman Dabak, Çolpan İlhan, Neco, Celal Kadri Kınoğlu, Gamze Özçelik, Emre Altuğ, Veysel Diker, Sevinç Aktansel, Sedat Kalkavan, Levent Sülün",254,Yeniköy,İstanbul,Sarıyer,41.0301,29.0705,"41.0301, 29.0705",Yüksek,Açık,"Dizi seti ziyareti, Fotoğrafçılık",,Toprak ile Fidan dizisinin ana çekim mekanlarından biri Yeniköy ve çevresidir.
61,Aramızda Kalsın,Dizi,Komedi,Hatice Memiş (1-15) Güzide Balcı (16-52) (Yönetmen),Erol Avcı (Yapımcı),2013.0,TMC Film,"Uğur Yücel, Binnur Kaya, Gökçe Bahadır, Caner Cindoruk, Cengiz Bozkurt, Ayça Damgacı, Uğur Serhan, Bilge Şen, Hikmet Körmükçü, Gamze Karaduman, Ferit Aktuğ, Ecem Çalık, Mert Kurdal, Mutlu Güney, Tülay Bursa, Melis Mutluç, Aybars Kartal Özson, Özge Özpirinçci, Mesut Özkeçeci",218,Kuzguncuk,İstanbul,Üsküdar,41.0912,29.0356,"41.0912, 29.0356",Orta,Açık,"Dizi seti ziyareti, Fotoğrafçılık",,Aramızda Kalsın dizisinin ana çekim mekanlarından biri Kuzguncuk ve çevresidir.
472,Koyu Kırmızı,Dizi,Aksiyon,Atıl İnaçUlaş İnaç (Yönetmen),Erol Avcı (Yapımcı),2012.0,TMC,"Özgü Namal, Ozan Güven Muhammet Uzuner, İpek Bilgin, Zeynep Özder, Engin Hepileri, Çağlar Çorumlu, Ceren Soylu, Mustafa Uzunyılmaz, İdil Yener, Tuğçe Akiş, Esme Madra, Şebnem Köstem, Sinem İslamoğlu, Mehmet Bozdoğan, Arzu Oş, Sevda Erginci, Tuğba Çom, Sevda Erginci, Metin Belgin, Elif Sönmez",180,Beykoz Kundura Fabrikası,İstanbul,Beykoz,41.0564,29.0222,"41.0564, 29.0222",Yüksek,Açık,"Dizi seti ziyareti, Fotoğrafçılık",,Kurşun Bilal dizisinin ana çekim mekanlarından biri Beykoz Kundura Fabrikası ve çevresidir.
471,Kosmos,Film,Dram,Reha Erdem,Ömer Atay,2009.0,Atlantik Film,"Sermet Yeşil, Türkü Turan",259,Çengelköy,İstanbul,Üsküdar,41.0801,29.0511,"41.0801, 29.0511",Yüksek,Açık,"Dizi seti ziyareti, Fotoğrafçılık",,Kuruntu Ailesi dizisinin ana çekim mekanlarından biri Çengelköy ve çevresidir.
491,Körfez (film),Film,Dram,Emre Yeksan,Anna Maria Aslanoğlu,2017.0,Bir Film,"Ulaş Tuna Astepe, Ahmet Melih Yılmaz",209,Kandilli,İstanbul,Üsküdar,41.0374,29.0166,"41.0374, 29.0166",Orta,Açık,"Dizi seti ziyareti, Fotoğrafçılık",,Küçük Gelin dizisinin ana çekim mekanlarından biri Kandilli ve çevresidir.
728,Tek Yürek,Dizi,Aksiyon,Mehmet Ada Öztekin (1)Nezaket Coşkun (2-22) (Yönetmen),Ahmet Kayımtu (Yapımcı),2019.0,Degas Film,"Tayanç Ayaydın, Vildan Atasever, Hilmi Cem İntepe, Anıl Tetik, Alpay Kemal Atalan, Eslem Akar, Tugay Bahşi, Arda Anarat, Atakan Yılmaz, Kaan Altay Köprülü",223,Moda Sahili,İstanbul,Kadıköy,40.98,29.0228,"40.9800, 29.0228",Orta,Açık,"Dizi seti ziyareti, Fotoğrafçılık",,Türk Malı dizisinin ana çekim mekanlarından biri Moda Sahili ve çevresidir.
151,Benim Annem Bir Melek,Dizi,Komedi,Hakan Algül (Yönetmen),Elif YakarçelikNecati Akpınar (Yapımcı),2008.0,BKM Film İmaj (post prodüksiyon),"Oya Başar, Tarık Ünlüoğlu, Dolunay Soysert, Ali Sunal, Şehsuvar Aktaş, Ayçin İnci",224,Nişantaşı,İstanbul,Şişli,41.0767,29.0217,"41.0767, 29.0217",Yüksek,Açık,"Dizi seti ziyareti, Fotoğrafçılık",,Benim Hala Umudum Var dizisinin ana çekim mekanlarından biri Nişantaşı ve çevresidir.
322,Gerzek Şaban,Film,Gerilim/Suç,Natuk Baytan,Yahya Kılıç,1980.0,dağıtıcı =,"Kemal Sunal, Ülkü Özen, Reha Yurdakul, Esen Güldoğan, Rıza Pekkutsal, Muharrem Gürses, Yadigar Ejder",213,Kemerburgaz,İstanbul,Eyüpsultan,41.0116,29.0697,"41.0116, 29.0697",Yüksek,Açık,"Dizi seti ziyareti, Fotoğrafçılık",,Gözlerinde Son Gece dizisinin ana çekim mekanlarından biri Kemerburgaz ve çevresidir.
396,Hıyanet Sarmalı,Dizi,Aksiyon,Taner Tunç,Mustafa Kartal,2013.0,Ser Film,"Ali Başar, Emre Taşkıran, Cem Uçan",180,Beykoz Kundura Fabrikası,İstanbul,Beykoz,41.0564,29.0222,"41.0564, 29.0222",Yüksek,Açık,"Dizi seti ziyareti, Fotoğrafçılık",,Kalbim Ege'de Kaldı dizisinin ana çekim mekanlarından biri Beykoz Kundura Fabrikası ve çevresidir.
76,Ateş Kuşları,Dizi,Dram,Benal Tairi (1-2)Gökhan Ayiz (3-9)Yıldız Aşanboğa (7-25)Bülent İşbilen (10-54) (Yönetmen),Mehmet Bozdağ (Yapımcı),2023.0,Bozdağ Film,"İlayda Alişan, Hande Soral, Burak Tozkoparan, Görkem Sevindik",254,Yeniköy,İstanbul,Sarıyer,41.0301,29.0705,"41.0301, 29.0705",Yüksek,Açık,"Dizi seti ziyareti, Fotoğrafçılık",,Ateş Kuşları dizisinin ana çekim mekanlarından biri Yeniköy ve çevresidir.
24,Adı Efsane,Dizi,Romantik,Devrim Yalçın (Yönetmen),Müge TuralıElif Ayşe Durmaz (Yapımcı),2017.0,D Productions,"Erdal Beşikçioğlu, Rojda Demirer, Gökçe Bahadır",174,Bebek Sahili,İstanbul,Beşiktaş,41.0423,29.0281,"41.0423, 29.0281",Orta,Açık,"Dizi seti ziyareti, Fotoğrafçılık",,Adı Efsane dizisinin ana çekim mekanlarından biri Bebek Sahili ve çevresidir.
239,Deli Saraylı,Dizi,Komedi,Aydın Bulut (Yönetmen),Ali Gündoğduİnci Kırhan Gündoğdu (Yapımcı),2010.0,Süreç Film,"Perran Kutman, Çetin Tekindor, Köksal Engür, Ünal Silver, Öner Erkan, Akın Saatçi, Özge Özpirinçci, Melis Birkan, Tatsyana Tsvikeviç, Kenan Ece, Ani İpekkaya",259,Çengelköy,İstanbul,Üsküdar,41.0801,29.0511,"41.0801, 29.0511",Yüksek,Açık,"Dizi seti ziyareti, Fotoğrafçılık",,Doksanlar dizisinin ana çekim mekanlarından biri Çengelköy ve çevresidir.
110,Aşkın Yolculuğu: Hacı Bayram-ı Veli,Dizi,Dram,Kamil Aydın (1-5)Yücel Hüdaverdi (5-26) (Yönetmen),Kemal Tekden (Yapımcı),2022.0,Tekden Film,Burak Sevinç,199,Galata Kulesi,İstanbul,Beyoğlu,41.0428,29.038,"41.0428, 29.0380",Orta,Açık,"Dizi seti ziyareti, Fotoğrafçılık",,Aşkın Yolculuğu: Hacı Bayram-ı Veli dizisinin ana çekim mekanlarından biri Galata Kulesi ve çevresidir.
803,Yarına Tek Bilet,Film,Romantik,Ozan Açıktan,Bilinmiyor,2020.0,OGM Pictures,"Metin Akdülger, Dilan Çiçek Deniz",225,Ortaköy,İstanbul,Beşiktaş,41.012,29.0922,"41.0120, 29.0922",Orta,Açık,"Dizi seti ziyareti, Fotoğrafçılık",,Yuvamdaki Düşman dizisinin ana çekim mekanlarından biri Ortaköy ve çevresidir.
552,,,,,,,,,243,Süleymaniye,İstanbul,Fatih,41.075,29.0578,"41.0750, 29.0578",Yüksek,Açık,"Dizi seti ziyareti, Fotoğrafçılık",,Muhteşem Yüzyıl dizisinin ana çekim mekanlarından biri Süleymaniye ve çevresidir.
84,Aynalı Tahir,Dizi,Dram,Erhan Baytimur Cankat Ergin Hilal Saral Abdülkadir Ceylan Ede (Yönetmen),Sergin Akyaz (Yapımcı),1998.0,Base Productions,Alişan Arif Kilisli Erkan Petekkaya Bulut Aras Saruhan Hünel Kayra Şenocak Yeşim Büber Arkın Gelenbe Emine Ün Nihan Özcan,224,Nişantaşı,İstanbul,Şişli,41.0767,29.0217,"41.0767, 29.0217",Yüksek,Açık,"Dizi seti ziyareti, Fotoğrafçılık",,Aynalı Tahir dizisinin ana çekim mekanlarından biri Nişantaşı ve çevresidir.
290,,,,,,,,,213,Kemerburgaz,İstanbul,Eyüpsultan,41.0116,29.0697,"41.0116, 29.0697",Yüksek,Açık,"Dizi seti ziyareti, Fotoğrafçılık",,Fatih Harbiye dizisinin ana çekim mekanlarından biri Kemerburgaz ve çevresidir.
262,Düttürü Dünya,Film,Komedi,Zeki Ökten,Şerafettin Gür,1988.0,Şeref Film,"Kemal Sunal, Jale Aylanç, Cezmi Baskın",202,Göktürk,İstanbul,Eyüpsultan,41.0998,29.0264,"41.0998, 29.0264",Yüksek,Açık,"Dizi seti ziyareti, Fotoğrafçılık",,Emanet dizisinin ana çekim mekanlarından biri Göktürk ve çevresidir.
517,Kızıl Elma,Dizi,Aksiyon,Mustafa Şevki Doğan (Yönetmen),Osman Sınav (Yapımcı),2014.0,Sinegraf,"Furkan Palalı, Pelin Akil, Aslıhan Güner, Burak Sergen, Zeynep Eronat, Erdal Cindoruk",254,Yeniköy,İstanbul,Sarıyer,41.0301,29.0705,"41.0301, 29.0705",Yüksek,Açık,"Dizi seti ziyareti, Fotoğrafçılık",,Lale Devri dizisinin ana çekim mekanlarından biri Yeniköy ve çevresidir.
636,Ruhumun Aynası,Dizi,Komedi,Bülent İşbilen (Yönetmen),Müge Turalı ve Mehmet N. Karaca (Yapımcı),2014.0,Bando Yapım,"Tuba Ünsal, Filiz Ahmet, Özgürcan Çevik, Engin Alkan, Suzan Aksoy, Murat Akkoyunlu, Barış Yalçın, Bora Akkaş, Ayşen Gruda, Aliye Uzunatağan, Rıza Akın, Haktan Pak, Mihrace Yekenkülüğ, Alpay Şayhan, Funda Güray, Belit Özükan",259,Çengelköy,İstanbul,Üsküdar,41.0801,29.0511,"41.0801, 29.0511",Yüksek,Açık,"Dizi seti ziyareti, Fotoğrafçılık",,Selena dizisinin ana çekim mekanlarından biri Çengelköy ve çevresidir.
743,Tozkoparan İskender,Dizi,Fantastik,Hakan Şahin (1-5)Bora Onur (5-26)Kudret Sabancı (27-46) (Yönetmen),Elif Hamamcı (Yapımcı),2021.0,Fotoroman Film,"Çağan Efe Ak, Tuana Naz Tiryaki, Yağız Kılınç, Leya Kırşan, Deniz Erayvaz, Berat Efe Parlar, Alperen Efe Esmer, Zeynep Doğangün",240,Sultanahmet,İstanbul,Fatih,41.0306,29.0111,"41.0306, 29.0111",Yüksek,Açık,"Dizi seti ziyareti, Fotoğrafçılık",,Uyanış: Büyük Selçuklu dizisinin ana çekim mekanlarından biri Sultanahmet ve çevresidir.
574,Müthiş Bir Tren (film),Film,Dram,Metin Erksan,Ömer Serim,1975.0,dağıtıcı = TRT,"Ahmet Arkan, Zerrin Arbaş, Bahri Ateş, Sabahat Işık, Şener Gezgen, Defne Toppare, Fürüzan Kebari",224,Nişantaşı,İstanbul,Şişli,41.0767,29.0217,"41.0767, 29.0217",Yüksek,Açık,"Dizi seti ziyareti, Fotoğrafçılık",,O Hayat Benim dizisinin ana çekim mekanlarından biri Nişantaşı ve çevresidir.
453,Kezban Yenge,Dizi,Dram,Bilinmiyor,Bilinmiyor,1993.0,Bilinmiyor,Bilinmiyor,250,Vefa,İstanbul,Fatih,41.0708,29.032,"41.0708, 29.0320",Yüksek,Açık,"Dizi seti ziyareti, Fotoğrafçılık",,Kocamın Ailesi dizisinin ana çekim mekanlarından biri Vefa ve çevresidir.
815,Yetim Gönüller,Dizi,Romantik,Yıldız Aşanboğa (Yönetmen),Sevim Gündoğdu Çalgan (Yapımcı),2012.0,Ser Film,"Yağmur Ün, Gürkan Günal",218,Kuzguncuk,İstanbul,Üsküdar,41.0912,29.0356,"41.0912, 29.0356",Orta,Açık,"Dizi seti ziyareti, Fotoğrafçılık",,Zapping Ailesi dizisinin ana çekim mekanlarından biri Kuzguncuk ve çevresidir.
635,Ruhsar,Dizi,Fantastik,Ümmü Burhan Samim Değer Ömür Atay (Yönetmen),Abdullah Oğuz (Yapımcı),1999.0,ANS Productions,Hande Ataizi Cem Davran,202,Göktürk,İstanbul,Eyüpsultan,41.0998,29.0264,"41.0998, 29.0264",Yüksek,Açık,"Dizi seti ziyareti, Fotoğrafçılık",,Seksenler dizisinin ana çekim mekanlarından biri Göktürk ve çevresidir.
572,Müjdemi İsterim,Film,Komedi,Ömer Faruk Yardımcı,Erol Avcı,2022.0,TMC,"Ahmet Kural, Ecem Erkek, Mehmet Özgür, İlker Aksum, Bestemsu Özdemir, Levent Özdilek, Hakan Bilgin, Lale Başar, Şencan Güleryüz, İştar Gökseven",254,Yeniköy,İstanbul,Sarıyer,41.0301,29.0705,"41.0301, 29.0705",Yüksek,Açık,"Dizi seti ziyareti, Fotoğrafçılık",,Not Defteri dizisinin ana çekim mekanlarından biri Yeniköy ve çevresidir.
97,Aşk Laftan Anlamaz,Dizi,Komedi,Müge UğurlarBahadır İnce (Yönetmen),Burak Sağyaşar (Yapımcı),2016.0,Bi Yapım,Hande Erçel Burak Deniz,225,Ortaköy,İstanbul,Beşiktaş,41.012,29.0922,"41.0120, 29.0922",Orta,Açık,"Dizi seti ziyareti, Fotoğrafçılık",,Aşk Laftan Anlamaz dizisinin ana çekim mekanlarından biri Ortaköy ve çevresidir.
265,Ekmek Teknesi,Dizi,Komedi,Metin Günay (1-36)Osman Sınav (37-71)Gürsel Ateş (45-72)Hasan Kaçan (73-75)Sadullah Şentürk (76-106) (Yönetmen),Osman Sınav(2002-2004)Raci Şaşmaz (2004-2005) (Yapımcı),2002.0,Sinegraf(2002-2004)Pana Film(2004-2005),"Savaş Dinçel, Sermin Hürmeriç, Hasan Kaçan, Kadir Çöpdemir, Peker Açıkalın",250,Vefa,İstanbul,Fatih,41.0708,29.032,"41.0708, 29.0320",Yüksek,Açık,"Dizi seti ziyareti, Fotoğrafçılık",,En Son Babalar Duyar dizisinin ana çekim mekanlarından biri Vefa ve çevresidir.
661,Seni Kimler Aldı,Dizi,Dram,Sadullah Şentürk (Yönetmen),Yaşar İrvülEfe İrvül (Yapımcı),2017.0,Pastel Film,"Merve Anlağan, Yunus Günçe, Fulya Zenginer, Duygu Yetiş, Serhan Yavaş, Yiğit Kirazcı",218,Kuzguncuk,İstanbul,Üsküdar,41.0912,29.0356,"41.0912, 29.0356",Orta,Açık,"Dizi seti ziyareti, Fotoğrafçılık",,Sihirli Annem dizisinin ana çekim mekanlarından biri Kuzguncuk ve çevresidir.
378,Hayat Sevince Güzel (dizi),Dizi,Komedi,Eray Koçak,Hayri Aslan,2016.0,Limon Film,"Ekin Mert Daymaz, Algı Eke",213,Kemerburgaz,İstanbul,Eyüpsultan,41.0116,29.0697,"41.0116, 29.0697",Yüksek,Açık,"Dizi seti ziyareti, Fotoğrafçılık",,Hercai dizisinin ana çekim mekanlarından biri Kemerburgaz ve çevresidir.
662,Seni Çok Bekledim,Dizi,Dram,Şahin Altuğ (1-6)Yasemin Türkmeli (7-13) (Yönetmen),Özcan Deniz (Yapımcı),2021.0,Skala Yapım DNZ Film,"Özcan Deniz, İrem Helvacıoğlu",209,Kandilli,İstanbul,Üsküdar,41.0374,29.0166,"41.0374, 29.0166",Orta,Açık,"Dizi seti ziyareti, Fotoğrafçılık",,Sihirli Safiye dizisinin ana çekim mekanlarından biri Kandilli ve çevresidir.
639,Rüzgarın Kalbi,Dizi,Romantik,Filiz Gülmez Pakman (Yönetmen),Erol Demir (Yapımcı),2016.0,Filmevi Yapım,"Burak Serdar Şanal, Deniz Baysal",174,Bebek Sahili,İstanbul,Beşiktaş,41.0423,29.0281,"41.0423, 29.0281",Orta,Açık,"Dizi seti ziyareti, Fotoğrafçılık",,Sen Ağlama İstanbul dizisinin ana çekim mekanlarından biri Bebek Sahili ve çevresidir.
34,Akasya Durağı,Dizi,Dram,Bilinmiyor,Bilinmiyor,1994.0,Bilinmiyor,Bilinmiyor,165,Arnavutköy Sahili,İstanbul,Beşiktaş,41.039,29.0686,"41.0390, 29.0686",Yüksek,Açık,"Dizi seti ziyareti, Fotoğrafçılık",,Akasya Durağı dizisinin ana çekim mekanlarından biri Arnavutköy Sahili ve çevresidir.
638,Rüzgarlar (film),Film,Dram,Selim Evci,Selim Evci,2012.0,Evci Film,"Mediha Didem Türemen , Yusuf Nejat Buluz , Rüçhan Çalışkur, Zeynep Gülmez",194,Emirgan Korusu,İstanbul,Sarıyer,41.0417,29.0401,"41.0417, 29.0401",Yüksek,Açık,"Dizi seti ziyareti, Fotoğrafçılık",,Sen Anlat Karadeniz dizisinin ana çekim mekanlarından biri Emirgan Korusu ve çevresidir.
302,Fatmagül'ün Suçu Ne? (dizi),Dizi,Dram,Hilal Saral,Kerem Çatay,2010.0,Ay Yapım,"Beren Saat, Engin Akyürek",218,Kuzguncuk,İstanbul,Üsküdar,41.0912,29.0356,"41.0912, 29.0356",Orta,Açık,"Dizi seti ziyareti, Fotoğrafçılık",,Fırıldak Nuri dizisinin ana çekim mekanlarından biri Kuzguncuk ve çevresidir.
618,"Postacı (film, 1984)",Film,Komedi,Memduh Ün,Memduh Ün,1984.0,Uğur Film,"Kemal Sunal, Fatma Girik, Erdal Özyağcılar, Gülümser Gülhan, İhsan Yüce, Nezahat Tanyeri",169,Balat,İstanbul,Fatih,41.0617,29.0995,"41.0617, 29.0995",Yüksek,Açık,"Dizi seti ziyareti, Fotoğrafçılık",,Ruhumun Aynası dizisinin ana çekim mekanlarından biri Balat ve çevresidir.
78,Avlu,Dizi,Gerilim/Suç,Yüksel Aksu (1-44)Hülya Gezer (2-44)Şafak Bal (2-44) (Yönetmen),Hayri Aslan (Yapımcı),2018.0,Limon Film,"Demet Evgâr, Ceren Moray, Nursel Köse",267,İstiklal Caddesi,İstanbul,Beyoğlu,41.0147,29.0447,"41.0147, 29.0447",Orta,Açık,"Dizi seti ziyareti, Fotoğrafçılık",,Avlu dizisinin ana çekim mekanlarından biri İstiklal Caddesi ve çevresidir.
233,Dayı: Bir Adamın Hikâyesi 2,Film,Aksiyon,Uğur Bayraktar,Uğur Bayraktar,2025.0,"Diopter Film, Ubay Film","Ufuk Bayraktar , Ergül Miray Şahin, Reha Özcan",246,Tarlabaşı,İstanbul,Beyoğlu,41.0326,29.0609,"41.0326, 29.0609",Yüksek,Açık,"Dizi seti ziyareti, Fotoğrafçılık",,Deli Yürek dizisinin ana çekim mekanlarından biri Tarlabaşı ve çevresidir.
395,Hüsnü Bey Amca,Dizi,Komedi,Ülkü Erakalın (Yönetmen),Bülent Özdural (Yapımcı),1994.0,TRT,"Gazanfer Özcan, Gönül Ülkü, Doğu Erkan, Gazanfer Ündüz, Fulya Özcan, Tarık Ündüz",174,Bebek Sahili,İstanbul,Beşiktaş,41.0423,29.0281,"41.0423, 29.0281",Orta,Açık,"Dizi seti ziyareti, Fotoğrafçılık",,Kadın dizisinin ana çekim mekanlarından biri Bebek Sahili ve çevresidir.
4,20 Dakika,Dizi,Aksiyon,Serdar Işık (1-5) Ali Bilgin (6-25) (Yönetmen),Kerem Çatay (Yapımcı),2013.0,Ay Yapım,"Tuba Büyüküstün, İlker Aksum, Fırat Çelik, Bülent Emin Yarar, Müjde Uzman, İpek Bilgin, Ayten Uncuoğlu, Cihat Tamer, Metin Çekmez",176,Belgrad Ormanı,İstanbul,Sarıyer,41.0666,29.0328,"41.0666, 29.0328",Yüksek,Açık,"Dizi seti ziyareti, Fotoğrafçılık",,20 Dakika dizisinin ana çekim mekanlarından biri Belgrad Ormanı ve çevresidir.
505,Kıbrıs: Zafere Doğru,Dizi,Aksiyon,Hakan İnan,Erol Avcı,2021.0,TMC Film,"Ahmet Kural, Serkan Çayoğlu, Pelin Karahan",180,Beykoz Kundura Fabrikası,İstanbul,Beykoz,41.0564,29.0222,"41.0564, 29.0222",Yüksek,Açık,"Dizi seti ziyareti, Fotoğrafçılık",,Kızlar Yurdu dizisinin ana çekim mekanlarından biri Beykoz Kundura Fabrikası ve çevresidir.
492,Kötü Yol,Dizi,Dram,Nisan Akman (Yönetmen),Faruk Turgut (Yapımcı),2012.0,Gold Film,"Cansel Elçin, Şükran Ovalı, İlker Aksum",165,Arnavutköy Sahili,İstanbul,Beşiktaş,41.039,29.0686,"41.0390, 29.0686",Yüksek,Açık,"Dizi seti ziyareti, Fotoğrafçılık",,Küçük Kadınlar dizisinin ana çekim mekanlarından biri Arnavutköy Sahili ve çevresidir.
146,Beni Affet,Dizi,Romantik,Gürsel Ateş,Nilgün Sağyaşar,2011.0,Focus Film,"Nusret Şenay, Ulviye Karaca, Gaye Turgut",259,Çengelköy,İstanbul,Üsküdar,41.0801,29.0511,"41.0801, 29.0511",Yüksek,Açık,"Dizi seti ziyareti, Fotoğrafçılık",,Beni Böyle Sev dizisinin ana çekim mekanlarından biri Çengelköy ve çevresidir.
816,Yeşil Deniz,Dizi,Komedi,Yahya Samancı,Ayfer Özgürel,2014.0,TFT Yapım,"Burak Serdar Şanal, Mert Turak",180,Beykoz Kundura Fabrikası,İstanbul,Beykoz,41.0564,29.0222,"41.0564, 29.0222",Yüksek,Açık,"Dizi seti ziyareti, Fotoğrafçılık",,Zengin Kız Fakir Oğlan dizisinin ana çekim mekanlarından biri Beykoz Kundura Fabrikası ve çevresidir.
33,Aile İşi,Dizi,Komedi,Jale Atabey (Yönetmen),Mehmet Yiğit Alp (Yapımcı),2016.0,NTC Medya,"Ufuk Özkan, Pelin Akil, Hasibe Eren, Gülay Baltacı, Sait Genay, Murat Akkoyunlu, Can Bonomo, Özgür Emre Yıldırım, Osman Wöber",250,Vefa,İstanbul,Fatih,41.0708,29.032,"41.0708, 29.0320",Yüksek,Açık,"Dizi seti ziyareti, Fotoğrafçılık",,Aile İşi dizisinin ana çekim mekanlarından biri Vefa ve çevresidir.
868,Çıplak Vatandaş,Film,Komedi,Başar Sabuncu,Başar Sabuncu,1985.0,Uzman Filmcilik,"Şener Şen, Nilgün Akçaoğlu",180,Beykoz Kundura Fabrikası,İstanbul,Beykoz,41.0564,29.0222,"41.0564, 29.0222",Yüksek,Açık,"Dizi seti ziyareti, Fotoğrafçılık",,İlişki Durumu: Karışık dizisinin ana çekim mekanlarından biri Beykoz Kundura Fabrikası ve çevresidir.
410,Kampüsistan,Dizi,Dram,Uluç Bayraktar (Yönetmen),Abdullah Oğuz (Yapımcı),2006.0,D Productions,"Kaan Urgancıoğlu, Göksun Çam, Burak Altay, Tuğçe Kazaz, İpek Değer, Engin Hepileri, Irmak Ünal, Ekim Mağden, Aylin Kontente, Elif Akşar, İstemihan Tuna",180,Beykoz Kundura Fabrikası,İstanbul,Beykoz,41.0564,29.0222,"41.0564, 29.0222",Yüksek,Açık,"Dizi seti ziyareti, Fotoğrafçılık",,Kara Sevda dizisinin ana çekim mekanlarından biri Beykoz Kundura Fabrikası ve çevresidir.
79,Avrupa Avrupa,Dizi,Dram,Cevriye Demir (Yönetmen),Banu Akdeniz (Yapımcı),2011.0,Mia Yapım,"Tarık Ünlüoğlu, Selen Seyven, Burak Serdar Şanal, Bahar Süer, Zuhal Topal, Şehsuvar Aktaş, Kadir Çöpdemir, Günay Karacaoğlu, Ahmet Saraçoğlu, Durukan Çelikkaya",209,Kandilli,İstanbul,Üsküdar,41.0374,29.0166,"41.0374, 29.0166",Orta,Açık,"Dizi seti ziyareti, Fotoğrafçılık",,Avrupa Avrupa dizisinin ana çekim mekanlarından biri Kandilli ve çevresidir.
534,"Mahkûm (film, 1972)",Film,Gerilim/Suç,Osman F. Seden,Osman F. Seden,1972.0,Kemal Film,"Cüneyt Arkın, Hale Soygazi, Seyyal Taner, Kerem Bozbay",245,Tarabya,İstanbul,Sarıyer,41.06,29.0518,"41.0600, 29.0518",Orta,Açık,"Dizi seti ziyareti, Fotoğrafçılık",,Medcezir dizisinin ana çekim mekanlarından biri Tarabya ve çevresidir.
826,Yüksek Sosyete,Dizi,Komedi,Metin Balekoğlu(1-8. bölüm)Feride Kaytan(8-26. bölüm) (Yönetmen),Burak Sağyaşar (Yapımcı),2016.0,Bi Yapım,"Hazar Ergüçlü, Engin Öztürk, Meriç Aral, Ozan Dolunay, Zuhal Olcay",250,Vefa,İstanbul,Fatih,41.0708,29.032,"41.0708, 29.0320",Yüksek,Açık,"Dizi seti ziyareti, Fotoğrafçılık",,Çalıkuşu dizisinin ana çekim mekanlarından biri Vefa ve çevresidir.
873,Ölü Bir Deniz,Film,Dram,Atıf Yılmaz,Cengiz Ergun,1989.0,Yeşilçam Film,"Türkan Şoray, Rutkay Aziz, Özdemir İnce, Turgay Betil, Tarık Günersel, Dursun Ali Sarıoğlu, Sermin Karaali",180,Beykoz Kundura Fabrikası,İstanbul,Beykoz,41.0564,29.0222,"41.0564, 29.0222",Yüksek,Açık,"Dizi seti ziyareti, Fotoğrafçılık",,İnci Taneleri dizisinin ana çekim mekanlarından biri Beykoz Kundura Fabrikası ve çevresidir.
293,Eşkıya Dünyaya Hükümdar Olmaz,Dizi,Gerilim/Suç,Onur Tan (1-199) Zübeyr Şaşmaz (140-199) Baran Özçaylan (140-199) (Yönetmen),Raci Şaşmaz (1-123) atv İç Yapımlar (124-199) (Yapımcı),2015.0,| kanal = atv (2015-2021),"Oktay Kaynarca, Deniz Çakır, Sanem Çelik, Yunus Emre Yıldırımer, Ozan Akbaba, Tarık Ünlüoğlu, Sabina Toziya, Müjde Uzman, Meryem Uzerli, Turgay Tanülkü, Yalçın Hafızoğlu, Hakan Karsak, Savaş Özdemir, Mesut Akusta, Olgun Şimşek, Mustafa Üstündağ, Hüseyin Avni Danyal, Turgut Tunçalp, Emir Benderlioğlu, Ceren Benderlioğlu, Naz Elmas, Burak Sergen, Ali Sürmeli, Engin Benli, Pelin Akil",194,Emirgan Korusu,İstanbul,Sarıyer,41.0417,29.0401,"41.0417, 29.0401",Yüksek,Açık,"Dizi seti ziyareti, Fotoğrafçılık",,Fazilet Hanım ve Kızları dizisinin ana çekim mekanlarından biri Emirgan Korusu ve çevresidir.
375,Hayat Bazen Tatlıdır,Dizi,Komedi,Hamdi Alkan (Yönetmen),İnci Gündoğduİsmail Gündoğdu (Yapımcı),2016.0,Süreç Film,"Birce Akalay, Ufuk Özkan, Kanbolat Görkem Arslan",250,Vefa,İstanbul,Fatih,41.0708,29.032,"41.0708, 29.0320",Yüksek,Açık,"Dizi seti ziyareti, Fotoğrafçılık",,Hepimiz Birimiz İçin dizisinin ana çekim mekanlarından biri Vefa ve çevresidir.
309,Firar (dizi),Dizi,Aksiyon,Cemal Şan,Ata Türkoğlu,2011.0,Koliba Film,"Caner Cindoruk, Didem Balçın",254,Yeniköy,İstanbul,Sarıyer,41.0301,29.0705,"41.0301, 29.0705",Yüksek,Açık,"Dizi seti ziyareti, Fotoğrafçılık",,Gel Dese Aşk dizisinin ana çekim mekanlarından biri Yeniköy ve çevresidir.
6,49 (film),Film,Aksiyon,Hakan İnan,Mehmet Canpolat,2022.0,CNP Film,"İsmail Hacıoğlu, Hande Doğandemir",84,Kilis Kalesi,Kilis,Merkez,36.7184,37.1212,"36.7184,37.1212",Orta,Açık,Tarihi kale gezisi ve fotoğrafçılık,,Operasyon timinin göreve hazırlandığı aksiyon sahneleri Kilis Kalesi çevresinde geçmektedir.
6,49 (film),Film,Aksiyon,Hakan İnan,Mehmet Canpolat,2022.0,CNP Film,"İsmail Hacıoğlu, Hande Doğandemir",65,Bakırcılar Çarşısı,Gaziantep,Şahinbey,37.0662,37.3833,"37.0662,37.3833",Yüksek,Açık,Gastronomi turu; el sanatları alışverişi; Zeugma Mozaik Müzesi,,Ajan takibinin sürdüğü pazar ve sokak sahneleri Bakırcılar Çarşısı'nda çekilmiştir.
6,49 (film),Film,Aksiyon,Hakan İnan,Mehmet Canpolat,2022.0,CNP Film,"İsmail Hacıoğlu, Hande Doğandemir",183,Beyoğlu,İstanbul,Beyoğlu,41.0335,28.9752,"41.0335,28.9752",Yüksek,Açık,Kafe ve restoranlar; sanat galerileri; tarihi pasajlar,,Filmin açılış ve son sahneleri Beyoğlu sokaklarında geçmektedir.
7,"7 Kocalı Hürmüz (film, 2009)",Film,Komedi,Ezel Akay (Ezop),Sami Dündar,2009.0,5. Boyut Stüdyoları ve Muhteşem Film,"Nurgül Yeşilçay, Gülse Birsel, Haluk Bilginer, Erkan Can, Memet Ali Alabora, Cengiz Küçükayvaz, Sarp Apak, Öner Erkan, Cem Karakaya, Ezel Akay, Müjdat Gezen, Erol Günaydın, Zihni Göktay, Halit Akçatepe, Pınar Çağlar Gençtürk, Betül Arım, Nihal Menzil, Dilek Yorulmaz, Selen Görgüzel, Görkem Ece Ercan, Çetin Sarıkartal, Selahattin Taşdöğen, Aral Seskır, Emrah Bozkurt, Vokaliz",183,Beyoğlu,İstanbul,Beyoğlu,41.0335,28.9752,"41.0335,28.9752",Yüksek,Açık,Kafe ve restoranlar; sanat galerileri; tarihi pasajlar,,Hürmüz'ün kocalarıyla yaşadığı komedi sahnelerinin büyük kısmı Beyoğlu'nda çekilmiştir.
7,"7 Kocalı Hürmüz (film, 2009)",Film,Komedi,Ezel Akay (Ezop),Sami Dündar,2009.0,5. Boyut Stüdyoları ve Muhteşem Film,"Nurgül Yeşilçay, Gülse Birsel, Haluk Bilginer, Erkan Can, Memet Ali Alabora, Cengiz Küçükayvaz, Sarp Apak, Öner Erkan, Cem Karakaya, Ezel Akay, Müjdat Gezen, Erol Günaydın, Zihni Göktay, Halit Akçatepe, Pınar Çağlar Gençtürk, Betül Arım, Nihal Menzil, Dilek Yorulmaz, Selen Görgüzel, Görkem Ece Ercan, Çetin Sarıkartal, Selahattin Taşdöğen, Aral Seskır, Emrah Bozkurt, Vokaliz",201,Galata Köprüsü,İstanbul,Eminönü,41.0167,28.9739,"41.0167,28.9739",Yüksek,Açık,Balık tutma; Altın Boynuz manzarası; yürüyüş,,Kocaların Galata Köprüsü üzerinde karşılaştığı sahne filmde ikonik bir an olarak yer almaktadır.
10,9 Kere Leyla,Film,Komedi,Ezel Akay,Necati Akpınar,2020.0,BKM Film,"Demet Akbağ, Haluk Bilginer, Elçin Sangu, Fırat Tanış, Alican Yücesoy",182,Beykoz Sahili,İstanbul,Beykoz,41.1309,29.0956,"41.1309,29.0956",Orta,Açık,Boğaz yürüyüşü ve piknik,,Karakterlerin boğaz kıyısındaki villa yaşantısı Beykoz Sahili çevresinde çekilmiştir.
10,9 Kere Leyla,Film,Komedi,Ezel Akay,Necati Akpınar,2020.0,BKM Film,"Demet Akbağ, Haluk Bilginer, Elçin Sangu, Fırat Tanış, Alican Yücesoy",206,Kadıköy,İstanbul,Kadıköy,40.9903,29.023,"40.9903,29.0230",Yüksek,Açık,Pazarlar; kafe kültürü; vapur yolculuğu,,Kadıköy'deki pazar ve kafe sahneleri karakterlerin günlük hayatını yansıtmaktadır.
12,Abuzer Kadayıf,Film,Dram,Tunç Başaran,Hüseyin Apaydın,2000.0,dağıtıcı =,"Metin Akpınar, Talat Bulut, Sibel Turnagöl",183,Beyoğlu,İstanbul,Beyoğlu,41.0335,28.9752,"41.0335,28.9752",Yüksek,Açık,Kafe ve restoranlar; sanat galerileri; tarihi pasajlar,,Abuzer'in mahallesindeki genel sokak sahneleri Beyoğlu çevresinde çekilmiştir.
20,Acılar Paylaşılmaz,Film,Dram,Eser Zorlu,Mahmut Tezcan,1989.0,dağıtıcı = Tezcan Film,"Kadir İnanır, Kerem Tunaboylu, Betül Aytaç, Osman Gidişoğlu, Günay Güner, Kaçar Korkmaz",246,Tarlabaşı,İstanbul,Beyoğlu,41.0326,29.0609,"41.0326, 29.0609",Yüksek,Açık,"Dizi seti ziyareti, Fotoğrafçılık",,Tarlabaşı'nın dar sokakları dramın geçtiği temel mekân olarak kullanılmıştır.
22,Ada: Zombilerin Düğünü,Film,Korku,"Talip Ertürk, Murat Emir Eren","Cem Öztüfekçi, Murat Emir Eren, Çiçek Kahraman, Talip Ertürk",2009.0,Beyin Film,"Ozan Ayhan, Esra Ruşan, Onur Buldu, Rüya Önal, Kaan Keskin, Gülüm Baltacıgil, Canan Güven, Biğkem Karavus, Tülay Bekret, Taner Birsel, Cansel Elçin, Nihat İleri, Sırrı Süreyya Önder",189,Büyükada,İstanbul,Adalar,41.011,29.0818,"41.0110, 29.0818",Orta,Açık,"Dizi seti ziyareti, Fotoğrafçılık",,Ada atmosferini yansıtan düğün ve gerilim sahneleri Büyükada'da çekilmiştir.
22,Ada: Zombilerin Düğünü,Film,Korku,"Talip Ertürk, Murat Emir Eren","Cem Öztüfekçi, Murat Emir Eren, Çiçek Kahraman, Talip Ertürk",2009.0,Beyin Film,"Ozan Ayhan, Esra Ruşan, Onur Buldu, Rüya Önal, Kaan Keskin, Gülüm Baltacıgil, Canan Güven, Biğkem Karavus, Tülay Bekret, Taner Birsel, Cansel Elçin, Nihat İleri, Sırrı Süreyya Önder",189,Büyükada,İstanbul,Adalar,41.011,29.0818,"41.0110, 29.0818",Orta,Açık,"Dizi seti ziyareti, Fotoğrafçılık",,Zombi kovalamaca sahneleri Büyükada'nın ıssız köşelerinde geçmektedir.
26,Adını Anmayacağım,Film,Müzikal,Orhan Elmas,Türker İnanoğlu,1971.0,Erler Film,"Hülya Koçyiğit, Cüneyt Arkın, Cihangir Gaffari, Fatma Karanfil, Sedef Ecer, Fatma Karanfil, Nubar Terziyan, Muammer Gözalan, Ali Demir, Mürrüvet İşsever",183,Beyoğlu,İstanbul,Beyoğlu,41.0335,28.9752,"41.0335,28.9752",Yüksek,Açık,Kafe ve restoranlar; sanat galerileri; tarihi pasajlar,,Karakterlerin geçmişiyle yüzleştiği duygusal sahneler Beyoğlu sokaklarında çekilmiştir.
26,Adını Anmayacağım,Film,Müzikal,Orhan Elmas,Türker İnanoğlu,1971.0,Erler Film,"Hülya Koçyiğit, Cüneyt Arkın, Cihangir Gaffari, Fatma Karanfil, Sedef Ecer, Fatma Karanfil, Nubar Terziyan, Muammer Gözalan, Ali Demir, Mürrüvet İşsever",206,Kadıköy,İstanbul,Kadıköy,40.9903,29.023,"40.9903,29.0230",Yüksek,Açık,Pazarlar; kafe kültürü; vapur yolculuğu,,Kadıköy sahnesinde karakterlerin ilk karşılaşması gerçekleşmektedir.
30,"Ah Güzel İstanbul (film, 1966)",Film,Komedi,Atıf Yılmaz,Nusret İkbal,1966.0,Be-Ya Film,"Sadri Alışık, Ayla Algan",241,Sultanahmet Meydanı,İstanbul,Fatih,41.0054,28.9768,"41.0054,28.9768",Yüksek,Açık,Ayasofya; Sultanahmet Camii; Topkapı Sarayı,,1960'lar İstanbul'unu yansıtan açılış sahneleri Sultanahmet Meydanı'nda çekilmiştir.
30,"Ah Güzel İstanbul (film, 1966)",Film,Komedi,Atıf Yılmaz,Nusret İkbal,1966.0,Be-Ya Film,"Sadri Alışık, Ayla Algan",210,Kapalıçarşı,İstanbul,Fatih,41.0107,28.968,"41.0107,28.9680",Yüksek,Açık,Alışveriş; tarihi mimari; altın ve mücevher,,Kapalıçarşı'daki esnaf sahneleri dönemin İstanbul atmosferini aktarmaktadır.
30,"Ah Güzel İstanbul (film, 1966)",Film,Komedi,Atıf Yılmaz,Nusret İkbal,1966.0,Be-Ya Film,"Sadri Alışık, Ayla Algan",201,Galata Köprüsü,İstanbul,Eminönü,41.0167,28.9739,"41.0167,28.9739",Yüksek,Açık,Balık tutma; Altın Boynuz manzarası; yürüyüş,,Galata Köprüsü üzerinde geçen sahne filmin en tanınan karelerinden biridir.
32,Aile Arasında,Film,Komedi,Ozan Açıktan,Necati Akpınar,2017.0,BKM Film,"Engin Günaydın, Demet Evgar",183,Beyoğlu,İstanbul,Beyoğlu,41.0335,28.9752,"41.0335,28.9752",Yüksek,Açık,Kafe ve restoranlar; sanat galerileri; tarihi pasajlar,,Ailenin birlikte vakit geçirdiği dış mekan sahneleri Beyoğlu'nda çekilmiştir.
32,Aile Arasında,Film,Komedi,Ozan Açıktan,Necati Akpınar,2017.0,BKM Film,"Engin Günaydın, Demet Evgar",206,Kadıköy,İstanbul,Kadıköy,40.9903,29.023,"40.9903,29.0230",Yüksek,Açık,Pazarlar; kafe kültürü; vapur yolculuğu,,Kadıköy'deki sahil sahneleri aile birlikteliğini ön plana çıkarmaktadır.
40,Alamancının Karısı,Film,Dram,Orhan Elmas,Sezer İnanoğlu,1987.0,dağıtıcı =,"Hülya Avşar, Korhan Abay",183,Beyoğlu,İstanbul,Beyoğlu,41.0335,28.9752,"41.0335,28.9752",Yüksek,Açık,Kafe ve restoranlar; sanat galerileri; tarihi pasajlar,,Yurda dönen kadının şehirle yeniden buluşmasını anlatan sahneler Beyoğlu'nda çekilmiştir.
40,Alamancının Karısı,Film,Dram,Orhan Elmas,Sezer İnanoğlu,1987.0,dağıtıcı =,"Hülya Avşar, Korhan Abay",197,Fatih,İstanbul,Fatih,41.0186,28.9397,"41.0186,28.9397",Orta,Açık,Tarihi camiler; Kapalıçarşı yakını; yerel pazar,,Fatih'teki mahalle dokusu karakterin köken sahneleri için kullanılmıştır.
45,"Ali Baba ve Kırk Haramiler (film, 1971)",Film,Fantastik,O. Nuri Ergün,"Berker İnanoğlu{{,}} Hulki Saner",1971.0,Er Film,"Sadri Alışık{{,}} Feri Cansel{{,}} Yusuf Sezgin",241,Sultanahmet Meydanı,İstanbul,Fatih,41.0054,28.9768,"41.0054,28.9768",Yüksek,Açık,Ayasofya; Sultanahmet Camii; Topkapı Sarayı,,Ali Baba'nın hazineye ulaştığı aksiyon sahneleri Sultanahmet çevresinde çekilmiştir.
45,"Ali Baba ve Kırk Haramiler (film, 1971)",Film,Fantastik,O. Nuri Ergün,"Berker İnanoğlu{{,}} Hulki Saner",1971.0,Er Film,"Sadri Alışık{{,}} Feri Cansel{{,}} Yusuf Sezgin",210,Kapalıçarşı,İstanbul,Fatih,41.0107,28.968,"41.0107,28.9680",Yüksek,Açık,Alışveriş; tarihi mimari; altın ve mücevher,,Kapalıçarşı içindeki kovalamaca sahneleri filmin aksiyon kuşağını oluşturmaktadır.
49,Altın Yumruk İstanbul'da,Film,Aksiyon,Teddy Chan,"Jackie Chan, Raymond Chow",2001.0,Golden Harvest Company Ltd.,"Jackie Chan, Eric Tsang, Vivian Hsu, Wu Hsing-kuo",267,İstiklal Caddesi,İstanbul,Beyoğlu,41.0147,29.0447,"41.0147, 29.0447",Orta,Açık,"Dizi seti ziyareti, Fotoğrafçılık",,Boks maçı sonrası İstiklal Caddesi'nde geçen kutlama sahneleri çekilmiştir.
49,Altın Yumruk İstanbul'da,Film,Aksiyon,Teddy Chan,"Jackie Chan, Raymond Chow",2001.0,Golden Harvest Company Ltd.,"Jackie Chan, Eric Tsang, Vivian Hsu, Wu Hsing-kuo",183,Beyoğlu,İstanbul,Beyoğlu,41.0335,28.9752,"41.0335,28.9752",Yüksek,Açık,Kafe ve restoranlar; sanat galerileri; tarihi pasajlar,,Rakip karakterlerin sokak çatışmaları Beyoğlu genelinde geçmektedir.
52,Aman Doktor (film),Film,Macera,Tony Gatlif,Delphine Mantoulet,2017.0,Bilinmiyor,"{{Madde işaretsiz liste, Daphné Patakia : Djam, Maryne Cayon : Avril, , Simon Abkarian : Kakourgos, , Kimon Kouris : Pano, , Solon Lekkas : Solon, , Eleftheria Komi : Maria, , Yannis Bostantzoglou : Baba, }}",183,Beyoğlu,İstanbul,Beyoğlu,41.0335,28.9752,"41.0335,28.9752",Yüksek,Açık,Kafe ve restoranlar; sanat galerileri; tarihi pasajlar,,Doktorun muayenehanesine gidip geldiği sahneler Beyoğlu çevresinde çekilmiştir.
52,Aman Doktor (film),Film,Macera,Tony Gatlif,Delphine Mantoulet,2017.0,Bilinmiyor,"{{Madde işaretsiz liste, Daphné Patakia : Djam, Maryne Cayon : Avril, , Simon Abkarian : Kakourgos, , Kimon Kouris : Pano, , Solon Lekkas : Solon, , Eleftheria Komi : Maria, , Yannis Bostantzoglou : Baba, }}",263,Üsküdar,İstanbul,Üsküdar,41.0228,29.015,"41.0228,29.0150",Orta,Açık,Kız Kulesi; sahil yürüyüşü; tarihi camiler,,Üsküdar'daki sahne karakterlerin özel hayatına odaklanmaktadır.
56,Anlat İstanbul,Film,Dram,"Ümit Ünal, Kudret Sabancı, Selim Demirdelen, Yücel Yolcu, Ömür Atay",Erol Avcı,2004.0,TMC,"Altan Erkekli, Özgü Namal, Mehmet Günsür, Erkan Can, Azra Akın, Nejat İşler, Vahide Perçin, Şevket Çoruh, Güven Kıraç, İsmail Hacıoğlu, Nurgül Yeşilçay, Erdem Akakçe, İdil Üner, Fikret Kuşkan, Yelda Reynaud",267,İstiklal Caddesi,İstanbul,Beyoğlu,41.0147,29.0447,"41.0147, 29.0447",Orta,Açık,"Dizi seti ziyareti, Fotoğrafçılık",,İstiklal Caddesi boyunca gelişen beş farklı hikayeden birinin ana mekânı bu caddedir.
56,Anlat İstanbul,Film,Dram,"Ümit Ünal, Kudret Sabancı, Selim Demirdelen, Yücel Yolcu, Ömür Atay",Erol Avcı,2004.0,TMC,"Altan Erkekli, Özgü Namal, Mehmet Günsür, Erkan Can, Azra Akın, Nejat İşler, Vahide Perçin, Şevket Çoruh, Güven Kıraç, İsmail Hacıoğlu, Nurgül Yeşilçay, Erdem Akakçe, İdil Üner, Fikret Kuşkan, Yelda Reynaud",169,Balat,İstanbul,Fatih,41.0617,29.0995,"41.0617, 29.0995",Yüksek,Açık,"Dizi seti ziyareti, Fotoğrafçılık",,Balat'taki yıkık apartmanlarda geçen Pamuk Prenses uyarlaması sahneleri burada çekilmiştir.
56,Anlat İstanbul,Film,Dram,"Ümit Ünal, Kudret Sabancı, Selim Demirdelen, Yücel Yolcu, Ömür Atay",Erol Avcı,2004.0,TMC,"Altan Erkekli, Özgü Namal, Mehmet Günsür, Erkan Can, Azra Akın, Nejat İşler, Vahide Perçin, Şevket Çoruh, Güven Kıraç, İsmail Hacıoğlu, Nurgül Yeşilçay, Erdem Akakçe, İdil Üner, Fikret Kuşkan, Yelda Reynaud",206,Kadıköy,İstanbul,Kadıköy,40.9903,29.023,"40.9903,29.0230",Yüksek,Açık,Pazarlar; kafe kültürü; vapur yolculuğu,,Kadıköy'ün kafe ve sokaklarında geçen aşk hikayesi segmenti burada çekilmiştir.
59,Annemin Şarkısı,Film,Dram,Erol Mintaş,"Aslı Erdem, Erol Mintaş",2013.0,dağıtıcı = M3 Film,"Feyyaz Duman, Zübeyde Ronahi, Nesrin Cavadzade, Aziz Çapkurt, Ferit Kaya, Ahmet Cüneyt Yalaz",246,Tarlabaşı,İstanbul,Beyoğlu,41.0326,29.0609,"41.0326, 29.0609",Yüksek,Açık,"Dizi seti ziyareti, Fotoğrafçılık",,Annenin oğluyla birlikte yaşadığı yoksulluk sahneleri Tarlabaşı'nda çekilmiştir.
59,Annemin Şarkısı,Film,Dram,Erol Mintaş,"Aslı Erdem, Erol Mintaş",2013.0,dağıtıcı = M3 Film,"Feyyaz Duman, Zübeyde Ronahi, Nesrin Cavadzade, Aziz Çapkurt, Ferit Kaya, Ahmet Cüneyt Yalaz",195,Esenyurt,İstanbul,Esenyurt,41.0287,28.6724,"41.0287,28.6724",Düşük,Açık,Genel şehir gözlemi,,Esenyurt'taki yeni eve taşınma ve uyum sahneleri burada geçmektedir.
59,Annemin Şarkısı,Film,Dram,Erol Mintaş,"Aslı Erdem, Erol Mintaş",2013.0,dağıtıcı = M3 Film,"Feyyaz Duman, Zübeyde Ronahi, Nesrin Cavadzade, Aziz Çapkurt, Ferit Kaya, Ahmet Cüneyt Yalaz",48,İshak Paşa Sarayı,Ağrı,Doğubayazıt,39.52,44.129,"39.520, 44.129",Çok Yüksek,Müze/Açık,Mimari Fotoğrafçılık,https://gorsel-linki.com/ishakpasa.jpg,Annenin Doğubayazıt'taki köy hayatını anlatan geçmiş sahneleri İshak Paşa Sarayı çevresinde çekilmiştir.
60,Anons,Film,Komedi,Mahmut Fazıl Coşkun,yazar =,2018.0,"Filmotto , Chouchkov Brothers , BKM","Ali Seçkiner Alıcı , Tarhan Karagöz , Murat Kılıç , Şencan Güleryüz",183,Beyoğlu,İstanbul,Beyoğlu,41.0335,28.9752,"41.0335,28.9752",Yüksek,Açık,Kafe ve restoranlar; sanat galerileri; tarihi pasajlar,,Haber odası ve dış mekan brifing sahneleri Beyoğlu'nda çekilmiştir.
60,Anons,Film,Komedi,Mahmut Fazıl Coşkun,yazar =,2018.0,"Filmotto , Chouchkov Brothers , BKM","Ali Seçkiner Alıcı , Tarhan Karagöz , Murat Kılıç , Şencan Güleryüz",238,Sirkeci Garı,İstanbul,Fatih,41.0136,28.9747,"41.0136,28.9747",Yüksek,Açık (müze),Orient Express müzesi; tarihi bina fotoğrafçılığı,,Sirkeci Garı'nda geçen sahne karakterin görev sonrası yorgunluğunu yansıtmaktadır.
63,Arif V 216,Film,Bilim Kurgu,Kıvanç Baruönü,"Muzaffer Yıldırım, Cem Yılmaz",2017.0,"CMYLMZ Fikir Sanat, Nulook Production, UVT-Soho","Cem Yılmaz, Ozan Güven, Seda Bakan, Zafer Algöz, Özkan Uğur",238,Sirkeci Garı,İstanbul,Fatih,41.0136,28.9747,"41.0136,28.9747",Yüksek,Açık (müze),Orient Express müzesi; tarihi bina fotoğrafçılığı,,Arif'in zaman yolculuğuyla çıktığı serüvenin açılış sahneleri Sirkeci Garı'nda geçmektedir.
63,Arif V 216,Film,Bilim Kurgu,Kıvanç Baruönü,"Muzaffer Yıldırım, Cem Yılmaz",2017.0,"CMYLMZ Fikir Sanat, Nulook Production, UVT-Soho","Cem Yılmaz, Ozan Güven, Seda Bakan, Zafer Algöz, Özkan Uğur",189,Büyükada,İstanbul,Adalar,41.011,29.0818,"41.0110, 29.0818",Orta,Açık,"Dizi seti ziyareti, Fotoğrafçılık",,Büyükada'daki köşk sahneleri filmin gerilim odağını oluşturmaktadır.
63,Arif V 216,Film,Bilim Kurgu,Kıvanç Baruönü,"Muzaffer Yıldırım, Cem Yılmaz",2017.0,"CMYLMZ Fikir Sanat, Nulook Production, UVT-Soho","Cem Yılmaz, Ozan Güven, Seda Bakan, Zafer Algöz, Özkan Uğur",255,Yeniköy Sahili,İstanbul,Sarıyer,41.1203,29.0583,"41.1203,29.0583",Orta,Açık,Boğaz kıyısı yürüyüşü; balık restoranları,,Yeniköy Sahili'nde geçen sahne Arif ile rakibinin son karşılaşmasını içermektedir.
68,Arkadaşım,Film,Dram,Nazmi Özer,Nazmi Özer,1982.0,Emek Film,"Tarık Akan, Fikret Hakan, Neşe Aksoy, Turgut Özatay, Zafer Önen, Dursun Ali Sarıoğlu, Kadir Savun",206,Kadıköy,İstanbul,Kadıköy,40.9903,29.023,"40.9903,29.0230",Yüksek,Açık,Pazarlar; kafe kültürü; vapur yolculuğu,,Arkadaşlık ilişkisinin kurulduğu kafe ve sokak sahneleri Kadıköy'de çekilmiştir.
68,Arkadaşım,Film,Dram,Nazmi Özer,Nazmi Özer,1982.0,Emek Film,"Tarık Akan, Fikret Hakan, Neşe Aksoy, Turgut Özatay, Zafer Önen, Dursun Ali Sarıoğlu, Kadir Savun",183,Beyoğlu,İstanbul,Beyoğlu,41.0335,28.9752,"41.0335,28.9752",Yüksek,Açık,Kafe ve restoranlar; sanat galerileri; tarihi pasajlar,,Karakterlerin şehirdeki buluşma sahneleri Beyoğlu genelinde geçmektedir.
69,Arkadaşım Şeytan,Film,Fantastik,Atıf Yılmaz Batıbeki,Cengiz Ergun,1988.0,Odak Film,"Mazhar Alanson, Ali Poyrazoğlu, Yaprak Özdemiroğlu, Özkan Uğur, Ayhan Sicimoğlu, Bülent Kayabaş, Deniz Türkali",183,Beyoğlu,İstanbul,Beyoğlu,41.0335,28.9752,"41.0335,28.9752",Yüksek,Açık,Kafe ve restoranlar; sanat galerileri; tarihi pasajlar,,Şeytan ile genç karakterin İstanbul'u gezdiği komedi sahneleri Beyoğlu'nda çekilmiştir.
69,Arkadaşım Şeytan,Film,Fantastik,Atıf Yılmaz Batıbeki,Cengiz Ergun,1988.0,Odak Film,"Mazhar Alanson, Ali Poyrazoğlu, Yaprak Özdemiroğlu, Özkan Uğur, Ayhan Sicimoğlu, Bülent Kayabaş, Deniz Türkali",267,İstiklal Caddesi,İstanbul,Beyoğlu,41.0147,29.0447,"41.0147, 29.0447",Orta,Açık,"Dizi seti ziyareti, Fotoğrafçılık",,İstiklal Caddesi kalabalığında geçen kovalamaca sahnesi filmin en eğlenceli bölümlerinden biridir.
74,Asmalı Konak: Hayat,Film,Romantik,"Çağan Irmak, Abdullah Oğuz","Abdullah Oğuz, Diloy Gülün",2003.0,Warner Bros.,"Özcan Deniz, Nurgül Yeşilçay, Selda Alkor, Efsun Alper, Burak Altay, Ege Aydan",135,Mustafapaşa Köyü,Nevşehir,Ürgüp,38.584,34.897,"38.584, 34.897",Orta,Açık,Kültür Gezisi,https://gorsel-linki.com/mustafapasa.jpg,Asmalı Konak'ın bağ evi ve çevresindeki tüm dış mekan sahneleri Mustafapaşa Köyü'nde çekilmiştir.
74,Asmalı Konak: Hayat,Film,Romantik,"Çağan Irmak, Abdullah Oğuz","Abdullah Oğuz, Diloy Gülün",2003.0,Warner Bros.,"Özcan Deniz, Nurgül Yeşilçay, Selda Alkor, Efsun Alper, Burak Altay, Ege Aydan",142,New York Şehir Merkezi,New York,Manhattan,40.7128,-74.006,"40.7128,-74.0060",Yüksek,Açık,Turistik geziler,,Karakterin hastaneye kaldırıldığı ve iyileşme sahneleri New York'ta geçmektedir.
111,Aşık Oldum,Film,Komedi,Ertem Eğilmez,"Sungur Esen, İbrahim Mertoğlu",1985.0,dağıtıcı =,"Şener Şen, Şehnaz Dilan, Nevra Serezli, Ayşen Gruda, Erdal Özyağcılar, Savaş Dinçel, Uğur Yücel, Necati Bilgiç",183,Beyoğlu,İstanbul,Beyoğlu,41.0335,28.9752,"41.0335,28.9752",Yüksek,Açık,Kafe ve restoranlar; sanat galerileri; tarihi pasajlar,,İlk tanışma ve romantik buluşma sahneleri Beyoğlu'nda çekilmiştir.
111,Aşık Oldum,Film,Komedi,Ertem Eğilmez,"Sungur Esen, İbrahim Mertoğlu",1985.0,dağıtıcı =,"Şener Şen, Şehnaz Dilan, Nevra Serezli, Ayşen Gruda, Erdal Özyağcılar, Savaş Dinçel, Uğur Yücel, Necati Bilgiç",206,Kadıköy,İstanbul,Kadıköy,40.9903,29.023,"40.9903,29.0230",Yüksek,Açık,Pazarlar; kafe kültürü; vapur yolculuğu,,Kadıköy sahil yürüyüşü sahnesi çiftin yakınlaşmasını anlatan duygusal bir sekans içermektedir.
96,Aşk Geliyorum Demez,Film,Komedi,Murat Şeker,"Murat Şeker, Timur Savcı, Sugarworkz, Tims Productions",2009.0,Tim s Productions,"Bergüzar Korel, Tolgahan Sayışman, Zeki Alasya, Altan Erkekli, Sarp Apak, Altan Gördüm, Ömür Arpacı, Müfit Aytekin, Hakan Bilgin, Yılmaz Gruda, Kemal İnci, Yosi Mizrahi",183,Beyoğlu,İstanbul,Beyoğlu,41.0335,28.9752,"41.0335,28.9752",Yüksek,Açık,Kafe ve restoranlar; sanat galerileri; tarihi pasajlar,,Karakterlerin sürpriz karşılaşmaları Beyoğlu sokaklarında gerçekleşmektedir.
96,Aşk Geliyorum Demez,Film,Komedi,Murat Şeker,"Murat Şeker, Timur Savcı, Sugarworkz, Tims Productions",2009.0,Tim s Productions,"Bergüzar Korel, Tolgahan Sayışman, Zeki Alasya, Altan Erkekli, Sarp Apak, Altan Gördüm, Ömür Arpacı, Müfit Aytekin, Hakan Bilgin, Yılmaz Gruda, Kemal İnci, Yosi Mizrahi",189,Büyükada,İstanbul,Adalar,41.011,29.0818,"41.0110, 29.0818",Orta,Açık,"Dizi seti ziyareti, Fotoğrafçılık",,Balat'ın renkli sokaklarında geçen sahne filmin görsel kimliğini güçlendirmektedir.
98,Aşk Nöbeti,Film,Romantik,"Mohsen Makhmalbaf, yapımcı=Abbas Randjbar, yazar=Mohsen Makhmalbaf, oyuncular=Shiva Gered, Abdurrahman Palay, Menderes Samancilar, Aken Tunj, türü=Dram-Romantik, çıkış=1990 (İran), 7 Eylül 2001 (Türkiye), süre=75 dakika, ülke=İran-Türkiye, dil=Farsça-Türkçe","Abbas Randjbar, yazar=Mohsen Makhmalbaf, oyuncular=Shiva Gered, Abdurrahman Palay, Menderes Samancilar, Aken Tunj, türü=Dram-Romantik, çıkış=1990 (İran), 7 Eylül 2001 (Türkiye), süre=75 dakika, ülke=İran-Türkiye, dil=Farsça-Türkçe",1990.0,Bilinmiyor,"Shiva Gered, Abdurrahman Palay, Menderes Samancilar, Aken Tunj, türü=Dram-Romantik, çıkış=1990 (İran), 7 Eylül 2001 (Türkiye), süre=75 dakika, ülke=İran-Türkiye, dil=Farsça-Türkçe",22,Kuğulu Park,Ankara,Çankaya,39.9022,32.8597,"39.9022,32.8597",Orta,Açık,Yürüyüş; piknik; kuğu izleme,,Kuğulu Park'taki buluşma sahnesi iki karakter arasındaki ilk romantik anı oluşturmaktadır.
98,Aşk Nöbeti,Film,Romantik,"Mohsen Makhmalbaf, yapımcı=Abbas Randjbar, yazar=Mohsen Makhmalbaf, oyuncular=Shiva Gered, Abdurrahman Palay, Menderes Samancilar, Aken Tunj, türü=Dram-Romantik, çıkış=1990 (İran), 7 Eylül 2001 (Türkiye), süre=75 dakika, ülke=İran-Türkiye, dil=Farsça-Türkçe","Abbas Randjbar, yazar=Mohsen Makhmalbaf, oyuncular=Shiva Gered, Abdurrahman Palay, Menderes Samancilar, Aken Tunj, türü=Dram-Romantik, çıkış=1990 (İran), 7 Eylül 2001 (Türkiye), süre=75 dakika, ülke=İran-Türkiye, dil=Farsça-Türkçe",1990.0,Bilinmiyor,"Shiva Gered, Abdurrahman Palay, Menderes Samancilar, Aken Tunj, türü=Dram-Romantik, çıkış=1990 (İran), 7 Eylül 2001 (Türkiye), süre=75 dakika, ülke=İran-Türkiye, dil=Farsça-Türkçe",15,Ankara Garı,Ankara,Altındağ,39.9312,32.8559,"39.9312,32.8559",Orta,Açık (müze),Tarihi tren garı gezisi; fotoğrafçılık,,Ankara Garı'nda geçen veda sahnesi filmin duygusal doruk noktasını oluşturmaktadır.
98,Aşk Nöbeti,Film,Romantik,"Mohsen Makhmalbaf, yapımcı=Abbas Randjbar, yazar=Mohsen Makhmalbaf, oyuncular=Shiva Gered, Abdurrahman Palay, Menderes Samancilar, Aken Tunj, türü=Dram-Romantik, çıkış=1990 (İran), 7 Eylül 2001 (Türkiye), süre=75 dakika, ülke=İran-Türkiye, dil=Farsça-Türkçe","Abbas Randjbar, yazar=Mohsen Makhmalbaf, oyuncular=Shiva Gered, Abdurrahman Palay, Menderes Samancilar, Aken Tunj, türü=Dram-Romantik, çıkış=1990 (İran), 7 Eylül 2001 (Türkiye), süre=75 dakika, ülke=İran-Türkiye, dil=Farsça-Türkçe",1990.0,Bilinmiyor,"Shiva Gered, Abdurrahman Palay, Menderes Samancilar, Aken Tunj, türü=Dram-Romantik, çıkış=1990 (İran), 7 Eylül 2001 (Türkiye), süre=75 dakika, ülke=İran-Türkiye, dil=Farsça-Türkçe",183,Beyoğlu,İstanbul,Beyoğlu,41.0335,28.9752,"41.0335,28.9752",Yüksek,Açık,Kafe ve restoranlar; sanat galerileri; tarihi pasajlar,,İstanbul'daki hastane koridoru sahneleri Beyoğlu yakınlarındaki bir lokasyonda çekilmiştir.
99,Aşk Tesadüfleri Sever (film),Film,Romantik,Ömer Faruk Sorak,Oğuz Peri,2011.0,Böcek Yapım,"Mehmet Günsür, Belçim Bilgin, Altan Erkekli",22,Kuğulu Park,Ankara,Çankaya,39.9022,32.8597,"39.9022,32.8597",Orta,Açık,Yürüyüş; piknik; kuğu izleme,,Kuğulu Park sahnesi Ömer'in Ankara'da arkadaşlarıyla buluştuğu yeri yansıtmaktadır.
99,Aşk Tesadüfleri Sever (film),Film,Romantik,Ömer Faruk Sorak,Oğuz Peri,2011.0,Böcek Yapım,"Mehmet Günsür, Belçim Bilgin, Altan Erkekli",15,Ankara Garı,Ankara,Altındağ,39.9312,32.8559,"39.9312,32.8559",Orta,Açık (müze),Tarihi tren garı gezisi; fotoğrafçılık,,Ankara Garı'nda geçen sahne karakterlerin vedalaşma anını dramatik biçimde çerçeveler.
99,Aşk Tesadüfleri Sever (film),Film,Romantik,Ömer Faruk Sorak,Oğuz Peri,2011.0,Böcek Yapım,"Mehmet Günsür, Belçim Bilgin, Altan Erkekli",17,Esenboğa Havalimanı,Ankara,Akyurt,40.1281,32.9956,"40.1281,32.9956",Düşük,Açık,Ulaşım noktası,,Esenboğa Havalimanı'nda geçen sahne karakterlerden birinin şehre dönüş anını içermektedir.
75,Ateş Böceği (film),Film,Komedi,Osman Fahir Seden,İrfan Ünal,1975.0,Akün Film,"Tarık Akan, Necla Nazır, Hulusi Kentmen",183,Beyoğlu,İstanbul,Beyoğlu,41.0335,28.9752,"41.0335,28.9752",Yüksek,Açık,Kafe ve restoranlar; sanat galerileri; tarihi pasajlar,,Genç çiftin ilk karşılaştığı kafenin bulunduğu Beyoğlu sahneleri filmde öne çıkmaktadır.
75,Ateş Böceği (film),Film,Komedi,Osman Fahir Seden,İrfan Ünal,1975.0,Akün Film,"Tarık Akan, Necla Nazır, Hulusi Kentmen",263,Üsküdar,İstanbul,Üsküdar,41.0228,29.015,"41.0228,29.0150",Orta,Açık,Kız Kulesi; sahil yürüyüşü; tarihi camiler,,Üsküdar'daki sahil sahnesi çiftin romantik yürüyüşünü konu almaktadır.
77,Av Mevsimi,Film,Gerilim/Suç,Yavuz Turgul,"Murat Akdilek, Jeffi Medina",2009.0,"Fida Film, Profilm, Pana Film","Şener Şen, Cem Yılmaz, Çetin Tekindor, Melisa Sözen, Okan Yalabık",212,Karaköy,İstanbul,Beyoğlu,41.0425,29.0482,"41.0425, 29.0482",Yüksek,Açık,"Dizi seti ziyareti, Fotoğrafçılık",,Karaköy'deki sahne cinayetin ipuçlarının takip edildiği kilit anları içermektedir.
77,Av Mevsimi,Film,Gerilim/Suç,Yavuz Turgul,"Murat Akdilek, Jeffi Medina",2009.0,"Fida Film, Profilm, Pana Film","Şener Şen, Cem Yılmaz, Çetin Tekindor, Melisa Sözen, Okan Yalabık",191,Cihangir,İstanbul,Beyoğlu,41.0569,29.0471,"41.0569, 29.0471",Yüksek,Açık,"Dizi seti ziyareti, Fotoğrafçılık",,Cihangir'in dar sokaklarında geçen sahne polisin şüpheliyi kovaladığı gerilim anlarını içermektedir.
77,Av Mevsimi,Film,Gerilim/Suç,Yavuz Turgul,"Murat Akdilek, Jeffi Medina",2009.0,"Fida Film, Profilm, Pana Film","Şener Şen, Cem Yılmaz, Çetin Tekindor, Melisa Sözen, Okan Yalabık",182,Beykoz Sahili,İstanbul,Beykoz,41.1309,29.0956,"41.1309,29.0956",Orta,Açık,Boğaz yürüyüşü ve piknik,,Beykoz'da çekilen bataklık sahnesi filmin en dramatik ve akılda kalıcı sekansını oluşturmaktadır.
81,Ay Lav Yu,Film,Komedi,Sermiyan Midyat,"Sinan Çetin, Gülşah Ünder, Ebru Yalçın",2009.0,Plato Film,"Sermiyan Midyat, Steve Guttenberg, Mariel Hemingway, Katie Gill, Josh Folan, Fadik Sevin Atasoy, Meray Ülgen",183,Beyoğlu,İstanbul,Beyoğlu,41.0335,28.9752,"41.0335,28.9752",Yüksek,Açık,Kafe ve restoranlar; sanat galerileri; tarihi pasajlar,,Yabancı karakterin İstanbul'u keşfettiği komedi sahneleri Beyoğlu'nda çekilmiştir.
81,Ay Lav Yu,Film,Komedi,Sermiyan Midyat,"Sinan Çetin, Gülşah Ünder, Ebru Yalçın",2009.0,Plato Film,"Sermiyan Midyat, Steve Guttenberg, Mariel Hemingway, Katie Gill, Josh Folan, Fadik Sevin Atasoy, Meray Ülgen",267,İstiklal Caddesi,İstanbul,Beyoğlu,41.0147,29.0447,"41.0147, 29.0447",Orta,Açık,"Dizi seti ziyareti, Fotoğrafçılık",,İstiklal Caddesi'nde geçen kalabalık sahne kültür çatışmasını mizahi biçimde yansıtmaktadır.
86,"Ayrılık (film, 2010)",Film,Dram,Feo Aladağ,senarist = Feo Aladağ,2010.0,dağıtıcı =,"Sibel Kekilli, Ufuk Bayraktar",183,Beyoğlu,İstanbul,Beyoğlu,41.0335,28.9752,"41.0335,28.9752",Yüksek,Açık,Kafe ve restoranlar; sanat galerileri; tarihi pasajlar,,Ayrılık sürecinin işlendiği şehir sahneleri Beyoğlu'nda çekilmiştir.
86,"Ayrılık (film, 2010)",Film,Dram,Feo Aladağ,senarist = Feo Aladağ,2010.0,dağıtıcı =,"Sibel Kekilli, Ufuk Bayraktar",206,Kadıköy,İstanbul,Kadıköy,40.9903,29.023,"40.9903,29.0230",Yüksek,Açık,Pazarlar; kafe kültürü; vapur yolculuğu,,Kadıköy'deki sahne karakterlerin son buluşmasını ve vedalaşmasını aktarmaktadır.
89,Azizler (film),Film,Komedi,Taylan Biraderler,"Taylan Biraderler, Müge Kolat",2019.0,Imaj International,"{{Yalın liste, , * Engin Günaydın, * Haluk Bilginer, * Binnur Kaya, * Öner Erkan, * İrem Sak, * Fatih Artman, * Gülçin Santırcıoğlu, * İlker Aksum, * Hülya Duyar, * Göktuğ Yıldırım, * Helin Kandemir",186,Beyoğlu'nun Arka Sokakları,İstanbul,Beyoğlu,41.031,28.9745,"41.0310,28.9745",Orta,Açık,Tarihi pasajlar; kafe kültürü; sokak sanatı,,Beyoğlu'nun arka sokaklarındaki sahne karakterlerin geçmişe yolculuğunu çerçeveler.
89,Azizler (film),Film,Komedi,Taylan Biraderler,"Taylan Biraderler, Müge Kolat",2019.0,Imaj International,"{{Yalın liste, , * Engin Günaydın, * Haluk Bilginer, * Binnur Kaya, * Öner Erkan, * İrem Sak, * Fatih Artman, * Gülçin Santırcıoğlu, * İlker Aksum, * Hülya Duyar, * Göktuğ Yıldırım, * Helin Kandemir",191,Cihangir,İstanbul,Beyoğlu,41.0569,29.0471,"41.0569, 29.0471",Yüksek,Açık,"Dizi seti ziyareti, Fotoğrafçılık",,Cihangir'deki apartman sahnesi ailenin mahalle ilişkilerini gözler önüne sermektedir.
114,Baba Bizi Eversene,Film,Komedi,Oksal Pekmezoğlu,Hürrem Erman,1975.0,Erman Film,"Barış Manço, Meral Zeren, Hulusi Kentmen",183,Beyoğlu,İstanbul,Beyoğlu,41.0335,28.9752,"41.0335,28.9752",Yüksek,Açık,Kafe ve restoranlar; sanat galerileri; tarihi pasajlar,,Baba ve oğlunun birlikte dolaştığı İstanbul sahneleri Beyoğlu çevresinde çekilmiştir.
114,Baba Bizi Eversene,Film,Komedi,Oksal Pekmezoğlu,Hürrem Erman,1975.0,Erman Film,"Barış Manço, Meral Zeren, Hulusi Kentmen",197,Fatih,İstanbul,Fatih,41.0186,28.9397,"41.0186,28.9397",Orta,Açık,Tarihi camiler; Kapalıçarşı yakını; yerel pazar,,Fatih'teki mahalle sahneleri dönemin İstanbul dokusunu aktarmaktadır.
120,Babam ve Oğlum,Film,Dram,Çağan Irmak,Şükrü Avşar,2005.0,Avşar Film,"Çetin Tekindor, Fikret Kuşkan, Hümeyra",290,Seferihisar,İzmir,Seferihisar,38.1969,26.838,"38.1969,26.8380",Yüksek,Açık,Yavaş şehir deneyimi; organik pazar; tarihi dokular,,Seferihisar'ın sokak ve meydanlarında geçen sahneler filmin taşra atmosferini oluşturmaktadır.
120,Babam ve Oğlum,Film,Dram,Çağan Irmak,Şükrü Avşar,2005.0,Avşar Film,"Çetin Tekindor, Fikret Kuşkan, Hümeyra",49,Ayvalık,Balıkesir,Ayvalık,39.3212,26.6965,"39.3212,26.6965",Yüksek,Açık,Ada gezisi; Rum mimarisi; zeytinyağı tadımı; sahil yürüyüşü,,Ayvalık'taki eski Rum evi sahneleri Hüseyin Efendi'nin çiftliği olarak kullanılmıştır.
120,Babam ve Oğlum,Film,Dram,Çağan Irmak,Şükrü Avşar,2005.0,Avşar Film,"Çetin Tekindor, Fikret Kuşkan, Hümeyra",183,Beyoğlu,İstanbul,Beyoğlu,41.0335,28.9752,"41.0335,28.9752",Yüksek,Açık,Kafe ve restoranlar; sanat galerileri; tarihi pasajlar,,İstanbul'daki sokak ve şehir sahneleri Sadık'ın gençliğindeki siyasi dönemi yansıtmaktadır.
127,Bandırma Füze Kulübü (film),Film,Dram,Ömer Faruk Sorak,Mustafa Uslu,2021.0,Dijital Sanatlar,"Alina Boz, Deniz Can Aktaş, Erkan Kolçak Köstendil",180,Beykoz Kundura Fabrikası,İstanbul,Beykoz,41.0564,29.0222,"41.0564, 29.0222",Yüksek,Açık,"Dizi seti ziyareti, Fotoğrafçılık",,Beykoz Kundura Fabrikası'nda kurulan 1950'ler Bandırma seti filmin büyük bölümünde kullanılmıştır.
127,Bandırma Füze Kulübü (film),Film,Dram,Ömer Faruk Sorak,Mustafa Uslu,2021.0,Dijital Sanatlar,"Alina Boz, Deniz Can Aktaş, Erkan Kolçak Köstendil",50,Bandırma,Balıkesir,Bandırma,40.3505,27.9762,"40.3505,27.9762",Orta,Açık,Tarihi çarşı; Erdek ve Marmara Adası'na feribot,,Bandırma'da çekilen dış sahneler hikayenin geçtiği şehrin özgün atmosferini aktarmaktadır.
127,Bandırma Füze Kulübü (film),Film,Dram,Ömer Faruk Sorak,Mustafa Uslu,2021.0,Dijital Sanatlar,"Alina Boz, Deniz Can Aktaş, Erkan Kolçak Köstendil",57,Mudanya,Bursa,Mudanya,40.3743,28.8839,"40.3743,28.8839",Orta,Açık,Tarihi Rum evleri; sahil yürüyüşü; Mudanya Mütarekesi müzesi,,Mudanya'daki sokak çekimleri dönemin kasaba görünümünü yeniden hayata geçirmiştir.
128,Banker Bilo,Film,Komedi,Ertem Eğilmez,Nahit Ataman,1980.0,Arzu Film,"İlyas Salman, Meral Zeren, Şener Şen, Ahu Tuğba, Münir Özkul, Ali Şen, Nizam Ergüden",183,Beyoğlu,İstanbul,Beyoğlu,41.0335,28.9752,"41.0335,28.9752",Yüksek,Açık,Kafe ve restoranlar; sanat galerileri; tarihi pasajlar,,Bilo'nun İstanbul'da maceraya atıldığı komedi sahneleri Beyoğlu çevresinde çekilmiştir.
128,Banker Bilo,Film,Komedi,Ertem Eğilmez,Nahit Ataman,1980.0,Arzu Film,"İlyas Salman, Meral Zeren, Şener Şen, Ahu Tuğba, Münir Özkul, Ali Şen, Nizam Ergüden",267,İstiklal Caddesi,İstanbul,Beyoğlu,41.0147,29.0447,"41.0147, 29.0447",Orta,Açık,"Dizi seti ziyareti, Fotoğrafçılık",,İstiklal Caddesi'nde geçen kalabalık sahne Bilo'nun şehirle çatışmasını konu almaktadır.
131,Barda,Film,Dram,Serdar Akar,"Serdar Akar, Güner Koralı, Alev Gezer",2007.0,"Filmakar, Öger Prodüksiyon, Markasokak","Nejat İşler, Hakan Boyav, Serdar Orçin, Erdal Beşikçioğlu, Volga Sorgu, Eray Özbal",180,Beykoz Kundura Fabrikası,İstanbul,Beykoz,41.0564,29.0222,"41.0564, 29.0222",Yüksek,Açık,"Dizi seti ziyareti, Fotoğrafçılık",,Film tamamen Beykoz'daki eski Sümerbank Ayakkabı Fabrikası'nda kurulan bar setinde çekilmiştir.
131,Barda,Film,Dram,Serdar Akar,"Serdar Akar, Güner Koralı, Alev Gezer",2007.0,"Filmakar, Öger Prodüksiyon, Markasokak","Nejat İşler, Hakan Boyav, Serdar Orçin, Erdal Beşikçioğlu, Volga Sorgu, Eray Özbal",191,Cihangir,İstanbul,Beyoğlu,41.0569,29.0471,"41.0569, 29.0471",Yüksek,Açık,"Dizi seti ziyareti, Fotoğrafçılık",,Cihangir sokak sahneleri gençlerin eve dönüş güzergahını kısa bir sekansla aktarmaktadır.
138,Behzat Ç. Seni Kalbime Gömdüm,Film,Gerilim/Suç,Serdar Akar,Tarkan Karlıdağ,2011.0,Adam Film,"Erdal Beşikçioğlu, Canan Ergüder, Cansu Dere",183,Beyoğlu,İstanbul,Beyoğlu,41.0335,28.9752,"41.0335,28.9752",Yüksek,Açık,Kafe ve restoranlar; sanat galerileri; tarihi pasajlar,,Bekçinin semtini koruduğu komedi sahneleri Beyoğlu genelindeki sokak çekimlerinde geçmektedir.
138,Behzat Ç. Seni Kalbime Gömdüm,Film,Gerilim/Suç,Serdar Akar,Tarkan Karlıdağ,2011.0,Adam Film,"Erdal Beşikçioğlu, Canan Ergüder, Cansu Dere",197,Fatih,İstanbul,Fatih,41.0186,28.9397,"41.0186,28.9397",Orta,Açık,Tarihi camiler; Kapalıçarşı yakını; yerel pazar,,Fatih'teki mahalle sahneleri bekçinin esnafla kurduğu ilişkiyi yansıtmaktadır.
624,Rauf (film),Film,Dram,Barış Kaya,Bilinmiyor,2016.0,Aslanyürek Film,Alen Hüseyin Gürsoy,183,Beyoğlu,İstanbul,Beyoğlu,41.0335,28.9752,"41.0335,28.9752",Yüksek,Açık,Kafe ve restoranlar; sanat galerileri; tarihi pasajlar,,Karakterin kimlik arayışını anlatan şehir sahneleri Beyoğlu'nda çekilmiştir.
153,Benim Tatlı Yalanım,Dizi,Komedi,Barış Erçetin (Yönetmen),Onur Güvenatam (Yapımcı),2019.0,O3 Medya,"Furkan Palalı, Aslı Bekiroğlu, Lavinya Ünlüer",183,Beyoğlu,İstanbul,Beyoğlu,41.0335,28.9752,"41.0335,28.9752",Yüksek,Açık,Kafe ve restoranlar; sanat galerileri; tarihi pasajlar,,LİSTAG aileleriyle gerçekleştirilen mahalle sahneleri Beyoğlu'nda yer almaktadır.
153,Benim Tatlı Yalanım,Dizi,Komedi,Barış Erçetin (Yönetmen),Onur Güvenatam (Yapımcı),2019.0,O3 Medya,"Furkan Palalı, Aslı Bekiroğlu, Lavinya Ünlüer",206,Kadıköy,İstanbul,Kadıköy,40.9903,29.023,"40.9903,29.0230",Yüksek,Açık,Pazarlar; kafe kültürü; vapur yolculuğu,,Kadıköy'deki sahne ebeveynlerin çocuklarıyla günlük hayatını yansıtan belgesel tarzı anlara ev sahipliği yapmıştır.
155,Benim İçin Üzülme (dizi),Dizi,Dram,Serkan Birinci,Murat Tokat,2012.0,Boyut Film,"Fulya Zenginer, Tansel Öngel",20,Feyman Kulüp (Ankara Kavaklıdere),Ankara,Çankaya,39.9015,32.8567,"39.9015,32.8567",Düşük,Kapalı (özel mekan),Ankara eğlence tarihi,,Ankara Feyman Kulüp sahnesi Bergen'in sahneye ilk çıkışını ve keşfedilmesini aktarmaktadır.
155,Benim İçin Üzülme (dizi),Dizi,Dram,Serkan Birinci,Murat Tokat,2012.0,Boyut Film,"Fulya Zenginer, Tansel Öngel",1,Adana Eski Mahalleler,Adana,Seyhan,37.0,35.3213,"37.0000,35.3213",Orta,Açık,Tarihi sokaklar; Taşköprü; Ulu Cami,,Adana'nın eski mahallelerinde çekilen sahneler Bergen ile Halis Serbest'in tanışma sürecini oluşturmaktadır.
155,Benim İçin Üzülme (dizi),Dizi,Dram,Serkan Birinci,Murat Tokat,2012.0,Boyut Film,"Fulya Zenginer, Tansel Öngel",103,Mersin,Mersin,Merkez,36.8,34.6333,"36.8000,34.6333",Orta,Açık,Sahil bolevardı; tarihi kale; Kızkalesi günübirlik turu,,Mersin sahneleri Bergen'in çocukluk ve aile geçmişini aktaran bölümlerde kullanılmıştır.
158,Beyaz Gelincik,Dizi,Dram,Güzide Balcı,Erol Avcı,2005.0,TMC,"Altan Erkekli, Erkan Petekkaya",186,Beyoğlu'nun Arka Sokakları,İstanbul,Beyoğlu,41.031,28.9745,"41.0310,28.9745",Orta,Açık,Tarihi pasajlar; kafe kültürü; sokak sanatı,,Beyoğlu'nun arka sokaklarında geçen aksiyon sahneleri filmin adıyla örtüşen lokasyonu oluşturmaktadır.
158,Beyaz Gelincik,Dizi,Dram,Güzide Balcı,Erol Avcı,2005.0,TMC,"Altan Erkekli, Erkan Petekkaya",267,İstiklal Caddesi,İstanbul,Beyoğlu,41.0147,29.0447,"41.0147, 29.0447",Orta,Açık,"Dizi seti ziyareti, Fotoğrafçılık",,İstiklal Caddesi'nde geçen kovalamaca sahnesi filmin en hareketli bölümüdür.
203,Bursa Bülbülü,Film,Müzikal,Hakan Algül,Necati Akpınar,2022.0,BKM,"Ata Demirer, Cem Gelinoğlu, Özge Özacar",183,Beyoğlu,İstanbul,Beyoğlu,41.0335,28.9752,"41.0335,28.9752",Yüksek,Açık,Kafe ve restoranlar; sanat galerileri; tarihi pasajlar,,Kemal Sunal'ın canlandırdığı Bıçkın karakterinin sokaklardaki komedi sahneleri Beyoğlu'nda çekilmiştir.
203,Bursa Bülbülü,Film,Müzikal,Hakan Algül,Necati Akpınar,2022.0,BKM,"Ata Demirer, Cem Gelinoğlu, Özge Özacar",197,Fatih,İstanbul,Fatih,41.0186,28.9397,"41.0186,28.9397",Orta,Açık,Tarihi camiler; Kapalıçarşı yakını; yerel pazar,,Fatih'teki mahalle sahneleri karakterin semtindeki komşuluk ilişkilerini aktarmaktadır.
161,Beş Kardeş,Dizi,Komedi,Onur Ünlü (Yönetmen),Kerem Çatay (Yapımcı),2015.0,Ay Yapım,"Serkan Keskin, Osman Sonant, Tansu Biçer, Nadir Sarıbacak, Fatih Artman",160,Bozcaada,Çanakkale,Bozcaada,39.8317,26.0533,"39.8317,26.0533",Yüksek,Açık,Şarap bağları; tarihi kale; plajlar; rüzgar sörfü,,Filmin büyük bölümü Bozcaada'da çekilmiş olup adanın bağları ve sahil şeridi arka plan oluşturmaktadır.
161,Beş Kardeş,Dizi,Komedi,Onur Ünlü (Yönetmen),Kerem Çatay (Yapımcı),2015.0,Ay Yapım,"Serkan Keskin, Osman Sonant, Tansu Biçer, Nadir Sarıbacak, Fatih Artman",183,Beyoğlu,İstanbul,Beyoğlu,41.0335,28.9752,"41.0335,28.9752",Yüksek,Açık,Kafe ve restoranlar; sanat galerileri; tarihi pasajlar,,İstanbul'daki kısa bölüm Eylül'ün kaza öncesi şehirli hayatını yansıtmaktadır.
166,Bir Aile Hikayesi,Dizi,Dram,Merve Girgin,Fatih Aksoy,2019.0,Medyapım,"Songül Öden, Birkan Sokullu",208,Kadıköy Sahili (Moda),İstanbul,Kadıköy,40.982,29.031,"40.9820,29.0310",Yüksek,Açık,Moda sahil yürüyüşü; tarihi çay bahçeleri; vapur yolculuğu,,Kadıköy Moda sahilindeki sahneler çiftin romantik buluşma ve yürüyüşlerini içermektedir.
166,Bir Aile Hikayesi,Dizi,Dram,Merve Girgin,Fatih Aksoy,2019.0,Medyapım,"Songül Öden, Birkan Sokullu",183,Beyoğlu,İstanbul,Beyoğlu,41.0335,28.9752,"41.0335,28.9752",Yüksek,Açık,Kafe ve restoranlar; sanat galerileri; tarihi pasajlar,,Beyoğlu'nda geçen karşılaşma sahneleri filmin açılış bölümünü oluşturmaktadır.
175,Bir Litre Gözyaşı,Dizi,Romantik,Serhan Şahin (Yönetmen),Faruk BayhanFatih Aksoy (Yapımcı),2007.0,MedyapımMF Yapım,"Sanem Çelik, Miray Daner, Tolga Tekin, Mert Yazıcıoğlu",169,Balat,İstanbul,Fatih,41.0617,29.0995,"41.0617, 29.0995",Yüksek,Açık,"Dizi seti ziyareti, Fotoğrafçılık",,Fanis'in çocukluğunda büyükbabasıyla vakit geçirdiği baharat dükkanı sahneleri Balat'ta çekilmiştir.
175,Bir Litre Gözyaşı,Dizi,Romantik,Serhan Şahin (Yönetmen),Faruk BayhanFatih Aksoy (Yapımcı),2007.0,MedyapımMF Yapım,"Sanem Çelik, Miray Daner, Tolga Tekin, Mert Yazıcıoğlu",204,Haydarpaşa Garı,İstanbul,Kadıköy,40.9996,29.0229,"40.9996,29.0229",Yüksek,Açık (kısıtlı),Tarihi tren garı fotoğrafçılığı; boğaz manzarası; mimari gezi,,Haydarpaşa Garı'ndaki sahne Fanis'in İstanbul'a dönüşünü simgeleyen duygusal bir sekans içermektedir.
184,,,,,,,,,183,Beyoğlu,İstanbul,Beyoğlu,41.0335,28.9752,"41.0335,28.9752",Yüksek,Açık,Kafe ve restoranlar; sanat galerileri; tarihi pasajlar,,Karakterlerin yıllar sonra bir araya geldiği şehir buluşması Beyoğlu'nda geçmektedir.
184,,,,,,,,,263,Üsküdar,İstanbul,Üsküdar,41.0228,29.015,"41.0228,29.0150",Orta,Açık,Kız Kulesi; sahil yürüyüşü; tarihi camiler,,Üsküdar sahilindeki sahne annenin geçmişe özlemini anlatan duygusal bir sekans içermektedir.
185,,,,,,,,,183,Beyoğlu,İstanbul,Beyoğlu,41.0335,28.9752,"41.0335,28.9752",Yüksek,Açık,Kafe ve restoranlar; sanat galerileri; tarihi pasajlar,,Ailenin birlikte yaşadığı mahalle ve ev sahneleri Beyoğlu çevresinde çekilmiştir.
185,,,,,,,,,197,Fatih,İstanbul,Fatih,41.0186,28.9397,"41.0186,28.9397",Orta,Açık,Tarihi camiler; Kapalıçarşı yakını; yerel pazar,,Fatih'teki pazaryeri sahneleri dönemin İstanbul mahalle hayatını yansıtmaktadır.
191,Bizim Evin Halleri,Dizi,Komedi,Tülay Eratalay,Osman Baş,2000.0,TRT,"Beyhan Saran, Meral Niron, Emel Göksu",183,Beyoğlu,İstanbul,Beyoğlu,41.0335,28.9752,"41.0335,28.9752",Yüksek,Açık,Kafe ve restoranlar; sanat galerileri; tarihi pasajlar,,Şampiyon olmaya çalışan sporcunun kondisyon ve antrenman sahneleri Beyoğlu çevresinde geçmektedir.
191,Bizim Evin Halleri,Dizi,Komedi,Tülay Eratalay,Osman Baş,2000.0,TRT,"Beyhan Saran, Meral Niron, Emel Göksu",206,Kadıköy,İstanbul,Kadıköy,40.9903,29.023,"40.9903,29.0230",Yüksek,Açık,Pazarlar; kafe kültürü; vapur yolculuğu,,Kadıköy'deki buluşma sahnesi sporcu ile ekibinin motivasyon konuşmalarını içermektedir.
210,Can Kırıkları,Dizi,Aksiyon,Serkan Birinci (Yönetmen),Mehmet Yiğit Alp (Yapımcı),2018.0,Bilinmiyor,"Hande Doğandemir, Funda Eryiğit, Seçkin Özdemir, Alican Yücesoy Özgür Çevik",183,Beyoğlu,İstanbul,Beyoğlu,41.0335,28.9752,"41.0335,28.9752",Yüksek,Açık,Kafe ve restoranlar; sanat galerileri; tarihi pasajlar,,Kardeşler arasındaki kavga ve barışma sahneleri Beyoğlu sokaklarında geçmektedir.
210,Can Kırıkları,Dizi,Aksiyon,Serkan Birinci (Yönetmen),Mehmet Yiğit Alp (Yapımcı),2018.0,Bilinmiyor,"Hande Doğandemir, Funda Eryiğit, Seçkin Özdemir, Alican Yücesoy Özgür Çevik",197,Fatih,İstanbul,Fatih,41.0186,28.9397,"41.0186,28.9397",Orta,Açık,Tarihi camiler; Kapalıçarşı yakını; yerel pazar,,Fatih'teki mahalle sahneleri ailenin arka planda süregelen yaşamını aktarmaktadır.
211,,,,,,,,,183,Beyoğlu,İstanbul,Beyoğlu,41.0335,28.9752,"41.0335,28.9752",Yüksek,Açık,Kafe ve restoranlar; sanat galerileri; tarihi pasajlar,,İlahi türkücüsünün İstanbul'daki ilk sahne deneyimini anlatan sahneler Beyoğlu'nda çekilmiştir.
211,,,,,,,,,206,Kadıköy,İstanbul,Kadıköy,40.9903,29.023,"40.9903,29.0230",Yüksek,Açık,Pazarlar; kafe kültürü; vapur yolculuğu,,Kadıköy'deki konser mekanı sahnesi türkücünün şöhret yolculuğunun önemli bir durağını oluşturmaktadır.
212,Canan,Dizi,Dram,Bahadır İnce (Yönetmen),Ata Türkoğlu (Yapımcı),2011.0,Koliba Film,"Gamze Özçelik, Özlem Conker, Ragıp Savaş, Erdinç Gülener, Neriman Uğur, Mehmet Atay",177,Beyazıt Meydanı,İstanbul,Fatih,41.0108,28.9644,"41.0108,28.9644",Yüksek,Açık,İstanbul Üniversitesi; tarihi çeşme; sahaf sokağı,,Beyazıt Meydanı'ndaki kalabalık kovalamaca sahnesi filmin İstanbul bölümünün en hareketli sekansıdır.
212,Canan,Dizi,Dram,Bahadır İnce (Yönetmen),Ata Türkoğlu (Yapımcı),2011.0,Koliba Film,"Gamze Özçelik, Özlem Conker, Ragıp Savaş, Erdinç Gülener, Neriman Uğur, Mehmet Atay",210,Kapalıçarşı,İstanbul,Fatih,41.0107,28.968,"41.0107,28.9680",Yüksek,Açık,Alışveriş; tarihi mimari; altın ve mücevher,,Kapalıçarşı'da geçen sahne Langdon ile Sienna'nın ipucu peşinde koştuğu gerilim dolu bölümü oluşturmaktadır.
212,Canan,Dizi,Dram,Bahadır İnce (Yönetmen),Ata Türkoğlu (Yapımcı),2011.0,Koliba Film,"Gamze Özçelik, Özlem Conker, Ragıp Savaş, Erdinç Gülener, Neriman Uğur, Mehmet Atay",241,Sultanahmet Meydanı,İstanbul,Fatih,41.0054,28.9768,"41.0054,28.9768",Yüksek,Açık,Ayasofya; Sultanahmet Camii; Topkapı Sarayı,,Sultanahmet Meydanı'ndaki sahne filmin doruk noktasını oluşturan aksiyon sekansını içermektedir.
215,Canım Annem,Dizi,Dram,Ece Tahtalıoğlu PertezEmrah Şendur (Yönetmen),İnci Gülen OarrJulia Berköz (Yapımcı),2022.0,Stellar YapımSaran Studios,"Selin Sezgin, Erol Gedik, Gece Işık Demirel",241,Sultanahmet Meydanı,İstanbul,Fatih,41.0054,28.9768,"41.0054,28.9768",Yüksek,Açık,Ayasofya; Sultanahmet Camii; Topkapı Sarayı,,Minyatür ustası Eflatun'un İstanbul'da vezir tarafından çağrıldığı saray sahneleri Sultanahmet çevresinde çekilmiştir.
215,Canım Annem,Dizi,Dram,Ece Tahtalıoğlu PertezEmrah Şendur (Yönetmen),İnci Gülen OarrJulia Berköz (Yapımcı),2022.0,Stellar YapımSaran Studios,"Selin Sezgin, Erol Gedik, Gece Işık Demirel",137,Saruhan Kervansarayı,Nevşehir,Avanos,38.7183,34.8461,"38.7183,34.8461",Yüksek,Açık,Selçuklu kervansarayı gezisi; gece şovları; tarihi mimari,,Saruhan Kervansarayı sahneleri Eflatun'un Anadolu'ya zorlu yolculuğunun konak noktasını oluşturmaktadır.
215,Canım Annem,Dizi,Dram,Ece Tahtalıoğlu PertezEmrah Şendur (Yönetmen),İnci Gülen OarrJulia Berköz (Yapımcı),2022.0,Stellar YapımSaran Studios,"Selin Sezgin, Erol Gedik, Gece Işık Demirel",135,Mustafapaşa Köyü,Nevşehir,Ürgüp,38.584,34.897,"38.584, 34.897",Orta,Açık,Kültür Gezisi,https://gorsel-linki.com/mustafapasa.jpg,Kapadokya'nın peri bacaları arasında çekilen dış mekan sahneleri isyancıların kovuşturma bölümünde yer almaktadır.
219,Cennet Mahallesi,Dizi,Komedi,Serdar Akar (1-6)Yaşar Seriner (7-119) (Yönetmen),Türker İnanoğlu (Yapımcı),2004.0,Erler Film,"Melek Baykal, Müjdat Gezen, Özkan Uğur, Alişan, Çağla Şıkel, Zeki Alasya",183,Beyoğlu,İstanbul,Beyoğlu,41.0335,28.9752,"41.0335,28.9752",Yüksek,Açık,Kafe ve restoranlar; sanat galerileri; tarihi pasajlar,,Charlie'nin ekibinin İstanbul'daki kısa sahne bölümü Beyoğlu'nda çekilmiştir.
220,Cennet'in Gözyaşları,Dizi,Dram,Sadullah Celen (Yönetmen),Ali Gündoğdu (Yapımcı),2005.0,Süreç Film,"Berk Atan, Almila Ada, Esra Ronabar",200,Galata Kulesi Çevresi,İstanbul,Beyoğlu,41.0258,28.9742,"41.0258,28.9742",Yüksek,Açık,Galata Kulesi; tarihi sokaklar; gece hayatı,,Galata Kulesi çevresindeki dar sokak ve kovalamaca sahneleri filmde ikonik bir yer tutmaktadır.
220,Cennet'in Gözyaşları,Dizi,Dram,Sadullah Celen (Yönetmen),Ali Gündoğdu (Yapımcı),2005.0,Süreç Film,"Berk Atan, Almila Ada, Esra Ronabar",252,Yedi Kule Zindanları,İstanbul,Fatih,40.9981,28.9215,"40.9981,28.9215",Orta,Açık,Tarihi sur ve zindanlar gezisi; Bizans dönemi tarihi,,Yedi Kule Zindanları sahnesi cinayetle bağlantılı ipuçlarının keşfedildiği kritik bölümü oluşturmaktadır.
220,Cennet'in Gözyaşları,Dizi,Dram,Sadullah Celen (Yönetmen),Ali Gündoğdu (Yapımcı),2005.0,Süreç Film,"Berk Atan, Almila Ada, Esra Ronabar",169,Balat,İstanbul,Fatih,41.0617,29.0995,"41.0617, 29.0995",Yüksek,Açık,"Dizi seti ziyareti, Fotoğrafçılık",,Balat'taki tarihi yapılar arasında geçen sahne seri katilin operasyon bölgesini gözler önüne serer.
821,Yolunda A.Ş: Çinçin Bağları Hikayesi,Film,Komedi,Emre Budak,Han Yapım,2015.0,Han Yapım,"Erdağ Yenel, İbrahim Aymergen",206,Kadıköy,İstanbul,Kadıköy,40.9903,29.023,"40.9903,29.0230",Yüksek,Açık,Pazarlar; kafe kültürü; vapur yolculuğu,,Çakalların Kadıköy'deki ilk toplanma sahnesi grubun oluşmasını konu alan açılış bölümündedir.
821,Yolunda A.Ş: Çinçin Bağları Hikayesi,Film,Komedi,Emre Budak,Han Yapım,2015.0,Han Yapım,"Erdağ Yenel, İbrahim Aymergen",183,Beyoğlu,İstanbul,Beyoğlu,41.0335,28.9752,"41.0335,28.9752",Yüksek,Açık,Kafe ve restoranlar; sanat galerileri; tarihi pasajlar,,İstanbul sokaklarındaki kaçış ve kovalamaca sahneleri Beyoğlu genelinde çekilmiştir.
822,Yumurta (film),Film,Dram,Semih Kaplanoğlu,Semih Kaplanoğlu,2007.0,Kaplan Film,"Nejat İşler, Saadet Işıl Aksoy",183,Beyoğlu,İstanbul,Beyoğlu,41.0335,28.9752,"41.0335,28.9752",Yüksek,Açık,Kafe ve restoranlar; sanat galerileri; tarihi pasajlar,,İkinci filmin şehir sahneleri Beyoğlu çevresinde çekilmiş olup önceki filmle süreklilik sağlamaktadır.
822,Yumurta (film),Film,Dram,Semih Kaplanoğlu,Semih Kaplanoğlu,2007.0,Kaplan Film,"Nejat İşler, Saadet Işıl Aksoy",267,İstiklal Caddesi,İstanbul,Beyoğlu,41.0147,29.0447,"41.0147, 29.0447",Orta,Açık,"Dizi seti ziyareti, Fotoğrafçılık",,İstiklal Caddesi'ndeki sahne grubun şehir içindeki hareketliliğini anlatan komedi sekanslarından birini oluşturmaktadır.
823,Yunus Emre Aşkın Yolculuğu,Dizi,Dram,Kamil Aydın (1. sezon)Emre Konuk (2. sezon) (Yönetmen),| denetleyici_yapımcılar = (Yapımcı),2015.0,Tekden Film,"Yusuf Gökhan Atalay, Payidar Tüfekçioğlu, Baran Akbulut",183,Beyoğlu,İstanbul,Beyoğlu,41.0335,28.9752,"41.0335,28.9752",Yüksek,Açık,Kafe ve restoranlar; sanat galerileri; tarihi pasajlar,,Üçüncü filmin aksiyon ve komedi sahneleri İstanbul'un Beyoğlu semtinde çekilmiştir.
823,Yunus Emre Aşkın Yolculuğu,Dizi,Dram,Kamil Aydın (1. sezon)Emre Konuk (2. sezon) (Yönetmen),| denetleyici_yapımcılar = (Yapımcı),2015.0,Tekden Film,"Yusuf Gökhan Atalay, Payidar Tüfekçioğlu, Baran Akbulut",200,Galata Kulesi Çevresi,İstanbul,Beyoğlu,41.0258,28.9742,"41.0258,28.9742",Yüksek,Açık,Galata Kulesi; tarihi sokaklar; gece hayatı,,Galata Kulesi yakınlarındaki sahne serinin son filminde mekân olarak tercih edilen tarihi alanlardan biridir.
825,Yuvamdaki Düşman,Dizi,Dram,Bilinmiyor,Bilinmiyor,2011.0,Bilinmiyor,Bilinmiyor,183,Beyoğlu,İstanbul,Beyoğlu,41.0335,28.9752,"41.0335,28.9752",Yüksek,Açık,Kafe ve restoranlar; sanat galerileri; tarihi pasajlar,,Çalgı çengi ikilisinin İstanbul'daki müzisyen hayatını anlatan sahneler Beyoğlu'nda geçmektedir.
825,Yuvamdaki Düşman,Dizi,Dram,Bilinmiyor,Bilinmiyor,2011.0,Bilinmiyor,Bilinmiyor,206,Kadıköy,İstanbul,Kadıköy,40.9903,29.023,"40.9903,29.0230",Yüksek,Açık,Pazarlar; kafe kültürü; vapur yolculuğu,,Kadıköy'deki bar sahnesi ikilinin müzisyenlik serüveninde önemli bir dönüm noktasını oluşturmaktadır.
844,Çakallarla Dans 2: Hastasıyız Dede,Film,Komedi,Murat Şeker,"Murat Şeker, Uğur Şeker",2012.0,SugarWorkz,"Şevket Çoruh , İlker Ayrık , Timur Acar , Murat Akkoyunlu",183,Beyoğlu,İstanbul,Beyoğlu,41.0335,28.9752,"41.0335,28.9752",Yüksek,Açık,Kafe ve restoranlar; sanat galerileri; tarihi pasajlar,,Öğrencilerin İstanbul'dan hareket ettiği açılış sahneleri Beyoğlu çevresinde çekilmiştir.
844,Çakallarla Dans 2: Hastasıyız Dede,Film,Komedi,Murat Şeker,"Murat Şeker, Uğur Şeker",2012.0,SugarWorkz,"Şevket Çoruh , İlker Ayrık , Timur Acar , Murat Akkoyunlu",263,Üsküdar,İstanbul,Üsküdar,41.0228,29.015,"41.0228,29.0150",Orta,Açık,Kız Kulesi; sahil yürüyüşü; tarihi camiler,,Üsküdar iskelesi sahnesi gençlerin kampa uğurlama törenini yansıtan kısa bir sekans içermektedir.
845,Çakallarla Dans 3: Sıfır Sıkıntı,Film,Gerilim/Suç,Murat Şeker,"Murat Şeker, Uğur Şeker",2014.0,"SugarWorkz, TAFF Pictures","Şevket Çoruh, İlker Ayrık, Timur Acar, Murat Akkoyunlu, Bülent Çolak",183,Beyoğlu,İstanbul,Beyoğlu,41.0335,28.9752,"41.0335,28.9752",Yüksek,Açık,Kafe ve restoranlar; sanat galerileri; tarihi pasajlar,,Vatandaşın bürokrasi labirentiyle boğuştuğu sahneler Beyoğlu'ndaki devlet dairesi önünde çekilmiştir.
845,Çakallarla Dans 3: Sıfır Sıkıntı,Film,Gerilim/Suç,Murat Şeker,"Murat Şeker, Uğur Şeker",2014.0,"SugarWorkz, TAFF Pictures","Şevket Çoruh, İlker Ayrık, Timur Acar, Murat Akkoyunlu, Bülent Çolak",197,Fatih,İstanbul,Fatih,41.0186,28.9397,"41.0186,28.9397",Orta,Açık,Tarihi camiler; Kapalıçarşı yakını; yerel pazar,,Fatih'teki çarşı sahnesi karakterin gündelik yaşam mücadelesini aktarmaktadır.
833,Yılanların Öcü,Dizi,Dram,Cemal Şan (Yönetmen),Ata Türkoğlu (Yapımcı),2014.0,Koliba Film,"Cemal Toktaş, Hande Soral, Ahmet Varlı, Gözde Çığacı, Nail Kırmızıgül, Mehmet Atay, Gonca Yakut, Rüçhan Çalışkur, Şebnem Dilligil, Servet Pandur, Hande Kaptan, Nalan Örgüt, Süleyman Karaahmet, Burak Can, Sibel Şişman Ceyda Kasabalı",197,Fatih,İstanbul,Fatih,41.0186,28.9397,"41.0186,28.9397",Orta,Açık,Tarihi camiler; Kapalıçarşı yakını; yerel pazar,,Çiçek Abbas'ın mahallede satış yaptığı sokak ve pazar sahneleri Fatih'te çekilmiştir.
833,Yılanların Öcü,Dizi,Dram,Cemal Şan (Yönetmen),Ata Türkoğlu (Yapımcı),2014.0,Koliba Film,"Cemal Toktaş, Hande Soral, Ahmet Varlı, Gözde Çığacı, Nail Kırmızıgül, Mehmet Atay, Gonca Yakut, Rüçhan Çalışkur, Şebnem Dilligil, Servet Pandur, Hande Kaptan, Nalan Örgüt, Süleyman Karaahmet, Burak Can, Sibel Şişman Ceyda Kasabalı",183,Beyoğlu,İstanbul,Beyoğlu,41.0335,28.9752,"41.0335,28.9752",Yüksek,Açık,Kafe ve restoranlar; sanat galerileri; tarihi pasajlar,,İstanbul'un renkli esnaf hayatını yansıtan geniş şehir sahneleri Beyoğlu çevresinde geçmektedir.
835,Yıldızlar Şahidim,Dizi,Romantik,Yıldız Hülya Bilban(1-3)Serhat Çakıroğlu (4) (Yönetmen),Ali GündoğduAsena Bülbüloğlu (Yapımcı),2022.0,Süreç Film,"Canan Ergüder, Mesut Akusta, Berk Cankat, Özge Gürel",29,Çankaya (Ankara Büyükelçilikler Bölgesi),Ankara,Çankaya,39.878,32.8397,"39.8780,32.8397",Orta,Açık,Atatürk Orman Çiftliği; büyükelçilik binaları; tarihi köşkler,,Ankara'nın büyükelçilik bölgesindeki sahneler İlyas Bazna'nın casusluğunun geçtiği temel ortamı oluşturmaktadır.
835,Yıldızlar Şahidim,Dizi,Romantik,Yıldız Hülya Bilban(1-3)Serhat Çakıroğlu (4) (Yönetmen),Ali GündoğduAsena Bülbüloğlu (Yapımcı),2022.0,Süreç Film,"Canan Ergüder, Mesut Akusta, Berk Cankat, Özge Gürel",15,Ankara Garı,Ankara,Altındağ,39.9312,32.8559,"39.9312,32.8559",Orta,Açık (müze),Tarihi tren garı gezisi; fotoğrafçılık,,Ankara Garı çevresindeki sahne dönemin Ankara'sındaki gerilimi ve takip atmosferini aktarmaktadır.
835,Yıldızlar Şahidim,Dizi,Romantik,Yıldız Hülya Bilban(1-3)Serhat Çakıroğlu (4) (Yönetmen),Ali GündoğduAsena Bülbüloğlu (Yapımcı),2022.0,Süreç Film,"Canan Ergüder, Mesut Akusta, Berk Cankat, Özge Gürel",183,Beyoğlu,İstanbul,Beyoğlu,41.0335,28.9752,"41.0335,28.9752",Yüksek,Açık,Kafe ve restoranlar; sanat galerileri; tarihi pasajlar,,İstanbul'daki sahne Bazna'nın savaş öncesi hayatına ait geçmiş sekanslardan birini oluşturmaktadır.
842,Zümrüdüanka (dizi),Dizi,Dram,Cemal Şan,Yaşar İrvül,2020.0,Pastel Film,"Alp Navruz, Ceren Yılmaz",183,Beyoğlu,İstanbul,Beyoğlu,41.0335,28.9752,"41.0335,28.9752",Yüksek,Açık,Kafe ve restoranlar; sanat galerileri; tarihi pasajlar,,Çöpçü ekibinin günlük işlerini aktaran mahalle sahneleri Beyoğlu çevresinde çekilmiştir.
842,Zümrüdüanka (dizi),Dizi,Dram,Cemal Şan,Yaşar İrvül,2020.0,Pastel Film,"Alp Navruz, Ceren Yılmaz",197,Fatih,İstanbul,Fatih,41.0186,28.9397,"41.0186,28.9397",Orta,Açık,Tarihi camiler; Kapalıçarşı yakını; yerel pazar,,Fatih'teki sokak sahneleri karakterlerin birbirleriyle çatışmasını konu alan komedi sekanslarını içermektedir.
222,Cesaretin Var Mı Aşka,Dizi,Komedi,Ömer Uğur (Yönetmen),Hayri Aslan (Yapımcı),2008.0,Limon Film,"Engin Altan Düzyatan, Özge Özpirinçci, Tarık Papuççuoğlu, Ufuk Özkan, İlker Ayrık",183,Beyoğlu,İstanbul,Beyoğlu,41.0335,28.9752,"41.0335,28.9752",Yüksek,Açık,Kafe ve restoranlar; sanat galerileri; tarihi pasajlar,,Damadın ailesiyle tanıştığı ev ve mahalle sahneleri Beyoğlu'nda çekilmiştir.
222,Cesaretin Var Mı Aşka,Dizi,Komedi,Ömer Uğur (Yönetmen),Hayri Aslan (Yapımcı),2008.0,Limon Film,"Engin Altan Düzyatan, Özge Özpirinçci, Tarık Papuççuoğlu, Ufuk Özkan, İlker Ayrık",206,Kadıköy,İstanbul,Kadıköy,40.9903,29.023,"40.9903,29.0230",Yüksek,Açık,Pazarlar; kafe kültürü; vapur yolculuğu,,Kadıköy'deki sahne takım üyelerinin düğün hazırlıklarını aktaran eğlenceli bir sekansı oluşturmaktadır.
225,"Charlie'nin Melekleri (film, 2019)",Film,Dram,Elizabeth Banks,"{{Yalın liste, , * Doug Belgrad, * Elizabeth Cantillon, * Max Handelman, * Elizabeth Banks",2019.0,"{{Yalın liste, , * Columbia Pictures, * Perfect World Pictures, * 2.0 Entertainment, * Brownstone Productions, * Cantillon Company","{{Yalın liste, , * Kristen Stewart, * Naomi Scott , * Ella Balinska, * Elizabeth Banks, * Djimon Hounsou, * Sam Claflin, * Noah Centineo, * Nat Faxon, * Patrick Stewart",183,Beyoğlu,İstanbul,Beyoğlu,41.0335,28.9752,"41.0335,28.9752",Yüksek,Açık,Kafe ve restoranlar; sanat galerileri; tarihi pasajlar,,Dayı karakterinin İstanbul sokaklarındaki operasyon ve takip sahneleri Beyoğlu genelinde çekilmiştir.
225,"Charlie'nin Melekleri (film, 2019)",Film,Dram,Elizabeth Banks,"{{Yalın liste, , * Doug Belgrad, * Elizabeth Cantillon, * Max Handelman, * Elizabeth Banks",2019.0,"{{Yalın liste, , * Columbia Pictures, * Perfect World Pictures, * 2.0 Entertainment, * Brownstone Productions, * Cantillon Company","{{Yalın liste, , * Kristen Stewart, * Naomi Scott , * Ella Balinska, * Elizabeth Banks, * Djimon Hounsou, * Sam Claflin, * Noah Centineo, * Nat Faxon, * Patrick Stewart",246,Tarlabaşı,İstanbul,Beyoğlu,41.0326,29.0609,"41.0326, 29.0609",Yüksek,Açık,"Dizi seti ziyareti, Fotoğrafçılık",,Tarlabaşı'nın dar ve karanlık sokaklarındaki çatışma sahneleri filmin gerilim atmosferini pekiştirmektedir.
226,Cinayet Süsü,Film,Gerilim/Suç,Ali Atay,"Cemal Okan, Timur Savcı",2019.0,TAFF Pictures,"{{Yalın liste, , * Uğur Yücel , Binnur Kaya , Cengiz Bozkurt , Feyyaz Yiğit , Mert Denizmen , Mehmet Özgür",183,Beyoğlu,İstanbul,Beyoğlu,41.0335,28.9752,"41.0335,28.9752",Yüksek,Açık,Kafe ve restoranlar; sanat galerileri; tarihi pasajlar,,İkinci filmin İstanbul bölümündeki aksiyon sekansları Beyoğlu'nda çekilmiştir.
226,Cinayet Süsü,Film,Gerilim/Suç,Ali Atay,"Cemal Okan, Timur Savcı",2019.0,TAFF Pictures,"{{Yalın liste, , * Uğur Yücel , Binnur Kaya , Cengiz Bozkurt , Feyyaz Yiğit , Mert Denizmen , Mehmet Özgür",197,Fatih,İstanbul,Fatih,41.0186,28.9397,"41.0186,28.9397",Orta,Açık,Tarihi camiler; Kapalıçarşı yakını; yerel pazar,,Fatih'teki mahalle sahneleri Dayı'nın geçmişiyle yüzleştiği dramayı çerçeveler.
241,Deli Yürek: Bumerang Cehennemi,Film,Macera,Osman Sınav,Mustafa Şevki Doğan,2001.0,Sinegraf,"Kenan İmirzalıoğlu, Melda Bekcan",183,Beyoğlu,İstanbul,Beyoğlu,41.0335,28.9752,"41.0335,28.9752",Yüksek,Açık,Kafe ve restoranlar; sanat galerileri; tarihi pasajlar,,Şaban'ın şehirdeki komedi maceraları Beyoğlu sokaklarında çekilmiştir.
241,Deli Yürek: Bumerang Cehennemi,Film,Macera,Osman Sınav,Mustafa Şevki Doğan,2001.0,Sinegraf,"Kenan İmirzalıoğlu, Melda Bekcan",206,Kadıköy,İstanbul,Kadıköy,40.9903,29.023,"40.9903,29.0230",Yüksek,Açık,Pazarlar; kafe kültürü; vapur yolculuğu,,Kadıköy'deki pazar sahnesi Şaban'ın hedef olduğu eğlenceli kovalamaca sekanslarını içermektedir.
250,Dokuz Oğuz,Dizi,Aksiyon,Cem Akyoldaş,Faruk Turgut,2023.0,Gold Film,"Kubilay Aka, Deniz Işın, Yasemin Allen",221,Kız Kulesi,İstanbul,Üsküdar,41.0211,29.0041,"41.0211,29.0041",Yüksek,Açık,Boğaz ve İstanbul panoraması; tekne turu; tarihi kule,,Kız Kulesi'nin Boğaz ortasındaki görüntüsü Bond'un İstanbul sahnelerinin simgesi haline gelmiştir.
250,Dokuz Oğuz,Dizi,Aksiyon,Cem Akyoldaş,Faruk Turgut,2023.0,Gold Film,"Kubilay Aka, Deniz Işın, Yasemin Allen",192,Dolmabahçe Sarayı,İstanbul,Beşiktaş,41.0391,29.0004,"41.0391,29.0004",Yüksek,Açık,Osmanlı son dönemi mimarisi; Atatürk'ün vefat ettiği oda; bahçe turu,,Dolmabahçe Sarayı çevresinde çekilen sahne Bond'un Elektra ile buluşma noktasını oluşturmaktadır.
250,Dokuz Oğuz,Dizi,Aksiyon,Cem Akyoldaş,Faruk Turgut,2023.0,Gold Film,"Kubilay Aka, Deniz Işın, Yasemin Allen",236,Sarayburnu,İstanbul,Fatih,41.0133,28.9833,"41.0133,28.9833",Yüksek,Açık,İstanbul panoraması; balıkçı tekneleri; tarihi surlar başlangıcı,,Sarayburnu kıyısındaki denizaltı sahnesi filmin İstanbul finalinin geçtiği su altı sekansına zemin hazırlar.
281,Ev (film),Film,Gerilim/Suç,"Caner Özyurtlu, Alper Özyurtlu","Caner Özyurtlu, Alper Özyurtlu, Cemre Yeşil",2010.0,dağıtıcı = Pinema,"Alican Yücesoy, Deniz Celiloğlu, Gülçin Santırcıoğlu, Funda Eryiğit, Ece Çeşmioğlu",206,Kadıköy,İstanbul,Kadıköy,40.9903,29.023,"40.9903,29.0230",Yüksek,Açık,Pazarlar; kafe kültürü; vapur yolculuğu,,Geleneksel düğün ritüellerini aktaran köy sahneleri Kadıköy çevresindeki bir lokasyonda çekilmiştir.
281,Ev (film),Film,Gerilim/Suç,"Caner Özyurtlu, Alper Özyurtlu","Caner Özyurtlu, Alper Özyurtlu, Cemre Yeşil",2010.0,dağıtıcı = Pinema,"Alican Yücesoy, Deniz Celiloğlu, Gülçin Santırcıoğlu, Funda Eryiğit, Ece Çeşmioğlu",197,Fatih,İstanbul,Fatih,41.0186,28.9397,"41.0186,28.9397",Orta,Açık,Tarihi camiler; Kapalıçarşı yakını; yerel pazar,,Fatih'teki mahalle dokusu gelin ve damatların geçmişini anlatan sekansların arka planını oluşturmaktadır.
282,Eve Düşen Yıldırım,Dizi,Dram,Mehmet Bahadır Er (1. sezon)Feride Kaytan (2. sezon) (Yönetmen),Fatih Aksoy (Yapımcı),2012.0,Medyapım,"Murat Han, Gizem Karaca, Seda Akman, Mehmetcan Mincinozlu, Burcu Tuna",303,Hilvan İlçesi,Şanlıurfa,Hilvan,37.4833,38.9667,"37.4833,38.9667",Orta,Açık,Tarihi mezra ve köy yaşamı gözlemi; Dicle havzası doğası,,Baran'ın hapisten çıkıp köyüne döndüğü açılış sahneleri Hilvan ilçesinde çekilmiştir.
282,Eve Düşen Yıldırım,Dizi,Dram,Mehmet Bahadır Er (1. sezon)Feride Kaytan (2. sezon) (Yönetmen),Fatih Aksoy (Yapımcı),2012.0,Medyapım,"Murat Han, Gizem Karaca, Seda Akman, Mehmetcan Mincinozlu, Burcu Tuna",169,Balat,İstanbul,Fatih,41.0617,29.0995,"41.0617, 29.0995",Yüksek,Açık,"Dizi seti ziyareti, Fotoğrafçılık",,Balat'ın tarihi dokusu Baran'ın İstanbul'da Cumali ile yollarının kesiştiği mahalle sahnelerine ev sahipliği yapmıştır.
282,Eve Düşen Yıldırım,Dizi,Dram,Mehmet Bahadır Er (1. sezon)Feride Kaytan (2. sezon) (Yönetmen),Fatih Aksoy (Yapımcı),2012.0,Medyapım,"Murat Han, Gizem Karaca, Seda Akman, Mehmetcan Mincinozlu, Burcu Tuna",246,Tarlabaşı,İstanbul,Beyoğlu,41.0326,29.0609,"41.0326, 29.0609",Yüksek,Açık,"Dizi seti ziyareti, Fotoğrafçılık",,Tarlabaşı'ndaki aksiyon ve gerilim sahneleri Baran'ın intikam yolculuğunun doruk noktasını oluşturmaktadır.
286,Eyvah Halam,Dizi,Komedi,Kemal Uzun (Yönetmen),Lale Eren (Yapımcı),2008.0,| dağıtıcı =,"Rasim Öztekin, Ertuğrul Şakar, Ece Çeşmioğlu, Zeynep Özkaya, Doğaç Yıldız, Akçahan Akça, Defne Yalnız, Sait Genay, Oğuz Oktay",197,Fatih,İstanbul,Fatih,41.0186,28.9397,"41.0186,28.9397",Orta,Açık,Tarihi camiler; Kapalıçarşı yakını; yerel pazar,,Eşrefpaşalı ailenin mahalle yaşantısını aktaran sahnelerin büyük bölümü Fatih'te çekilmiştir.
286,Eyvah Halam,Dizi,Komedi,Kemal Uzun (Yönetmen),Lale Eren (Yapımcı),2008.0,| dağıtıcı =,"Rasim Öztekin, Ertuğrul Şakar, Ece Çeşmioğlu, Zeynep Özkaya, Doğaç Yıldız, Akçahan Akça, Defne Yalnız, Sait Genay, Oğuz Oktay",263,Üsküdar,İstanbul,Üsküdar,41.0228,29.015,"41.0228,29.0150",Orta,Açık,Kız Kulesi; sahil yürüyüşü; tarihi camiler,,Üsküdar sahnesinde ailenin Anadolu yakasındaki akrabaları ziyareti konu alınmaktadır.
272,Emret Komutanım,Dizi,Komedi,Mustafa Altıoklar (Proje genel yönetmeni)Kartal TibetÖmer UğurHakan AlgülOğuz YalçınTaner AkvardarHaluk GölTuba GermanSarp LevendoğluMurat Düzgünoğlu (Yönetmen),Emine AltıoklarMehmet Altıoklar (Yapımcı),2010.0,Altıoklar Film Prodüksiyon,"Sarp Levendoğlu, Demet Evgâr, Seda Akman",191,Cihangir,İstanbul,Beyoğlu,41.0569,29.0471,"41.0569, 29.0471",Yüksek,Açık,"Dizi seti ziyareti, Fotoğrafçılık",,Cihangir'deki apartman sahnesi psikolojik gerilimin yoğun biçimde hissedildiği kapalı alan sekanslarını oluşturmaktadır.
272,Emret Komutanım,Dizi,Komedi,Mustafa Altıoklar (Proje genel yönetmeni)Kartal TibetÖmer UğurHakan AlgülOğuz YalçınTaner AkvardarHaluk GölTuba GermanSarp LevendoğluMurat Düzgünoğlu (Yönetmen),Emine AltıoklarMehmet Altıoklar (Yapımcı),2010.0,Altıoklar Film Prodüksiyon,"Sarp Levendoğlu, Demet Evgâr, Seda Akman",186,Beyoğlu'nun Arka Sokakları,İstanbul,Beyoğlu,41.031,28.9745,"41.0310,28.9745",Orta,Açık,Tarihi pasajlar; kafe kültürü; sokak sanatı,,Beyoğlu'nun arka sokaklarındaki sahne karakterlerin tehlikeli gece yürüyüşlerini aktarmaktadır.
278,Esaret,Dizi,Dram,Ayhan ÖzenSerkan Mut (Yönetmen),Nazmiye Yılmaz (Yapımcı),2022.0,Karamel Yapım,"Cenk Torun, Mahassine Merabet",162,Geyikli Beldesi,Çanakkale,Ezine,39.8167,26.1667,"39.8167,26.1667",Orta,Açık,Sahil; zeytinlikler; Çanakkale Boğazı yakını,,Geyikli Beldesi'ndeki sahne Hüseyin'in klaretle büyüdüğü kasabayı tüm sıcaklığıyla yansıtmaktadır.
278,Esaret,Dizi,Dram,Ayhan ÖzenSerkan Mut (Yönetmen),Nazmiye Yılmaz (Yapımcı),2022.0,Karamel Yapım,"Cenk Torun, Mahassine Merabet",160,Bozcaada,Çanakkale,Bozcaada,39.8317,26.0533,"39.8317,26.0533",Yüksek,Açık,Şarap bağları; tarihi kale; plajlar; rüzgar sörfü,,Bozcaada sahneleri Hüseyin'in Müjgan'la romantik anlarının geçtiği güzel Ege manzarası içermektedir.
278,Esaret,Dizi,Dram,Ayhan ÖzenSerkan Mut (Yönetmen),Nazmiye Yılmaz (Yapımcı),2022.0,Karamel Yapım,"Cenk Torun, Mahassine Merabet",183,Beyoğlu,İstanbul,Beyoğlu,41.0335,28.9752,"41.0335,28.9752",Yüksek,Açık,Kafe ve restoranlar; sanat galerileri; tarihi pasajlar,,İstanbul'daki gece kulübü sahneleri Hüseyin'in Firuzan ile tanışmasını ve babasını aramasını aktarmaktadır.
287,Eyyvah Eyvah,Film,Komedi,Hakan Algül,Necati Akpınar,2009.0,BKM Film,"Ata Demirer, Demet Akbağ, Salih Kalyon, Meray Ülgen, Bülent Şakrak, Tanju Tuncel, Hande Dane, Şehsuvar Aktaş, Bican Günalan, Özge Borak, Alican Yücesoy, Can Kahraman",197,Fatih,İstanbul,Fatih,41.0186,28.9397,"41.0186,28.9397",Orta,Açık,Tarihi camiler; Kapalıçarşı yakını; yerel pazar,,Melodramın geçtiği mahalle yaşantısı sahneleri Fatih'te çekilmiştir.
287,Eyyvah Eyvah,Film,Komedi,Hakan Algül,Necati Akpınar,2009.0,BKM Film,"Ata Demirer, Demet Akbağ, Salih Kalyon, Meray Ülgen, Bülent Şakrak, Tanju Tuncel, Hande Dane, Şehsuvar Aktaş, Bican Günalan, Özge Borak, Alican Yücesoy, Can Kahraman",241,Sultanahmet Meydanı,İstanbul,Fatih,41.0054,28.9768,"41.0054,28.9768",Yüksek,Açık,Ayasofya; Sultanahmet Camii; Topkapı Sarayı,,Sultanahmet'teki açık alan sahnesi dönemin İstanbul sokaklarını yansıtan bir sekans içermektedir.
296,Eşrefpaşalılar,Film,Komedi,Hüdaverdi Yavuz,M. Yusuf Kulaksız,2010.0,dağıtıcı = Medya Vizyon,"Sinan Albayrak, Turgay Tanülkü, Deniz Özpınar, Burak Tarık, Ali Yaylı",183,Beyoğlu,İstanbul,Beyoğlu,41.0335,28.9752,"41.0335,28.9752",Yüksek,Açık,Kafe ve restoranlar; sanat galerileri; tarihi pasajlar,,Figüran olarak çalışan karakterlerin İstanbul'daki set hayatını anlatan sahneler Beyoğlu çevresinde çekilmiştir.
296,Eşrefpaşalılar,Film,Komedi,Hüdaverdi Yavuz,M. Yusuf Kulaksız,2010.0,dağıtıcı = Medya Vizyon,"Sinan Albayrak, Turgay Tanülkü, Deniz Özpınar, Burak Tarık, Ali Yaylı",238,Sirkeci Garı,İstanbul,Fatih,41.0136,28.9747,"41.0136,28.9747",Yüksek,Açık (müze),Orient Express müzesi; tarihi bina fotoğrafçılığı,,Kadıköy'deki lokanta sahnesi figüranların mesai dışı buluşmalarını konu alan eğlenceli bir sekansı oluşturmaktadır.
306,Figüran (film),Film,Komedi,Tolga Çetin,Aytekin Mert,1994.0,Bosphorus Film,"Ceyhun Fersoy, Serenay Aktaş, Ferdi Kurtuldu, Erdal Cindoruk, Cem Kılıç, Umut Oğuz, Mehtap Bayri, Yıldırım Öcek, Selma Hoşafçı, Veysel Diker, Ümit Yesin, İrfan Kangı, Süleyman Karadağ",183,Beyoğlu,İstanbul,Beyoğlu,41.0335,28.9752,"41.0335,28.9752",Yüksek,Açık,Kafe ve restoranlar; sanat galerileri; tarihi pasajlar,,Gerilim ve erotik atmosferin egemen olduğu gece sahneleri Beyoğlu'nun gece mekanlarında çekilmiştir.
307,Filinta,Dizi,Gerilim/Suç,Osman Kaya (Yönetmen),Yusuf EsenkalSerdar Öğretici (Yapımcı),2014.0,Es Film,"Onur Tuna, Berrak Tüzünataç, Hakan Kurtaş, Nur Fettahoğlu, Asena Tuğal, Hâzım Körmükçü, Serhat Tutumluer",197,Fatih,İstanbul,Fatih,41.0186,28.9397,"41.0186,28.9397",Orta,Açık,Tarihi camiler; Kapalıçarşı yakını; yerel pazar,,12 Eylül dönemini yansıtan polis baskını sahneleri Fatih'teki tarihi apartman bloklarında çekilmiştir.
307,Filinta,Dizi,Gerilim/Suç,Osman Kaya (Yönetmen),Yusuf EsenkalSerdar Öğretici (Yapımcı),2014.0,Es Film,"Onur Tuna, Berrak Tüzünataç, Hakan Kurtaş, Nur Fettahoğlu, Asena Tuğal, Hâzım Körmükçü, Serhat Tutumluer",246,Tarlabaşı,İstanbul,Beyoğlu,41.0326,29.0609,"41.0326, 29.0609",Yüksek,Açık,"Dizi seti ziyareti, Fotoğrafçılık",,Tarlabaşı'ndaki dar sokaklarda geçen sahne Gece'nin İstanbul'a gelişini aktaran karanlık atmosferi yansıtmaktadır.
312,Fırıldak Nuri,Dizi,Komedi,| başrol = Mehmet Ali ErbilHamdi AlkanBaykal Kent (Yönetmen),| editör = (Yapımcı),1995.0,| kanal = Star TV,"Mehmet Ali Erbil, Hamdi Alkan, Baykal Kent",183,Beyoğlu,İstanbul,Beyoğlu,41.0335,28.9752,"41.0335,28.9752",Yüksek,Açık,Kafe ve restoranlar; sanat galerileri; tarihi pasajlar,,Şaban'ın dedektiflik oynadığı komedi sahneleri Beyoğlu sokaklarında çekilmiştir.
312,Fırıldak Nuri,Dizi,Komedi,| başrol = Mehmet Ali ErbilHamdi AlkanBaykal Kent (Yönetmen),| editör = (Yapımcı),1995.0,| kanal = Star TV,"Mehmet Ali Erbil, Hamdi Alkan, Baykal Kent",197,Fatih,İstanbul,Fatih,41.0186,28.9397,"41.0186,28.9397",Orta,Açık,Tarihi camiler; Kapalıçarşı yakını; yerel pazar,,Fatih'teki mahalle esnafıyla yaşanan komedi sekansları karakterin çevresindeki sosyal ilişkileri aktarmaktadır.
346,Güneşi Beklerken (dizi),Dizi,Dram,Altan Dönmez,Ayşe E. Durmaz,2013.0,D Productions,"Emre Kınay, Hande Doğandemir, Kerem Bürsin",183,Beyoğlu,İstanbul,Beyoğlu,41.0335,28.9752,"41.0335,28.9752",Yüksek,Açık,Kafe ve restoranlar; sanat galerileri; tarihi pasajlar,,Seçim kampanyasının geçtiği mahalle toplantısı sahneleri Beyoğlu'nda çekilmiştir.
346,Güneşi Beklerken (dizi),Dizi,Dram,Altan Dönmez,Ayşe E. Durmaz,2013.0,D Productions,"Emre Kınay, Hande Doğandemir, Kerem Bürsin",197,Fatih,İstanbul,Fatih,41.0186,28.9397,"41.0186,28.9397",Orta,Açık,Tarihi camiler; Kapalıçarşı yakını; yerel pazar,,Fatih'teki sandık ve sandık kurulu sahneleri filmin siyasi komedi atmosferini tamamlamaktadır.
314,Galip Derviş,Dizi,Gerilim/Suç,Barış PirhasanYusuf PirhasanÇağrı Bayrak (Yönetmen),Ahmet KayımtuMahmut Kayımtu (Yapımcı),2013.0,Barakuda FilmNBC Universal,"Engin Günaydın, Algı Eke, Ersin Korkut, Orhan Güner",238,Sirkeci Garı,İstanbul,Fatih,41.0136,28.9747,"41.0136,28.9747",Yüksek,Açık (müze),Orient Express müzesi; tarihi bina fotoğrafçılığı,,Gişe memurunun her gün aynı durakta inip bindiği vapur sahilindeki fantastik dönüşüm sahnesi Kadıköy'de geçmektedir.
314,Galip Derviş,Dizi,Gerilim/Suç,Barış PirhasanYusuf PirhasanÇağrı Bayrak (Yönetmen),Ahmet KayımtuMahmut Kayımtu (Yapımcı),2013.0,Barakuda FilmNBC Universal,"Engin Günaydın, Algı Eke, Ersin Korkut, Orhan Güner",208,Kadıköy Sahili (Moda),İstanbul,Kadıköy,40.982,29.031,"40.9820,29.0310",Yüksek,Açık,Moda sahil yürüyüşü; tarihi çay bahçeleri; vapur yolculuğu,,Kadıköy Moda sahilindeki sahne karakterin hayal dünyasını gerçekle iç içe sunan görsel bir sekans içermektedir.
318,Gecenin Kraliçesi,Dizi,Romantik,Yağmur Taylan (1-2)Durul Taylan (1-2)Osman Taşcı (3-15)Burcu Alptekin (3-15) (Yönetmen),Onur Güvenatam (Yapımcı),2016.0,O3 Medya,"Murat Yıldırım, Meryem Uzerli",235,Samatya,İstanbul,Fatih,40.9981,28.9272,"40.9981,28.9272",Orta,Açık,Tarihi Rum ve Ermeni kiliseleri; sahil yürüyüşü; geleneksel mahalle dokusu,,Filmin büyük bölümü Samatya'da çekilmiş olup Nazım'ın emeklilikte taksicilik yaptığı tüm mahalle sahneleri bu semtte geçmektedir.
318,Gecenin Kraliçesi,Dizi,Romantik,Yağmur Taylan (1-2)Durul Taylan (1-2)Osman Taşcı (3-15)Burcu Alptekin (3-15) (Yönetmen),Onur Güvenatam (Yapımcı),2016.0,O3 Medya,"Murat Yıldırım, Meryem Uzerli",95,Girmeli Köyü,Mardin,Nusaybin,37.05,41.2167,"37.0500,41.2167",Orta,Açık,Tarihi köy mimarisi; Mezopotamya ovası manzarası,,Girmeli Köyü'ndeki sahneler Nazım'ın emekliliğini anlattığı kısa geçmiş sekanslarında yer almaktadır.
318,Gecenin Kraliçesi,Dizi,Romantik,Yağmur Taylan (1-2)Durul Taylan (1-2)Osman Taşcı (3-15)Burcu Alptekin (3-15) (Yönetmen),Onur Güvenatam (Yapımcı),2016.0,O3 Medya,"Murat Yıldırım, Meryem Uzerli",183,Beyoğlu,İstanbul,Beyoğlu,41.0335,28.9752,"41.0335,28.9752",Yüksek,Açık,Kafe ve restoranlar; sanat galerileri; tarihi pasajlar,,Dünya'nın çalıştığı pavyon ve İstanbul gece hayatı sahneleri Beyoğlu çevresinde çekilmiştir.
320,Geniş Aile,Dizi,Komedi,Ömer Uğur (Yönetmen),Ahmet Kayumtu (uygulayıcı) Lale Eren (Yapımcı),2009.0,D Productions,Ufuk Özkan Rasim Öztekin Mine Teber Fırat Tanış Zuhal Topal Rojda Demirer Azra Akın Emel Çölgeçen Bora Akkaş Bihter Dinçel İlker Ayrık Halit Akçatepe Tanju Tuncel,191,Cihangir,İstanbul,Beyoğlu,41.0569,29.0471,"41.0569, 29.0471",Yüksek,Açık,"Dizi seti ziyareti, Fotoğrafçılık",,Hayalet karakterlerin göründüğü Cihangir apartmanı sahneleri filmin temel gerilim ortamını oluşturmaktadır.
320,Geniş Aile,Dizi,Komedi,Ömer Uğur (Yönetmen),Ahmet Kayumtu (uygulayıcı) Lale Eren (Yapımcı),2009.0,D Productions,Ufuk Özkan Rasim Öztekin Mine Teber Fırat Tanış Zuhal Topal Rojda Demirer Azra Akın Emel Çölgeçen Bora Akkaş Bihter Dinçel İlker Ayrık Halit Akçatepe Tanju Tuncel,186,Beyoğlu'nun Arka Sokakları,İstanbul,Beyoğlu,41.031,28.9745,"41.0310,28.9745",Orta,Açık,Tarihi pasajlar; kafe kültürü; sokak sanatı,,Beyoğlu'nun arka sokaklarındaki gece sahneleri karakterlerin kaçış sekanslarını içermektedir.
325,Gomeda,Film,Fantastik,Tan Tolga Demirci,Selay Tozkoparan,2007.0,Bilinmiyor,"Serkan Altunorak, Bulut Köpük",183,Beyoğlu,İstanbul,Beyoğlu,41.0335,28.9752,"41.0335,28.9752",Yüksek,Açık,Kafe ve restoranlar; sanat galerileri; tarihi pasajlar,,Ailenin birlikte paylaştığı güldürü sahneleri Beyoğlu semtinin canlı sokaklarında çekilmiştir.
325,Gomeda,Film,Fantastik,Tan Tolga Demirci,Selay Tozkoparan,2007.0,Bilinmiyor,"Serkan Altunorak, Bulut Köpük",197,Fatih,İstanbul,Fatih,41.0186,28.9397,"41.0186,28.9397",Orta,Açık,Tarihi camiler; Kapalıçarşı yakını; yerel pazar,,Fatih'teki mahalle ve komşuluk sahneleri dönemin İstanbul gündelik yaşamını tatlı bir dille aktarmaktadır.
327,Gönül Ferman Dinlemiyor,Dizi,Komedi,Şenol Sönmez (Yönetmen),Arzu Yalçınlar (Yapımcı),2010.0,EBS Production,"Engin Şenkan, Melek Baykal, Oktay Dener, Altan Karındaş, Türkü Turan, Mehmet Ali Kaptanlar, Ceren Soylu, Mehtap Bayri, Nail Kırmızıgül",183,Beyoğlu,İstanbul,Beyoğlu,41.0335,28.9752,"41.0335,28.9752",Yüksek,Açık,Kafe ve restoranlar; sanat galerileri; tarihi pasajlar,,Güllü'nün şehirdeki meyhanelerde sahne aldığı sahneler Beyoğlu'nda çekilmiştir.
327,Gönül Ferman Dinlemiyor,Dizi,Komedi,Şenol Sönmez (Yönetmen),Arzu Yalçınlar (Yapımcı),2010.0,EBS Production,"Engin Şenkan, Melek Baykal, Oktay Dener, Altan Karındaş, Türkü Turan, Mehmet Ali Kaptanlar, Ceren Soylu, Mehtap Bayri, Nail Kırmızıgül",197,Fatih,İstanbul,Fatih,41.0186,28.9397,"41.0186,28.9397",Orta,Açık,Tarihi camiler; Kapalıçarşı yakını; yerel pazar,,Fatih'teki mahalle sahneleri Güllü'nün geleneksel çevresiyle çatışmasını konu alan dramayı zemine oturtur.
342,Gülşah (film),Film,Komedi,Orhan Aksoy,Selim Soydan,1975.0,Gülşah Film,"Gülşah Soydan, Hülya Koçyiğit",246,Tarlabaşı,İstanbul,Beyoğlu,41.0326,29.0609,"41.0326, 29.0609",Yüksek,Açık,"Dizi seti ziyareti, Fotoğrafçılık",,Tarlabaşı'nın arka sokaklarında geçen drama sahneleri gençlerin yoksullukla mücadelesini aktarmaktadır.
342,Gülşah (film),Film,Komedi,Orhan Aksoy,Selim Soydan,1975.0,Gülşah Film,"Gülşah Soydan, Hülya Koçyiğit",183,Beyoğlu,İstanbul,Beyoğlu,41.0335,28.9752,"41.0335,28.9752",Yüksek,Açık,Kafe ve restoranlar; sanat galerileri; tarihi pasajlar,,Beyoğlu genelindeki çeşitli dış mekan sahneleri karakterlerin şehirde hayatta kalma çabasını çerçeveler.
345,Güneşi Beklerken,Dizi,Dram,Altan Dönmez (Yönetmen),Ayşe E. Durmaz (Yapımcı),2013.0,D Productions,"Emre Kınay, Hande Doğandemir, Kerem Bürsin, Yağmur Tanrısevsin, İsmail Ege Şaşmaz, Ebru Aykaç",197,Fatih,İstanbul,Fatih,41.0186,28.9397,"41.0186,28.9397",Orta,Açık,Tarihi camiler; Kapalıçarşı yakını; yerel pazar,,Güzel şoförün müşterileriyle yaşadığı komedi sahneleri Fatih semtinin kalabalık sokaklarında çekilmiştir.
345,Güneşi Beklerken,Dizi,Dram,Altan Dönmez (Yönetmen),Ayşe E. Durmaz (Yapımcı),2013.0,D Productions,"Emre Kınay, Hande Doğandemir, Kerem Bürsin, Yağmur Tanrısevsin, İsmail Ege Şaşmaz, Ebru Aykaç",183,Beyoğlu,İstanbul,Beyoğlu,41.0335,28.9752,"41.0335,28.9752",Yüksek,Açık,Kafe ve restoranlar; sanat galerileri; tarihi pasajlar,,İstanbul'un işlek caddeleri boyunca süren taksi yolculuğu sahneleri Beyoğlu'nda çekilmiştir.
353,Güzel Köylü,Dizi,Komedi,Mustafa Şevki Doğan,Faruk Turgut,2014.0,Gold Film,"Gizem Karaca, Berk Cankat",241,Sultanahmet Meydanı,İstanbul,Fatih,41.0054,28.9768,"41.0054,28.9768",Yüksek,Açık,Ayasofya; Sultanahmet Camii; Topkapı Sarayı,,Halıcı kızın tarihi yarımadanın çarşı ve meydanlarında dokuma sattığı sahneler Sultanahmet çevresinde çekilmiştir.
353,Güzel Köylü,Dizi,Komedi,Mustafa Şevki Doğan,Faruk Turgut,2014.0,Gold Film,"Gizem Karaca, Berk Cankat",210,Kapalıçarşı,İstanbul,Fatih,41.0107,28.968,"41.0107,28.9680",Yüksek,Açık,Alışveriş; tarihi mimari; altın ve mücevher,,Kapalıçarşı içindeki esnaf sahneleri kızın el sanatlarını geçim kaynağı olarak kullandığı bölümü oluşturmaktadır.
357,Hacivat Karagöz Neden Öldürüldü?,Film,Komedi,Ezel Akay,"Bahadır Atay, Serkan Çakar, Ezel Akay",2005.0,İFR A.Ş.,"Haluk Bilginer, Beyazıt Öztürk, Şebnem Dönmez, Güven Kıraç",212,Karaköy,İstanbul,Beyoğlu,41.0425,29.0482,"41.0425, 29.0482",Yüksek,Açık,"Dizi seti ziyareti, Fotoğrafçılık",,Karaköy'deki sahne sekizli takımın soygun planını kurduğu ilk toplantı ortamını yansıtmaktadır.
357,Hacivat Karagöz Neden Öldürüldü?,Film,Komedi,Ezel Akay,"Bahadır Atay, Serkan Çakar, Ezel Akay",2005.0,İFR A.Ş.,"Haluk Bilginer, Beyazıt Öztürk, Şebnem Dönmez, Güven Kıraç",200,Galata Kulesi Çevresi,İstanbul,Beyoğlu,41.0258,28.9742,"41.0258,28.9742",Yüksek,Açık,Galata Kulesi; tarihi sokaklar; gece hayatı,,Galata Kulesi çevresindeki dar sokaklarda gerçekleşen kovalamaca sahneleri filmin aksiyon bölümünü oluşturmaktadır.
357,Hacivat Karagöz Neden Öldürüldü?,Film,Komedi,Ezel Akay,"Bahadır Atay, Serkan Çakar, Ezel Akay",2005.0,İFR A.Ş.,"Haluk Bilginer, Beyazıt Öztürk, Şebnem Dönmez, Güven Kıraç",183,Beyoğlu,İstanbul,Beyoğlu,41.0335,28.9752,"41.0335,28.9752",Yüksek,Açık,Kafe ve restoranlar; sanat galerileri; tarihi pasajlar,,Beyoğlu'ndaki bar ve lokanta sahneleri takımın operasyon sonrası buluşma noktalarını göstermektedir.
361,Hadi İnşallah,Film,Komedi,Ali Taner Baltacı,Koray Şahin,2014.0,25 Film,"Murat Boz, Büşra Pekin, Şinasi Yurtsever",191,Cihangir,İstanbul,Beyoğlu,41.0569,29.0471,"41.0569, 29.0471",Yüksek,Açık,"Dizi seti ziyareti, Fotoğrafçılık",,Cihangir'deki eski apartmanda geçen komedi sahneleri hayalet dayının yeniden görünür olduğu ortamı oluşturmaktadır.
361,Hadi İnşallah,Film,Komedi,Ali Taner Baltacı,Koray Şahin,2014.0,25 Film,"Murat Boz, Büşra Pekin, Şinasi Yurtsever",183,Beyoğlu,İstanbul,Beyoğlu,41.0335,28.9752,"41.0335,28.9752",Yüksek,Açık,Kafe ve restoranlar; sanat galerileri; tarihi pasajlar,,Beyoğlu'ndaki meydan ve sokak sahneleri hayaletin şehirde dolaşarak gençlere yardım ettiği bölümleri içermektedir.
364,Hangimiz Sevmedik,Dizi,Komedi,Metin Balekoğlu (Yönetmen),Çağrı Bingüller (Yapımcı),2016.0,BSK Yapım,"Can Yaman, Selen Soyder, Yeliz Kuvancı",191,Cihangir,İstanbul,Beyoğlu,41.0569,29.0471,"41.0569, 29.0471",Yüksek,Açık,"Dizi seti ziyareti, Fotoğrafçılık",,Cihangir'deki küçük dairede geçen yoğun sahne çiftinin ilişkisinin kırılma noktasını dramatik biçimde aktarmaktadır.
364,Hangimiz Sevmedik,Dizi,Komedi,Metin Balekoğlu (Yönetmen),Çağrı Bingüller (Yapımcı),2016.0,BSK Yapım,"Can Yaman, Selen Soyder, Yeliz Kuvancı",183,Beyoğlu,İstanbul,Beyoğlu,41.0335,28.9752,"41.0335,28.9752",Yüksek,Açık,Kafe ve restoranlar; sanat galerileri; tarihi pasajlar,,Beyoğlu'nun sisli sokaklarındaki yürüyüş sahnesi filmin varoluşsal atmosferini pekiştiren görsel bir sekans içermektedir.
388,Hercai,Dizi,Romantik,Cem Karcı,Banu Akdeniz,2019.0,Mia Yapım,"Akın Akınözü, Ebru Şahin",197,Fatih,İstanbul,Fatih,41.0186,28.9397,"41.0186,28.9397",Orta,Açık,Tarihi camiler; Kapalıçarşı yakını; yerel pazar,,1950'ler İstanbul'unda geçen dram sahnelerinin büyük bölümü Fatih'in eski mahalle dokusunda çekilmiştir.
388,Hercai,Dizi,Romantik,Cem Karcı,Banu Akdeniz,2019.0,Mia Yapım,"Akın Akınözü, Ebru Şahin",241,Sultanahmet Meydanı,İstanbul,Fatih,41.0054,28.9768,"41.0054,28.9768",Yüksek,Açık,Ayasofya; Sultanahmet Camii; Topkapı Sarayı,,Sultanahmet çevresindeki kısa sekans melodramın dönemsel atmosferini destekleyen görsel bir arka plan sunmaktadır.
389,Hicran,Dizi,Dram,Gürsel AteşNuh ŞenMehtap Köroğlu (Yönetmen),Dilek YorulmazErol DemirKaren Barroeta (Yapımcı),2022.0,Filmevi YapımInter Medya,"Nisa Sofia Aksongur, Elçin Zehra İrem, Berk Bakioğlu",197,Fatih,İstanbul,Fatih,41.0186,28.9397,"41.0186,28.9397",Orta,Açık,Tarihi camiler; Kapalıçarşı yakını; yerel pazar,,1960'lar İstanbul'unu yansıtan mahalle sahneleri Fatih'te çekilmiş olup dönemin şehir yaşamını aktarmaktadır.
389,Hicran,Dizi,Dram,Gürsel AteşNuh ŞenMehtap Köroğlu (Yönetmen),Dilek YorulmazErol DemirKaren Barroeta (Yapımcı),2022.0,Filmevi YapımInter Medya,"Nisa Sofia Aksongur, Elçin Zehra İrem, Berk Bakioğlu",238,Sirkeci Garı,İstanbul,Fatih,41.0136,28.9747,"41.0136,28.9747",Yüksek,Açık (müze),Orient Express müzesi; tarihi bina fotoğrafçılığı,,Kadıköy'deki sahil sahnesi karakterlerin buluşup ayrılığın acısını paylaştığı duygusal bir sekans içermektedir.
380,Hayat Şarkısı,Dizi,Romantik,Cem Karcı (Yönetmen),Gül Oğuz (Yapımcı),2016.0,Most Production,"Burcu Biricik, Birkan Sokullu Ahmet Mümtaz Taylan",200,Galata Kulesi Çevresi,İstanbul,Beyoğlu,41.0258,28.9742,"41.0258,28.9742",Yüksek,Açık,Galata Kulesi; tarihi sokaklar; gece hayatı,,Galata Kulesi'nde geçen restoran sahnesi Ajan 47'nin İstanbul'daki görev hazırlığının kritik bir anını yansıtmaktadır.
380,Hayat Şarkısı,Dizi,Romantik,Cem Karcı (Yönetmen),Gül Oğuz (Yapımcı),2016.0,Most Production,"Burcu Biricik, Birkan Sokullu Ahmet Mümtaz Taylan",210,Kapalıçarşı,İstanbul,Fatih,41.0107,28.968,"41.0107,28.9680",Yüksek,Açık,Alışveriş; tarihi mimari; altın ve mücevher,,Kapalıçarşı'daki takip ve kaçış sahnesi filmin İstanbul bölümünün en hareketli aksiyon sekansını oluşturmaktadır.
380,Hayat Şarkısı,Dizi,Romantik,Cem Karcı (Yönetmen),Gül Oğuz (Yapımcı),2016.0,Most Production,"Burcu Biricik, Birkan Sokullu Ahmet Mümtaz Taylan",256,Yerebatan Sarnıcı,İstanbul,Fatih,41.0084,28.9779,"41.0084,28.9779",Yüksek,Açık,Bizans dönemi sarnıç gezisi; sütunlar; gece etkinlikleri,,Yerebatan Sarnıcı'ndaki sahne Ajan 47'nin hedefini köşeye sıkıştırdığı gerilimli doruk noktasını içermektedir.
382,Hayatımın Aşkı,Dizi,Komedi,Hakan Kırvavaç (Yönetmen),Shebnem Askin (Yapımcı),2016.0,Lucky Red,"Serkan Çayoğlu, Hande Doğandemir",261,Çukurcuma,İstanbul,Beyoğlu,41.0291,28.9761,"41.0291,28.9761",Yüksek,Açık,Antika dükkanları; sanatçı stüdyoları; tarihi apartmanlar,,Çukurcuma'daki antika dükkanı sahnesi Hokkabaz karakterinin şehirdeki günlük hayatının arka planını oluşturmaktadır.
382,Hayatımın Aşkı,Dizi,Komedi,Hakan Kırvavaç (Yönetmen),Shebnem Askin (Yapımcı),2016.0,Lucky Red,"Serkan Çayoğlu, Hande Doğandemir",267,İstiklal Caddesi,İstanbul,Beyoğlu,41.0147,29.0447,"41.0147, 29.0447",Orta,Açık,"Dizi seti ziyareti, Fotoğrafçılık",,İstiklal Caddesi'nde geçen hokkabazlık sahnesi filmin açılış bölümünde karakteri tanıtan ikonik sekansı içermektedir.
382,Hayatımın Aşkı,Dizi,Komedi,Hakan Kırvavaç (Yönetmen),Shebnem Askin (Yapımcı),2016.0,Lucky Red,"Serkan Çayoğlu, Hande Doğandemir",183,Beyoğlu,İstanbul,Beyoğlu,41.0335,28.9752,"41.0335,28.9752",Yüksek,Açık,Kafe ve restoranlar; sanat galerileri; tarihi pasajlar,,Beyoğlu'ndaki gece sahneleri hokkabazın performanslarını ve şehir hayatıyla bütünleşmesini aktarmaktadır.
391,Hizmetçiler,Dizi,Dram,Metin Balekoğlu (Yönetmen),Öner Arslanel (Yapımcı),2020.0,Fabrika Yapım,"Deniz Baysal, Algı Eke, Selen Domaç, Aleyna Solaker",267,İstiklal Caddesi,İstanbul,Beyoğlu,41.0147,29.0447,"41.0147, 29.0447",Orta,Açık,"Dizi seti ziyareti, Fotoğrafçılık",,Ada'nın çocuk kostümleri sattığı küçük dükkanın bulunduğu arka sokak sahneleri İstiklal Caddesi yakınında çekilmiştir.
391,Hizmetçiler,Dizi,Dram,Metin Balekoğlu (Yönetmen),Öner Arslanel (Yapımcı),2020.0,Fabrika Yapım,"Deniz Baysal, Algı Eke, Selen Domaç, Aleyna Solaker",200,Galata Kulesi Çevresi,İstanbul,Beyoğlu,41.0258,28.9742,"41.0258,28.9742",Yüksek,Açık,Galata Kulesi; tarihi sokaklar; gece hayatı,,Alper'in Galata Kulesi çevresindeki sanat galerisi yakınında Ada'yı ilk fark ettiği sahne burada geçmektedir.
391,Hizmetçiler,Dizi,Dram,Metin Balekoğlu (Yönetmen),Öner Arslanel (Yapımcı),2020.0,Fabrika Yapım,"Deniz Baysal, Algı Eke, Selen Domaç, Aleyna Solaker",261,Çukurcuma,İstanbul,Beyoğlu,41.0291,28.9761,"41.0291,28.9761",Yüksek,Açık,Antika dükkanları; sanatçı stüdyoları; tarihi apartmanlar,,Çukurcuma'daki antika çarşısı sahneleri çiftin birlikte yaptığı ilk keşif yürüyüşünü aktarmaktadır.
876,"Ölümlü Dünya (film, 2018)",Film,Aksiyon,Ali Atay,Timur Savcı,2017.0,TAFF Pictures,"Ahmet Mümtaz Taylan, Alper Kul, Sarp Apak, İrem Sak, Doğu Demirkol, Feyyaz Yiğit, Meltem Kaptan, Mehmet Özgür, Özgür Emre Yıldırım",241,Sultanahmet Meydanı,İstanbul,Fatih,41.0054,28.9768,"41.0054,28.9768",Yüksek,Açık,Ayasofya; Sultanahmet Camii; Topkapı Sarayı,,1950'ler İstanbul atmosferini yansıtan film için Sultanahmet Meydanı'nın panoramik görüntüleri geniş kullanılmıştır.
876,"Ölümlü Dünya (film, 2018)",Film,Aksiyon,Ali Atay,Timur Savcı,2017.0,TAFF Pictures,"Ahmet Mümtaz Taylan, Alper Kul, Sarp Apak, İrem Sak, Doğu Demirkol, Feyyaz Yiğit, Meltem Kaptan, Mehmet Özgür, Özgür Emre Yıldırım",201,Galata Köprüsü,İstanbul,Eminönü,41.0167,28.9739,"41.0167,28.9739",Yüksek,Açık,Balık tutma; Altın Boynuz manzarası; yürüyüş,,Galata Köprüsü sahnesi yabancı oyuncuların İstanbul Boğazı'nı keşfettiği romantik sekansları içermektedir.
876,"Ölümlü Dünya (film, 2018)",Film,Aksiyon,Ali Atay,Timur Savcı,2017.0,TAFF Pictures,"Ahmet Mümtaz Taylan, Alper Kul, Sarp Apak, İrem Sak, Doğu Demirkol, Feyyaz Yiğit, Meltem Kaptan, Mehmet Özgür, Özgür Emre Yıldırım",226,Ortaköy Meydanı,İstanbul,Beşiktaş,41.0478,29.027,"41.0478,29.0270",Yüksek,Açık,Ortaköy Camii; Boğaziçi Köprüsü manzarası; sokak yemekleri,,Ortaköy Meydanı çevresindeki sahneler filmin İstanbul'u egzotik bir arka plan olarak sunduğu bölümlerde yer almaktadır.
877,,,,,,,,,183,Beyoğlu,İstanbul,Beyoğlu,41.0335,28.9752,"41.0335,28.9752",Yüksek,Açık,Kafe ve restoranlar; sanat galerileri; tarihi pasajlar,,Fatih Akın'ın belgeselinin İstanbul boyutundaki sahneleri Beyoğlu'nda çekilmiştir.
877,,,,,,,,,238,Sirkeci Garı,İstanbul,Fatih,41.0136,28.9747,"41.0136,28.9747",Yüksek,Açık (müze),Orient Express müzesi; tarihi bina fotoğrafçılığı,,Kadıköy'deki müzisyen ve kültürel yaşam sahneleri köprünün iki yakasını birleştiren anlatının bir parçasını oluşturmaktadır.
879,,,,,,,,,141,JFK Havalimanı,New York,Queens,40.6413,-73.7781,"40.6413,-73.7781",Orta,Açık,Uluslararası ulaşım noktası; ikonik terminal binaları,,JFK Havalimanı sahnesi Mehmet ile Serin'in bavullarının karışmasıyla başlayan tesadüfi karşılaşmayı içermektedir.
879,,,,,,,,,142,New York Şehir Merkezi,New York,Manhattan,40.7128,-74.006,"40.7128,-74.0060",Yüksek,Açık,Turistik geziler,,New York şehir merkezindeki gece sahneleri çiftin şehrin ışıklarında birlikte geçirdiği unutulmaz geceyi aktarmaktadır.
891,İkisini de Sevdim,Dizi,Romantik,Cem Tabak (Yönetmen),Türker İnanoğlu (Yapımcı),2017.0,Erler Film,"Amine Gülşe, Burak Serdar Şanal, Oktay Gürsoy",197,Fatih,İstanbul,Fatih,41.0186,28.9397,"41.0186,28.9397",Orta,Açık,Tarihi camiler; Kapalıçarşı yakını; yerel pazar,,İşportacı kızın mahallede seyyar satış yaptığı sahneler Fatih'in kalabalık çarşı ve sokak dokusunda çekilmiştir.
891,İkisini de Sevdim,Dizi,Romantik,Cem Tabak (Yönetmen),Türker İnanoğlu (Yapımcı),2017.0,Erler Film,"Amine Gülşe, Burak Serdar Şanal, Oktay Gürsoy",267,İstiklal Caddesi,İstanbul,Beyoğlu,41.0147,29.0447,"41.0147, 29.0447",Orta,Açık,"Dizi seti ziyareti, Fotoğrafçılık",,İstiklal Caddesi'nde geçen sahne kızın şehir merkezinde ticari faaliyetlerini aktaran enerjik bir sekansı içermektedir.
883,Üsküdar'a Giderken,Dizi,Komedi,Selçuk Aydemir (Yönetmen),| yardımcı_yapımcı = (Yapımcı),2011.0,Kerki Production,Erkan Can Öner Erkan Tülin Özen Murat Cemcir,183,Beyoğlu,İstanbul,Beyoğlu,41.0335,28.9752,"41.0335,28.9752",Yüksek,Açık,Kafe ve restoranlar; sanat galerileri; tarihi pasajlar,,Mahkeme ve çevresiyle ilişkili adalet arayışı sahneleri Beyoğlu'nda çekilmiştir.
883,Üsküdar'a Giderken,Dizi,Komedi,Selçuk Aydemir (Yönetmen),| yardımcı_yapımcı = (Yapımcı),2011.0,Kerki Production,Erkan Can Öner Erkan Tülin Özen Murat Cemcir,177,Beyazıt Meydanı,İstanbul,Fatih,41.0108,28.9644,"41.0108,28.9644",Yüksek,Açık,İstanbul Üniversitesi; tarihi çeşme; sahaf sokağı,,Beyazıt Meydanı'ndaki sahne İstanbul Üniversitesi yakınında avukatlık ve hukuk temali gerilim sekansını oluşturmaktadır.
392,Hokkabaz (film),Film,Dram,"Cem Yılmaz, Ali Taner Baltacı",Necati Akpınar,2006.0,dağıtıcı = Beşiktaş Kültür Merkezi,"Cem Yılmaz, Mazhar Alanson, Özlem Tekin, Tuna Orhan",246,Tarlabaşı,İstanbul,Beyoğlu,41.0326,29.0609,"41.0326, 29.0609",Yüksek,Açık,"Dizi seti ziyareti, Fotoğrafçılık",,Tarlabaşı sokaklarındaki gerilim sahneleri Ali Osman ile Devran'ın mücadelesinin kritik bir bölümünü oluşturmaktadır.
437,Kavgamız,Film,Dram,Melih Gülgen,Sezer İnanoğlu,1989.0,Sezer Film,"Kadir İnanır , Nil Ünal , Salih Kırmızı , Nuri Alço, Yıldırım Gencer , Aliye Rona, Baki Tamer",238,Sirkeci Garı,İstanbul,Fatih,41.0136,28.9747,"41.0136,28.9747",Yüksek,Açık (müze),Orient Express müzesi; tarihi bina fotoğrafçılığı,,Erken dönem Türk sinemasının bu klasiğinin sahne çekimleri Sirkeci ve çevresindeki tarihi limanda yapılmıştır.
437,Kavgamız,Film,Dram,Melih Gülgen,Sezer İnanoğlu,1989.0,Sezer Film,"Kadir İnanır , Nil Ünal , Salih Kırmızı , Nuri Alço, Yıldırım Gencer , Aliye Rona, Baki Tamer",169,Balat,İstanbul,Fatih,41.0617,29.0995,"41.0617, 29.0995",Yüksek,Açık,"Dizi seti ziyareti, Fotoğrafçılık",,Balat'ın eski liman mahallesi kaçakçıların operasyon üssü olarak yansıtıldığı sahnelerin mekânı olmuştur.
438,Kaybedenler Kulübü Yolda,Film,Komedi,Mehmet Ada Öztekin,Erol Avcı,2017.0,TMC Film,"Nejat İşler, Yiğit Özşener, Hande Doğandemir",183,Beyoğlu,İstanbul,Beyoğlu,41.0335,28.9752,"41.0335,28.9752",Yüksek,Açık,Kafe ve restoranlar; sanat galerileri; tarihi pasajlar,,Birader ikilisinin şehirden kaçış planı yapma sahneleri Beyoğlu'nda çekilmiştir.
438,Kaybedenler Kulübü Yolda,Film,Komedi,Mehmet Ada Öztekin,Erol Avcı,2017.0,TMC Film,"Nejat İşler, Yiğit Özşener, Hande Doğandemir",12,Çukurova Ovası,Adana,Merkez,37.05,35.6,"37.0500,35.6000",Orta,Açık,Pamuk tarlaları; Seyhan Nehri manzarası; doğa gözlemi,,Adana'nın geniş Çukurova ovalarında geçen yol sahneleri kaçış yolculuğunun en özgün bölümünü oluşturmaktadır.
402,Kabadayı (film),Film,Dram,Ömer Vargı,Mine Vargı,2007.0,Filmacass ve Fida Film,"Şener Şen , Kenan İmirzalıoğlu , Aslı Tandoğan , İsmail Hacıoğlu , Rasim Öztekin",183,Beyoğlu,İstanbul,Beyoğlu,41.0335,28.9752,"41.0335,28.9752",Yüksek,Açık,Kafe ve restoranlar; sanat galerileri; tarihi pasajlar,,Kanlı Nigâr karakterinin mahalle maceraları Beyoğlu'nun kalabalık sokaklarında çekilmiştir.
402,Kabadayı (film),Film,Dram,Ömer Vargı,Mine Vargı,2007.0,Filmacass ve Fida Film,"Şener Şen , Kenan İmirzalıoğlu , Aslı Tandoğan , İsmail Hacıoğlu , Rasim Öztekin",197,Fatih,İstanbul,Fatih,41.0186,28.9397,"41.0186,28.9397",Orta,Açık,Tarihi camiler; Kapalıçarşı yakını; yerel pazar,,Fatih'teki komşuluk sahneleri filmin geleneksel İstanbul komedi atmosferini desteklemektedir.
406,Kalbim Ege'de Kaldı,Dizi,Komedi,Eray Koçak,Hayri Aslan,2015.0,Limon Film,"Alper Saldıran, Oya Unustası",183,Beyoğlu,İstanbul,Beyoğlu,41.0335,28.9752,"41.0335,28.9752",Yüksek,Açık,Kafe ve restoranlar; sanat galerileri; tarihi pasajlar,,Kapan operasyonunun kurulduğu şehir sahneleri Beyoğlu'ndaki arka sokalarda geçmektedir.
406,Kalbim Ege'de Kaldı,Dizi,Komedi,Eray Koçak,Hayri Aslan,2015.0,Limon Film,"Alper Saldıran, Oya Unustası",246,Tarlabaşı,İstanbul,Beyoğlu,41.0326,29.0609,"41.0326, 29.0609",Yüksek,Açık,"Dizi seti ziyareti, Fotoğrafçılık",,Tarlabaşı'nın karanlık sokaklarındaki sahne filmin gerilim atmosferinin yoğunlaştığı bölümü oluşturmaktadır.
420,Kara Sevda,Dizi,Romantik,Hilal Saral (Yönetmen),Kerem ÇatayPelin Diştaş (Yapımcı),2015.0,Ay Yapım,"Burak Özçivit, Neslihan Atagül, Kaan Urgancıoğlu",206,Kadıköy,İstanbul,Kadıköy,40.9903,29.023,"40.9903,29.0230",Yüksek,Açık,Pazarlar; kafe kültürü; vapur yolculuğu,,Kardeşlerin Kadıköy'deki buluşma sahnesi uzun ayrılığın ardından yeniden bir araya gelişi aktarmaktadır.
420,Kara Sevda,Dizi,Romantik,Hilal Saral (Yönetmen),Kerem ÇatayPelin Diştaş (Yapımcı),2015.0,Ay Yapım,"Burak Özçivit, Neslihan Atagül, Kaan Urgancıoğlu",183,Beyoğlu,İstanbul,Beyoğlu,41.0335,28.9752,"41.0335,28.9752",Yüksek,Açık,Kafe ve restoranlar; sanat galerileri; tarihi pasajlar,,Beyoğlu'ndaki iç mekan sahneleri kardeşler arasındaki gerilim ve uzlaşma sürecini çerçeveler.
423,Karadayı (dizi),Dizi,Aksiyon,Uluç Bayraktar,Kerem Çatay,2012.0,Ay Yapım,"Kenan İmirzalıoğlu, Bergüzar Korel",197,Fatih,İstanbul,Fatih,41.0186,28.9397,"41.0186,28.9397",Orta,Açık,Tarihi camiler; Kapalıçarşı yakını; yerel pazar,,Kasap dükkânının bulunduğu mahalle sahneleri Fatih'in geleneksel esnaf dokusunda çekilmiştir.
423,Karadayı (dizi),Dizi,Aksiyon,Uluç Bayraktar,Kerem Çatay,2012.0,Ay Yapım,"Kenan İmirzalıoğlu, Bergüzar Korel",183,Beyoğlu,İstanbul,Beyoğlu,41.0335,28.9752,"41.0335,28.9752",Yüksek,Açık,Kafe ve restoranlar; sanat galerileri; tarihi pasajlar,,Beyoğlu'ndaki gece sahneleri kasabın iş çevresiyle olan çatışmasını aktarmaktadır.
427,Karayılan (dizi),Dizi,Dram,Cem Akyoldaş,Fatmanur Sevinç,2007.0,Bilinmiyor,"Bülent İnal, Begüm Birgören",183,Beyoğlu,İstanbul,Beyoğlu,41.0335,28.9752,"41.0335,28.9752",Yüksek,Açık,Kafe ve restoranlar; sanat galerileri; tarihi pasajlar,,Kavganın geçtiği sokak ve mahalle sahneleri Beyoğlu çevresinde çekilmiştir.
427,Karayılan (dizi),Dizi,Dram,Cem Akyoldaş,Fatmanur Sevinç,2007.0,Bilinmiyor,"Bülent İnal, Begüm Birgören",197,Fatih,İstanbul,Fatih,41.0186,28.9397,"41.0186,28.9397",Orta,Açık,Tarihi camiler; Kapalıçarşı yakını; yerel pazar,,Fatih'teki mahalle dokusu dönemin İstanbul atmosferini yansıtan dış mekan sahnelerinde kullanılmıştır.
430,"Kardeşler (film, 2018)",Film,Dram,Ömür Atay,Funda Ödemiş,2018.0,"Atay Film, Chouchkov Brothers, Fiction 2.0, Off Film","Yiğit Ege Yazar, Caner Şahin, Gözde Mutluer, Cem Zeynel Kılıç, Ozan Çelik",267,İstiklal Caddesi,İstanbul,Beyoğlu,41.0147,29.0447,"41.0147, 29.0447",Orta,Açık,"Dizi seti ziyareti, Fotoğrafçılık",,İstiklal Caddesi'ndeki kalabalık sahneler Kayhan karakterinin şehirle ilk karşılaşmasını aktarmaktadır.
430,"Kardeşler (film, 2018)",Film,Dram,Ömür Atay,Funda Ödemiş,2018.0,"Atay Film, Chouchkov Brothers, Fiction 2.0, Off Film","Yiğit Ege Yazar, Caner Şahin, Gözde Mutluer, Cem Zeynel Kılıç, Ozan Çelik",183,Beyoğlu,İstanbul,Beyoğlu,41.0335,28.9752,"41.0335,28.9752",Yüksek,Açık,Kafe ve restoranlar; sanat galerileri; tarihi pasajlar,,Beyoğlu'ndaki sokak sahneleri Kayhan'ın İstanbul'daki maceralarını çerçeveleyen ana dış mekânı oluşturmaktadır.
441,Kaynanalar,Dizi,Dram,Tekin AkmansoyArzu Akmansoy (Yönetmen),| senaryo yazarı = Tekin Akmansoy (Yapımcı),1974.0,| dağıtıcı =,"Tekin Akmansoy Leman Çıdamlı, Defne Yalnız Sevda Aydan, Ege Aydan, Münir Caner, Sermin Hürmeriç, Sezai Aydın|Bahadır Tokmak|Gültekin Gülkan",159,Zonguldak Ereğli,Zonguldak,Ereğli,41.2764,31.4202,"41.2764,31.4202",Orta,Açık,Tarihi kömür madeni müzesi; sahil; Ereğli Kalesi,,Filmin büyük bölümü Zonguldak Ereğli'nin kömür madeni çevresinde ve tarihi sokak dokusunda çekilmiştir.
441,Kaynanalar,Dizi,Dram,Tekin AkmansoyArzu Akmansoy (Yönetmen),| senaryo yazarı = Tekin Akmansoy (Yapımcı),1974.0,| dağıtıcı =,"Tekin Akmansoy Leman Çıdamlı, Defne Yalnız Sevda Aydan, Ege Aydan, Münir Caner, Sermin Hürmeriç, Sezai Aydın|Bahadır Tokmak|Gültekin Gülkan",205,Heybeliada,İstanbul,Adalar,41.0649,29.0582,"41.0649, 29.0582",Yüksek,Açık,"Dizi seti ziyareti, Fotoğrafçılık",,Heybeliada Sanatoryumu'ndaki sahne şairlerin verem tedavisi sürecini yansıtan en duygusal sekansları içermektedir.
441,Kaynanalar,Dizi,Dram,Tekin AkmansoyArzu Akmansoy (Yönetmen),| senaryo yazarı = Tekin Akmansoy (Yapımcı),1974.0,| dağıtıcı =,"Tekin Akmansoy Leman Çıdamlı, Defne Yalnız Sevda Aydan, Ege Aydan, Münir Caner, Sermin Hürmeriç, Sezai Aydın|Bahadır Tokmak|Gültekin Gülkan",189,Büyükada,İstanbul,Adalar,41.011,29.0818,"41.0110, 29.0818",Orta,Açık,"Dizi seti ziyareti, Fotoğrafçılık",,Büyükada'daki sahne karakterlerin İstanbul'a yaptıkları kısa ziyaret sırasında geçen romantik anları içermektedir.
440,Kayhan (film),Film,Dram,Togan Gökbakar,"Şahan Gökbakar, Togan Gökbakar",2021.0,Çamaşırhane Film,"Şahan Gökbakar, İrfan Kangı, Gökçe Eyüboğlu",109,Hasanlar Köyü,Muğla,Milas,37.2167,27.7833,"37.2167,27.7833",Orta,Açık,Orman ve kırsal doku; kelebek türleri gözlemi; sessiz doğa yürüyüşü,,Filmin tamamı Milas'ın Hasanlar Köyü'nde çekilmiş olup köyün organik dokusu hikayelerin gerçekçiliğini pekiştirmektedir.
496,Kül Masalı,Dizi,Dram,Metin Balekoğlu,Cemil Cengiz,2024.0,Vernant Yapım,"Gökhan Alkan, Sevda Erginci",183,Beyoğlu,İstanbul,Beyoğlu,41.0335,28.9752,"41.0335,28.9752",Yüksek,Açık,Kafe ve restoranlar; sanat galerileri; tarihi pasajlar,,Kılıbık karakterinin ev içi ve komşuluk komedi sahneleri Beyoğlu çevresinde çekilmiştir.
496,Kül Masalı,Dizi,Dram,Metin Balekoğlu,Cemil Cengiz,2024.0,Vernant Yapım,"Gökhan Alkan, Sevda Erginci",197,Fatih,İstanbul,Fatih,41.0186,28.9397,"41.0186,28.9397",Orta,Açık,Tarihi camiler; Kapalıçarşı yakını; yerel pazar,,Fatih'teki mahalle sahneleri karakterin karısından çekindği gündelik hayatını mizahi biçimde aktarmaktadır.
497,Küstüm Çiçeği,Dizi,Komedi,Kemal Uzun (Yönetmen),Medya Skala (Yapımcı),2010.0,| dağıtıcı =,"Salih Kalyon, Füsun Demirel, Ali Erkazan, Esra Ronabar, Engin Hepileri, Sezin Akbaşoğulları, Sezgi Mengi, Ayşenur Yazıcı, Sevim Gelenbe, Murat Cemcir, Aydoğan Oflu, Erdal Tosun, Nalan Gücüpek, Ayfer Dönmez, Emin Gürsoy, Zeynep Evrim Aydın, Kaya Akarsu",183,Beyoğlu,İstanbul,Beyoğlu,41.0335,28.9752,"41.0335,28.9752",Yüksek,Açık,Kafe ve restoranlar; sanat galerileri; tarihi pasajlar,,Hanzo'nun İstanbul maceralarının geçtiği aksiyon sahneleri Beyoğlu sokaklarında çekilmiştir.
497,Küstüm Çiçeği,Dizi,Komedi,Kemal Uzun (Yönetmen),Medya Skala (Yapımcı),2010.0,| dağıtıcı =,"Salih Kalyon, Füsun Demirel, Ali Erkazan, Esra Ronabar, Engin Hepileri, Sezin Akbaşoğulları, Sezgi Mengi, Ayşenur Yazıcı, Sevim Gelenbe, Murat Cemcir, Aydoğan Oflu, Erdal Tosun, Nalan Gücüpek, Ayfer Dönmez, Emin Gürsoy, Zeynep Evrim Aydın, Kaya Akarsu",197,Fatih,İstanbul,Fatih,41.0186,28.9397,"41.0186,28.9397",Orta,Açık,Tarihi camiler; Kapalıçarşı yakını; yerel pazar,,Fatih'teki pazar ve esnaf sahneleri Hanzo'nun şehirdeki komedi serüveninin başlangıç bölümünü oluşturmaktadır.
445,Kayıtdışı,Dizi,Aksiyon,Cevdet Mercan (Yönetmen),Özer SataTamer ÜnerKelly McphersenTracy BacalEmre ŞahinSarah Wetherbee (Yapımcı),2017.0,Karga Seven Pictures,"Erkan Petekkaya, Songül Öden, Dolunay Soysert, İsmail Hacıoğlu, Ahmet Mekin, Bahar Şahin, Serdar Orçin, Rutkay Aziz",70,Harran Mahallesi,Hatay,Reyhanlı,36.3581,36.5875,"36.3581,36.5875",Orta,Açık,Tarihi köy dokusu; Kibar Feyzo film lokasyonu; Türk kırsal mimarisi,,Feyzo'nun yaşadığı köy ve ağalık sahnelerinin tamamı Hatay Reyhanlı'nın Harran Mahallesi'nde çekilmiştir.
445,Kayıtdışı,Dizi,Aksiyon,Cevdet Mercan (Yönetmen),Özer SataTamer ÜnerKelly McphersenTracy BacalEmre ŞahinSarah Wetherbee (Yapımcı),2017.0,Karga Seven Pictures,"Erkan Petekkaya, Songül Öden, Dolunay Soysert, İsmail Hacıoğlu, Ahmet Mekin, Bahar Şahin, Serdar Orçin, Rutkay Aziz",183,Beyoğlu,İstanbul,Beyoğlu,41.0335,28.9752,"41.0335,28.9752",Yüksek,Açık,Kafe ve restoranlar; sanat galerileri; tarihi pasajlar,,Feyzo'nun başlık parası için İstanbul'a gelip çalıştığı fabrika ve sendika sahneleri Beyoğlu'nda geçmektedir.
447,Kaçakçılar,Film,Gerilim/Suç,Muhsin Ertuğrul,yönetmen = Muhsin Ertuğrul,1932.0,İpek Film,anlatıcı =,197,Fatih,İstanbul,Fatih,41.0186,28.9397,"41.0186,28.9397",Orta,Açık,Tarihi camiler; Kapalıçarşı yakını; yerel pazar,,İntikam sürecinin geçtiği aksiyon sahneleri Fatih'in tarihi dokusundaki set lokasyonlarında çekilmiştir.
447,Kaçakçılar,Film,Gerilim/Suç,Muhsin Ertuğrul,yönetmen = Muhsin Ertuğrul,1932.0,İpek Film,anlatıcı =,183,Beyoğlu,İstanbul,Beyoğlu,41.0335,28.9752,"41.0335,28.9752",Yüksek,Açık,Kafe ve restoranlar; sanat galerileri; tarihi pasajlar,,Beyoğlu'ndaki gece sahneleri düşman karakterlerin karşılaşmasını aktaran gerilimli sekansları içermektedir.
448,Kaçma Birader,Film,Macera,"Defne Deliormanlı , Murat Kaman","H. Hakan Eren , İpek Sorak , Gökhan Tatarer , Oğuz Peri",2016.0,"Böcek Yapım , Endemol Prodüksiyon , Endemol Shine Turkey","Zafer Algöz, Melek Baykal, Emrah Kaman, Algı Eke, Cihan Ercan, Necip Memili, Nursel Köse",183,Beyoğlu,İstanbul,Beyoğlu,41.0335,28.9752,"41.0335,28.9752",Yüksek,Açık,Kafe ve restoranlar; sanat galerileri; tarihi pasajlar,,Kiracı Musa'nın ev sahibiyle yaşadığı komedi sahneleri Beyoğlu semtinin mahalle dokusunda çekilmiştir.
448,Kaçma Birader,Film,Macera,"Defne Deliormanlı , Murat Kaman","H. Hakan Eren , İpek Sorak , Gökhan Tatarer , Oğuz Peri",2016.0,"Böcek Yapım , Endemol Prodüksiyon , Endemol Shine Turkey","Zafer Algöz, Melek Baykal, Emrah Kaman, Algı Eke, Cihan Ercan, Necip Memili, Nursel Köse",197,Fatih,İstanbul,Fatih,41.0186,28.9397,"41.0186,28.9397",Orta,Açık,Tarihi camiler; Kapalıçarşı yakını; yerel pazar,,Fatih'teki apartman sahneleri kiracı ile ev sahibi arasındaki kronik çatışmayı yansıtan iç mekân sekanslarını içermektedir.
512,Kırık Ayna,Dizi,Dram,Şerif Gören,Faruk Turgut,2002.0,Gold Film,"Kadir İnanır, Yeşim Büber",183,Beyoğlu,İstanbul,Beyoğlu,41.0335,28.9752,"41.0335,28.9752",Yüksek,Açık,Kafe ve restoranlar; sanat galerileri; tarihi pasajlar,,Annenin kızı için mücadele ettiği hukuki ve sokak sahneleri Beyoğlu çevresinde çekilmiştir.
512,Kırık Ayna,Dizi,Dram,Şerif Gören,Faruk Turgut,2002.0,Gold Film,"Kadir İnanır, Yeşim Büber",206,Kadıköy,İstanbul,Kadıköy,40.9903,29.023,"40.9903,29.0230",Yüksek,Açık,Pazarlar; kafe kültürü; vapur yolculuğu,,Kadıköy'deki sahne anne ile kızının barışma sürecini konu alan duygusal bir sekans içermektedir.
456,Kimse Bilmez,Dizi,Aksiyon,U. Hakan Eren (1-27)Kartal Çidamlı (1-17)Reyhan Pekar (18-27) (Yönetmen),| editör = (Yapımcı),2019.0,Baba Yapım,"Keremcem, Özgü Kaya, Engin Hepileri, Burak Serdar Şanal",259,Çengelköy,İstanbul,Üsküdar,41.0801,29.0511,"41.0801, 29.0511",Yüksek,Açık,"Dizi seti ziyareti, Fotoğrafçılık",,Filmin villa sahneleri Çengelköy'deki tarihi malikanede çekilmiş olup serideki diğer filmlerle devamlılık sağlamaktadır.
456,Kimse Bilmez,Dizi,Aksiyon,U. Hakan Eren (1-27)Kartal Çidamlı (1-17)Reyhan Pekar (18-27) (Yönetmen),| editör = (Yapımcı),2019.0,Baba Yapım,"Keremcem, Özgü Kaya, Engin Hepileri, Burak Serdar Şanal",263,Üsküdar,İstanbul,Üsküdar,41.0228,29.015,"41.0228,29.0150",Orta,Açık,Kız Kulesi; sahil yürüyüşü; tarihi camiler,,Üsküdar'daki arka sokak sahneleri Kolpaçino evreninin şehir atmosferini aktarmaktadır.
457,"Kin (film, 1974)",Film,Gerilim/Suç,Natuk Baytan,Hürrem Erman,1974.0,Erman Film,"Cüneyt Arkın, Erol Taş, Ahmet Mekin",259,Çengelköy,İstanbul,Üsküdar,41.0801,29.0511,"41.0801, 29.0511",Yüksek,Açık,"Dizi seti ziyareti, Fotoğrafçılık",,Serinin ilk filmindeki Çengelköy malikanesi bu filmde de ana çekim lokasyonu olarak kullanılmıştır.
457,"Kin (film, 1974)",Film,Gerilim/Suç,Natuk Baytan,Hürrem Erman,1974.0,Erman Film,"Cüneyt Arkın, Erol Taş, Ahmet Mekin",263,Üsküdar,İstanbul,Üsküdar,41.0228,29.015,"41.0228,29.0150",Orta,Açık,Kız Kulesi; sahil yürüyüşü; tarihi camiler,,Üsküdar çevresindeki dış mekan sahneleri mafya karakterlerinin şehirdeki hareketlerini aktarmaktadır.
458,Kiracı (film),Film,Komedi,Orhan Aksoy,Memduh Ün,1987.0,Uğur Film,"Kemal Sunal, Füsun Demirel, Özlem Onursal, Baykal Kent, Arap Celal",259,Çengelköy,İstanbul,Üsküdar,41.0801,29.0511,"41.0801, 29.0511",Yüksek,Açık,"Dizi seti ziyareti, Fotoğrafçılık",,Kolpaçino Bomba'nın villa sahneleri önceki filmlerle aynı Çengelköy malikanesinde çekilmiştir.
458,Kiracı (film),Film,Komedi,Orhan Aksoy,Memduh Ün,1987.0,Uğur Film,"Kemal Sunal, Füsun Demirel, Özlem Onursal, Baykal Kent, Arap Celal",263,Üsküdar,İstanbul,Üsküdar,41.0228,29.015,"41.0228,29.0150",Orta,Açık,Kız Kulesi; sahil yürüyüşü; tarihi camiler,,Üsküdar'daki kovalamaca sahneleri filmin en hareketli aksiyon-komedi sekanslarını oluşturmaktadır.
460,Klavye Delikanlıları,Dizi,Komedi,Yahya Samancı (Yönetmen),İnci Gündoğduİsmail Gündoğdu (Yapımcı),2017.0,Süreç Film,"Rasim Öztekin, Kaan Yıldırım, Uraz Kaygılaroğlu, Vildan Atasever, Ali Barkın, Sinan Çalışkanoğlu, Filiz Taçbaş, Cengiz Küçükayvaz, İpek Tenolcay, Gül Onat, Onur Dilber",183,Beyoğlu,İstanbul,Beyoğlu,41.0335,28.9752,"41.0335,28.9752",Yüksek,Açık,Kafe ve restoranlar; sanat galerileri; tarihi pasajlar,,Korkak Memiş'in şehirdeki komedi maceraları Beyoğlu sokaklarında çekilmiştir.
460,Klavye Delikanlıları,Dizi,Komedi,Yahya Samancı (Yönetmen),İnci Gündoğduİsmail Gündoğdu (Yapımcı),2017.0,Süreç Film,"Rasim Öztekin, Kaan Yıldırım, Uraz Kaygılaroğlu, Vildan Atasever, Ali Barkın, Sinan Çalışkanoğlu, Filiz Taçbaş, Cengiz Küçükayvaz, İpek Tenolcay, Gül Onat, Onur Dilber",197,Fatih,İstanbul,Fatih,41.0186,28.9397,"41.0186,28.9397",Orta,Açık,Tarihi camiler; Kapalıçarşı yakını; yerel pazar,,Fatih'teki mahalle sahneleri karakterin felaket dolu günlük hayatını aktarmaktadır.
485,Kuzgun,Dizi,Dram,Ali Bilgin (Yönetmen),Kerem ÇatayPelin Diştaş (Yapımcı),2019.0,Ay Yapım,"Barış Arduç, Burcu Biricik",191,Cihangir,İstanbul,Beyoğlu,41.0569,29.0471,"41.0569, 29.0471",Yüksek,Açık,"Dizi seti ziyareti, Fotoğrafçılık",,Cihangir'deki eski apartman sahneleri çiftin ilişkisinin çözülme sürecini konu alan iç mekân dramının odak noktasını oluşturmaktadır.
485,Kuzgun,Dizi,Dram,Ali Bilgin (Yönetmen),Kerem ÇatayPelin Diştaş (Yapımcı),2019.0,Ay Yapım,"Barış Arduç, Burcu Biricik",206,Kadıköy,İstanbul,Kadıköy,40.9903,29.023,"40.9903,29.0230",Yüksek,Açık,Pazarlar; kafe kültürü; vapur yolculuğu,,Kadıköy'deki sahne karakterlerin şehir yaşamına tutunma çabalarını aktaran günlük hayat kesitlerini içermektedir.
516,Kızlarım İçin,Dizi,Dram,Mesude Tekin Erarslan (Yönetmen),İnci Gündoğduİsmail Gündoğdu (Yapımcı),2017.0,Süreç Film,"Fikret Kuşkan, Tuvana Türkay, Elifcan Ongurlar, Sanem Yeles, Ahsen Eroğlu",183,Beyoğlu,İstanbul,Beyoğlu,41.0335,28.9752,"41.0335,28.9752",Yüksek,Açık,Kafe ve restoranlar; sanat galerileri; tarihi pasajlar,,Labirent operasyonunun kritik toplantı ve takip sahneleri Beyoğlu'nun karanlık sokaklarında çekilmiştir.
516,Kızlarım İçin,Dizi,Dram,Mesude Tekin Erarslan (Yönetmen),İnci Gündoğduİsmail Gündoğdu (Yapımcı),2017.0,Süreç Film,"Fikret Kuşkan, Tuvana Türkay, Elifcan Ongurlar, Sanem Yeles, Ahsen Eroğlu",197,Fatih,İstanbul,Fatih,41.0186,28.9397,"41.0186,28.9397",Orta,Açık,Tarihi camiler; Kapalıçarşı yakını; yerel pazar,,Fatih'teki tarihi bina sahneleri siyasi komplonun geçtiği gizli buluşma ortamını çerçeveler.
514,Kızlar Sınıfı,Dizi,Komedi,Orhan Elmas,Oğuz Can Turan,1984.0,Burç Film,"İlyas Salman, Ayşen Gruda",183,Beyoğlu,İstanbul,Beyoğlu,41.0335,28.9752,"41.0335,28.9752",Yüksek,Açık,Kafe ve restoranlar; sanat galerileri; tarihi pasajlar,,Karakterlerin cevapsız çağrılar üzerine bir araya geldiği şehir sahneleri Beyoğlu'nda çekilmiştir.
523,Kış Güneşi,Dizi,Romantik,Murat Onbul (1-5)Deniz Koloş (6-18)Serhan Şahin (6-18) (Yönetmen),Gökhan TatarerHakan Eren (Yapımcı),2016.0,Endemol Shine Turkey,"Şükrü Özyıldız, Aslı Enver, Şenay Gürler, Mahir Günşiray, Başak Parlak, Hakan Gerçek, Berrak Kuş, Mehmet Esen, Hakan Boyav",197,Fatih,İstanbul,Fatih,41.0186,28.9397,"41.0186,28.9397",Orta,Açık,Tarihi camiler; Kapalıçarşı yakını; yerel pazar,,Haksız yere mahkûm edilen karakterin mahalle ve çarşı sahneleri Fatih'te çekilmiştir.
523,Kış Güneşi,Dizi,Romantik,Murat Onbul (1-5)Deniz Koloş (6-18)Serhan Şahin (6-18) (Yönetmen),Gökhan TatarerHakan Eren (Yapımcı),2016.0,Endemol Shine Turkey,"Şükrü Özyıldız, Aslı Enver, Şenay Gürler, Mahir Günşiray, Başak Parlak, Hakan Gerçek, Berrak Kuş, Mehmet Esen, Hakan Boyav",183,Beyoğlu,İstanbul,Beyoğlu,41.0335,28.9752,"41.0335,28.9752",Yüksek,Açık,Kafe ve restoranlar; sanat galerileri; tarihi pasajlar,,Beyoğlu'ndaki sokak sahneleri karakterin suçsuzluğunu kanıtlamak için koşturduğu bölümleri oluşturmaktadır.
529,Leyla ile Mecnun,Dizi,Komedi,"Onur Ünlü (1-16, 24-29, 39-41, 47-61, 71-72, 75, 84, 94, 103, 105-144)Murat Onbul (17-23, 62-70, 73-74, 76-93, 95-102, 104)Eyüp Boz (30-31, 35-38, 42-61)Yüksel Aksu (32-34) (Yönetmen)",Onur ÜnlüFunda Alp (Yapımcı),2011.0,Eflatun Film (2011-2013) Paradox Film (2021-2023),"Ali Atay, Ezgi Asaroğlu, Zeynep Çamcı, Müge Boz, Melis Birkan, Deniz Işın, Köksal Engür, Serkan Keskin, Cengiz Bozkurt, Ahmet Mümtaz Taylan, Osman Sonant",183,Beyoğlu,İstanbul,Beyoğlu,41.0335,28.9752,"41.0335,28.9752",Yüksek,Açık,Kafe ve restoranlar; sanat galerileri; tarihi pasajlar,,Maskeli beşlinin şehirdeki maceralarını başlatan toplanma ve çatışma sahneleri Beyoğlu'nda geçmektedir.
529,Leyla ile Mecnun,Dizi,Komedi,"Onur Ünlü (1-16, 24-29, 39-41, 47-61, 71-72, 75, 84, 94, 103, 105-144)Murat Onbul (17-23, 62-70, 73-74, 76-93, 95-102, 104)Eyüp Boz (30-31, 35-38, 42-61)Yüksel Aksu (32-34) (Yönetmen)",Onur ÜnlüFunda Alp (Yapımcı),2011.0,Eflatun Film (2011-2013) Paradox Film (2021-2023),"Ali Atay, Ezgi Asaroğlu, Zeynep Çamcı, Müge Boz, Melis Birkan, Deniz Işın, Köksal Engür, Serkan Keskin, Cengiz Bozkurt, Ahmet Mümtaz Taylan, Osman Sonant",197,Fatih,İstanbul,Fatih,41.0186,28.9397,"41.0186,28.9397",Orta,Açık,Tarihi camiler; Kapalıçarşı yakını; yerel pazar,,Fatih'teki arka sokak sahneleri komedi aksiyon sekanslarının geçtiği mahalle ortamını yansıtmaktadır.
542,Masumiyet (film),Film,Dram,Zeki Demirkubuz,Zeki Demirkubuz,1997.0,Mavi Film,"Derya Alabora, Haluk Bilginer, Güven Kıraç",183,Beyoğlu,İstanbul,Beyoğlu,41.0335,28.9752,"41.0335,28.9752",Yüksek,Açık,Kafe ve restoranlar; sanat galerileri; tarihi pasajlar,,Atatürk'ün hayatını anlatan biyografik sahnelerin İstanbul bölümü Beyoğlu'nda çekilmiştir.
542,Masumiyet (film),Film,Dram,Zeki Demirkubuz,Zeki Demirkubuz,1997.0,Mavi Film,"Derya Alabora, Haluk Bilginer, Güven Kıraç",241,Sultanahmet Meydanı,İstanbul,Fatih,41.0054,28.9768,"41.0054,28.9768",Yüksek,Açık,Ayasofya; Sultanahmet Camii; Topkapı Sarayı,,Sultanahmet çevresindeki sahneler Kurtuluş Savaşı döneminin İstanbul atmosferini yansıtan tarihi sekansları içermektedir.
556,Merhaba Hayat,Dizi,Dram,Hülya Bilban (Yönetmen),Fatih Aksoy (Yapımcı),2012.0,Medyapım ABC Studios,"Vahide Perçin, Yetkin Dikinciler",111,Marmaris,Muğla,Marmaris,36.8553,28.2717,"36.8553,28.2717",Yüksek,Açık,Tekne turları; yat marinası; tarihi kale; Hisarönü koyu,,Maryem ve Cemal'in tekneyle birlikte sürdükleri yolculuğun büyük bölümü Marmaris koylarında çekilmiştir.
556,Merhaba Hayat,Dizi,Dram,Hülya Bilban (Yönetmen),Fatih Aksoy (Yapımcı),2012.0,Medyapım ABC Studios,"Vahide Perçin, Yetkin Dikinciler",104,Bodrum,Muğla,Bodrum,37.0344,27.4305,"37.0344,27.4305",Yüksek,Açık,Bodrum Kalesi; Mausoleum; yat limanı; sahil kafeler,,Bodrum'daki liman sahnesi Profesör İrfan'ın yelkenlisiyle denize açıldığı kritik sekansı içermektedir.
556,Merhaba Hayat,Dizi,Dram,Hülya Bilban (Yönetmen),Fatih Aksoy (Yapımcı),2012.0,Medyapım ABC Studios,"Vahide Perçin, Yetkin Dikinciler",183,Beyoğlu,İstanbul,Beyoğlu,41.0335,28.9752,"41.0335,28.9752",Yüksek,Açık,Kafe ve restoranlar; sanat galerileri; tarihi pasajlar,,İrfan'ın İstanbul'daki entelektüel çevresini bırakıp kaçmasını anlatan açılış sahneleri Beyoğlu'nda çekilmiştir.
557,Merhamet,Dizi,Dram,Çağatay Tosun (Yönetmen),Gül Oğuz (Yapımcı),2013.0,Most Production,"Özgü Namal, İbrahim Çelikkol, Mustafa Üstündağ, Burçin Terzioğlu, Yasemin Allen",183,Beyoğlu,İstanbul,Beyoğlu,41.0335,28.9752,"41.0335,28.9752",Yüksek,Açık,Kafe ve restoranlar; sanat galerileri; tarihi pasajlar,,Müjdemi bildirme yarışının başladığı şehir sahneleri Beyoğlu sokaklarında koşturma ve kovalamaca sekanslarıyla yoğunlaşmaktadır.
557,Merhamet,Dizi,Dram,Çağatay Tosun (Yönetmen),Gül Oğuz (Yapımcı),2013.0,Most Production,"Özgü Namal, İbrahim Çelikkol, Mustafa Üstündağ, Burçin Terzioğlu, Yasemin Allen",206,Kadıköy,İstanbul,Kadıköy,40.9903,29.023,"40.9903,29.0230",Yüksek,Açık,Pazarlar; kafe kültürü; vapur yolculuğu,,Kadıköy'deki sahne haberci karakterlerin vapur iskelesini kullandığı espri dolu bir sekansı içermektedir.
559,Mert ile Gert,Dizi,Komedi,Hakan Algün (Yönetmen),Sinan Çetin (Yapımcı),2008.0,Plato Film,Emre Altuğ Ragga Oktay Begüm Birgören Ayşen Gruda Zihni Göktay Aşkın Şenol Işılay Gül Eylem Yıldız Serkan Keskin,238,Sirkeci Garı,İstanbul,Fatih,41.0136,28.9747,"41.0136,28.9747",Yüksek,Açık (müze),Orient Express müzesi; tarihi bina fotoğrafçılığı,,Sirkeci Garı'nda başlayan tren yolculuğu sahnesi filmin gerilim atmosferinin ilk hissedildiği açılış sekansını oluşturmaktadır.
559,Mert ile Gert,Dizi,Komedi,Hakan Algün (Yönetmen),Sinan Çetin (Yapımcı),2008.0,Plato Film,Emre Altuğ Ragga Oktay Begüm Birgören Ayşen Gruda Zihni Göktay Aşkın Şenol Işılay Gül Eylem Yıldız Serkan Keskin,183,Beyoğlu,İstanbul,Beyoğlu,41.0335,28.9752,"41.0335,28.9752",Yüksek,Açık,Kafe ve restoranlar; sanat galerileri; tarihi pasajlar,,Trenin geceyi aşarken geçtiği İstanbul sahil hattı boyunca çekilen dış sahneler filmin görsel kimliğini pekiştirmektedir.
562,Moskova'nın Şifresi: Temel,Film,Macera,Adem Kılıç,Adem Kılıç,2012.0,Pinema,"Alper Kul, Aslıhan Güner",183,Beyoğlu,İstanbul,Beyoğlu,41.0335,28.9752,"41.0335,28.9752",Yüksek,Açık,Kafe ve restoranlar; sanat galerileri; tarihi pasajlar,,Beklenmedik olayların zincirleme geliştiği komedi sahneleri Beyoğlu sokaklarında çekilmiştir.
562,Moskova'nın Şifresi: Temel,Film,Macera,Adem Kılıç,Adem Kılıç,2012.0,Pinema,"Alper Kul, Aslıhan Güner",197,Fatih,İstanbul,Fatih,41.0186,28.9397,"41.0186,28.9397",Orta,Açık,Tarihi camiler; Kapalıçarşı yakını; yerel pazar,,Fatih'teki mahalle ortamı birbirini tanımayan karakterlerin tesadüfen bir araya geldiği açılış sahnesine zemin oluşturmaktadır.
564,Mucize 2: Aşk,Film,Dram,Mahsun Kırmızıgül,Murat Tokat,2019.0,Boyut Film,"Mert Turak, Fikret Kuşkan, Biran Damla Yılmaz",41,Tahtalı Dağı,Antalya,Kemer,36.5169,30.4906,"36.5169,30.4906",Yüksek,Açık,Teleferik; 2365 m zirve; Akdeniz manzarası; Nefes film lokasyonu,,Filmin tamamı Tahtalı Dağı'na kurulan karakol setinde çekilmiş olup bölgenin zorlu coğrafyası gerçekçi bir savaş atmosferi yaratmaktadır.
566,Muhammed Kasım,Dizi,Dram,Ali Ayyıldız,Zeki Sincar,2021.0,Sincar Medya,"Tolga Yüce, Cansu Kanlıkaya",191,Cihangir,İstanbul,Beyoğlu,41.0569,29.0471,"41.0569, 29.0471",Yüksek,Açık,"Dizi seti ziyareti, Fotoğrafçılık",,Nergis Hanım'ın Cihangir'deki eski dairesinde geçen iç mekân sahneleri gerilimin yavaş yavaş biriktiği bölümleri oluşturmaktadır.
566,Muhammed Kasım,Dizi,Dram,Ali Ayyıldız,Zeki Sincar,2021.0,Sincar Medya,"Tolga Yüce, Cansu Kanlıkaya",183,Beyoğlu,İstanbul,Beyoğlu,41.0335,28.9752,"41.0335,28.9752",Yüksek,Açık,Kafe ve restoranlar; sanat galerileri; tarihi pasajlar,,Beyoğlu sokaklarındaki sahne karakterin şüpheli komşuyla yüzleştiği kritik sekansı içermektedir.
568,Muhteşem Yüzyıl Kösem,Dizi,Aksiyon,Çağatay TosunZeynep Günay (Yönetmen),Timur Savcı (Yapımcı),2015.0,Tims&B Productions,{{Yalın liste|,183,Beyoğlu,İstanbul,Beyoğlu,41.0335,28.9752,"41.0335,28.9752",Yüksek,Açık,Kafe ve restoranlar; sanat galerileri; tarihi pasajlar,,Ailenin birlikte eğlenceli anlar yaşadığı Beyoğlu sahneleri dönemin İstanbul şehir hayatını tatlı bir dille aktarmaktadır.
568,Muhteşem Yüzyıl Kösem,Dizi,Aksiyon,Çağatay TosunZeynep Günay (Yönetmen),Timur Savcı (Yapımcı),2015.0,Tims&B Productions,{{Yalın liste|,197,Fatih,İstanbul,Fatih,41.0186,28.9397,"41.0186,28.9397",Orta,Açık,Tarihi camiler; Kapalıçarşı yakını; yerel pazar,,Fatih'teki komşuluk sahneleri genişletilmiş aile dinamiklerini ve mahalle ilişkilerini yansıtan komedi sekanslarını içermektedir.
569,Muhteşem İkili,Dizi,Gerilim/Suç,Çağatay Tosun (Yönetmen),Erol Avcı (Yapımcı),2018.0,TMC Film,"İbrahim Çelikkol, Kerem Bürsin, Özge Gürel, Öykü Karayel",206,Kadıköy,İstanbul,Kadıköy,40.9903,29.023,"40.9903,29.0230",Yüksek,Açık,Pazarlar; kafe kültürü; vapur yolculuğu,,Kadıköy'deki meydan ve kafe sahneleri Yılmaz Erdoğan'ın canlandırdığı karakterin gündelik hayatını çerçeveler.
569,Muhteşem İkili,Dizi,Gerilim/Suç,Çağatay Tosun (Yönetmen),Erol Avcı (Yapımcı),2018.0,TMC Film,"İbrahim Çelikkol, Kerem Bürsin, Özge Gürel, Öykü Karayel",183,Beyoğlu,İstanbul,Beyoğlu,41.0335,28.9752,"41.0335,28.9752",Yüksek,Açık,Kafe ve restoranlar; sanat galerileri; tarihi pasajlar,,Beyoğlu'ndaki sahne karakterlerin şehir macerasını aktaran dış mekan sekanslarını içermektedir.
567,Muhteşem Yüzyıl,Dizi,Dram,Taylan Biraderler (1-103)Yağız Alp Akaydın (104-139)Mert Baykal (104-139) (Yönetmen),Timur Savcı (Yapımcı),2011.0,Tims&B Productions,Halit Ergenç Meryem Uzerli Vahide Perçin Nebahat Çehre Okan Yalabık Pelin Karahan Nur Fettahoğlu Selma Ergeç Ozan Güven Mehmet Günsür,142,New York Şehir Merkezi,New York,Manhattan,40.7128,-74.006,"40.7128,-74.0060",Yüksek,Açık,Turistik geziler,,New York'taki sahne %50 çekim oranıyla filmin uluslararası boyutunu yansıtmakta ve Türk dedektiflerinin Amerika'daki operasyonunu aktarmaktadır.
567,Muhteşem Yüzyıl,Dizi,Dram,Taylan Biraderler (1-103)Yağız Alp Akaydın (104-139)Mert Baykal (104-139) (Yönetmen),Timur Savcı (Yapımcı),2011.0,Tims&B Productions,Halit Ergenç Meryem Uzerli Vahide Perçin Nebahat Çehre Okan Yalabık Pelin Karahan Nur Fettahoğlu Selma Ergeç Ozan Güven Mehmet Günsür,55,Zeydan Mahallesi,Bitlis,Merkez,38.395,42.1246,"38.3950,42.1246",Orta,Açık,Tarihi Bitlis evleri; yüzyıllık minare manzarası; film lokasyonu,,Zeydan Mahallesi'nde çekilen Bitlis sahneleri Temmuz 2010'da gerçekleştirilmiş olup filmin kökler ve kimlik temasını güçlendirmektedir.
567,Muhteşem Yüzyıl,Dizi,Dram,Taylan Biraderler (1-103)Yağız Alp Akaydın (104-139)Mert Baykal (104-139) (Yönetmen),Timur Savcı (Yapımcı),2011.0,Tims&B Productions,Halit Ergenç Meryem Uzerli Vahide Perçin Nebahat Çehre Okan Yalabık Pelin Karahan Nur Fettahoğlu Selma Ergeç Ozan Güven Mehmet Günsür,183,Beyoğlu,İstanbul,Beyoğlu,41.0335,28.9752,"41.0335,28.9752",Yüksek,Açık,Kafe ve restoranlar; sanat galerileri; tarihi pasajlar,,Beyoğlu'ndaki açılış sahneleri dedektiflerin İstanbul'dan New York'a gönderilmeden önceki hazırlık sürecini aktarmaktadır.
570,Mutlu Aile Defteri,Film,Komedi,Nihat Durak,Timur Savcı,2012.0,Tims Productions,"Tuncel Kurtiz, İlker Aksum, Binnur Kaya",183,Beyoğlu,İstanbul,Beyoğlu,41.0335,28.9752,"41.0335,28.9752",Yüksek,Açık,Kafe ve restoranlar; sanat galerileri; tarihi pasajlar,,Niyazi'nin at üstünde şehirde koşturmaya başladığı komedi sahneleri Beyoğlu sokaklarında çekilmiştir.
570,Mutlu Aile Defteri,Film,Komedi,Nihat Durak,Timur Savcı,2012.0,Tims Productions,"Tuncel Kurtiz, İlker Aksum, Binnur Kaya",206,Kadıköy,İstanbul,Kadıköy,40.9903,29.023,"40.9903,29.0230",Yüksek,Açık,Pazarlar; kafe kültürü; vapur yolculuğu,,Kadıköy'deki sahne Niyazi'nin koşu antrenmanını konu alan eğlenceli bir sokak sekansını içermektedir.
575,N'olur Ayrılalım,Dizi,Komedi,Yusuf Ömer Sınav (Yönetmen),Osman Sınav (Yapımcı),2016.0,Sinegraf,"Nilay Duru, Aras Aydın, Gürgen Öz, Nilperi Şahinkaya",191,Cihangir,İstanbul,Beyoğlu,41.0569,29.0471,"41.0569, 29.0471",Yüksek,Açık,"Dizi seti ziyareti, Fotoğrafçılık",,Cihangir'deki iç mekân sahneleri karakterlerin birbirlerine yakınlaştığı samimi ve sade anların arka planını oluşturmaktadır.
575,N'olur Ayrılalım,Dizi,Komedi,Yusuf Ömer Sınav (Yönetmen),Osman Sınav (Yapımcı),2016.0,Sinegraf,"Nilay Duru, Aras Aydın, Gürgen Öz, Nilperi Şahinkaya",206,Kadıköy,İstanbul,Kadıköy,40.9903,29.023,"40.9903,29.0230",Yüksek,Açık,Pazarlar; kafe kültürü; vapur yolculuğu,,Kadıköy'deki sahne karakterlerin şehirle ve birbirleriyle sıradan ama anlamlı ilişkilerini aktarmaktadır.
576,Nadide Hayat,Film,Dram,Bilinmiyor,Bilinmiyor,2021.0,Bilinmiyor,Bilinmiyor,152,Of İlçesi,Trabzon,Of,40.95,40.2667,"40.9500,40.2667",Orta,Açık,Çay bahçeleri; yaylaları; Solaklı Vadisi doğa yürüyüşü,,Of ilçesinde çekilen sahneler Oflu Hoca'nın özgün dünyasını ve Karadeniz kültürünü tüm otantikliğiyle yansıtmaktadır.
576,Nadide Hayat,Film,Dram,Bilinmiyor,Bilinmiyor,2021.0,Bilinmiyor,Bilinmiyor,183,Beyoğlu,İstanbul,Beyoğlu,41.0335,28.9752,"41.0335,28.9752",Yüksek,Açık,Kafe ve restoranlar; sanat galerileri; tarihi pasajlar,,İstanbul'daki sahneler Oflu Hoca'nın batı kültürüyle çatışmasını anlatan komedi bölümünü oluşturmaktadır.
582,,,,,,,,,200,Galata Kulesi Çevresi,İstanbul,Beyoğlu,41.0258,28.9742,"41.0258,28.9742",Yüksek,Açık,Galata Kulesi; tarihi sokaklar; gece hayatı,,Galata Kulesi yakınındaki dar sokaklarda dolandırıcılık planının kurulduğu sekans filmin en tanınan sahnelerinden biridir.
582,,,,,,,,,263,Üsküdar,İstanbul,Üsküdar,41.0228,29.015,"41.0228,29.0150",Orta,Açık,Kız Kulesi; sahil yürüyüşü; tarihi camiler,,Üsküdar'daki sahne Asım Noyan'ın kızını dolandıranlarla hesaplaşma planını devreye soktuğu kritik anı içermektedir.
583,New York'ta Beş Minare,Film,Macera,Mahsun Kırmızıgül,"{{Madde işaretsiz liste, Murat Tokat, Mevlüt Akkaya}}",2010.0,Boyut Film,"{{Madde işaretsiz liste, Mahsun Kırmızıgül, Haluk Bilginer, Mustafa Sandal, Danny Glover, Gina Gershon, Robert Patrick}}",183,Beyoğlu,İstanbul,Beyoğlu,41.0335,28.9752,"41.0335,28.9752",Yüksek,Açık,Kafe ve restoranlar; sanat galerileri; tarihi pasajlar,,Şaban'ın şehirde iş bulmaya çalıştığı komedi sahneleri Beyoğlu'nun kalabalık sokaklarında çekilmiştir.
583,New York'ta Beş Minare,Film,Macera,Mahsun Kırmızıgül,"{{Madde işaretsiz liste, Murat Tokat, Mevlüt Akkaya}}",2010.0,Boyut Film,"{{Madde işaretsiz liste, Mahsun Kırmızıgül, Haluk Bilginer, Mustafa Sandal, Danny Glover, Gina Gershon, Robert Patrick}}",197,Fatih,İstanbul,Fatih,41.0186,28.9397,"41.0186,28.9397",Orta,Açık,Tarihi camiler; Kapalıçarşı yakını; yerel pazar,,Fatih'teki ev ve mahalle sahneleri karakterin aile yaşantısını yansıtan iç ve dış mekân sekanslarını içermektedir.
584,"Neşeli Günler (film, 1978)",Film,Komedi,Orhan Aksoy,Nahit Ataman,1978.0,Arzu Film,"Münir Özkul, Adile Naşit, Şener Şen, Ayşen Gruda, Oya Aydoğan, Ahmet Sezerel",183,Beyoğlu,İstanbul,Beyoğlu,41.0335,28.9752,"41.0335,28.9752",Yüksek,Açık,Kafe ve restoranlar; sanat galerileri; tarihi pasajlar,,Osman'ın satış turlarının geçtiği şehir sahneleri Beyoğlu sokaklarında çekilmiştir.
584,"Neşeli Günler (film, 1978)",Film,Komedi,Orhan Aksoy,Nahit Ataman,1978.0,Arzu Film,"Münir Özkul, Adile Naşit, Şener Şen, Ayşen Gruda, Oya Aydoğan, Ahmet Sezerel",272,Şişli,İstanbul,Şişli,41.0593,28.987,"41.0593,28.9870",Orta,Açık,Alışveriş merkezleri; İstiklal Caddesi yakını,,Şişli'deki ticari alan sahneleri Osman'ın büyük müşterilere ulaşmaya çalıştığı ofis ve iş çevresi bölümünü oluşturmaktadır.
856,Çiçek Abbas,Film,Komedi,Sinan Çetin,Engin Karadağ,1982.0,Kök Film,"İlyas Salman, Şener Şen, Pembe Mutlu, Ayşen Gruda, İhsan Yüce, Ahmet Mekin",183,Beyoğlu,İstanbul,Beyoğlu,41.0335,28.9752,"41.0335,28.9752",Yüksek,Açık,Kafe ve restoranlar; sanat galerileri; tarihi pasajlar,,Öğretmenin sınıf dışındaki komedi maceraları Beyoğlu semtinin sokaklarında çekilmiştir.
856,Çiçek Abbas,Film,Komedi,Sinan Çetin,Engin Karadağ,1982.0,Kök Film,"İlyas Salman, Şener Şen, Pembe Mutlu, Ayşen Gruda, İhsan Yüce, Ahmet Mekin",197,Fatih,İstanbul,Fatih,41.0186,28.9397,"41.0186,28.9397",Orta,Açık,Tarihi camiler; Kapalıçarşı yakını; yerel pazar,,Fatih'teki okul ve mahalle sahneleri öğrencilerin Sunal'ı köşeye sıkıştırdığı eğlenceli sekansları içermektedir.
847,Çalgı Çengi,Film,Macera,Selçuk Aydemir,"Erol Yildirim, Onur Yıldız, Can Yılmaz, Cem Yılmaz, Salih Özsarı",2010.0,PRA Films,"Murat Cemcir, Ahmet Kural, Erdal Tosun, Tuna Orhan, Cahit Gök, Aykut Köseler, Şinasi Yurtsever, Hazal Kaya, Bora Akkaş",183,Beyoğlu,İstanbul,Beyoğlu,41.0335,28.9752,"41.0335,28.9752",Yüksek,Açık,Kafe ve restoranlar; sanat galerileri; tarihi pasajlar,,Çocukların şehirde hayatta kalmaya çalıştığı dram sahneleri Beyoğlu'ndaki sokak ve mahalle dokusunda çekilmiştir.
850,Çarli,Dizi,Komedi,Bülent Özdural (1-9)Yavuz Boztepe (10-24) (Yönetmen),Burçin Özdemir (Yapımcı),1998.0,| dağıtıcı =,"Çarli, Ercan Diler, Berrin Arısoy, Melodi Bağcı, İlker Aksum, Okan Sanlıtop",104,Bodrum,Muğla,Bodrum,37.0344,27.4305,"37.0344,27.4305",Yüksek,Açık,Bodrum Kalesi; Mausoleum; yat limanı; sahil kafeler,,Bodrum'daki yat ve deniz sahneleri Türkan Şoray'ın canlandırdığı karakterin kaçış yolculuğunu yansıtmaktadır.
850,Çarli,Dizi,Komedi,Bülent Özdural (1-9)Yavuz Boztepe (10-24) (Yönetmen),Burçin Özdemir (Yapımcı),1998.0,| dağıtıcı =,"Çarli, Ercan Diler, Berrin Arısoy, Melodi Bağcı, İlker Aksum, Okan Sanlıtop",183,Beyoğlu,İstanbul,Beyoğlu,41.0335,28.9752,"41.0335,28.9752",Yüksek,Açık,Kafe ve restoranlar; sanat galerileri; tarihi pasajlar,,Beyoğlu'ndaki sahne karakterin geçmişteki yaşamını aktaran bir geçmiş sekansı olarak filme yerleştirilmiştir.
853,Çemberimde Gül Oya,Dizi,Dram,Çağan Irmak (Yönetmen),Şükrü AvşarBahadır Atay (Yapımcı),2004.0,Avşar Film,"Selda Alkor, Özge Özberk, Mehmet Ali Nuroğlu, Tuba Büyüküstün, Melisa Sözen, Suzan Aksoy, Şerif Sezer, Kenan Bal, Işıl Yücesoy",183,Beyoğlu,İstanbul,Beyoğlu,41.0335,28.9752,"41.0335,28.9752",Yüksek,Açık,Kafe ve restoranlar; sanat galerileri; tarihi pasajlar,,Ölümlü Dünya kahramanlarının şehirdeki aksiyon komedi maceraları Beyoğlu'nun kalabalık sokaklarında çekilmiştir.
853,Çemberimde Gül Oya,Dizi,Dram,Çağan Irmak (Yönetmen),Şükrü AvşarBahadır Atay (Yapımcı),2004.0,Avşar Film,"Selda Alkor, Özge Özberk, Mehmet Ali Nuroğlu, Tuba Büyüküstün, Melisa Sözen, Suzan Aksoy, Şerif Sezer, Kenan Bal, Işıl Yücesoy",212,Karaköy,İstanbul,Beyoğlu,41.0425,29.0482,"41.0425, 29.0482",Yüksek,Açık,"Dizi seti ziyareti, Fotoğrafçılık",,Karaköy'deki sahne karakterlerin tarihi bölgedeki kovalamaca ve çatışma sekanslarını içermektedir.
855,Çilek Kokusu,Dizi,Romantik,Filiz Gülmez Pakman,Faruk Turgut,2015.0,Gold Film,"Demet Özdemir, Yusuf Çim",183,Beyoğlu,İstanbul,Beyoğlu,41.0335,28.9752,"41.0335,28.9752",Yüksek,Açık,Kafe ve restoranlar; sanat galerileri; tarihi pasajlar,,Özür dileme serüveninin geçtiği sokak ve kafe sahneleri Beyoğlu çevresinde çekilmiştir.
587,No 309,Dizi,Komedi,Hasan Tolga PulatEmre Kavuk (Yönetmen),Faruk TurgutŞenay Abacı Turgut (Yapımcı),2016.0,Gold Film,"Demet Özdemir, Furkan Palalı",200,Galata Kulesi Çevresi,İstanbul,Beyoğlu,41.0258,28.9742,"41.0258,28.9742",Yüksek,Açık,Galata Kulesi; tarihi sokaklar; gece hayatı,,Galata Kulesi çevresindeki sahne Atilla'nın İstanbul'daki narkotik operasyonunun kritik ilk adımını oluşturmaktadır.
587,No 309,Dizi,Komedi,Hasan Tolga PulatEmre Kavuk (Yönetmen),Faruk TurgutŞenay Abacı Turgut (Yapımcı),2016.0,Gold Film,"Demet Özdemir, Furkan Palalı",183,Beyoğlu,İstanbul,Beyoğlu,41.0335,28.9752,"41.0335,28.9752",Yüksek,Açık,Kafe ve restoranlar; sanat galerileri; tarihi pasajlar,,Beyoğlu'nun arka sokaklarındaki kovalamaca ve baskın sahneleri filmin İstanbul bölümünün aksiyon yoğun sekanslarını oluşturmaktadır.
587,No 309,Dizi,Komedi,Hasan Tolga PulatEmre Kavuk (Yönetmen),Faruk TurgutŞenay Abacı Turgut (Yapımcı),2016.0,Gold Film,"Demet Özdemir, Furkan Palalı",72,Amsterdam Şehir Merkezi,Hollanda,Amsterdam,52.3676,4.9041,"52.3676,4.9041",Yüksek,Açık,Kanal turları; Rijksmuseum; tarihi çarşılar; bisiklet kültürü,,Amsterdam Şehir Merkezi'ndeki sahne operasyonun Avrupa ayağını aktaran uluslararası lokasyon bölümünü oluşturmaktadır.
589,,,,,,,,,191,Cihangir,İstanbul,Beyoğlu,41.0569,29.0471,"41.0569, 29.0471",Yüksek,Açık,"Dizi seti ziyareti, Fotoğrafçılık",,Cihangir'deki sahne iki karakterin Pazar günleri sıkışıp kaldığı apartman dairesindeki kapışmayı aktarmaktadır.
589,,,,,,,,,183,Beyoğlu,İstanbul,Beyoğlu,41.0335,28.9752,"41.0335,28.9752",Yüksek,Açık,Kafe ve restoranlar; sanat galerileri; tarihi pasajlar,,Beyoğlu sokaklarındaki sahne karakterlerin birbirinden kaçmaya çalıştığı komedi sekanslarını içermektedir.
590,Nöbet (dizi),Dizi,Aksiyon,Ömer Gökhan Erkut,Necati Şaşmaz,2019.0,Pana Film,"Yurdaer Okur, Saygın Soysal",183,Beyoğlu,İstanbul,Beyoğlu,41.0335,28.9752,"41.0335,28.9752",Yüksek,Açık,Kafe ve restoranlar; sanat galerileri; tarihi pasajlar,,Film seti içinde film çeken sahne Beyoğlu'ndaki sinema stüdyosu yakınında çekilmiş olup meta bir anlatı yapısı sunmaktadır.
590,Nöbet (dizi),Dizi,Aksiyon,Ömer Gökhan Erkut,Necati Şaşmaz,2019.0,Pana Film,"Yurdaer Okur, Saygın Soysal",212,Karaköy,İstanbul,Beyoğlu,41.0425,29.0482,"41.0425, 29.0482",Yüksek,Açık,"Dizi seti ziyareti, Fotoğrafçılık",,Karaköy'deki sahne karakterlerin proje planını aktardıkları toplantı sekansına ev sahipliği yapmaktadır.
591,O Hayat Benim,Dizi,Dram,Bilinmiyor,Bilinmiyor,2013.0,Bilinmiyor,Bilinmiyor,246,Tarlabaşı,İstanbul,Beyoğlu,41.0326,29.0609,"41.0326, 29.0609",Yüksek,Açık,"Dizi seti ziyareti, Fotoğrafçılık",,Tarlabaşı'nın terk edilmiş binaları fantastik varlıkların ortaya çıktığı gerilim sahnelerinde temel mekân olarak kullanılmıştır.
591,O Hayat Benim,Dizi,Dram,Bilinmiyor,Bilinmiyor,2013.0,Bilinmiyor,Bilinmiyor,183,Beyoğlu,İstanbul,Beyoğlu,41.0335,28.9752,"41.0335,28.9752",Yüksek,Açık,Kafe ve restoranlar; sanat galerileri; tarihi pasajlar,,Beyoğlu'ndaki sahne karakterlerin normal şehir yaşamından fantastik dünyaya geçişini simgeleyen açılış sekansını oluşturmaktadır.
595,Oflu Hoca'nın Şifresi 2,Film,Komedi,Adem Kılıç,Adem Kılıç,2016.0,TAFF Pictures,"Çetin Altay, Ahmet Varlı",183,Beyoğlu,İstanbul,Beyoğlu,41.0335,28.9752,"41.0335,28.9752",Yüksek,Açık,Kafe ve restoranlar; sanat galerileri; tarihi pasajlar,,Birbirine bağlanan hayatların geçtiği şehir sahneleri Beyoğlu'nda çekilmiş olup filmin dokunum noktalarını oluşturmaktadır.
595,Oflu Hoca'nın Şifresi 2,Film,Komedi,Adem Kılıç,Adem Kılıç,2016.0,TAFF Pictures,"Çetin Altay, Ahmet Varlı",259,Çengelköy,İstanbul,Üsküdar,41.0801,29.0511,"41.0801, 29.0511",Yüksek,Açık,"Dizi seti ziyareti, Fotoğrafçılık",,Çengelköy'deki yalı sahnesinde karakterlerden birinin geçmiş hikayesi dramatik biçimde gün yüzüne çıkmaktadır.
594,Oflu Hoca'nın Şifresi,Film,Komedi,Adem Kılıç,Adem Kılıç,2014.0,Pinema,"Çetin Altay, Ahmet Varlı",183,Beyoğlu,İstanbul,Beyoğlu,41.0335,28.9752,"41.0335,28.9752",Yüksek,Açık,Kafe ve restoranlar; sanat galerileri; tarihi pasajlar,,Petrol zengini karakterlerin İstanbul'daki komedi sahneleri Beyoğlu çevresinde çekilmiştir.
598,Organik Aşk,Film,Komedi,Kamil Çetin,Berna Akpınar,2018.0,UIP Türkiye,"Gizem Karaca, Mustafa Mert Koç",191,Cihangir,İstanbul,Beyoğlu,41.0569,29.0471,"41.0569, 29.0471",Yüksek,Açık,"Dizi seti ziyareti, Fotoğrafçılık",,Cihangir'deki dairede geçen psikolojik gerilim sahneleri polisin kimlik bunalımını anlatan iç mekân sekanslarını oluşturmaktadır.
598,Organik Aşk,Film,Komedi,Kamil Çetin,Berna Akpınar,2018.0,UIP Türkiye,"Gizem Karaca, Mustafa Mert Koç",183,Beyoğlu,İstanbul,Beyoğlu,41.0335,28.9752,"41.0335,28.9752",Yüksek,Açık,Kafe ve restoranlar; sanat galerileri; tarihi pasajlar,,Beyoğlu'ndaki sorgu ve sokak sahneleri karakterin dünyevî ve ahlaki çöküşünü çerçeveleyen dış mekân bölümlerini içermektedir.
600,Ortadirek Şaban,Film,Macera,Kartal Tibet,Memduh Ün,1984.0,Uğur Film,"Kemal Sunal, Bahar Öztan, Yalçın Tülpar, Ergun Köknar, Yavuzer Çetinkaya, Reha Yurdakul, Renan Fosforoğlu, Memduh Ün, Oktar Durukan",197,Fatih,İstanbul,Fatih,41.0186,28.9397,"41.0186,28.9397",Orta,Açık,Tarihi camiler; Kapalıçarşı yakını; yerel pazar,,Postacı Musa'nın mektupları dağıttığı mahalle sahneleri Fatih'in geleneksel apartman dokusunda çekilmiştir.
600,Ortadirek Şaban,Film,Macera,Kartal Tibet,Memduh Ün,1984.0,Uğur Film,"Kemal Sunal, Bahar Öztan, Yalçın Tülpar, Ergun Köknar, Yavuzer Çetinkaya, Reha Yurdakul, Renan Fosforoğlu, Memduh Ün, Oktar Durukan",183,Beyoğlu,İstanbul,Beyoğlu,41.0335,28.9752,"41.0335,28.9752",Yüksek,Açık,Kafe ve restoranlar; sanat galerileri; tarihi pasajlar,,Beyoğlu'ndaki sahne Musa'nın şehrin kalabalığıyla komik biçimde boğuştuğu sekansları içermektedir.
602,,,,,,,,,63,Eskişehir,Eskişehir,Odunpazarı,39.7767,30.5206,"39.7767,30.5206",Yüksek,Açık,Odunpazarı evleri; Porsuk Çayı; cam sanatı; tren müzesi,,Filmin büyük bölümü Eskişehir'de çekilmiş olup Odunpazarı'nın tarihi renkli evleri müzisyenlerin anlatısına özgün bir arka plan sunmaktadır.
602,,,,,,,,,183,Beyoğlu,İstanbul,Beyoğlu,41.0335,28.9752,"41.0335,28.9752",Yüksek,Açık,Kafe ve restoranlar; sanat galerileri; tarihi pasajlar,,İstanbul'daki sahne müzik endüstrisiyle hesaplaşmanın yaşandığı gerilimli bir bölümü oluşturmaktadır.
609,Peri (film),Film,Fantastik,Can Evrenol,"Müge Büyüktalaş, Can Evrenol, Caner Özyurtlu, Müge Özen",2019.0,dağıtıcı = TME Films,"Denizhan Akbaba, Elif Sevinç, Özgür Civelek, Kaan Alpdayı",93,Maldivler (Robinson ve Fun Adaları),Maldivler,Kuzey Malé,4.1755,73.5093,"4.1755,73.5093",Yüksek,Açık,Mercan resifleri; sualtı dalışı; su üstü bungalovlar,,Maldivler'deki Robinson ve Fun adalarında çekilen ıssız ada sahneleri filmin büyük bölümünü oluşturmakta ve seyirciye egzotik bir macera sunmaktadır.
609,Peri (film),Film,Fantastik,Can Evrenol,"Müge Büyüktalaş, Can Evrenol, Caner Özyurtlu, Müge Özen",2019.0,dağıtıcı = TME Films,"Denizhan Akbaba, Elif Sevinç, Özgür Civelek, Kaan Alpdayı",214,Kilyos,İstanbul,Sarıyer,41.2425,29.0272,"41.2425,29.0272",Orta,Açık,Karadeniz kumsalı; sörf; kamp alanları,,Kilyos'taki kısa sahne Recep'in İstanbul'da mahalledeki futbol sahasını kurtarmak için mücadele ettiği açılış bölümünü içermektedir.
609,Peri (film),Film,Fantastik,Can Evrenol,"Müge Büyüktalaş, Can Evrenol, Caner Özyurtlu, Müge Özen",2019.0,dağıtıcı = TME Films,"Denizhan Akbaba, Elif Sevinç, Özgür Civelek, Kaan Alpdayı",183,Beyoğlu,İstanbul,Beyoğlu,41.0335,28.9752,"41.0335,28.9752",Yüksek,Açık,Kafe ve restoranlar; sanat galerileri; tarihi pasajlar,,Beyoğlu çevresindeki mahalle sahneleri Recep İvedik'in yaşadığı semtin gündelik hayatını yansıtmaktadır.
610,Peri Tozu,Film,Romantik,Ela Alyamaç,Nermin Alyamaç,2007.0,Kara Kedi Film,"İpek Değer, Mehmet Ali Nuroğlu",263,Üsküdar,İstanbul,Üsküdar,41.0228,29.015,"41.0228,29.0150",Orta,Açık,Kız Kulesi; sahil yürüyüşü; tarihi camiler,,Üsküdar sokaklarındaki sahne Recep'in mahalle dostu İsmet'in cenazesine gittiği duygusal açılış sekansını içermektedir.
610,Peri Tozu,Film,Romantik,Ela Alyamaç,Nermin Alyamaç,2007.0,Kara Kedi Film,"İpek Değer, Mehmet Ali Nuroğlu",206,Kadıköy,İstanbul,Kadıköy,40.9903,29.023,"40.9903,29.0230",Yüksek,Açık,Pazarlar; kafe kültürü; vapur yolculuğu,,Kadıköy'deki sahne sporcu kafilesinin İstanbul'dan hareket etmeden önceki hazırlık bölümünü oluşturmaktadır.
610,Peri Tozu,Film,Romantik,Ela Alyamaç,Nermin Alyamaç,2007.0,Kara Kedi Film,"İpek Değer, Mehmet Ali Nuroğlu",37,Gloria Sports Arena (Belek),Antalya,Serik,36.8601,31.0552,"36.8601,31.0552",Orta,Açık,Dünya standartlarında spor tesisi; atletizm pisti; olimpik havuz,,Antalya Belek'teki Gloria Sports Arena'da çekilen spor sahneleri filmin atletizm ve güreş müsabakaları bölümünü oluşturmaktadır.
611,Perihan Abla,Dizi,Komedi,Yalçın Yelence (Yönetmen),Umur BugayGüner Namlı (Yapımcı),1986.0,İstanbul TVBugay Film,Perran Kutman Şevket Altuğ Tuluğ Çizgen Ercan Yazgan Cihat Tamer,263,Üsküdar,İstanbul,Üsküdar,41.0228,29.015,"41.0228,29.0150",Orta,Açık,Kız Kulesi; sahil yürüyüşü; tarihi camiler,,Recep'in mahallesindeki semt sahnelerinin büyük bölümü Üsküdar'da çekilmiştir.
611,Perihan Abla,Dizi,Komedi,Yalçın Yelence (Yönetmen),Umur BugayGüner Namlı (Yapımcı),1986.0,İstanbul TVBugay Film,Perran Kutman Şevket Altuğ Tuluğ Çizgen Ercan Yazgan Cihat Tamer,206,Kadıköy,İstanbul,Kadıköy,40.9903,29.023,"40.9903,29.0230",Yüksek,Açık,Pazarlar; kafe kültürü; vapur yolculuğu,,Kadıköy'deki sahne altıncı filmin İstanbul bölümündeki günlük hayat kesitlerini aktarmaktadır.
612,Petrol Kralları,Film,Dram,Zeki Alasya,Hürrem Erman,1978.0,dağıtıcı =,"Zeki Alasya, Metin Akpınar, Perran Kutman, Suna Yıldızoğlu, Ali Şen",263,Üsküdar,İstanbul,Üsküdar,41.0228,29.015,"41.0228,29.0150",Orta,Açık,Kız Kulesi; sahil yürüyüşü; tarihi camiler,,Yedinci filmin mahalle ve komşuluk sahneleri serinin yerleşik lokasyonu olan Üsküdar'da çekilmiştir.
612,Petrol Kralları,Film,Dram,Zeki Alasya,Hürrem Erman,1978.0,dağıtıcı =,"Zeki Alasya, Metin Akpınar, Perran Kutman, Suna Yıldızoğlu, Ali Şen",183,Beyoğlu,İstanbul,Beyoğlu,41.0335,28.9752,"41.0335,28.9752",Yüksek,Açık,Kafe ve restoranlar; sanat galerileri; tarihi pasajlar,,Beyoğlu'ndaki sahne Recep'in şehrin farklı bir köşesindeki komedi macerasını aktaran sekansı içermektedir.
616,Polis (film),Film,Dram,Onur Ünlü,"A. Taner Elhan, Funda Alp, Onur Ünlü",2007.0,Eflatun Film,"Haluk Bilginer, Özgü Namal, Ragıp Savaş, Sermiyan Midyat, Settar Tanrıöğen",183,Beyoğlu,İstanbul,Beyoğlu,41.0335,28.9752,"41.0335,28.9752",Yüksek,Açık,Kafe ve restoranlar; sanat galerileri; tarihi pasajlar,,Kovboy şapkalı Ringo Kazım'ın İstanbul sokaklarındaki aksiyon-komedi sahneleri Beyoğlu'nda çekilmiştir.
616,Polis (film),Film,Dram,Onur Ünlü,"A. Taner Elhan, Funda Alp, Onur Ünlü",2007.0,Eflatun Film,"Haluk Bilginer, Özgü Namal, Ragıp Savaş, Sermiyan Midyat, Settar Tanrıöğen",197,Fatih,İstanbul,Fatih,41.0186,28.9397,"41.0186,28.9397",Orta,Açık,Tarihi camiler; Kapalıçarşı yakını; yerel pazar,,Fatih'teki arka mahalle sahneleri karakterin rakipleriyle hesaplaştığı dövüş ve kovalamaca sekanslarını içermektedir.
620,Prestij Meselesi,Film,Müzikal,Mahsun Kırmızıgül,Murat Tokat,2022.0,Boyut Film,"Mahmut Kırmızıgül, Onur Gözeten, Ali Erkin, Engin Hepileri, Eser Yenenler, Aslıhan Güner, Biran Damla Yılmaz, Şebnem Bozoklu",183,Beyoğlu,İstanbul,Beyoğlu,41.0335,28.9752,"41.0335,28.9752",Yüksek,Açık,Kafe ve restoranlar; sanat galerileri; tarihi pasajlar,,Rüzgar temalı dram sahnelerinin geçtiği şehir bölümü Beyoğlu sokaklarında çekilmiştir.
627,Recep İvedik 4,Film,Komedi,Togan Gökbakar,Emrah Çoban,2013.0,Çamaşırhane Film,"Şahan Gökbakar, Nurullah Çelebi, Ali İhsan Varol, İrfan Kangı, Arda Hacıoğlu, Gülşah Yanaş, Caner Tanrıverdi, Ece İncebay, Cem Korkmaz, Ekrem Aral Tuna, Berna Üçkaleler, Barış Gül, Aziz Karakaya, Halil İbrahim Yılmaz, Serkan Sağdıç, Çağlar Salman",183,Beyoğlu,İstanbul,Beyoğlu,41.0335,28.9752,"41.0335,28.9752",Yüksek,Açık,Kafe ve restoranlar; sanat galerileri; tarihi pasajlar,,Milyonere dönen karakterlerin şehirdeki çılgın harcama ve komedi sahneleri Beyoğlu'nda çekilmiştir.
627,Recep İvedik 4,Film,Komedi,Togan Gökbakar,Emrah Çoban,2013.0,Çamaşırhane Film,"Şahan Gökbakar, Nurullah Çelebi, Ali İhsan Varol, İrfan Kangı, Arda Hacıoğlu, Gülşah Yanaş, Caner Tanrıverdi, Ece İncebay, Cem Korkmaz, Ekrem Aral Tuna, Berna Üçkaleler, Barış Gül, Aziz Karakaya, Halil İbrahim Yılmaz, Serkan Sağdıç, Çağlar Salman",197,Fatih,İstanbul,Fatih,41.0186,28.9397,"41.0186,28.9397",Orta,Açık,Tarihi camiler; Kapalıçarşı yakını; yerel pazar,,Fatih'teki mahalle sahneleri zenginliğin öncesindeki sıradan hayatı aktaran açılış bölümünü oluşturmaktadır.
646,Salih Kuşu,Dizi,Komedi,Ersoy Güler (Yönetmen),Ali Gündoğdu (Yapımcı),1997.0,Süreç Film,"Levent Ülgen, Ayçin İnci, Goncagül Sunar, Bekir Aksoy, Murat Eken",183,Beyoğlu,İstanbul,Beyoğlu,41.0335,28.9752,"41.0335,28.9752",Yüksek,Açık,Kafe ve restoranlar; sanat galerileri; tarihi pasajlar,,Komedi aksiyon sekanslarının büyük bölümü Beyoğlu'nun kalabalık sokaklarında çekilmiştir.
657,Sen Ağlama İstanbul,Dizi,Dram,Çağrı Vila Lostuvalı (Yönetmen),Onur Güvenatam (Yapımcı),2024.0,OGM Pictures,"Simay Barlas, İsmail Hacıoğlu, Aytaç Şaşmaz",183,Beyoğlu,İstanbul,Beyoğlu,41.0335,28.9752,"41.0335,28.9752",Yüksek,Açık,Kafe ve restoranlar; sanat galerileri; tarihi pasajlar,,Dayının İstanbul'daki sürpriz ziyaretini anlatan açılış sahneleri Beyoğlu'nda çekilmiştir.
657,Sen Ağlama İstanbul,Dizi,Dram,Çağrı Vila Lostuvalı (Yönetmen),Onur Güvenatam (Yapımcı),2024.0,OGM Pictures,"Simay Barlas, İsmail Hacıoğlu, Aytaç Şaşmaz",206,Kadıköy,İstanbul,Kadıköy,40.9903,29.023,"40.9903,29.0230",Yüksek,Açık,Pazarlar; kafe kültürü; vapur yolculuğu,,Kadıköy'deki sahne yeğenin dayısıyla vapur iskelesinde buluştuğu duygusal karşılaşma anını içermektedir.
693,"Son Darbe (film, 1985)",Film,Dram,Halit Refiğ,Yaşar Tunalı,1985.0,Topkapı Film,"Tarık Akan, Nilgün Akçaoğlu",183,Beyoğlu,İstanbul,Beyoğlu,41.0335,28.9752,"41.0335,28.9752",Yüksek,Açık,Kafe ve restoranlar; sanat galerileri; tarihi pasajlar,,Sınav öncesindeki hazırlık ve gerilim sahneleri Beyoğlu'ndaki dershaneler çevresinde çekilmiştir.
660,Senden Daha Güzel,Dizi,Komedi,Deniz Koloş (1)Hakan Kırvavaç (2-11)Ersoy Güler (12-14) (Yönetmen),Faruk Turgut (Yapımcı),2022.0,Gold Film,"Cemre Baysel, Burak Çelik",183,Beyoğlu,İstanbul,Beyoğlu,41.0335,28.9752,"41.0335,28.9752",Yüksek,Açık,Kafe ve restoranlar; sanat galerileri; tarihi pasajlar,,Sihirbazlık öğrencisinin İstanbul'daki ilk maceraları Beyoğlu sokaklarında başlamaktadır.
670,Sevda Çiçeği,Dizi,Komedi,Tevfik Şenol (1-6)Kartal Çidamlı (7-24) (Yönetmen),İnci KırhanAli Gündoğdu (Yapımcı),2006.0,Süreç Film,"Gökhan Özen, Yasemin Hadivent, Savaş Dinçel, Halit Akçatepe, Gül Onat, Ebru Karanfilci, Meral Kaplan, Pakize Suda, Ercü Turan, Serdal Genç, Engin Günay, Başak Koç, İbrahim Gündoğan, Elif Burgaz",193,Eminönü Meydanı,İstanbul,Fatih,41.0173,28.9711,"41.0173,28.9711",Yüksek,Açık,Mısır Çarşısı; Yeni Cami; Boğaz vapur iskelesi; simitçiler,,Eminönü Meydanı'nda kurulan pazar seti Bond'un kovalamaca sahnesi için 250 dükkan ve tezgahla dekore edilerek filmin açılış sekansına zemin hazırlamıştır.
670,Sevda Çiçeği,Dizi,Komedi,Tevfik Şenol (1-6)Kartal Çidamlı (7-24) (Yönetmen),İnci KırhanAli Gündoğdu (Yapımcı),2006.0,Süreç Film,"Gökhan Özen, Yasemin Hadivent, Savaş Dinçel, Halit Akçatepe, Gül Onat, Ebru Karanfilci, Meral Kaplan, Pakize Suda, Ercü Turan, Serdal Genç, Engin Günay, Başak Koç, İbrahim Gündoğan, Elif Burgaz",210,Kapalıçarşı,İstanbul,Fatih,41.0107,28.968,"41.0107,28.9680",Yüksek,Açık,Alışveriş; tarihi mimari; altın ve mücevher,,Kapalıçarşı çatılarındaki motosiklet kovalamaca sahnesi filmin en ikonik ve teknik açıdan en zorlu sekansını oluşturmaktadır.
670,Sevda Çiçeği,Dizi,Komedi,Tevfik Şenol (1-6)Kartal Çidamlı (7-24) (Yönetmen),İnci KırhanAli Gündoğdu (Yapımcı),2006.0,Süreç Film,"Gökhan Özen, Yasemin Hadivent, Savaş Dinçel, Halit Akçatepe, Gül Onat, Ebru Karanfilci, Meral Kaplan, Pakize Suda, Ercü Turan, Serdal Genç, Engin Günay, Başak Koç, İbrahim Gündoğan, Elif Burgaz",11,Varda Viyadüğü,Adana,Karaisalı,37.3167,35.2,"37.3167,35.2000",Yüksek,Açık,127 m yüksekliğinde tarihi köprü; kanyona bakan manzara; bisiklet ve yürüyüş parkuru,,Varda Viyadüğü üzerinde çekilen tren dövüşü sahnesi filmin Türkiye bölümündeki doruk noktasını ve en tehlikeli stunts'larını barındırmaktadır.
677,Sevgili Geçmiş,Dizi,Dram,Aydın Bulut,İnci Gündoğdu,2019.0,Süreç Film,"Ece Uslu, Emre Kınay, Sevda Erginci",183,Beyoğlu,İstanbul,Beyoğlu,41.0335,28.9752,"41.0335,28.9752",Yüksek,Açık,Kafe ve restoranlar; sanat galerileri; tarihi pasajlar,,Türkan Şoray'ın canlandırdığı Sultan karakterinin İstanbul maceralarının geçtiği sokak sahneleri Beyoğlu'nda çekilmiştir.
677,Sevgili Geçmiş,Dizi,Dram,Aydın Bulut,İnci Gündoğdu,2019.0,Süreç Film,"Ece Uslu, Emre Kınay, Sevda Erginci",197,Fatih,İstanbul,Fatih,41.0186,28.9397,"41.0186,28.9397",Orta,Açık,Tarihi camiler; Kapalıçarşı yakını; yerel pazar,,Fatih'teki mahalle ortamı Sultan'ın çevresindeki komşuluk ilişkilerini ve dönemin sosyal dokusunu yansıtmaktadır.
685,Sivri Akıllılar,Film,Komedi,Zeki Alasya,Hürrem Erman,1977.0,Erman Film,"Zeki Alasya, Metin Akpınar, Gönül Yazar",183,Beyoğlu,İstanbul,Beyoğlu,41.0335,28.9752,"41.0335,28.9752",Yüksek,Açık,Kafe ve restoranlar; sanat galerileri; tarihi pasajlar,,Türk-İtalyan ortak yapımının İstanbul bölümündeki sahneler Beyoğlu çevresinde çekilmiştir.
689,Siyah İnci (dizi),Dizi,Romantik,Cem Karcı,Faruk Turgut,2017.0,Gold Film,"Tolgahan Sayışman, Hande Erçel",183,Beyoğlu,İstanbul,Beyoğlu,41.0335,28.9752,"41.0335,28.9752",Yüksek,Açık,Kafe ve restoranlar; sanat galerileri; tarihi pasajlar,,Süt kardeşlerin İstanbul'da birbirini tanıdığı açılış sahneleri Beyoğlu'ndaki kalabalık ortamda geçmektedir.
689,Siyah İnci (dizi),Dizi,Romantik,Cem Karcı,Faruk Turgut,2017.0,Gold Film,"Tolgahan Sayışman, Hande Erçel",197,Fatih,İstanbul,Fatih,41.0186,28.9397,"41.0186,28.9397",Orta,Açık,Tarihi camiler; Kapalıçarşı yakını; yerel pazar,,Fatih'teki mahalle sahneleri iki karakterin birbirinden habersiz aynı mahalleye taşındığı komedi sekansını oluşturmaktadır.
893,,,,,,,,,183,Beyoğlu,İstanbul,Beyoğlu,41.0335,28.9752,"41.0335,28.9752",Yüksek,Açık,Kafe ve restoranlar; sanat galerileri; tarihi pasajlar,,Macera ve gerilimin yaşandığı şehir dışı sekanslar öncesinde geçen hazırlık sahneleri Beyoğlu'nda çekilmiştir.
897,İnadına Yaşamak,Dizi,Romantik,Serdar Akar (Yönetmen),Ali Gündoğduİnci Gündoğdu (Yapımcı),2013.0,Süreç Film,"Sanem Çelik, Oktay Kaynarca, Murat Ünalmış",183,Beyoğlu,İstanbul,Beyoğlu,41.0335,28.9752,"41.0335,28.9752",Yüksek,Açık,Kafe ve restoranlar; sanat galerileri; tarihi pasajlar,,Zeki ve Metin ikilisinin şehirdeki komedi maceraları Beyoğlu sokaklarında başlamaktadır.
897,İnadına Yaşamak,Dizi,Romantik,Serdar Akar (Yönetmen),Ali Gündoğduİnci Gündoğdu (Yapımcı),2013.0,Süreç Film,"Sanem Çelik, Oktay Kaynarca, Murat Ünalmış",197,Fatih,İstanbul,Fatih,41.0186,28.9397,"41.0186,28.9397",Orta,Açık,Tarihi camiler; Kapalıçarşı yakını; yerel pazar,,Fatih'teki çarşı ve esnaf sahneleri ikilinin sıradan İstanbul mahallesi hayatına dair sekansları içermektedir.
899,İnci Taneleri,Dizi,Dram,Şenol Sönmez,Necati Akpınar,2024.0,BKM,"Yılmaz Erdoğan, Hazar Ergüçlü",234,Salacak İskelesi,İstanbul,Üsküdar,41.0172,29.0136,"41.0172,29.0136",Orta,Açık,Kız Kulesi panoraması; Boğaz manzarası; balık tutma,,Salacak İskelesi'ndeki açılış sahnesi Poirot'nun Üsküdar'dan Şark Ekspresi'ne geçiş hazırlığını aktarmakta olup 1970'lerin İstanbul'unu belgeleyen tarihi görüntüler içermektedir.
899,İnci Taneleri,Dizi,Dram,Şenol Sönmez,Necati Akpınar,2024.0,BKM,"Yılmaz Erdoğan, Hazar Ergüçlü",238,Sirkeci Garı,İstanbul,Fatih,41.0136,28.9747,"41.0136,28.9747",Yüksek,Açık (müze),Orient Express müzesi; tarihi bina fotoğrafçılığı,,Sirkeci Garı'ndaki sahne Şark Ekspresi'nin ihtişamlı hareket törenini ve yolcuların trene binişini aktaran açılış sekansının ikinci durağını oluşturmaktadır.
901,,,,,,,,,183,Beyoğlu,İstanbul,Beyoğlu,41.0335,28.9752,"41.0335,28.9752",Yüksek,Açık,Kafe ve restoranlar; sanat galerileri; tarihi pasajlar,,Şaşkın damadın ailesinden kaçıp İstanbul sokaklarına daldığı komedi kovalamaca sahneleri Beyoğlu'nda çekilmiştir.
901,,,,,,,,,197,Fatih,İstanbul,Fatih,41.0186,28.9397,"41.0186,28.9397",Orta,Açık,Tarihi camiler; Kapalıçarşı yakını; yerel pazar,,Fatih'teki ev ve mahalle sahneleri nişan ve düğün hazırlıklarının yaşandığı bölümü oluşturmaktadır.
904,İstanbul Hatırası: Köprüyü Geçmek,Film,Dram,Fatih Akın,"Fatih Akın, Klaus Maeck, Andreas Thiel, Sandra Harzer-Kux, Christian Kux",2005.0,dağıtıcı = r film,müzik =,183,Beyoğlu,İstanbul,Beyoğlu,41.0335,28.9752,"41.0335,28.9752",Yüksek,Açık,Kafe ve restoranlar; sanat galerileri; tarihi pasajlar,,Şekerpare karakterlerinin birbirini takip ettiği komedi sahneleri Beyoğlu'nun işlek caddelerinde çekilmiştir.
904,İstanbul Hatırası: Köprüyü Geçmek,Film,Dram,Fatih Akın,"Fatih Akın, Klaus Maeck, Andreas Thiel, Sandra Harzer-Kux, Christian Kux",2005.0,dağıtıcı = r film,müzik =,197,Fatih,İstanbul,Fatih,41.0186,28.9397,"41.0186,28.9397",Orta,Açık,Tarihi camiler; Kapalıçarşı yakını; yerel pazar,,Fatih'teki mahalle sahneleri karakterlerin geleneksel çevresi içindeki ilişkilerini aktaran ev ve sokak sekanslarını içermektedir.
906,İstanbul İçin Son Çağrı,Film,Romantik,Gönenç Uyanık,"Onur Güvenatam, Şebnem Kitiş, Tunay Vural",2022.0,"OGM Pictures, PTOT Film","Beren Saat, Kıvanç Tatlıtuğ",183,Beyoğlu,İstanbul,Beyoğlu,41.0335,28.9752,"41.0335,28.9752",Yüksek,Açık,Kafe ve restoranlar; sanat galerileri; tarihi pasajlar,,Şendul Şaban'ın şehirdeki esnaf ilişkilerini aktaran komedi sahneleri Beyoğlu çevresinde çekilmiştir.
906,İstanbul İçin Son Çağrı,Film,Romantik,Gönenç Uyanık,"Onur Güvenatam, Şebnem Kitiş, Tunay Vural",2022.0,"OGM Pictures, PTOT Film","Beren Saat, Kıvanç Tatlıtuğ",197,Fatih,İstanbul,Fatih,41.0186,28.9397,"41.0186,28.9397",Orta,Açık,Tarihi camiler; Kapalıçarşı yakını; yerel pazar,,Fatih'teki mahalle ortamı Şaban'ın çevresindeki komşuluk dinamiklerini yansıtan iç ve dış mekan sekanslarını içermektedir.
694,Son Yaz,Dizi,Gerilim/Suç,Burak Arlıel,Saner Ayar,2021.0,O3 Medya,"Alperen Duymaz, Ali Atay, Hafsanur Sancaktutan",233,Rumelihisarı,İstanbul,Sarıyer,41.0853,29.0547,"41.0853,29.0547",Yüksek,Açık,Osmanlı kalesi gezisi; Boğaz manzarası; açık hava konserleri,,Mahsun'un geceleri araba çalıp sabaha kadar gezdiği sokaklar ve kale duvarları Rumelihisarı'nda çekilmiştir.
694,Son Yaz,Dizi,Gerilim/Suç,Burak Arlıel,Saner Ayar,2021.0,O3 Medya,"Alperen Duymaz, Ali Atay, Hafsanur Sancaktutan",172,Bebek,İstanbul,Beşiktaş,41.0769,29.0369,"41.0769,29.0369",Yüksek,Açık,Sahil kafeler; yat marinası; Boğaz yürüyüşü; balık restoranları,,Bebek sahilindeki Reis'in balıkçı teknesi sahneleri Mahsun'un en yakın dostluğunu aktaran sıcak sekansları içermektedir.
694,Son Yaz,Dizi,Gerilim/Suç,Burak Arlıel,Saner Ayar,2021.0,O3 Medya,"Alperen Duymaz, Ali Atay, Hafsanur Sancaktutan",201,Galata Köprüsü,İstanbul,Eminönü,41.0167,28.9739,"41.0167,28.9739",Yüksek,Açık,Balık tutma; Altın Boynuz manzarası; yürüyüş,,Galata Köprüsü'nün altındaki sahne evsiz Mahsun'un Boğaz'a baktığı ve hayalini kurduğu yalnızlık sekansını oluşturmaktadır.
695,Sonbahar (film),Film,Dram,Özcan Alper,Serkan Acar,2007.0,Bilinmiyor,"Onur Saylak, Megi Kobaladze",169,Balat,İstanbul,Fatih,41.0617,29.0995,"41.0617, 29.0995",Yüksek,Açık,"Dizi seti ziyareti, Fotoğrafçılık",,Balat'ın tarihi sokaklarındaki kovalamaca sahneleri filmin İstanbul bölümünün en yoğun aksiyon sekanslarını içermektedir.
695,Sonbahar (film),Film,Dram,Özcan Alper,Serkan Acar,2007.0,Bilinmiyor,"Onur Saylak, Megi Kobaladze",204,Haydarpaşa Garı,İstanbul,Kadıköy,40.9996,29.0229,"40.9996,29.0229",Yüksek,Açık (kısıtlı),Tarihi tren garı fotoğrafçılığı; boğaz manzarası; mimari gezi,,Haydarpaşa Garı'ndaki kaçış sahnesi Bryan Mills'in kaçırılan karısının izini sürdüğü kritik bölümü oluşturmaktadır.
695,Sonbahar (film),Film,Dram,Özcan Alper,Serkan Acar,2007.0,Bilinmiyor,"Onur Saylak, Megi Kobaladze",212,Karaköy,İstanbul,Beyoğlu,41.0425,29.0482,"41.0425, 29.0482",Yüksek,Açık,"Dizi seti ziyareti, Fotoğrafçılık",,Karaköy'deki çatı koşusu ve dar sokak sahneleri yönetmenin şehrin tüm semtlerini bizzat keşfederek seçtiği lokasyonlardandır.
696,Soğuk (film),Film,Dram,Uğur Yücel,Erol Avcı,2013.0,TMC,"Cenk Medet Alibeyoğlu, Ahmet Rıfat Şungar",183,Beyoğlu,İstanbul,Beyoğlu,41.0335,28.9752,"41.0335,28.9752",Yüksek,Açık,Kafe ve restoranlar; sanat galerileri; tarihi pasajlar,,Talihli amele karakterinin İstanbul'a çalışmaya geldiği açılış sahneleri Beyoğlu çevresinde çekilmiştir.
696,Soğuk (film),Film,Dram,Uğur Yücel,Erol Avcı,2013.0,TMC,"Cenk Medet Alibeyoğlu, Ahmet Rıfat Şungar",197,Fatih,İstanbul,Fatih,41.0186,28.9397,"41.0186,28.9397",Orta,Açık,Tarihi camiler; Kapalıçarşı yakını; yerel pazar,,Fatih'teki inşaat alanı yakınlarındaki sahneler işçi sınıfının gündelik mücadelesini aktarmaktadır.
704,Süper Babaanne,Dizi,Fantastik,Serkan KızıldağTemel Gürsu (Yönetmen),Şükrü Avşar (Yapımcı),2008.0,TRTAvşar Film,"Murat Kubilay, Asuman Dabak, Mustafa Uzunyılmaz, Ceren Soylu, Yılmaz Köksal, Zuhal Yalçın, Nedret Özbek",183,Beyoğlu,İstanbul,Beyoğlu,41.0335,28.9752,"41.0335,28.9752",Yüksek,Açık,Kafe ve restoranlar; sanat galerileri; tarihi pasajlar,,Öğretmenin taşra okulundan İstanbul'a gelişini anlatan sahneler Beyoğlu'nda çekilmiştir.
706,Sürgün İnek,Film,Komedi,Ayhan Özen,Ali Tokul,2013.0,Tiglon,"Hasan Kaçan, Şebnem Sönmez",183,Beyoğlu,İstanbul,Beyoğlu,41.0335,28.9752,"41.0335,28.9752",Yüksek,Açık,Kafe ve restoranlar; sanat galerileri; tarihi pasajlar,,Taşından toprağından altın beklentisiyle İstanbul'a gelen karakterlerin şehirle çatıştığı sahneler Beyoğlu'nda geçmektedir.
706,Sürgün İnek,Film,Komedi,Ayhan Özen,Ali Tokul,2013.0,Tiglon,"Hasan Kaçan, Şebnem Sönmez",197,Fatih,İstanbul,Fatih,41.0186,28.9397,"41.0186,28.9397",Orta,Açık,Tarihi camiler; Kapalıçarşı yakını; yerel pazar,,Fatih'teki mahalle sahneleri yeni gelenlerin geleneksel İstanbul dokusuna uyum sürecini aktarmaktadır.
700,Susuz Yaz,Film,Dram,Metin Erksan,Ulvi Doğan,1963.0,Hitit Film,"Ulvi Doğan, Erol Taş, Hülya Koçyiğit",183,Beyoğlu,İstanbul,Beyoğlu,41.0335,28.9752,"41.0335,28.9752",Yüksek,Açık,Kafe ve restoranlar; sanat galerileri; tarihi pasajlar,,Tatlı dilli karakterin şehirdeki komedi maceraları Beyoğlu sokaklarının kalabalık atmosferinde çekilmiştir.
709,Süt Kardeşler,Film,Macera,Ertem Eğilmez,Nahit Ataman,1976.0,Arzu Film,"Kemal Sunal, Şener Şen, Adile Naşit, Halit Akçatepe, Hale Soygazi, Ayşen Gruda, Ergin Orbey",201,Galata Köprüsü,İstanbul,Eminönü,41.0167,28.9739,"41.0167,28.9739",Yüksek,Açık,Balık tutma; Altın Boynuz manzarası; yürüyüş,,Galata Köprüsü üzerinde yüzük bulan İsa'nın Juli ile ilk mistik bağlantısını simgeleyen sahne filmin açılış sekansını oluşturmaktadır.
709,Süt Kardeşler,Film,Macera,Ertem Eğilmez,Nahit Ataman,1976.0,Arzu Film,"Kemal Sunal, Şener Şen, Adile Naşit, Halit Akçatepe, Hale Soygazi, Ayşen Gruda, Ergin Orbey",183,Beyoğlu,İstanbul,Beyoğlu,41.0335,28.9752,"41.0335,28.9752",Yüksek,Açık,Kafe ve restoranlar; sanat galerileri; tarihi pasajlar,,İsa'nın İstanbul'daki gündelik yaşam ve ayrılık sahneleri Beyoğlu'nda çekilmiştir.
709,Süt Kardeşler,Film,Macera,Ertem Eğilmez,Nahit Ataman,1976.0,Arzu Film,"Kemal Sunal, Şener Şen, Adile Naşit, Halit Akçatepe, Hale Soygazi, Ayşen Gruda, Ergin Orbey",158,Rodos Adası,Yunanistan,Rodos,36.4349,28.2176,"36.4349,28.2176",Yüksek,Açık,Ortaçağ surları; Rodos Şövalyeleri tarihi; plajlar; deniz kıyısı kafeler,,Rodos Adası'nın tarihi limanındaki sahne İsa'nın yüzüğün sahibiyle buluştuğu romantik doruk noktasını oluşturmaktadır.
717,Tatar Ramazan,Dizi,Gerilim/Suç,Cevdet Mercan (Yönetmen),Erol Avcı (Yapımcı),2013.0,TMC Film,"Bülent İnal, Burak Yamantürk, Burcu Kara, Özge Özpirinçci, Osman Soykut, Umut Karadağ, Şebnem Hassanisoughi, Demir Karahan, Ahmet Mekin, Vedat Erincin, Ayla Arslancan, Nur Sürer, Türkü Turan, Umut Kurt, Volga Sorgu, Taner Ölmez, Tugay Mercan, Sezai Altekin, Mehmet Ali Nuroğlu, Saygın Soysal, Cemal Hünal, Emre Melemez, Hikmet Karagöz, Turgay Kantürk, Kanbolat Görkem Arslan, Serdal Genç, Kadim Yaşar, Erol Gedik, Görkem Türkeş, Bekir Hakan Ünverdi, Hasan Say, Recep Yener, Tamer Yiğit, Hande Erçel",241,Sultanahmet Meydanı,İstanbul,Fatih,41.0054,28.9768,"41.0054,28.9768",Yüksek,Açık,Ayasofya; Sultanahmet Camii; Topkapı Sarayı,,Sultanahmet Meydanı'nın yoğun turist ortamı karakterin kimliğinin çalındığı açılış sahnesine zemin hazırlamaktadır.
717,Tatar Ramazan,Dizi,Gerilim/Suç,Cevdet Mercan (Yönetmen),Erol Avcı (Yapımcı),2013.0,TMC Film,"Bülent İnal, Burak Yamantürk, Burcu Kara, Özge Özpirinçci, Osman Soykut, Umut Karadağ, Şebnem Hassanisoughi, Demir Karahan, Ahmet Mekin, Vedat Erincin, Ayla Arslancan, Nur Sürer, Türkü Turan, Umut Kurt, Volga Sorgu, Taner Ölmez, Tugay Mercan, Sezai Altekin, Mehmet Ali Nuroğlu, Saygın Soysal, Cemal Hünal, Emre Melemez, Hikmet Karagöz, Turgay Kantürk, Kanbolat Görkem Arslan, Serdal Genç, Kadim Yaşar, Erol Gedik, Görkem Türkeş, Bekir Hakan Ünverdi, Hasan Say, Recep Yener, Tamer Yiğit, Hande Erçel",210,Kapalıçarşı,İstanbul,Fatih,41.0107,28.968,"41.0107,28.9680",Yüksek,Açık,Alışveriş; tarihi mimari; altın ve mücevher,,Kapalıçarşı'daki kovalamaca sahnesi sahte kimlikle yaşayan karakterin maskesinin düşmeye başladığı gerilimli sekansı içermektedir.
717,Tatar Ramazan,Dizi,Gerilim/Suç,Cevdet Mercan (Yönetmen),Erol Avcı (Yapımcı),2013.0,TMC Film,"Bülent İnal, Burak Yamantürk, Burcu Kara, Özge Özpirinçci, Osman Soykut, Umut Karadağ, Şebnem Hassanisoughi, Demir Karahan, Ahmet Mekin, Vedat Erincin, Ayla Arslancan, Nur Sürer, Türkü Turan, Umut Kurt, Volga Sorgu, Taner Ölmez, Tugay Mercan, Sezai Altekin, Mehmet Ali Nuroğlu, Saygın Soysal, Cemal Hünal, Emre Melemez, Hikmet Karagöz, Turgay Kantürk, Kanbolat Görkem Arslan, Serdal Genç, Kadim Yaşar, Erol Gedik, Görkem Türkeş, Bekir Hakan Ünverdi, Hasan Say, Recep Yener, Tamer Yiğit, Hande Erçel",183,Beyoğlu,İstanbul,Beyoğlu,41.0335,28.9752,"41.0335,28.9752",Yüksek,Açık,Kafe ve restoranlar; sanat galerileri; tarihi pasajlar,,Beyoğlu'ndaki aksiyon sahneleri karakterin gerçek kimliğini kanıtlamaya çalıştığı kritik bölümü oluşturmaktadır.
720,Tatlı Dillim,Film,Komedi,Ertem Eğilmez,Nahit Ataman,1972.0,Arzu Film,"Tarık Akan, Filiz Akın, Halit Akçatepe, Metin Akpınar, Zeki Alasya, Hulusi Kentmen, Münir Özkul, Kemal Sunal, Cemil Can Bıçakçı",247,Topkapı Sarayı,İstanbul,Fatih,41.0115,28.9833,"41.0115,28.9833",Yüksek,Açık,Osmanlı hazinesi; harem; deniz manzaralı bahçeler; Mukaddes Emanetler Dairesi,,Topkapı Sarayı'ndaki hazine bölümü soygun planının tüm ayrıntılarıyla kurulduğu ve filmin odak noktasını oluşturan ana mekândır.
720,Tatlı Dillim,Film,Komedi,Ertem Eğilmez,Nahit Ataman,1972.0,Arzu Film,"Tarık Akan, Filiz Akın, Halit Akçatepe, Metin Akpınar, Zeki Alasya, Hulusi Kentmen, Münir Özkul, Kemal Sunal, Cemil Can Bıçakçı",241,Sultanahmet Meydanı,İstanbul,Fatih,41.0054,28.9768,"41.0054,28.9768",Yüksek,Açık,Ayasofya; Sultanahmet Camii; Topkapı Sarayı,,Sultanahmet Meydanı'nın geniş coğrafyası soygun öncesi gözetleme sahnelerinin ikonik arka planını sunmaktadır.
724,Taş Mektep (film),Film,Dram,Altan Dönmez,"Elin Ecealp , Galip Güner",2012.0,dağıtıcı = Medyavizyon,"Orhan Kılıç , Ayça Varlıer , Feride Çetin , Hazım Körmükçü, Bora Akkaş, Elit İşcan , Itır Esen",183,Beyoğlu,İstanbul,Beyoğlu,41.0335,28.9752,"41.0335,28.9752",Yüksek,Açık,Kafe ve restoranlar; sanat galerileri; tarihi pasajlar,,Turist Ömer'in uzay yolcularıyla tanışmadan önceki İstanbul sahneleri Beyoğlu çevresinde çekilmiştir.
733,Tetikçinin Oğlu,Dizi,Aksiyon,Yağız Alp Akaydın,Saner Ayar,2023.0,O3 Medya,"Şevket Çoruh, Timuçin Esen",247,Topkapı Sarayı,İstanbul,Fatih,41.0115,28.9833,"41.0115,28.9833",Yüksek,Açık,Osmanlı hazinesi; harem; deniz manzaralı bahçeler; Mukaddes Emanetler Dairesi,,Topkapı Sarayı avlularındaki sahne filmin İstanbul bölümünde uluslararası bankacılık krizini ele alan gerilim sekansının kilit noktasını oluşturmaktadır.
733,Tetikçinin Oğlu,Dizi,Aksiyon,Yağız Alp Akaydın,Saner Ayar,2023.0,O3 Medya,"Şevket Çoruh, Timuçin Esen",200,Galata Kulesi Çevresi,İstanbul,Beyoğlu,41.0258,28.9742,"41.0258,28.9742",Yüksek,Açık,Galata Kulesi; tarihi sokaklar; gece hayatı,,Galata Kulesi'nin ihtişamlı silüetinin kullanıldığı sahne filmin İstanbul görsel kimliğini pekiştiren panoramik açılış sekansında yer almaktadır.
735,Teşkilat (dizi),Dizi,Aksiyon,Yağız Alp Akaydın,Timur Savcı,2021.0,Tims&B,"Tolga Sarıtaş, Deniz Baysal, Murat Yıldırım",183,Beyoğlu,İstanbul,Beyoğlu,41.0335,28.9752,"41.0335,28.9752",Yüksek,Açık,Kafe ve restoranlar; sanat galerileri; tarihi pasajlar,,Umut sokaklarının geçtiği şehir sahneleri Beyoğlu'nun arka meydanlarında ve pasajlarında çekilmiştir.
735,Teşkilat (dizi),Dizi,Aksiyon,Yağız Alp Akaydın,Timur Savcı,2021.0,Tims&B,"Tolga Sarıtaş, Deniz Baysal, Murat Yıldırım",197,Fatih,İstanbul,Fatih,41.0186,28.9397,"41.0186,28.9397",Orta,Açık,Tarihi camiler; Kapalıçarşı yakını; yerel pazar,,Fatih'teki yoksul mahalle dokusu karakterlerin yaşam mücadelesini ve dayanışmasını aktaran dış mekan sekanslarında kullanılmıştır.
741,Toprak ile Fidan,Dizi,Dram,Eray KoçakAtilla Cengiz (Yönetmen),İnci Gülen Oarr (Yapımcı),2022.0,OGM PicturesStellar Yapım,"Hazal Adıyaman, Osman Aydın",183,Beyoğlu,İstanbul,Beyoğlu,41.0335,28.9752,"41.0335,28.9752",Yüksek,Açık,Kafe ve restoranlar; sanat galerileri; tarihi pasajlar,,Gazetecinin şehirdeki muhabir koşturmacasını anlatan sahneler Beyoğlu çevresinde çekilmiştir.
741,Toprak ile Fidan,Dizi,Dram,Eray KoçakAtilla Cengiz (Yönetmen),İnci Gülen Oarr (Yapımcı),2022.0,OGM PicturesStellar Yapım,"Hazal Adıyaman, Osman Aydın",197,Fatih,İstanbul,Fatih,41.0186,28.9397,"41.0186,28.9397",Orta,Açık,Tarihi camiler; Kapalıçarşı yakını; yerel pazar,,Fatih'teki esnaf ve mahalle sahneleri karakterin haber peşinde koştuğu komedi sekanslarını içermektedir.
744,Turist Ömer Uzay Yolunda,Film,Bilim Kurgu,Hulki Saner,Hulki Saner,1973.0,Saner Film,"Sadri Alışık, Cemil Şahbaz, Erol Amaç",183,Beyoğlu,İstanbul,Beyoğlu,41.0335,28.9752,"41.0335,28.9752",Yüksek,Açık,Kafe ve restoranlar; sanat galerileri; tarihi pasajlar,,Uykucu'nun İstanbul'daki aksiyon sahnelerinin büyük bölümü Beyoğlu'nun sembolik sokaklarında geçmektedir.
745,Tutsak,Dizi,Dram,Serhan Şahin (Yönetmen),İrfan Şahin (Yapımcı),2017.0,1441 Prodüksiyon,"Pamir Pekin, Gülper Özdemir, Caner Şahin",191,Cihangir,İstanbul,Beyoğlu,41.0569,29.0471,"41.0569, 29.0471",Yüksek,Açık,"Dizi seti ziyareti, Fotoğrafçılık",,Mahmut'un Cihangir'deki dairesinde çekilen iç mekan sahneleri Nuri Bilge Ceylan'ın kendi evini kullandığı ve filmin büyük bölümüne ev sahipliği yapan ana lokasyondur.
745,Tutsak,Dizi,Dram,Serhan Şahin (Yönetmen),İrfan Şahin (Yapımcı),2017.0,1441 Prodüksiyon,"Pamir Pekin, Gülper Özdemir, Caner Şahin",233,Rumelihisarı,İstanbul,Sarıyer,41.0853,29.0547,"41.0853,29.0547",Yüksek,Açık,Osmanlı kalesi gezisi; Boğaz manzarası; açık hava konserleri,,Yusuf'un gemi işi bulmak için Rumelihisarı kıyılarında dolaştığı sahne taşralı karakterin umut ve hayal kırıklığını en iyi özetleyen dış mekan sekansıdır.
745,Tutsak,Dizi,Dram,Serhan Şahin (Yönetmen),İrfan Şahin (Yapımcı),2017.0,1441 Prodüksiyon,"Pamir Pekin, Gülper Özdemir, Caner Şahin",212,Karaköy,İstanbul,Beyoğlu,41.0425,29.0482,"41.0425, 29.0482",Yüksek,Açık,"Dizi seti ziyareti, Fotoğrafçılık",,Karaköy rıhtımındaki sahne Yusuf'un seyir defterini tuttuğu ve gemileri izleyerek hayalini beslediği melankolik kış görüntülerini içermektedir.
751,Türkiye'nin Kalbi Ankara,Film,Belgesel,Sergey Yutkeviç,Lev Arnstam,1934.0,Bilinmiyor,Bilinmiyor,183,Beyoğlu,İstanbul,Beyoğlu,41.0335,28.9752,"41.0335,28.9752",Yüksek,Açık,Kafe ve restoranlar; sanat galerileri; tarihi pasajlar,,Valinin şehirdeki toplantı ve brifing sahneleri Beyoğlu'ndaki resmi çevre mekânlarında çekilmiştir.
766,"Uzak (film, 2002)",Film,Dram,Nuri Bilge Ceylan,Nuri Bilge Ceylan,2002.0,NBC Film,"Mehmet Emin Toprak, Muzaffer Özdemir, Zuhal Gencer, Nazan Kırılmış, Feridun Koç, Fatma Ceylan",89,Konya Ovası,Konya,Merkez,37.8667,32.4833,"37.8667,32.4833",Orta,Açık,Uçsuz bucaksız bozkır manzarası; Mevlana Türbesi günübirlik; semazen gösterileri,,Konya Ovası'nın engin bozkırında çekilen Vahşi Batı sahneleri filmin Western parodi atmosferini özgün bir Anadolu coğrafyasıyla buluşturmaktadır.
766,"Uzak (film, 2002)",Film,Dram,Nuri Bilge Ceylan,Nuri Bilge Ceylan,2002.0,NBC Film,"Mehmet Emin Toprak, Muzaffer Özdemir, Zuhal Gencer, Nazan Kırılmış, Feridun Koç, Fatma Ceylan",183,Beyoğlu,İstanbul,Beyoğlu,41.0335,28.9752,"41.0335,28.9752",Yüksek,Açık,Kafe ve restoranlar; sanat galerileri; tarihi pasajlar,,İstanbul'daki açılış sahneleri Ata ile Lemi'nin görev için yola çıkmadan önceki hazırlık sürecini aktarmaktadır.
768,Uzak Şehrin Masalı,Dizi,Dram,Mustafa Şevki Doğan,Fırat Parlak,2021.0,25 Film,"Aslıhan Güner, Barış Kılıç",183,Beyoğlu,İstanbul,Beyoğlu,41.0335,28.9752,"41.0335,28.9752",Yüksek,Açık,Kafe ve restoranlar; sanat galerileri; tarihi pasajlar,,Yakışıklı karakterinin şehirdeki komedi maceraları Beyoğlu sokaklarında çekilmiştir.
768,Uzak Şehrin Masalı,Dizi,Dram,Mustafa Şevki Doğan,Fırat Parlak,2021.0,25 Film,"Aslıhan Güner, Barış Kılıç",197,Fatih,İstanbul,Fatih,41.0186,28.9397,"41.0186,28.9397",Orta,Açık,Tarihi camiler; Kapalıçarşı yakını; yerel pazar,,Fatih'teki mahalle sahneleri karakterin görünüşünün çevresindeki insanlar üzerindeki komik etkisini aktarmaktadır.
773,Vatanım Sensin,Dizi,Dram,Taylan Biraderler,Saner Ayar,2016.0,O3 Medya,"Halit Ergenç, Bergüzar Korel",183,Beyoğlu,İstanbul,Beyoğlu,41.0335,28.9752,"41.0335,28.9752",Yüksek,Açık,Kafe ve restoranlar; sanat galerileri; tarihi pasajlar,,Haluk Bilginer ve Feyyaz Yiğit'in canlandırdığı karakterlerin yan yana yaşadığı komedi dram sahneleri Beyoğlu'nda çekilmiştir.
781,Vizontele Tuuba,Film,Komedi,Yılmaz Erdoğan,Necati Akpınar,2003.0,BKM,"Yılmaz Erdoğan, Tarık Akan",183,Beyoğlu,İstanbul,Beyoğlu,41.0335,28.9752,"41.0335,28.9752",Yüksek,Açık,Kafe ve restoranlar; sanat galerileri; tarihi pasajlar,,Yarım kalan mutluluğun peşindeki karakterlerin İstanbul'daki romantik buluşma sahneleri Beyoğlu sokaklarında çekilmiştir.
781,Vizontele Tuuba,Film,Komedi,Yılmaz Erdoğan,Necati Akpınar,2003.0,BKM,"Yılmaz Erdoğan, Tarık Akan",197,Fatih,İstanbul,Fatih,41.0186,28.9397,"41.0186,28.9397",Orta,Açık,Tarihi camiler; Kapalıçarşı yakını; yerel pazar,,Fatih'teki mahalle ortamı sevgililerin ailelerinin geleneksel çevresiyle çatışmasını aktaran ev ve sokak sekanslarını içermektedir.
795,Yanık Koza,Dizi,Dram,Murat Saraçoğlu,Hayri Aslan,2005.0,Limon Film,"Yavuz Bingöl, Başak Köklükaya, Çolpan İlhan",191,Cihangir,İstanbul,Beyoğlu,41.0569,29.0471,"41.0569, 29.0471",Yüksek,Açık,"Dizi seti ziyareti, Fotoğrafçılık",,Cihangir'deki daire sahneleri Yok Artık serisinin karakterlerinin bir araya geldiği sıradan ama beklenmedik komedi anlarını oluşturmaktadır.
795,Yanık Koza,Dizi,Dram,Murat Saraçoğlu,Hayri Aslan,2005.0,Limon Film,"Yavuz Bingöl, Başak Köklükaya, Çolpan İlhan",183,Beyoğlu,İstanbul,Beyoğlu,41.0335,28.9752,"41.0335,28.9752",Yüksek,Açık,Kafe ve restoranlar; sanat galerileri; tarihi pasajlar,,Beyoğlu sokaklarındaki sahne karakterlerin şehirde birbirinden kaçmaya çalıştığı komedi kovalamaca sekansını içermektedir.
796,Yaprak Dökümü,Dizi,Dram,Mesude Erarslan (Yönetmen),Kerem Çatay (Yapımcı),2006.0,Ay Yapım,"Halil Ergün Güven Hokna Bennu Yıldırımlar Deniz Çakır Tolga Karel Caner Kurtaran Hasan Küçükçetin Gökçe Bahadır Fahriye Evcen Bedia Ener, Seda Demir",191,Cihangir,İstanbul,Beyoğlu,41.0569,29.0471,"41.0569, 29.0471",Yüksek,Açık,"Dizi seti ziyareti, Fotoğrafçılık",,Cihangir'deki apartman dairesi sahnesinde sıradan bir günün aniden kontrolden çıktığı açılış sekansı çekilmiştir.
796,Yaprak Dökümü,Dizi,Dram,Mesude Erarslan (Yönetmen),Kerem Çatay (Yapımcı),2006.0,Ay Yapım,"Halil Ergün Güven Hokna Bennu Yıldırımlar Deniz Çakır Tolga Karel Caner Kurtaran Hasan Küçükçetin Gökçe Bahadır Fahriye Evcen Bedia Ener, Seda Demir",183,Beyoğlu,İstanbul,Beyoğlu,41.0335,28.9752,"41.0335,28.9752",Yüksek,Açık,Kafe ve restoranlar; sanat galerileri; tarihi pasajlar,,Beyoğlu'nun kalabalık sokak ve kafelerindeki sahneler karakterlerin giderek büyüyen kaosu kontrol etmeye çalıştığı bölümleri oluşturmaktadır.
797,"Yaprak Dökümü (dizi, 2006)",Dizi,Dram,Mesude Erarslan,Kerem Çatay,2006.0,Ay Yapım,"Halil Ergün, Güven Hokna, Deniz Çakır",272,Şişli,İstanbul,Şişli,41.0593,28.987,"41.0593,28.9870",Orta,Açık,Alışveriş merkezleri; İstiklal Caddesi yakını,,Şişli'deki iş merkezi ve ofis sahneleri Mazhar'ın tekstil imparatorluğunu yönettiği soğuk ve prestijli iş ortamını yansıtmaktadır.
797,"Yaprak Dökümü (dizi, 2006)",Dizi,Dram,Mesude Erarslan,Kerem Çatay,2006.0,Ay Yapım,"Halil Ergün, Güven Hokna, Deniz Çakır",183,Beyoğlu,İstanbul,Beyoğlu,41.0335,28.9752,"41.0335,28.9752",Yüksek,Açık,Kafe ve restoranlar; sanat galerileri; tarihi pasajlar,,Kazanın gerçekleştiği Beyoğlu sokak sahnesi Mazhar'ın hayata bakışını kökten değiştiren dönüm noktasını oluşturmaktadır.
805,Yaz Şarkısı,Dizi,Komedi,Doğa Can Anafarta,Yaşar İrvül,2023.0,Pastel Film,"Nilsu Berfin Aktaş, Mustafa Mert Koç",183,Beyoğlu,İstanbul,Beyoğlu,41.0335,28.9752,"41.0335,28.9752",Yüksek,Açık,Kafe ve restoranlar; sanat galerileri; tarihi pasajlar,,Yüz lirayla evlenmeye çalışan karakterlerin İstanbul'daki komedi sahneleri Beyoğlu'nun canlı mahalle dokusunda çekilmiştir.
805,Yaz Şarkısı,Dizi,Komedi,Doğa Can Anafarta,Yaşar İrvül,2023.0,Pastel Film,"Nilsu Berfin Aktaş, Mustafa Mert Koç",197,Fatih,İstanbul,Fatih,41.0186,28.9397,"41.0186,28.9397",Orta,Açık,Tarihi camiler; Kapalıçarşı yakını; yerel pazar,,Fatih'teki ev ve aile sahneleri karakterlerin sınırlı bütçeyle büyük düğün hazırlığı yapmasının yarattığı komedi ortamını aktarmaktadır.
424,Karagül,Dizi,Gerilim/Suç,Murat SaraçoğluGünay Günaydın (Yönetmen),Şükrü Avşar (Yapımcı),2013.0,Avşar Film,"Ece Uslu, Mesut Akusta, Yavuz Bingöl, Özlem Conker, Ogün Kaptanoğlu, Hilal Altınbilek, Şerif Sezer, Saruhan Hünel",233,Rumelihisarı,İstanbul,Sarıyer,41.0853,29.0547,"41.0853,29.0547",Yüksek,Açık,Osmanlı kalesi gezisi; Boğaz manzarası; açık hava konserleri,,Tarkan serisinin kale sahneleri Rumelihisarı'nda çekilmiş olup Osmanlı kalesinin yüksek surları dönemin fantastik atmosferini güçlendirmiştir.
424,Karagül,Dizi,Gerilim/Suç,Murat SaraçoğluGünay Günaydın (Yönetmen),Şükrü Avşar (Yapımcı),2013.0,Avşar Film,"Ece Uslu, Mesut Akusta, Yavuz Bingöl, Özlem Conker, Ogün Kaptanoğlu, Hilal Altınbilek, Şerif Sezer, Saruhan Hünel",104,Bodrum,Muğla,Bodrum,37.0344,27.4305,"37.0344,27.4305",Yüksek,Açık,Bodrum Kalesi; Mausoleum; yat limanı; sahil kafeler,,Tarkan Altın Madalyon filminin kale sahneleri Bodrum Kalesi'nde çekilmiş ve Ege'nin mavi suları epik arka planı oluşturmuştur.
424,Karagül,Dizi,Gerilim/Suç,Murat SaraçoğluGünay Günaydın (Yönetmen),Şükrü Avşar (Yapımcı),2013.0,Avşar Film,"Ece Uslu, Mesut Akusta, Yavuz Bingöl, Özlem Conker, Ogün Kaptanoğlu, Hilal Altınbilek, Şerif Sezer, Saruhan Hünel",63,Eskişehir,Eskişehir,Odunpazarı,39.7767,30.5206,"39.7767,30.5206",Yüksek,Açık,Odunpazarı evleri; Porsuk Çayı; cam sanatı; tren müzesi,,Tarkan Gümüş Eyer filminin Yazılıkaya Midas Anıtı çevresindeki sahneleri Eskişehir'de çekilmiş olup tarihi kaya oyma anıt seti doğal bir stüdyo işlevi görmüştür.
