lokasyon_id,gorsel_id,gorsel_url
1,1,https://dynamic-media-cdn.tripadvisor.com/media/photo-o/0d/e0/07/15/photo0jpg.jpg?w=1200&h=-1&s=1
1,2,https://assets.enuygun.com/media/lib/825x620/uploads/image/dokuzoluk-piknik-alani-49332.webp
1,3,https://adanabaska.com/files/kyr-9707jpg_27-09-2021_15-18-21.jpg
1,4,https://5ocakgazetesicom.teimg.com/crop/1280x720/5ocakgazetesi-com/uploads/2025/12/adana-gezi-rehberi-1.webp
1,5,https://dynamic-media-cdn.tripadvisor.com/media/photo-o/05/06/b4/b6/adana-merkez-camii.jpg?w=600&h=500&s=1
1,6,https://www.kulturportali.gov.tr/repoKulturPortali/small/SehirRehberi//GezilecekYer/20190111110947922_THK%20ORHAN%20OZGULBAS%20ADANA%20Seyhan%20Nehri%20Taskopru%20logolu.jpg?format=jpg&quality=50
1,7,https://rentalia.com.tr/media/adana-blog/sabanci-merkez-camii-adana-gezilecek-yerler.jpg
1,8,https://nisandaadanada.com/images/user/kategoriler/buyuk-saat.jpg
1,9,https://adanabaska.com/files/taskoepruejpg_08-09-2021_14-12-55.jpg
1,10,https://rentalia.com.tr/media/adana-blog/kazancilar-carsisi-adana-gezilecek-yerler.jpg
2,1,https://image.gazetevatan.com/i/gazetevatan/75/850x0/6641b3148d6c80df8a0d9a7a.jpg
2,2,https://avatars.mds.yandex.net/get-altay/15281020/2a00000195f662139f794d5c9eb98aeb8601/L_height
2,3,https://www.adanabaska.com/thumb.php?src=files/1643363220632jpg_28-01-2022_12-52-28.jpg&size=1094x715
2,4,https://i.pinimg.com/736x/e0/6d/f3/e06df3460c9327887e1f1bc655cdafe4.jpg
2,5,https://encrypted-tbn0.gstatic.com/images?q=tbn:ANd9GcSrPr4B_tmRI-ldLnASYjN5ZFtlYsaE7Rezbg&s
2,6,https://avatars.mds.yandex.net/get-altay/13719877/2a00000192f1961366e61667e49c7923b0cc/L_height
2,7,https://upload.wikimedia.org/wikipedia/commons/3/3e/Adana_Gar%C4%B1%28Gece%29.jpg
2,8,https://okuldisiogrenme-cdn-small.eba.gov.tr/uploads/places/68c1707737040.jpg
2,9,https://i.ytimg.com/vi/QbJK83CH9m0/maxresdefault.jpg
2,10,https://okuldisiogrenme-cdn-small.eba.gov.tr/uploads/places/68ce4cec5b917.jpg
3,1,https://unihaber.com.tr/imghaber/670fedb356eeb.jpg
3,2,https://aa.com.tr/uploads/TempUserFiles/haber%2F2017%2F10%2Fpamuk3.jpg
3,3,https://trthaberstatic.cdn.wp.trt.com.tr/resimler/1100000/1100625.jpg
3,4,https://s2.dmcdn.net/v/OVOML1RWeJdb2QwLw/x1080
3,5,https://10layn.com/wp-content/uploads/2018/11/adana-romanlari-cover-pamuk-e1541503963538.jpg
3,6,https://100sene100nesne.com/wp-content/uploads/2016/04/Gorsel-00-03_Pamuk-Alternatif_Pmuk-Toplayanlar_ETC-Zurich_SIK_03-084695-1000x651.jpg
3,7,https://cdnuploads.aa.com.tr/uploads/Contents/2016/10/10/thumbs_b_c_39c837df17b702e280389950d62825ac.jpg
3,8,https://encrypted-tbn0.gstatic.com/images?q=tbn:ANd9GcQYw6rpljqBmRU54aUwVHGZGCVoIAAQ1NVa0A&s
3,9,https://adana.tarimorman.gov.tr/FotografGalerisi/cukurova_pamuk_haberi/cukurova_pamuk_haberi_1.jpg?RenditionId=3
3,10,https://image.milimaj.com/i/milliyet/75/869x477/5c8d2e8945d2a08094d3e6c9.jpg
4,1,https://5ocakgazetesicom.teimg.com/crop/1280x720/5ocakgazetesi-com/uploads/2025/06/adana-sehir-hastanesi.jpg
4,2,https://i.emlaktasondakika.com/Files/NewsImages2/2017/09/17/760x430/adana-sehir-hastanesi_130134_607b2.jpg
4,3,https://avatars.mds.yandex.net/get-altay/11400839/2a0000018da4487b1bd46cd84fca94392a8b/L_height
4,4,https://files.sikayetvar.com/complaint/2926/29261040/adana-sehir-hastanesi-mesai-kacta-basliyor-1.jpg
4,5,https://www.kucuksaat.com/d/news/48909.jpg
4,6,https://ronesans.com/content/files/adana-sehi-139166343ed90eb64b0.86806867.webp
4,7,https://trthaberstatic.cdn.wp.trt.com.tr/resimler/796000/797051.jpg
4,8,https://www.attila.com.tr/images/adana-sehir-hastanesi-mp.jpg
4,9,https://yapivebahce.com/uploads/images/articles/large/dji_0017.jpg
4,10,https://www.aa.com.tr/uploads/userFiles/9d870034-0904-421d-883e-be4a9575ee58/Oguzhan%2F2021%2FOcak%2Fadana1.jpg
5,1,https://www.kulturportali.gov.tr/repoKulturPortali/large/SehirRehberi//GezilecekYer/20241030120113454_20210416111421299_Kozan%20Kalesi.jpg?format=jpg&quality=50
5,2,https://www.cekulvakfi.org.tr/sites/default/files/styles/body_inline/public/images/haber/cg_kk_01.jpg.webp?itok=EK2jrZ-W
5,3,https://gezilmesigerekenyerler.com/wp-content/uploads/2021/08/Kozan-Kalesi-Adana.jpg
5,4,https://www.kozan.bel.tr/upload/images/kael%202.jpg
5,5,https://encrypted-tbn0.gstatic.com/images?q=tbn:ANd9GcQm_ffP36vERs7PFL2X90oXEMnYo7Cl7NL1nA&s
5,6,https://adanabaska.com/files/kyr-9177jpg_24-09-2021_10-36-07.jpg
5,7,https://encrypted-tbn0.gstatic.com/images?q=tbn:ANd9GcT-JlIctNo6RomH3EX0f3RUugDsrfYMEwHc5Q&s
5,8,https://encrypted-tbn0.gstatic.com/images?q=tbn:ANd9GcRSrQaLKEfOlJ_AtLxtBcFQW6EkNO1886LO3g&s
5,9,https://encrypted-tbn0.gstatic.com/images?q=tbn:ANd9GcRM-PR3fDu5xHBQFSSt0--MzcKXbE9_RB3ydQ&s
5,10,https://adanabaska.com/files/5g4a9433jpg_24-09-2021_10-24-38.JPG
6,1,https://pbs.twimg.com/media/CtXRZZLXYAEMfyy.jpg
6,2,https://c.files.bbci.co.uk/7686/production/_106024303_capture6adana.jpg
6,3,https://upload.wikimedia.org/wikipedia/commons/thumb/f/f1/%C3%87ukurova%2C_Adana_04.jpg/1280px-%C3%87ukurova%2C_Adana_04.jpg
6,4,https://habereguvencom.teimg.com/crop/1280x720/habereguven-com/uploads/2025/11/image-2483.png
6,5,https://geoln.com/uploads/building_photos/e14ca9e4ca7e47a08e9b346013a0a6e7.thumbnail_big.jpg
6,6,https://www.yeniemlak.com/resize/750x400/1/8/9/adanada-31-adet-gayrimenkul-satisa-sunuldu-projesi-189618-1629637944.jpeg
6,7,https://image.gazetevatan.com/i/gazetevatan/75/1200x0/691aa9ee2d492cf8106449a6.jpg
6,8,https://goktekin.com.tr/img/components/big/g3-detay1-min_464.jpg
6,9,https://5ocakgazetesicom.teimg.com/crop/1280x720/5ocakgazetesi-com/uploads/2025/12/yapay-zeka-adana-yuregir-i-turkiye-nin-en-19295888-3877-amp.webp
6,10,https://ankahaber.net/public/upload/Haber/290278/290278.jpeg
7,1,https://kampolog.com/wp-content/uploads/2021/06/Kup-Selalesi-Kamp-Alani-5.jpg
7,2,https://s2.wklcdn.com/image_134/4026463/133281147/84878585.700x525.jpg
7,3,https://encrypted-tbn0.gstatic.com/images?q=tbn:ANd9GcSKloihI3wwvlhaaF6TWkiNLzw8hdsi3o9htg&s
7,4,https://cdn.trav3l.net/bugunnereyegidelim.com/uploads/imkanlar2.jpg
7,5,https://pbs.twimg.com/media/EcTVvs9WoAEJ8pV.jpg
7,6,https://adanabaska.com/files/tamamdirjpg_22-09-2021_15-05-34.jpg
7,7,https://www.akdeniztravel.com/wp-content/uploads/2025/03/adana-pozantida-gezilecek-yaylalar.jpg
7,8,https://cdn.trav3l.net/bugunnereyegidelim.com/uploads/selale.jpeg
7,9,https://adanabaska.com/files/adsizjpg-13-07-2021-13-50-59-1jpg_22-09-2021_15-04-03.jpg
7,10,https://upload.wikimedia.org/wikipedia/commons/a/a2/Pozant%C4%B101.jpg
9,1,https://isbh.tmgrup.com.tr/sbh/2021/02/14/650x344/adananin-karaisali-ilcesindeki-varda-koprusu-ziyar-1613289627352.jpg
9,2,https://pbs.twimg.com/media/EOlasf0WAAAutV8.jpg
9,3,https://www.kulturportali.gov.tr/repoKulturPortali/large/SehirRehberi//GezilecekYer/20190711105759832_Varda%20Koprusu%204.jpg?format=jpg&quality=50
9,4,https://okuldisiogrenme-cdn-small.eba.gov.tr/uploads/places/68d0630e5fb1c.jpg
9,5,https://www.kulturportali.gov.tr/repoKulturPortali/large/SehirRehberi//GezilecekYer/20190711105731785_Varda%20Koprusu%202.jpg?format=jpg&quality=50
9,6,https://www.yapi.com.tr/Uploads/HaberMedya/122455/9277cb319dc6415fbce675221c613fce-480x268.jpg
9,7,https://gezmekguzelsey.com/dosyalar/IMG_20190831_081723.jpg
9,8,https://www.adanabaska.com/thumb.php?src=files/alman-koepruesue-vardajpg_31-05-2018_15-41-47.jpg&size=1094x715
9,9,https://encrypted-tbn0.gstatic.com/images?q=tbn:ANd9GcRK9OVSmWarBhAOV0r_6A0KTcqGK6UudpFd5Q&s
9,10,https://dynamic-media-cdn.tripadvisor.com/media/photo-o/1c/b3/b2/0e/varda-alman-koprusu.jpg?w=600&h=400&s=1
11,1,https://media-cdn.tripadvisor.com/media/photo-s/05/c9/70/74/varda-alman-koprusu.jpg
11,2,https://www.510milyon.com/wp-content/uploads/2021/11/varda-koprusu.jpg
11,3,https://upload.wikimedia.org/wikipedia/commons/b/bb/Varda_Viaduct%2C_Karaisal%C4%B1_04.jpg
11,4,https://encrypted-tbn0.gstatic.com/images?q=tbn:ANd9GcRy8i30AruWtfAMpmFnNmAAEDbDMngPYklxuA&s
11,5,https://adanahabermerkezicom.teimg.com/crop/1280x720/adanahabermerkezi-com/images/haberler/2021/01/tarihi-varda-koprusunden-ozel-goruntu_16f57.jpg
11,6,https://okuldisiogrenme-cdn-small.eba.gov.tr/uploads/places/68d0630e5fb1c.jpg
11,7,https://www.shutterstock.com/image-photo/historical-varda-bridge-adana-province-600nw-2488147679.jpg
11,8,https://media-cdn.tripadvisor.com/media/photo-s/05/c9/70/74/varda-alman-koprusu.jpg
11,9,https://www.salomecizrawi.com/wp-content/uploads/2019/05/Salome-varda5.jpg
11,10,https://media-cdn.tripadvisor.com/media/photo-s/0a/34/b4/35/varda-alman-koprusu.jpg
12,1,https://www.adanabaska.com/thumb.php?src=files/227899-10150194807624209-6007442-njpg_12-10-2021_16-26-20.jpg&size=335x219
12,2,https://imgs.platinonline.com/resize/790x450/Documents/Platin/images/2022/12/16/cukurovanin-metropolitan--758.jpg
12,3,https://i.test.neredekal.com/i/75/585x300/60764e5ef52a3ba5b16e743c
12,4,https://turkiyedegezilecekyerler.com/asset/uploads/files/cukurova.jpg
12,5,https://encrypted-tbn0.gstatic.com/images?q=tbn:ANd9GcTpm9sGuPSjy1dXKXyMI0jAR6qxE0tSKI1XAQ&s
12,6,https://gezimaris.com/wp-content/uploads/2024/12/Sevgi-Adasi-e1734877547392.webp
12,7,https://cdnuploads.aa.com.tr/uploads/Contents/2020/09/27/thumbs_b_c_eb380ad6c46949266c43864543b5676d.jpg?v=143120
12,8,https://cdnuploads.aa.com.tr/uploads/Contents/2022/09/13/thumbs_b_c_b47bdfc4ce93c453feaeba334de0267d.jpg?v=113719
12,9,https://upload.wikimedia.org/wikipedia/commons/3/3a/Seyhan_Dam_Lake_-_Seyhan_Baraj_G%C3%B6l%C3%BC_2.JPG
12,10,https://cdnuploads.aa.com.tr/uploads/PhotoGallery/2021/07/18/thumbs_b2_1d3847e6a6551652dc740786f38228b9.jpg
13,1,https://encrypted-tbn0.gstatic.com/images?q=tbn:ANd9GcSFNmKLMyfF0Yc9_kYUQPUiML8Ja0UM0eFCMQ&s
13,2,"https://aksaray.ktb.gov.tr/Resim/475955,sumbullu-kilise-3jpg.png?0"
13,3,https://www.rehbername.com/UserFiles/Image/images/2025/Ihlara%20Vadisi/Ihlara%20Kara%20Gedik%20kilisesi.jpg
13,4,https://millipark.com.tr/site/assets/files/4681/ihlara-vadisi-orenyeri_6.jpg
13,5,https://bellimatur.com/ekstra/blog/ihlara-vadisi-kiliseleri.jpg
13,6,https://www.rehbername.com/UserFiles/Image/images/2025/Ihlara%20Vadisi/Ihlara%20Y%C4%B1lanl%C4%B1%20Kilise.jpg
13,7,https://turkiyeturizmansiklopedisi.com/uploads/img/2023/07/03/7c3dbeddb3fb210bd28a6019264dc9d4dc63292c.jpg
13,8,https://encrypted-tbn0.gstatic.com/images?q=tbn:ANd9GcSFNmKLMyfF0Yc9_kYUQPUiML8Ja0UM0eFCMQ&s
13,9,https://www.gezbegen.com/wp-content/uploads/2018/07/kapadokya.jpg
13,10,https://balonturu.com/images/ihlara-vadisi.jpg
14,1,https://www.yenimesaj.com.tr/resimler/haberler/33/sultanhani-kervansarayi-anadoludaki-en-buyuk-selcuklu-kervansarayi-H1583943-51.webp
14,2,https://encrypted-tbn0.gstatic.com/images?q=tbn:ANd9GcQxdUJq5KH57oXwgxyYBIwAOIeH-fzUbABwng&s
14,3,https://erdemzengin.com.tr/wp-content/uploads/2020/04/Sultanhan%C4%B1-Erdem-Zengin-39-1024x470.jpg
14,4,https://www.sultanhani.bel.tr/dosya/sayfa/730x411/kervansarayimiz.jpg
14,5,https://dynamic-media-cdn.tripadvisor.com/media/photo-o/27/3c/e5/4c/caption.jpg?w=1200&h=1200&s=1
14,6,https://cdnuploads.aa.com.tr/uploads/Contents/2023/04/15/thumbs_b_c_cf9d0c6905c1cba6436597ebfe974e7b.jpg?v=120410
14,7,https://www.kulturportali.gov.tr/contents/images/Logolu_SULTAN%20HANI%20(3)%20kopya.jpg
14,8,https://www.kulturportali.gov.tr/contents/images/Logolu_B%C3%BCnyan%20Sultanhan%C4%B1%20(2)%20kopya.jpg
14,9,https://www.aa.com.tr/uploads/userFiles/a54ea27f-6036-4f79-88c6-6bc9ba19a35d/08_Nisan%2F09%20mart%2F17%2FAA-30858346.jpg
14,10,https://trthaberstatic.cdn.wp.trt.com.tr/resimler/1130000/1130810.jpg
15,1,https://upload.wikimedia.org/wikipedia/commons/c/c0/Ankara_Gar%C4%B1%2C_Ankara_%2824.03.2023%29_80.jpg
15,2,https://users.metu.edu.tr/tonuk/E40003/Ankara/ANK07.gif
15,3,https://upload.wikimedia.org/wikipedia/commons/d/de/Ankara_Train_Station.JPG
15,4,https://www.360tr.com/uploads/pano_thumbs/ecc654c251.jpg
15,5,https://lavarla.com/wp-content/uploads/2018/06/Ekran-Resmi-2018-06-19-23.24.28.png
15,6,https://cdn.kulturenvanteri.com/wp-content/uploads/2020/03/Ankara-Gari-1.jpg
15,7,https://yiyegeze.com/wp-content/uploads/2020/01/tarihi-gar-lokantasi.jpg
15,8,https://www.eskiturkiye.net/resimler/eski-ankara-tren-istasyonu-1930lar-ankara-eski-fotograflarini-gormek-icin-tiklayiniz.jpg
15,9,https://cdn.kulturenvanteri.com/wp-content/uploads/2020/03/IMG_0107.jpeg
15,10,https://m.sonkaleizmir.com/haber_resim/Ankara-Gari-Bakan-Koca-nin-universitesine-65622.jpg
16,1,https://users.metu.edu.tr/tonuk/E40003/Ankara/DSCN6160.JPG
16,2,https://trthaberstatic.cdn.wp.trt.com.tr/resimler/2012000/ankara-sivas-tren-ankara-sivas-yht-aa-2013013.jpg
16,3,https://turkiyeturizmansiklopedisi.com/uploads/img/2024/08/03/4fb5ce624738cbe06625ee6cb03f9c343c440254.jpg
16,4,https://cdn2.aksam.com.tr/aksam/imgsdisk/2019/07/04/040720191431579103185_3.jpg
16,5,https://cokokuyancokgezen.com/wp-content/uploads/2019/12/yuksek-hizli-tren-yolu.jpg
16,6,https://upload.wikimedia.org/wikipedia/commons/7/75/TCDD_HT80000_Bilecik.jpg
16,7,https://aniyht.com/img/galeri3.jpg
16,8,https://www.ictas.com.tr/Upload/ProjeGalery/foto2-10v-0v.jpg
16,9,https://dpcdn.tebilisim.com/uploads/2025/02/turkiyenin-en-guzel-tren-yollari.jpg
16,10,https://trthaberstatic.cdn.wp.trt.com.tr/resimler/1962000/baskentray-aa-1962466.jpg
17,1,https://gununhabercisicom.teimg.com/crop/1280x720/gununhabercisi-com/uploads/2026/01/esenboga-havalimani-2362974.jpg
17,2,https://upload.wikimedia.org/wikipedia/commons/8/82/Airport_Caf%C3%A9_at_Esenbo%C4%9Fa_Havaliman%C4%B1%2C_Ankara%2C_Turkey.jpg
17,3,https://tekha.com.tr/wp-content/uploads/2026/01/WhatsApp-Image-2026-01-17-at-21.27.43.jpeg
17,4,https://turizmyatirimhaber.com/wp-content/uploads/2025/11/Esenboga-Havalimani-Giris-Nizamiyesi.webp
17,5,https://cdn.esenbogaairport.com/uploads/5a13ca9ea79d053db4eaaa60/sliders/5c6be1e509f06c20d017a2c0.jpg
17,6,https://cdn.esenbogaairport.com/uploads/5a13ca9ea79d053db4eaaa60/dynamic-fields/images/restro-tr_2.jpg
17,7,https://cms.cuhadaroglu.com/uploads/Esenbog%CC%86a%20Airport.%20%20%20%20%20.jpeg
17,8,https://www.sera.com.tr/uploads/resim/315-1/Esenboga-havalimani-yeni-ic-hatlar-binasi-3.jpg
17,9,https://www.fiberli.com.tr/wp-content/uploads/2025/09/esenboga-tower2.png
17,10,https://24saatgazetesicom.teimg.com/crop/1280x720/24saatgazetesi-com/uploads/2025/04/thumbs-b-c-d7c871c4a74f072f20dc040d8639fa18.jpg
19,1,https://encrypted-tbn0.gstatic.com/images?q=tbn:ANd9GcQjzyglFgNNG-sgh64P3tpfusJObEFxE_AkRg&s
19,2,https://www.arkitera.com/wp-content/uploads/2017/06/ulus.jpg-300x225.jpeg
19,3,https://cdnuploads.aa.com.tr/uploads/Contents/2018/09/15/thumbs_b_c_afe8ba56013f927a5ded48a6ca1c07bb.jpg
19,4,https://www.evrensel.net/images/1280/upload/dosya/119179.jpg
19,5,https://encrypted-tbn0.gstatic.com/images?q=tbn:ANd9GcQRvuaXRYK2b3FGF5Psk6yl73-zGWkoAfhm9Q&s
19,6,https://www.yalovahayat.com/static/2023/09/07/kurtulus-savasi-muzesi-i-tbmm-binasi-nerede-nasil-gidilir-ziyaret-saatleri-giris-ucreti-1694092735-58_large.webp
19,7,https://okuldisiogrenme-cdn-small.eba.gov.tr/uploads/places/68c7309f0fefe.jpg
19,8,https://www.yapi.com.tr/Uploads/HaberMedya/173216/fb8e445d24bb466caf5efde985130169-480x268.jpg
19,9,https://encrypted-tbn0.gstatic.com/images?q=tbn:ANd9GcTgbAGtOK8flOzvSqwQxMEJK01LoHvebc2r4A&s
19,10,https://www.turkiyenintarihieserleri.com/foto_y/2019/06/b/1561885527.jpg
20,1,https://antalyahakkindacom.teimg.com/antalyahakkinda-com/sites/2025/10/27/ankaya.webp
20,2,https://dynamic-media-cdn.tripadvisor.com/media/photo-o/12/de/7f/d5/anitkabir.jpg?w=500&h=500&s=1
20,3,https://kavakliderem.org.tr/tema/belediye/uploads/haberler/manset/kavaklidereliler-kahvaltida-bulusuyor.jpg
20,4,https://kavaklidererestoran.com/wp-content/uploads/2022/07/alacaatli-piknik-alani.jpeg
20,5,https://images.unsplash.com/photo-1605259386010-d7003729af98?q=80&w=1374&auto=format&fit=crop&ixlib=rb-4.1.0&ixid=M3wxMjA3fDB8MHxwaG90by1wYWdlfHx8fGVufDB8fHx8fA%3D%3D
20,6,https://images.unsplash.com/photo-1611034542458-85aace78c787?q=80&w=1470&auto=format&fit=crop&ixlib=rb-4.1.0&ixid=M3wxMjA3fDB8MHxwaG90by1wYWdlfHx8fGVufDB8fHx8fA%3D%3D
20,7,https://assets.enuygun.com/media/lib/1440x438/uploads/image/cankaya-46380.jpeg
20,8,https://images.unsplash.com/photo-1563261402-c5a58e622eb5?q=80&w=1374&auto=format&fit=crop&ixlib=rb-4.1.0&ixid=M3wxMjA3fDB8MHxwaG90by1wYWdlfHx8fGVufDB8fHx8fA%3D%3D
20,9,https://images.unsplash.com/photo-1599465491675-a35207c21220?q=80&w=2365&auto=format&fit=crop&ixlib=rb-4.1.0&ixid=M3wxMjA3fDB8MHxwaG90by1wYWdlfHx8fGVufDB8fHx8fA%3D%3D
20,10,https://upload.wikimedia.org/wikipedia/commons/d/de/Atakule%2C_Ankara_panorama_III.JPG
21,1,https://media-cdn.t24.com.tr/media/stories/2016/02/raw_34catismalarla-tenhalastirilmak-istenen-gazide-kentsel-donusumun-ayak-sesleri-duyuluyor34_443747457.jpg
21,2,https://static-pano.maps.yandex.ru/v1/?panoid=1246118981_805802946_23_1724160037&size=500%2C240&azimuth=171.10600644941212&tilt=1&api_key=maps&signature=kmBdZzZkhIA8WX9JBw0DZGz15ZL8OacEM1djGNWb-Mw=
21,3,https://i.emlaktasondakika.com/Files/NewsImages2/2013/06/20/466x255/Sultangazi_Gazi_Mahallesinde_669_bin_liraya_satilik_bina_58991_b7eac.jpg
21,4,https://haritane.com/yer/ankara-il-emniyet-yabancilar-sube-mudurlugu-1264448.jpg
21,5,https://ichef.bbci.co.uk/ace/ws/640/amz/worldservice/live/assets/images/2014/03/29/140329105533_gazi_sokak_512x288_c_nocredit.jpg.webp
21,6,https://encrypted-tbn0.gstatic.com/images?q=tbn:ANd9GcSqUbC56WTbbUW9x9NE4WGhjs9oWimh2Xqo-g&s
21,7,https://encrypted-tbn0.gstatic.com/images?q=tbn:ANd9GcTINREx7NpdTjL1r5fQfqkfpk-Lo6shtVnqYQ&s
21,8,https://static-pano.maps.yandex.ru/v1/?panoid=1269595064_814857242_23_1729690096&size=500%2C240&azimuth=-147.6&tilt=10&api_key=maps&signature=5wcN1FnrmoPd2v67g2afAaXc0gI4EN26RR9lLgkUVwg=
21,9,https://encrypted-tbn0.gstatic.com/images?q=tbn:ANd9GcRdIskQsVi7u6C40Gjob5gyTO9MRq2H09KQig&s
21,10,https://encrypted-tbn0.gstatic.com/images?q=tbn:ANd9GcQrfmxuNiitaDRtBpfp-ErXOD3dhLQKBqUkCQ&s
22,1,https://images.unsplash.com/photo-1695973042684-7a4b0c3a42ec?q=80&w=2075&auto=format&fit=crop&ixlib=rb-4.1.0&ixid=M3wxMjA3fDB8MHxwaG90by1wYWdlfHx8fGVufDB8fHx8fA%3D%3D
22,2,https://gezibilen.com/_next/image?url=https%3A%2F%2Ffirebasestorage.googleapis.com%2Fv0%2Fb%2Fgezbi-e89bc.appspot.com%2Fo%2FTravelPoint%252FzOQbBv65H4axC7wAw7xi%252Fbanner.webp%3Falt%3Dmedia%26token%3D1ba83e92-e1a5-4628-aa55-76b633b8fad9&w=3840&q=75
22,3,https://dynamic-media-cdn.tripadvisor.com/media/photo-o/2f/ef/75/db/kugulu-park-tunalihilmi.jpg?w=800&h=800&s=1
22,4,https://dynamic-media-cdn.tripadvisor.com/media/photo-o/1d/53/53/44/kugulu.jpg?w=900&h=500&s=1
22,5,https://img.nefes.com.tr/rcman/Cw1280h720q95gc/storage/files/images/2025/06/20/kugulu-parkta-15-yil-sonra-bir-ilk-yasandi-xipw.jpg
22,6,https://cdnuploads.aa.com.tr/uploads/PhotoGallery/2022/01/23/thumbs_b2_90fa1fb7601de58f8fc34fd5cdf902c1.jpg
22,7,https://iasbh.tmgrup.com.tr/55c4cb/752/395/0/24/800/444?u=https://isbh.tmgrup.com.tr/sbh/2024/07/31/ankara-kugulu-park-nerede-nasil-gidilir-ankara-kugulu-park-girisi-ucretli-mi-e1-1722412393475.jpg
22,8,https://www.soylentidergi.com/wp-content/uploads/2025/09/kugulu1.jpg
23,1,https://encrypted-tbn0.gstatic.com/images?q=tbn:ANd9GcT1tgKCRHp7NweJSujtvJie_hXee-W-D4uMXA&s
23,2,https://tatilana.com/wp-content/uploads/2021/07/ankara-kugulu-park.jpg
23,3,https://www.mehmetakinci.com.tr/wp-content/uploads/2011/12/Ku%C4%9Fulu-Park-5.jpg
23,4,https://encrypted-tbn0.gstatic.com/images?q=tbn:ANd9GcQXrhVwBLM4EMRxooGBDQUV_jX97PCMnbEBoA&s
23,5,https://encrypted-tbn0.gstatic.com/images?q=tbn:ANd9GcR-dHJUeRrbEE1DRKzI6eWab5Hcsfml38rpmw&s
23,6,https://dynamic-media-cdn.tripadvisor.com/media/photo-o/1d/53/53/44/kugulu.jpg?w=900&h=500&s=1
23,7,https://gezmeklazim.com/wp-content/uploads/2025/07/Tunali-Gezilecek-Yerler-Gezmeklazim.com_.webp
23,8,https://img.yeniankara.com.tr/rcman/Cw800h500q95gc/storage/files/images/2025/02/17/kugulu-park-ankara-nin-acik-hava-ha-siqg.jpg
23,9,https://i.ytimg.com/vi/kkgevtFM-vk/hq720.jpg?sqp=-oaymwEhCK4FEIIDSFryq4qpAxMIARUAAAAAGAElAADIQj0AgKJD&rs=AOn4CLDs3hiocEA_ZAayp7duEFri26MzBQ
23,10,https://encrypted-tbn0.gstatic.com/images?q=tbn:ANd9GcSyI1l7zvAcxcbVL7i7GH-DhYe62d2nvj13VA&s
24,1,https://encrypted-tbn0.gstatic.com/images?q=tbn:ANd9GcQIWwjqmY3hKSL7h_pXFkepicw6X6vemBnfzw&s
24,2,https://encrypted-tbn0.gstatic.com/images?q=tbn:ANd9GcQkq5HYuukEb94tCFv-N_o_jjyVYg5ehqVroQ&s
24,3,https://image.milimaj.com/i/milliyet/75/0x0/5f6e818f55428109ec1035b5.jpg
24,4,https://d1kn6yj76m9zby.cloudfront.net/KibrisKoyu/kibris_kanyonu.jpg
24,5,https://kampolog.com/wp-content/uploads/2021/07/Kibris-Koyu-Kanyonu-Kamp-Alani-1.jpg
24,6,https://s2.wklcdn.com/image_89/2681484/79166688/51435065.400x300.jpg
24,7,https://dogadakiler.com/img/A/2020/12/7514899.jpg
24,8,https://encrypted-tbn0.gstatic.com/images?q=tbn:ANd9GcTPCu-lIncPRZMy2A4BB9WnkrutfgmPVV0y1Q&s
24,9,https://st2.depositphotos.com/1020482/6822/i/450/depositphotos_68223163-stock-photo-lofou-a-traditional-mountain-cyprus.jpg
24,10,https://iasbh.tmgrup.com.tr/2f2aba/650/344/0/0/1391/731?u=https://isbh.tmgrup.com.tr/sbh/2019/03/15/kibris-kanyonu-turizme-acilacak-1552666617648.jpeg
25,1,https://media.licdn.com/dms/image/v2/C4D12AQF3OJv_814pzg/article-cover_image-shrink_720_1280/article-cover_image-shrink_720_1280/0/1539264903821?e=2147483647&v=beta&t=ZM1x1dXYnMevUof1ejnxlxYVm2-dDWm4aRUQd0CShW8
25,2,https://imaj.emlakjet.com/scale/600/450/listing/19068502/16BA21979AEC2C48AC4171DA4CF10E9419068502.jpg
25,3,https://encrypted-tbn0.gstatic.com/images?q=tbn:ANd9GcTgzMQ25F5gYyqXHS7MhaKEYl1ksnQ8FQllKA&s
25,4,https://static-pano.maps.yandex.ru/v1/?panoid=1270181094_815137034_23_1729668596&size=500%2C240&azimuth=-144.7&tilt=10&api_key=maps&signature=lqv41bEJpMvxTTYKTeynB_xUCWXtBX8XKUYjWKoR40M=
25,5,https://imaj.emlakjet.com/scale/600/450/listing/19129615/A0E31DC4A7376F9EC2D1436A92C66A6519129615.jpg
25,6,https://encrypted-tbn0.gstatic.com/images?q=tbn:ANd9GcTo-KgtYTsPSks6s3pCQX9GfrZm-_8uSr7kqQ&s
25,7,"https://images.tapu.com/filters:strip_exif()/filters:watermark(images.tapu.com,tapu-logo-watermark.png,-25,-15,30,30,30)/filters:quality(85)/auction/2022/04/19304_6518665745_mega.jpg"
25,8,https://encrypted-tbn0.gstatic.com/images?q=tbn:ANd9GcQZbUUA1eWlM40W3CkYSBt9F49yQVWUk0vxbg&s
25,9,https://encrypted-tbn0.gstatic.com/images?q=tbn:ANd9GcQrm7HPiqgLcbYjWEo7Lh7hbdNm_wHmrLEUfg&s
25,10,"https://images.tapu.com/filters:strip_exif()/filters:watermark(images.tapu.com,tapu-logo-watermark.png,-25,-15,30,30,30)/filters:quality(85)/auction/2021/05/17152_RylSjaFPNi_mega.jpg"
26,1,https://www.casamiamogan.com.tr/images/resource/casamia_aria.jpg
26,2,https://imaj.emlakjet.com/listing/18779745/E8E258D27067080887925CF0F67F785F18779745.jpg
26,3,https://image.milimaj.com/i/milliyet/75/0x0/5f6c664555427e0f9c073614.jpg
26,4,https://anfa.com.tr/wp-content/uploads/2023/09/DSC_6058.jpg
26,5,https://i.ytimg.com/vi/LF5GSvC6fTY/hq720.jpg?sqp=-oaymwEhCK4FEIIDSFryq4qpAxMIARUAAAAAGAElAADIQj0AgKJD&rs=AOn4CLAISMMb8eFz3CW60IvF2ItBO1BG3Q
26,6,https://www.mchangrup.com.tr/wp-content/uploads/2023/09/WhatsApp-Image-2023-09-02-at-09.09.04.jpeg
26,7,https://encrypted-tbn0.gstatic.com/images?q=tbn:ANd9GcSN8kryBYlcZVZXvqSv1HEFc8A247-IfRkL4w&s
26,8,https://www.ankaragolbasi.bel.tr/storage/images/2770032d-2db5-49db-a243-f74cf17d6372.jpg
26,9,https://www.insaatderyasi.com/d/news/6941.jpg
26,10,https://ankaragolbasi.bel.tr/storage/images/e875913c-2e01-40c9-8294-72f454f668b6.jpg
27,1,https://www.solfasol.tv/cdn/haberler/2025/01/ankara-nin-eski-eglence-merkezi-ssk-ishani-W0ARm.png
27,2,https://encrypted-tbn0.gstatic.com/images?q=tbn:ANd9GcRPFa4AwhuQ18stjQAMby3E50O0YdZLLCq3bQ&s
27,3,https://encrypted-tbn0.gstatic.com/images?q=tbn:ANd9GcRGMcZ3JfAgNlwVODIoWdMzJCQUrpFQKDq_WA&s
27,4,https://encrypted-tbn0.gstatic.com/images?q=tbn:ANd9GcQQ6M5cwAH8ABqSfm97rvsXLX--Qdx1H_MgAg&s
27,5,https://images.ntv.com.tr/images/1446afc5-a977-496b-a52c-4be4cec20e60.jpg?width=740&height=415&format=webp
27,6,https://avatars.mds.yandex.net/get-altay/1705560/2a0000016ec0d8a4a0a84eaa01e1041275c4/M_height
27,7,https://static-pano.maps.yandex.ru/v1/?panoid=1255799128_816188540_23_1407486132&size=500%2C240&azimuth=-161&tilt=10&api_key=maps&signature=3LPndyV-MHTSaqTvhlSf7FxcLvFAq3cpLfSmYFE2Rog=
27,8,https://upload.wikimedia.org/wikipedia/commons/0/0f/Ankara_K%C4%B1z%C4%B1lay_%2823566973913%29.jpg
27,9,https://static-pano.maps.yandex.ru/v1/?panoid=1255109057_808397762_23_1408004637&size=500%2C240&azimuth=-136.3&tilt=10&api_key=maps&signature=M11-48FG8PRynCDLeZQZQBPQffLPij-YZJHb0KO_9tI=
27,10,https://encrypted-tbn0.gstatic.com/images?q=tbn:ANd9GcQ-lsiHE1iIDv3kIn9QAAVF3o-wpEEO3PJNtg&s
28,1,https://encrypted-tbn0.gstatic.com/images?q=tbn:ANd9GcTP81AIkRXcJ60oksgDcQpT9f_H08iUHk_Vfg&s
28,2,https://www.kulturportali.gov.tr/repoKulturPortali/large/27082014/05a67216-16e4-40a8-88e7-4344f6900503.jpg?format=jpg&quality=50
28,3,https://upload.wikimedia.org/wikipedia/commons/4/41/Ulucanlar_Cezaevi_M%C3%BCzesi_Giri%C5%9Fi.jpg
28,4,https://www.kulturportali.gov.tr/repoKulturPortali/large/SehirRehberi//GezilecekYer/20200323122752628_Ulucanlar%20Cezaevi%20Muzesi.jpg?format=jpg&quality=50
28,5,https://encrypted-tbn0.gstatic.com/images?q=tbn:ANd9GcT61ZHuwT-4WF20uAIoapn8AlNg2DiBlGlOZA&s
28,6,https://yeni.altindag.bel.tr/sx.web.docs/altindag/img/blogtype.haber//lcnlrbrdldh_2020_1.jpg
28,7,https://image.hurimg.com/i/hurriyet/90/750x422/59146ab92269a23ed898309d.jpg
28,8,https://memorializeturkey.com/sites/default/files/profile/Ulucanlar-Museum_a_AltindagBel.jpg
28,9,https://img-s2.onedio.com/id-64117bd817f07f14e95e9461/rev-0/w-600/h-399/f-jpg/s-5d47b36cf35875b0d6117db25bb1be143627e2e1.jpg
28,10,https://image.hurimg.com/i/hurriyet/90/750x422/57b1655beb10bb1a58e11415.jpg
29,1,https://www.haber1.com/wp-content/uploads/2023/09/irakin-ankara-buyukelciligi-musuldaki-yanginda-hayatini-kaybedenler-icin-taziye-defteri-acti_21ef080-300x200.webp
29,2,https://www.eagvs.com/asset/20/abd/USA-Ankara-B%C3%BCy%C3%BCkelciligi.jpg
29,3,https://www.eagvs.com/asset/20/fransa/Fransa-Ankara-B%C3%BCy%C3%BCkelciligi.jpg
29,4,https://www.aa.com.tr/uploads/userFiles/a54ea27f-6036-4f79-88c6-6bc9ba19a35d/08_Nisan%2F05%20eyl%C3%BCl%2F10%2FAA-32164754.jpg
29,5,https://www.eagvs.com/asset/20/romanya/Romanya-Ankara-Buyukelciligi.jpg
29,6,https://www.eagvs.com/asset/common/irlanda/Ankara-Buyukelciligi-irlanda.jpeg
29,7,https://image.gazetevatan.com/i/gazetevatan/75/1200x0/675b39d68121b2fae06f598e.jpg
29,8,https://www.eagvs.com/asset/20/almanya/Almanya-Ankara-Buyukelciligi.jpg
29,9,https://cdnuploads.aa.com.tr/uploads/Contents/2023/09/16/thumbs_b_c_a8e4123714a4d6948da289e24752976b.jpg?v=172416
29,10,https://encrypted-tbn0.gstatic.com/images?q=tbn:ANd9GcSqc8iOPwiXva8yUmZuPRV6Q0MCwS8Kegeiog&s
30,1,https://i.emlaktasondakika.com/Files/NewsImages2/2012/08/06/466x255/c8177eb7-92e8-4347-86a7-081d4f168934.jpg
30,2,https://encrypted-tbn0.gstatic.com/images?q=tbn:ANd9GcTJhD27kQWCO-EvisjKm5abFwWyp8gGpqgD1w&s
30,3,https://img.yeniankara.com.tr/rcman/Cw820h461q95gc/storage/files/images/2025/12/08/yolunda-a-hpna.png
30,4,https://avatars.mds.yandex.net/get-entity_search/5579913/1180532327/SUx150_2x
30,5,https://avatars.mds.yandex.net/i?id=44fee02921fafff3367fb5c7d555d84bf9730104-5886860-images-thumbs&n=13
30,6,https://cdn.ankaramasasi.com/2025/11/16/ankara-cincin-16112025-3-lxxw3kxu.webp
30,7,https://img.yeniankara.com.tr/rcman/Cw1200h675q95gc/storage/files/images/2025/12/08/yolunda-a-n3ex.png
30,8,https://encrypted-tbn0.gstatic.com/images?q=tbn:ANd9GcRlCiG2l3CnUOzH1U1Lk8XJhSUaJVCD0x4cbA&s
30,9,https://image.milimaj.com/i/milliyet/75/480x360/5c8bd99c45d2a09c9438d364.jpg
30,10,https://img.yeniankara.com.tr/rcman/Cw480h270q95gc/storage/files/images/2025/12/08/yolunda-as-bir-ankara-dumeni-aysetatileciksin960-681-3-mmut.png
31,1,https://www.alanya.bel.tr/Photos/News/Big/563544896.JPG
31,2,https://kanalvcomtr.teimg.com/crop/1280x720/kanalv-com-tr/images/haberler/91c6f4818d4646493cfd29639782418f.jpg
31,3,https://alanyapostasicomtr.teimg.com/alanyapostasi-com-tr/wp/uploads/2023/10/328_20170314154531908-scaled.jpg
31,4,https://cdn.villacim.com.tr/uploads/3840/530_alanyagezilecekyerler.jpg
31,5,https://encrypted-tbn0.gstatic.com/images?q=tbn:ANd9GcT7idMrxs-Ciix6Kvuo4Ayu5xSumByScwB8IQ&s
31,6,https://i.ytimg.com/vi/oHqa7SAZVNY/hqdefault.jpg
31,7,https://www.kulturportali.gov.tr/contents/images/SS%20073%20ALANYA%20KALES%C4%B0NDEN%20KIZILKULE%20VE%20%C4%B0SKELE%20(5)%20kopya.jpg
31,8,https://www.alanya.bel.tr/Photos/News/Slider/970684224.JPG
31,9,https://alanyakentkonseyi.org.tr/Photos/Pages/836544192.jpg
31,10,https://isbh.tmgrup.com.tr/sbh/2021/03/31/650x344/alanya-belediyesi-her-yil-oldugu-gibi-bu-yil-da-al-1617199218496.jpg
32,1,https://turkiyeturizmansiklopedisi.com/uploads/img/2025/03/07/5a1f3919f165fb6e5b12c905ebf86f56d1069a6a_th.jpg
32,2,https://www.temelfen.com.tr/wp-content/uploads/2025/08/18-3.jpg
32,3,https://antalyacityzone.com/images/Haberler/5ffc571ebecaa.jpg
32,4,https://trthaberstatic.cdn.wp.trt.com.tr/resimler/1494000/expo-fuar-1494640.jpg
32,5,https://www.yapikatalogu.com/Files/Project/734/file-4252.jpg
32,6,https://galeri3.arkitera.com/var/thumbs/arkiv-2/proje/arti-mimarlik/expo-2016-antalya-sergi-alani/05.jpg.jpeg
32,7,https://iasbh.tmgrup.com.tr/deb5f1/650/344/0/0/864/453?u=https://isbh.tmgrup.com.tr/sbh/2021/10/19/expo-dunyanin-en-buyuk-film-studyosu-oluyor-1634638072936.jpg
32,8,https://www.turizmgazetesi.com/images/show/news/437e19f7187ae77ba0cdd2e08ce10140.jpeg
32,9,https://i0.wp.com/bi-ozet.com/wp-content/uploads/2017/12/xpk21_0131b.jpg
32,10,https://www.yapikatalogu.com/Files/Project/734/file-4250.jpg
33,1,https://www.aviationext.com/wp-content/uploads/2025/07/Antalya-Havalimani-1100x650.jpg
33,2,https://www.antalya-airport.aero/images/content/terminal_facts2.jpg
33,3,https://upload.wikimedia.org/wikipedia/commons/7/7b/Antalyahavaliman%C4%B11.JPG
33,4,https://alanyapostasicomtr.teimg.com/crop/1280x720/alanyapostasi-com-tr/uploads/2025/02/antalyahavalimanirekor.jpg
33,5,https://www.b2carlease.com/dosya/2419/lokasyon/14-turkiye_antalya_754.png
33,6,https://www.turizmnews.com/images/haberler/2023/11/antalya-havalimani-yeni-terminal-insaatinda-son-durum-7729.jpg
33,7,https://cdnuploads.aa.com.tr/uploads/Contents/2024/06/30/thumbs_b_c_5b3aa537aade331c9ad65b9177737a7b.jpg?v=130530
33,8,https://trthaberstatic.cdn.wp.trt.com.tr/resimler/2078000/antalya-havalimani-dha-2079659.jpg
33,9,https://web.villaciniz.com.tr/uploads/images/antalya-havaliman%C4%B1-2.jpg
33,10,https://i.ytimg.com/vi/o2BKs0GWjfU/maxresdefault.jpg
34,1,https://cokokuyancokgezen.com/wp-content/uploads/2021/05/karain-magarasi-nerede.jpg
34,2,https://gezimanya.com/sites/default/files/styles/800x600_/public/gezilecek-yerler/2019-11/image-1422864650.jpg
34,3,https://gezicini.com/wp-content/uploads/2019/08/Karain-Ma%C4%9Faras%C4%B1-Antalya.jpg
34,4,https://www.kulturportali.gov.tr/contents/images/ANTALYA-KARA%C4%B0N%20MA%C4%9EARASI-GULCANACAR%20(6)%20kopya.jpg
34,5,https://upload.wikimedia.org/wikipedia/commons/1/12/Karain.JPG
34,6,https://images.ntv.com.tr/images/46cb59ac-ed63-47bc-b447-9406edd0415c.jpg?width=880&format=webp
34,7,https://pandaalu.com.tr/uploads/images/haberler/large/1701933178_karain-magarasi---antalya.jpg?1701933178
34,8,https://akdenizmansetcomtr.teimg.com/akdenizmanset-com-tr/uploads/2025/08/karain-2.jpg
34,9,https://encrypted-tbn0.gstatic.com/images?q=tbn:ANd9GcTkifWFrKbZQgg_JEuxumezQsBo0hSVTwPjdQ&s
34,10,https://www.kayaviptransfer.com/files/IMG-3451-1590943136.jpg
35,1,https://turkiyeturizmansiklopedisi.com/uploads/img/2025/04/15/ac28f3afb164dc0e37c94e779cc89a4875c183aa_th.jpg
35,2,https://kaleicioldtown.com/Uploads/d9d541fd6449429ba9120b3996516c3b.jpg
35,3,https://dynamic-media-cdn.tripadvisor.com/media/photo-o/16/ac/94/61/old-marina.jpg?w=900&h=-1&s=1
35,4,https://kaleicioldtown.com/Uploads/d8c3616fcaa84b5fb41a53ae20826c99.jpg
35,5,https://storage.googleapis.com/yatsana/kaleici.webp
35,6,https://media-cdn.tripadvisor.com/media/photo-s/0b/5d/b5/95/yat-limani-karsi-falezlerden.jpg
35,7,https://upload.wikimedia.org/wikipedia/commons/thumb/8/87/Yat_Liman%C4%B1%2C_Kalei%C3%A7i.jpg/1280px-Yat_Liman%C4%B1%2C_Kalei%C3%A7i.jpg
35,8,https://gezicini.com/wp-content/uploads/2019/03/Antalya-Kalei%C3%A7i-Liman.jpg
35,9,https://www.kulturportali.gov.tr/repoKulturPortali/Dokumanlar/009AntalyaYatLiman2011UmutZDEMR_20160105112025396.JPG?format=jpg&quality=50
35,10,https://kanalvcomtr.teimg.com/crop/1280x720/kanalv-com-tr/uploads/2025/01/4347-01.jpg
36,1,https://gezicini.com/wp-content/uploads/2021/12/elmali-1024x576.jpg
36,2,https://morvaliz.com/wp-content/uploads/2019/02/elmali-carsi-4.jpg
36,3,https://hadiistanbullu.com/wp-content/uploads/2015/12/1517429_741708405897363_7571273758175581275_n.jpg
36,4,https://image.hurimg.com/i/hurriyet/90/770x0/5e8ed14d2269a219e03c83f6.jpg
36,5,https://imgscdn.stargazete.com/imgsdisk//2018/12/16/161220181229102361710_2.jpg
36,6,https://image.hurimg.com/i/hurriyet/90/1110x740/5e8ed1982269a219e03c83fd.jpg
36,7,https://cdn.villacim.com.tr/uploads/3840/571_elmaligezilecekyerler.png
36,8,https://galeri.netfotograf.com/images/medium/CF17BEE2CEF445DB.JPG
36,9,https://akilfikir.net/wp-content/uploads/2018/09/beypazar%C4%B1.jpg
36,10,"https://www.turkiyeturizm.com/d/other/elmali,.jpg"
37,1,https://visitbelek.com/images/hotels-resorts/gloria-sports-arena-01.jpg
37,2,https://encrypted-tbn0.gstatic.com/images?q=tbn:ANd9GcTnjjDj_6vc2WyvYkvES0JRWU27tJ0yeowGJw&s
37,3,https://www.hotels-antalya.net/data/Pics/OriginalPhoto/6992/699243/699243558/gloria-sports-arena-belek-pic-36.JPEG
37,4,https://www.gloriasportsarena.com.tr/media/1170/swimming-galeri-list-byk-2.jpg
37,5,https://madsports.com.tr/uploads/facility/1200px/gloria-sports-arena-2.jpg
37,6,https://madsports.com.tr/uploads/facility/1200px/gloria-sports-arena-7.jpg
37,7,https://www.hotels-antalya.net/data/Pics/OriginalPhoto/1324/132477/132477609/gloria-sports-arena-belek-pic-2.JPEG
37,8,https://dynamic-media-cdn.tripadvisor.com/media/photo-o/11/8a/70/34/general-view.jpg?w=900&h=500&s=1
37,9,https://www.gloriasportsarena.com.tr/media/2369/730x1000-1-min.jpg
37,10,https://www.gloriasportsarena.com.tr/media/1036/basketball-list-image.jpg
38,1,https://gezipgordum.com/wp-content/uploads/2022/01/Kasta-nerede-kalinir.jpg
38,2,https://kekovatekneturu.com/wp-content/uploads/Kas-Harbour.jpg
38,3,https://www.kasgezirehberi.com/content/images/neredeyuzulur/limanagzi/01.jpg
38,4,https://www.bizevdeyokuz.com/wp-content/uploads/limanagzi-koyu-kas.jpg
38,5,https://www.bizevdeyokuz.com/wp-content/uploads/akcagerme-plaji-kas-1.jpg
38,6,https://cdn.sanity.io/images/hol705hz/production/1f7df055cf781c386d0162fb8ad5375b5093911c-1366x854.jpg
38,7,https://cdnuploads.aa.com.tr/uploads/PhotoGallery/2014/07/26/thumbs_b2_b4b525eaa0d7f8c9e31eee362b5f2ee7.jpg
38,8,https://dynamic-media-cdn.tripadvisor.com/media/photo-o/25/73/02/97/caption.jpg?w=900&h=500&s=1
38,9,https://i1.wp.com/blog.obilet.com/wp-content/uploads/2020/08/Kaputa%C5%9F-scaled.jpg?ssl=1&w=11136
38,10,https://hersanctuaryblog.wordpress.com/wp-content/uploads/2016/09/kac59f-gece.jpg
39,1,https://tripventura.com/cdn/shop/articles/bu-hayatta-yayla-havasi-diye-bir-sey-var-karadeniz-yaylalari-sizi-kendinize-getirecek_1_beca577c-2e3c-4b1f-8aca-207d63fb3197.jpg?v=1762246041
39,2,https://visitkemer.net/_fm/131-201606281124571.jpg
39,3,https://www.visitkemer.net/_fm/131-201608131410063.jpg
39,4,https://visitkemer.net/_fm/131-201608081418074.jpg
39,5,https://antalyaeksprescomtr.teimg.com/antalyaekspres-com-tr/uploads/2024/04/gedelma-kalesiewre.jpg
39,6,https://www.etstur.com/letsgo/wp-content/uploads/2025/07/beydaglari-milli-parki-kemer-gezilecek-yerler.png
39,7,https://cdn.shopify.com/s/files/1/0847/5679/1592/files/131-201608131412191_600x600.jpg?v=1709420116
39,8,https://antalyaeksprescomtr.teimg.com/crop/1280x720/antalyaekspres-com-tr/uploads/2024/04/antalya-1-825x600das.jpg
39,9,https://biracayipgezi.com/wp-content/uploads/2020/07/kemer-gezilecek-yerler-ucoluk-yaylasi.jpg
39,10,https://antalyaeksprescomtr.teimg.com/crop/1280x720/antalyaekspres-com-tr/uploads/2024/04/gedelmaytrew.jpg
40,1,https://encrypted-tbn0.gstatic.com/images?q=tbn:ANd9GcQ4tIjelW64vkoOQhCpGYrncBrgiAUoAfQ4zg&s
40,2,https://lh7-rt.googleusercontent.com/docsz/AD_4nXdWBipETV5jn-UQMBU-qbCa-c5_MWwR7XYIuaqpPjhWjFuztrk0dfLtubsjWflmSLgSq8RyhFkvCeTSvEZbcvJbKSveYJokLNd3vTh5Hr7SPelrzDS-Sf1Vk3ZR_Ndy9IaagUKCug?key=4IP9wr6YqFICWJlJfM7_QQ
40,3,https://encrypted-tbn0.gstatic.com/images?q=tbn:ANd9GcS7AoWULh_qeVpBXD3OLyzo2vHWU8vyTxQPqg&s
40,4,https://image.hurimg.com/i/hurriyet/90/770x0/5a93f29c2269a22d487e3303.jpg
40,5,https://www.goldwaytravel.com/images/photos/antalya-koprulu-kanyon-rafting-turu_81028708798037723738.JPG
40,6,https://encrypted-tbn0.gstatic.com/images?q=tbn:ANd9GcRg5b3GvV0EDfoELssVi8K1EE7J9U6gjc2eoQ&s
40,7,https://antalyaeksprescomtr.teimg.com/crop/1280x720/antalyaekspres-com-tr/uploads/2023/07/kapak-foto-23.jpg
40,8,https://www.kulturportali.gov.tr/contents/images/Antalya_K%C3%B6pr%C3%BCl%C3%BC_Canyon_Rafting_5464x3640px__300%20dpi%20(2)%20kopya(1).jpg
40,9,https://www.campingantalya.com/images/hizmetler/nehir_keyfi1.jpg
40,10,https://rehbername.com/UserFiles/Image/images/ocak%202021/K%C3%B6pr%C3%BCl%C3%BC%20Kanyon%20Milli%20Park%C4%B1/K%C3%B6pr%C3%BCl%C3%BC%20Kanyon%20K%C3%B6pr%C3%BC%C3%A7ay%20Nehri%20Oluk%20K%C3%B6pr%C3%BC.jpg
41,1,https://www.kemer.bel.tr/Upload/File/2020/10/22/1353.jpg
41,2,https://antalyaeksprescomtr.teimg.com/antalyaekspres-com-tr/uploads/2024/08/tahatli.gif
41,3,https://dynamic-media-cdn.tripadvisor.com/media/photo-o/07/a8/5c/6b/tahtali-mountains.jpg?w=1200&h=-1&s=1
41,4,https://www.kemer.bel.tr/Upload/File/2020/10/22/3201.jpg
41,5,https://cdn.getyourguide.com/img/tour/62c286323c623.jpeg/145.jpg
41,6,https://upload.wikimedia.org/wikipedia/commons/f/f3/Olympos_beach.jpg
41,7,https://cdnuploads.aa.com.tr/uploads/Contents/2025/08/22/thumbs_b_c_e0d5354895de44d7d2de379131f9b4ec.jpg?v=130550
41,8,https://media.istockphoto.com/id/1316442915/tr/foto%C4%9Fraf/g%C3%BCne%C5%9Fli-bir-yaz-g%C3%BCn%C3%BCnde-t%C3%BCrkiyede-tahtal%C4%B1-da%C4%9F%C4%B1-ve-antik-su-kemeri-ile-manzara.jpg?s=612x612&w=0&k=20&c=WHz-bHpxwvIYeMjZYw5mQcRhPpEsvQeGym8JaIpXUHo=
41,9,https://avatars.mds.yandex.net/get-altay/10829645/2a0000018a1d75035cb13df3c5bf0776bebf/L_height
41,10,https://rehbername.com/UserFiles/Image/images/ocak%202021/Tahtal%C4%B1%20Teleferik/Tahtal%C4%B1%20Zirve.jpg
42,1,https://encrypted-tbn0.gstatic.com/images?q=tbn:ANd9GcSLFWmfbqQPPyvxIql_AKixhZAOr9_7C-HoXA&s
42,2,https://encrypted-tbn0.gstatic.com/images?q=tbn:ANd9GcQWb7IoUWhtnO5gOszi9n6siJtFIOnxtwK67w&s
42,3,https://encrypted-tbn0.gstatic.com/images?q=tbn:ANd9GcTpmUZMOnFY3XRXQb0wZ94-SGqlBj85-kjCBQ&s
42,4,https://encrypted-tbn0.gstatic.com/images?q=tbn:ANd9GcQJJZE3i2JhsEu3PDgquPXWQZ_DvXYpVgqYNw&s
42,5,https://lh5.googleusercontent.com/p/AF1QipMg8C6CTR1FrRDTwiEhBfGtBT60cVdaNKkkL7Cj=s550
42,6,https://www.kampyerleri.org/wp-content/uploads/2021/10/kiyicik-plaji.jpg
42,7,https://gezimanya.com/sites/default/files/styles/700x350/public/location/11159.jpg
42,8,https://beachsearcher.com.tr/images/beaches/268201002/GE201002_fit_550_300.jpg
42,9,https://encrypted-tbn0.gstatic.com/images?q=tbn:ANd9GcTbejFNVWfqjzhNUm8l5dgMbwrpzKGIM3K0Lw&s
42,10,https://encrypted-tbn0.gstatic.com/images?q=tbn:ANd9GcRuqQ5lHNrTASLIFZeMDiR6oDLvwxyVRVz8lw&s
43,1,https://www.azgezmis.com/uploads/macahel-artvin-azgezmis-1.jpg
43,2,https://www.mondotouristic.com/source/Turlar/yurtici-turlar/yaylalar%20turu/artvin-kapak_1280.jpg
43,3,https://www.tamzaratur.com/uploads/tur/large/macahel_yayla_6.jpg
43,4,https://www.msytour.com/source/ANKARA%20%C3%87IKI%C5%9ELI%20U%C3%87AKLI%20%C5%9EAV%C5%9EAT%20MACAHEL%20ARTV%C4%B0N%20YAYLALARI%20TURU/%C5%9EAV%C5%9EAT%20-%20202222024.jpg
43,5,https://www.azgezmis.com/uploads/macahel-artvin-azgezmis-4.jpg
43,6,https://www.istanbuldoga.net/etkinlik/image/karadeniz/1b_320x220.jpg
43,7,https://www.deepnature.com/blog/wp-content/uploads/2017/01/deepnature-161-1462893609.jpeg
43,8,https://www.tamzaratur.com/uploads/tur/large/macahel_yayla-9.jpg
43,9,https://duspatikasi.com/uploads/tur/webp/Macahel_YaylalarY_Trekking_Turu.webp
43,10,https://www.tamzaratur.com/uploads/tur/large/macahel_yayla_8.jpg
44,1,https://dynamic-media-cdn.tripadvisor.com/media/photo-o/18/16/f8/1b/img-20190627-wa0033-largejpg.jpg?w=900&h=500&s=1
44,2,https://upload.wikimedia.org/wikipedia/commons/c/cb/Karagol_in_Borcka.jpg
44,3,https://www.kulturportali.gov.tr/repoKulturPortali/large/25022013/e4c83bee-5eb6-4598-92e1-f128d3ffae5e.jpg?format=jpg&quality=50
44,4,https://i.nefisyemektarifleri.com/2023/04/27/borcka-karagolde-ne-yenir-en-iyi-7-restoran.jpg
44,5,https://www.borcka.bel.tr/wp-content/uploads/2019/11/borcka-karagol.jpg
44,6,https://karadenizbalayioteli.com/wp-content/uploads/2024/01/joramoonborcka.webp
44,7,https://karadenizgazete.com.tr/Uploads/news/2222025163138656spor-manset.jpg
44,8,https://karadeniz.gov.tr///d_galeri/784x523/BORCKA-KARAGOL-TABIAT-PARKI-50.JPG
44,9,https://karadeniz.gov.tr///d_galeri/784x523/BORCKA-KARAGOL-TABIAT-PARKI-30.JPG
44,10,https://cdnuploads.aa.com.tr/uploads/Contents/2021/10/18/thumbs_b_c_697cef7ce9ce7e875677afab7011da57.jpg
45,1,https://lh4.googleusercontent.com/proxy/CprUhKfGLW9JkQTgfIUKh3xcThqrS51MVi0c7g5KrBbYq-X7k3Pr-35LEpEL8vxlp0XDrnLW0fWvc7y4pzFYJQiGxIuYefCAa1D01L2l1Q
45,2,https://encrypted-tbn0.gstatic.com/images?q=tbn:ANd9GcSw7WojwUvfaVn7J6YFQWGYDxQF9ucrKOk3Gg&sp
45,3,https://encrypted-tbn0.gstatic.com/images?q=tbn:ANd9GcROTHA05ewmyccgpP9rB4yQUUrGnQZp2lfW7A&s
45,4,https://www.indyturk.com/sites/default/files/styles/1368x911/public/article/main_image/2021/05/18/665356-1277751943.jpg?itok=C0507BLR
45,5,https://dynamic-media-cdn.tripadvisor.com/media/photo-o/0b/0e/df/21/artvin.jpg?w=1400&h=1400&s=1
45,6,https://static.bianet.org/system/uploads/1/articles/spot_image/000/244/364/original/30433417.jpg
45,7,https://encrypted-tbn0.gstatic.com/images?q=tbn:ANd9GcRY6pcjq3WVhlY0RWw_qG54sDFSfN5T-0euiQ&s
45,8,https://encrypted-tbn0.gstatic.com/images?q=tbn:ANd9GcQuIyD2Dg_sMINm4R4eaYwn79a45uSnsNgMEA&s
45,9,https://encrypted-tbn0.gstatic.com/images?q=tbn:ANd9GcQit9d-3-GXiLfvCh991Kig3zPmelxXhZWj4A&s
45,10,https://encrypted-tbn0.gstatic.com/images?q=tbn:ANd9GcR5LHzEA-RPh7lVSgydwOsnMO9DXrcQJUI7BQ&s
46,1,https://encrypted-tbn0.gstatic.com/images?q=tbn:ANd9GcSRrJQcFQZQW9R8eoFn0OBlPyJPO_KbPe3JYw&s
46,2,https://encrypted-tbn0.gstatic.com/images?q=tbn:ANd9GcTtlRL7v-wR26OC6TvzcSXsl2vOe2M_0EGY_g&s
46,3,https://anadolugezgini.wordpress.com/wp-content/uploads/2019/09/img_1561.jpg?w=595&h=446
46,4,https://media-cdn.tripadvisor.com/media/photo-s/09/23/ee/29/doganbey.jpg
46,5,https://www.kulturportali.gov.tr/contents/images/AYDIN-DO%C4%9EANBEY%20K%C3%96Y%C3%9C-G%C3%9CLCANACAR%20(29)%20kopya.jpg
46,6,https://encrypted-tbn0.gstatic.com/images?q=tbn:ANd9GcRJFeVA1ksJt3OwbKNHU_H_PMYsy_bY2PxVdA&s
46,7,https://i0.wp.com/gezginimgezgin.com/wp-content/uploads/2024/11/Doganbeykoyu-gezi-rehberi-7.jpg?fit=819%2C614&ssl=1
46,8,https://turkiyeturizmansiklopedisi.com/uploads/img/2025/02/26/3160376bfe6d7e4cbf2a9e9205471ef061ee1439.jpg
46,9,https://galeri.netfotograf.com/images/medium/A993C78DA6F3E8E6.jpg
46,10,https://www.kulturportali.gov.tr/contents/images/AYDIN-DO%C4%9EANBEY%20K%C3%96Y%C3%9C-G%C3%9CLCANACAR%20(39)%20kopya.jpg
47,1,https://yedikita.com.tr/wp-content/uploads/2017/03/dogubeyazit-ishak-pasa-sarayi.jpg
47,2,https://aa.com.tr/uploads/TempUserFiles/haber%2F2017%2F06%2Firem_1.jpg
47,3,https://www.kesinkarar.com/olds/kesinkarar-com/wp/uploads/2024/01/kis-ayi-olmasina-karsin-agri-dagi-eteklerine-kar-yagmadi-0-E7akmFDb.jpg
47,4,https://www.kulturportali.gov.tr/repoKulturPortali/large/SehirRehberi//GezilecekYer/20250530141018263_Agri_Ahmed%20i_Hani_Kent_Muzesi(23)%20kopya.jpg?format=jpg&quality=50
47,5,https://www.yeniemlak.com/resize/785x450/1/7/6/agri-dogubayazitin-cehresi-modern-kamu-binalariyla-degisiyor-projesi-agri-dogubeyazit-176790-1509718986.jpeg
47,6,https://turkiyedegezilecekyerler.com/asset/uploads/files/agri-dagi.jpg
47,7,https://www.dogubayazit.bel.tr/assets/img/galeri/187x230.jpg
47,8,https://www.kulturportali.gov.tr/repoKulturPortali/large/28022013/7bbf7d50-8030-4384-bebd-60a6f69be894.JPG?format=jpg&quality=50
47,9,https://dogubayazittso.org.tr/wp-content/uploads/2023/10/do2.jpg
47,10,https://www.arpaboyuyol.com/wp-content/uploads/2019/06/buyuk-agri-dagi-ararat.jpg
48,1,https://cokokuyancokgezen.com/wp-content/uploads/2020/09/ishakpasa-sarayi-1_c.jpg
48,2,https://www.kulturportali.gov.tr/contents/images/e286cd82-03ac-41a8-9b4b-0c2db83b1613%20kopya.jpg
48,3,https://upload.wikimedia.org/wikipedia/commons/5/52/ISHAKPASA_SARAYI.jpg
48,4,https://www.kulturportali.gov.tr/repoKulturPortali/small/PetekIcon/ikon_20181122112509098.jpg
48,5,https://www.arkitera.com/wp-content/uploads/2023/01/ip1.jpg
48,6,https://cokokuyancokgezen.com/wp-content/uploads/2020/09/ishakpasa-sarayi-harem_c.jpg
48,7,https://cdnuploads.aa.com.tr/uploads/Contents/2022/01/01/thumbs_b_c_4cd4bc416ad62a1bf12108f8d2c24d4a.jpg?v=200155
48,8,https://i.pinimg.com/originals/74/5f/2c/745f2cd028b7ddf6e0ec41632b951e3e.jpg
48,9,https://upload.wikimedia.org/wikipedia/commons/thumb/e/e8/Ishak_Pasha_Palace_%282673187969%29.jpg/330px-Ishak_Pasha_Palace_%282673187969%29.jpg
48,10,https://storage.googleapis.com/onlinebilet/icerik/ishak-pasa-sarayi-145.jpg
48,11,https://www.kulturportali.gov.tr/contents/images/ishak%20pa%C5%9F%C5%9Faaa.jpg
48,12,https://www.bursasehrengiz.com/static/2025/01/06/buyuleyici-bir-destinasyon-ishak-pasa-sarayi-1736176541-387_large.webp
48,13,https://media-cdn.tripadvisor.com/media/photo-s/15/34/36/a2/ishak-pasa-sarayi-ici.jpg
48,14,https://encrypted-tbn0.gstatic.com/images?q=tbn:ANd9GcT171_44mRPdWCohYi4rAKqAbMtXd2fofxFgA&s
48,15,https://upload.wikimedia.org/wikipedia/commons/2/2f/Ishak_Pasha_Palace1454.jpg
48,16,https://seyler.ekstat.com/img/max/800/v/veRffrxDbf2hfWjq-636869717807602561.jpg
48,17,https://www.bursasehrengiz.com/static/2025/01/06/buyuleyici-bir-destinasyon-ishak-pasa-sarayi-1736176541-387_large.webp
48,18,https://image.hurimg.com/i/hurriyet/90/0x0/5eb68dc9d3806c13983fbd0c.jpg
48,19,https://cdnuploads.aa.com.tr/uploads/Contents/2022/01/01/thumbs_b_c_4cd4bc416ad62a1bf12108f8d2c24d4a.jpg?v=200155
48,20,https://img.serhedhaber.com/manset/2025/12/tarihi-ishak-pasa-sarayi-nda-kis-guzelligi-buyuluyor-n-1767211167.webp
49,1,https://images.unsplash.com/photo-1645352248876-010f1cd84ecc?q=80&w=1476&auto=format&fit=crop&ixlib=rb-4.1.0&ixid=M3wxMjA3fDB8MHxwaG90by1wYWdlfHx8fGVufDB8fHx8fA%3D%3D
49,2,https://www.bosphorusayvalik.com.tr/wp-content/uploads/2024/05/AYVALIK-2.jpg
49,3,https://www.filgezi.com/wp-content/uploads/2018/10/ayval%C4%B1k-gezi-rehberi-sokaklar.jpg
49,4,https://cavlihane.com/upload/thumbs/61-1140-550-p-center_center-FFFFFF.jpg
49,5,https://images.gezinomi.com/fit-in/1200x800/filters:quality(100)/filters:format(webp)/assets/blog/ayvalik_1383872777-10.05.2021162937.jpg
49,6,https://www.ayvalikmiras.com/wp-content/uploads/2022/04/konutlar-7.jpg
49,7,https://cdn.yerelrehber.com/uploads/2025/68e219ded078c68e219ded078e.png
49,8,https://images.unsplash.com/photo-1683489570970-9b599578e78d?q=80&w=626&auto=format&fit=crop&ixlib=rb-4.1.0&ixid=M3wxMjA3fDB8MHxwaG90by1wYWdlfHx8fGVufDB8fHx8fA%3D%3D
49,9,https://www.resatgul.com.tr/wp-content/uploads/2023/09/39cdc3_32e30e1fc94d4762ae069dae36789646mv2.jpg
49,10,https://www.bizevdeyokuz.com/wp-content/uploads/ayvalik-plajlari-1-01.jpeg
50,1,https://upload.wikimedia.org/wikipedia/commons/9/95/Cumhuriyet_Meydan%C4%B1%E2%80%93IMG_6306.jpg
50,2,https://s2.dmcdn.net/v/OIpBJ1epL_Mb-w0Fb/x720
50,3,https://img-s1.onedio.com/id-61dcb59804fe73444edc0729/rev-0/raw/s-b59e4b0dfa32a40e313a1d50dd9a39bd5453e74b.jpg
50,4,https://blog.biletbayi.com/wp-content/uploads/2020/08/bandirma-balikesir-scaled.jpg
50,5,https://encrypted-tbn0.gstatic.com/images?q=tbn:ANd9GcSTO2l0hy-coW7ZbqI7nhpBCHpjk44zJpp8vQ&s
50,6,https://www.bizevdeyokuz.com/wp-content/uploads/balikesir-kirazli-manastiri.jpg
50,7,https://images.unsplash.com/photo-1699122896734-f2fc3136a835?q=80&w=1935&auto=format&fit=crop&ixlib=rb-4.1.0&ixid=M3wxMjA3fDB8MHxwaG90by1wYWdlfHx8fGVufDB8fHx8fA%3D%3D
50,8,https://galeri.netfotograf.com/images/medium/3FF784FE3FE782EA.jpg
50,9,https://photos.wikimapia.org/p/00/05/38/30/00_big.jpg
50,10,https://marmarabolge.com/wp-content/uploads/2026/03/WhatsApp-Image-2026-03-12-at-15.16.35.jpeg.webp
51,1,https://encrypted-tbn0.gstatic.com/images?q=tbn:ANd9GcSgwhhZzNdk47GBS-31-S6mypN8wVOK17giTA&s
51,2,https://upload.wikimedia.org/wikipedia/commons/thumb/1/1a/Tarihi_Band%C4%B1rma_%C5%9Eehir_Gar%C4%B1_Binas%C4%B1.jpg/250px-Tarihi_Band%C4%B1rma_%C5%9Eehir_Gar%C4%B1_Binas%C4%B1.jpg
51,3,https://encrypted-tbn0.gstatic.com/images?q=tbn:ANd9GcQ493ZZTjmmjehQCiqufqwd0qlgopJSYW6BoA&s
51,4,https://upload.wikimedia.org/wikipedia/commons/thumb/3/31/Band%C4%B1rma_railway_station.jpg/500px-Band%C4%B1rma_railway_station.jpg
51,5,https://encrypted-tbn0.gstatic.com/images?q=tbn:ANd9GcQVw7fmnr_O8wWvGjUEKDps19zCxSthuMFqUA&s
51,6,https://www.isa-sari.com/wp-content/uploads/2014/03/bandirma-sahil-kenari.jpg
51,7,https://www.isa-sari.com/wp-content/uploads/2014/03/bandirma-sahil-parki.jpg
51,8,https://sehirkamera.balikesir.bel.tr/Dosyalar/Kamera/AF_sehirkamera_Kameralar_image_Fotograf_b4c655a5-2b6e-4b5d-a2b8-e7e3d152edf9/Foto1.jpg
51,9,https://i.test.neredekal.com/i/75/585x300/6068ec2b843ed65501a6bc1b
51,10,https://encrypted-tbn0.gstatic.com/images?q=tbn:ANd9GcTfMwbWM7sN-NBwtj9lwhRTFpbnY2cfQ8nGNQ&s
52,1,https://cdn2.enuygun.com/media/lib/500x300/uploads/image/cunda-yel-degirmenleri-41475.webp
52,2,https://cdn2.enuygun.com/media/lib/375x210/uploads/image/kapak-41450.webp
52,3,https://adminweb.ayvalik.bel.tr/Upload/resized_ab32d-1dbc3ff6cundaadasc4b1_20240912172240790.webp
52,4,https://www.etstur.com/letsgo/wp-content/uploads/2019/03/cunda-adasi-gezilecek-yerler-tas-konak.jpg
52,5,https://encrypted-tbn0.gstatic.com/images?q=tbn:ANd9GcRNczURmAukaKbFhHeG_01cwKcdWJLfP0fN4w&s
52,6,https://www.ayvaliksergi.com/wp-content/uploads/2023/11/cunda_rehber.jpg
52,7,https://www.etstur.com/letsgo/wp-content/uploads/2019/03/cunda-adasi-gezilecek-yerler-cunda-sokak.jpg
52,8,https://encrypted-tbn0.gstatic.com/images?q=tbn:ANd9GcTfrezQPDOqTLbxtSChfTbqq1pprumu2FhkaQ&s
52,9,https://encrypted-tbn0.gstatic.com/images?q=tbn:ANd9GcSWwjbWpdr_PZf4WpMfZuLerWb3o4Kw_gAjfA&s
52,10,https://www.habercigazetesi.net/wp-content/uploads/2025/09/Cunda-Adasinda-Kediler-Tarih-ve-Lezzet-Bir-Arada-787x443.jpg
53,1,https://encrypted-tbn0.gstatic.com/images?q=tbn:ANd9GcR-fsNGWvwwZuopDYG8rlJ-BzXfLH4WxnLRuA&s
53,2,https://yoldaolmak.com/wp-content/uploads/2020/04/kozak-koyleri.webp
53,3,https://encrypted-tbn0.gstatic.com/images?q=tbn:ANd9GcSCSmF-gYKIELwnUIkYaWjVdgnWtAhNeHqWpA&s
53,4,https://imaj.emlakjet.com/listing/18986940/ADADBE0121E164FD12447949262317B818986940.jpg
53,5,https://www.academic-tour.com/images/tour/258_b.jpg
53,6,https://encrypted-tbn0.gstatic.com/images?q=tbn:ANd9GcRQPPwGXrOd5Yx7pUw6w4ZUAurZk5IBH04ZZg&s
53,7,https://imaj.emlakjet.com/listing/18270868/63C85D8FEA3A65F4A0888E30607C53A718270868.JPG
53,8,https://www.bizevdeyokuz.com/wp-content/uploads/KOzak-yaylasi-01.jpg
53,9,https://www.bizevdeyokuz.com/wp-content/uploads/yayla.jpg
53,10,https://imaj.emlakjet.com/listing/18270868/6BADE8110601DE30C47DD51084FFC66318270868.JPG
54,1,https://static-pano.maps.yandex.ru/v1/?panoid=1247908515_806549682_23_1726387466&size=500%2C240&azimuth=84.1&tilt=10&api_key=maps&signature=VpATY3oW3uTgkHjc44DYUCzwde9c5WoYa6CYfxwlbq8=
54,2,https://encrypted-tbn0.gstatic.com/images?q=tbn:ANd9GcRU2O06fWMYpDitadPsJfRSe4pmpDTzjWCUTg&s
54,3,https://encrypted-tbn0.gstatic.com/images?q=tbn:ANd9GcSDcY_Jx8xVW_NzViB6Alu83vy4prgRwGlKvA&s
54,4,https://avatars.mds.yandex.net/get-altay/12820607/2a00000193f46b414cef67683f6bc5e192d7/L_height
54,5,https://amasya.meb.gov.tr/meb_iys_dosyalar/2020_08/30094349_WhatsApp_Image_2020-08-30_at_09.24.53.jpg
54,6,https://static-pano.maps.yandex.ru/v1/?panoid=1269244922_815152519_23_1729491060&size=500%2C240&azimuth=16.3&tilt=10&api_key=maps&signature=n_Gjy5xnl1fQv321vRSt64mP0IKA7VZYZjdCaIwGlp4=
54,7,https://static-pano.maps.yandex.ru/v1/?panoid=1246778934_831388935_23_1403617064&size=500%2C240&azimuth=-80.3&tilt=10&api_key=maps&signature=MJzJY386UoeqKsdhTVjyKDLqij8ErvuecCbppNCLCSQ=
54,8,https://static-pano.maps.yandex.ru/v1/?panoid=1269250786_815149544_23_1729491049&size=500%2C240&azimuth=60.61017349310742&tilt=1&api_key=maps&signature=qChiWiEACtln6DIBaWIhqd4Qx-dpCz9nIDC5M6znQsg=
54,9,https://static-pano.maps.yandex.ru/v1/?panoid=1269287520_815137777_23_1729493195&size=500%2C240&azimuth=157.2&tilt=10&api_key=maps&signature=jIinnK0yVzSjpLHwm-UQuykee9C_fDDFplFZUur4pl0=
54,10,https://trthaberstatic.cdn.wp.trt.com.tr/resimler/1568000/aybuke-ogretmen-okul-aa-1568044.jpg
55,1,https://encrypted-tbn0.gstatic.com/images?q=tbn:ANd9GcRCttSPWUleMyq1YLfFuUCQP0VBw-19qf4tkw&s
55,2,https://encrypted-tbn0.gstatic.com/images?q=tbn:ANd9GcRcytXTaZcrrG3xmF5BPemwEc7HVZ769WgZ6g&s
55,3,https://encrypted-tbn0.gstatic.com/images?q=tbn:ANd9GcQx7dBeIJ46TNTgeiAXY345zv_L_cRcPDQzbA&s
55,4,https://encrypted-tbn0.gstatic.com/images?q=tbn:ANd9GcT0r4tLF-LbJ4zr12OJGLw9BzGQfTq4GkSpSw&s
55,5,https://encrypted-tbn0.gstatic.com/images?q=tbn:ANd9GcSARTIGJUKwWGcGrL9NKXI7tHPtNEimgNVpBg&s
55,6,https://encrypted-tbn0.gstatic.com/images?q=tbn:ANd9GcSARTIGJUKwWGcGrL9NKXI7tHPtNEimgNVpBg&s
55,7,https://encrypted-tbn0.gstatic.com/images?q=tbn:ANd9GcRkA07aC-gfUTa01H0he5RFj17J3hh5hs2U3A&s
55,8,https://encrypted-tbn0.gstatic.com/images?q=tbn:ANd9GcS6JDkqLSAVgKZJxz5NZvSTRffgYqgQj7xr4Q&s
55,9,https://encrypted-tbn0.gstatic.com/images?q=tbn:ANd9GcRkA07aC-gfUTa01H0he5RFj17J3hh5hs2U3A&s
55,10,https://encrypted-tbn0.gstatic.com/images?q=tbn:ANd9GcSD3cpEIGVnEZPoQQquNx9DnOSuoGMQoPoK1w&s
56,1,https://www.kulturportali.gov.tr/repoKulturPortali/large/02052013/21638015-b3b3-4d63-b97d-2c9f8cfd0054.JPG?format=jpg&quality=50
56,2,https://encrypted-tbn0.gstatic.com/images?q=tbn:ANd9GcQElzdcVAvnLPffmWHZlTKrvBFZglutLDrFww&s
56,3,https://belediye-assets.s3.eu-central-1.amazonaws.com/public/files/places/images/6861808cbe684.webp
56,4,https://img.piri.net/piri/upload/3/2026/3/19/3126a705-site-01.webp
56,5,https://www.kulturportali.gov.tr/repoKulturPortali/large/25012013/0ef7ff9d-6ace-4504-b08f-89ef9752d4a2.JPG?format=jpg&quality=50
56,6,https://img.piri.net/piri/upload/3/2026/3/19/f6f62190-site-04.webp
56,7,https://img.piri.net/piri/upload/3/2026/3/19/4fabb727-7kttalmd8vyibvv7rmwy28.webp
56,8,https://img.piri.net/piri/upload/3/2026/3/19/768947c5-site-06.webp
56,9,https://img.piri.net/piri/upload/3/2026/3/19/81c6a332-site-07.webp
56,10,https://www.hibursacitycentre.com/Otel/image/hacivatvekarag%C3%B6z/2.jpg
57,1,https://www.kulturportali.gov.tr/contents/images/Mudanya%20M%C3%BCtareke%20Evi%20M%C3%BCzesi%20(5).jpg
57,2,https://cdn2.enuygun.com/media/lib/1200x675/uploads/image/mudanya-62281.webp
57,3,https://muze.gov.tr/s3/SectionPicture/SP_a03088df-deb1-40c8-8bd1-f9290b72d581.jpg
57,4,https://www.kucukoteller.com.tr/storage/images/2025/03/13/mudanyada-gezilecek-yerlerwebp-cYWLGsXH.webp
57,5,https://assets.enuygun.com/media/lib/825x620/uploads/image/derekoy-kilisesi-53200.webp
57,6,https://www.bizevdeyokuz.com/wp-content/uploads/mudanya-halitpasa-mahallesi.jpg
57,7,https://www.fibartur.com/images/tour/2599_b.jpg
57,8,https://www.kulturportali.gov.tr/contents/images/Mudanya%20M%C3%BCtareke%20Evi%20M%C3%BCzesi%20(10).jpg
57,9,https://rehbername.com/UserFiles/Image/images/nisan2021/Mudanya%20Sakl%C4%B1%20G%C3%BCzellikler/Kumyaka.jpg
57,10,https://rehbername.com/UserFiles/Image/images/nisan2021/Mudanya%20Sakl%C4%B1%20G%C3%BCzellikler/Mudanya%20Evleri.jpg
58,1,https://mudanya.bel.tr/upload/img/2020/07/03/55ea361a-f332-4634-8ea0-fce8e791e441.jpg
58,2,https://www.kulturportali.gov.tr/contents/images/Mudanya%20M%C3%BCtareke%20Evi%20M%C3%BCzesi%20(10).jpg
58,3,https://mudanya.bel.tr/upload/img/2020/07/03/f1362e16-fffc-4f71-b15a-7a32e3244083.jpg
58,4,https://rehbername.com/UserFiles/Image/images/haziran2020/Mudanya%20Hakk%C4%B1nda/M%C3%BCtareke%20Evi.jpg
58,5,https://mudanya.bel.tr/upload/img/2020/07/17/75375143-2fdd-4295-91d1-1c3e142e6cb1.jpg
58,6,https://i.test.neredekal.com/i/75/585x300/606a11212e38b1a89363f70b
58,7,https://encrypted-tbn0.gstatic.com/images?q=tbn:ANd9GcR0C9eV47sV7qlSgrCsheLN2H6m_on1ipi8OA&s
58,8,https://encrypted-tbn0.gstatic.com/images?q=tbn:ANd9GcQIhxveQFUadRzS6GbkReFQCALKiTcDUqSq6w&s
58,9,https://mudanya.bel.tr/upload/img/2020/07/17/6e90f216-efe8-4812-a341-3f7cbdf71a41.jpg
58,10,https://belediye-assets.s3.eu-central-1.amazonaws.com/public/files/places/images/68618c3fb9471.webp
59,1,https://fumefly.com/assets/gallery/webp/1x/mudanya-cadde.webp
59,2,https://blog.katartur.com/uploads/images/202601/img_w860_6967bec243b538-51615025.jpg
59,3,https://i.test.neredekal.com/i/75/619x420/643526b53e6fc6353b52d8ff
59,4,https://www.bizevdeyokuz.com/wp-content/uploads/mudanya-kapak.jpg
59,5,https://cdn.villacim.com.tr/uploads/3840/131_mudanya-gezilecek-yerler.jpg
59,6,https://rehbername.com/UserFiles/Image/images/haziran2020/Mudanya%20Hakk%C4%B1nda/M%C3%BCtareke%20Evi.jpg
59,7,https://mudanya.bel.tr/upload/img/2020/07/17/175460b1-0046-4d26-9b62-dd2b3055cc9f.jpg
59,8,https://www.etstur.com/letsgo/wp-content/uploads/2025/12/04-mudanya-letsgo.jpg
59,9,https://encrypted-tbn0.gstatic.com/images?q=tbn:ANd9GcSVk3CztuJnTJLIG1pOF9vuxVKW6E-myBjObA&s
59,10,https://www.etstur.com/letsgo/wp-content/uploads/2025/12/01-mudanya-letsgo.jpg
60,1,https://www.seyahatimgeldi.com/wp-content/uploads/2017/06/cumalikizik-gezisi-1.jpg
60,2,https://encrypted-tbn0.gstatic.com/images?q=tbn:ANd9GcQ1stBSgexIEYTMhbhES0tyTzSwPTO2I_b9Cg&s
60,3,https://www.yollardan.com/wp-content/uploads/2025/11/Cumalikizik-fotograflari-tarihi-Cumalikizik-koyu-sokaklari-ve-tas-evleri-Street-of-historical-Cumalikizik-Village.jpg
60,4,https://www.bizevdeyokuz.com/wp-content/uploads/Cumalikizik-renkli-evler.jpg
60,5,https://encrypted-tbn0.gstatic.com/images?q=tbn:ANd9GcQaOG--NoAmPbILsvIvQGC2QhztqSklqSE6Aw&s
60,6,https://www.bursaserviscilerodasi.org.tr/wp-content/uploads/2011/12/cumalikizik.jpg
60,7,https://arkeofili.com/wp-content/uploads/2015/09/cumal%C4%B1k%C4%B1z%C4%B1k.jpg
60,8,https://encrypted-tbn0.gstatic.com/images?q=tbn:ANd9GcTTCx5F3kUT6A4qACfdztLJlKW9VSsnInX3zQ&s
60,9,https://image.gazetevatan.com/i/gazetevatan/75/1200x675/69775b0a5c3120dd9da1bc79.jpg
60,10,https://belediye-assets.s3.eu-central-1.amazonaws.com/public/files/places/images/6859117583887.webp
61,1,https://encrypted-tbn0.gstatic.com/images?q=tbn:ANd9GcRkHBfcFPnATx9SjP3d8ojxF7aPH4eL2ZMJBQ&s
61,2,https://encrypted-tbn0.gstatic.com/images?q=tbn:ANd9GcQCXDN3Leoq7ELaJulrLnJDMO_THYsw6rghUg&s
61,3,https://fotograf.bursa.com.tr/galeri/2011/10/TOPHANE-YAMACLARI-EYLUL-2016-11.jpg
61,4,https://encrypted-tbn0.gstatic.com/images?q=tbn:ANd9GcQn0BqQLdPI2_dEIjvGCw8boXHX_cd-BRhMfw&s
61,5,https://fotograf.bursa.com.tr/galeri/TOPHANE-YAMACLARI-MART-20101-1024x682.jpg
61,6,https://encrypted-tbn0.gstatic.com/images?q=tbn:ANd9GcRqb67fKcGIoJ7BuuYVLyW1RQmLoFN2HQvniA&s
61,7,https://okikultur.com.tr/images/01JCM0Q8TR5109N9Q9SRAZ2X71.jpg
61,8,https://bursanineniyileri.tr/wp-content/uploads/2024/11/bursa-tophane-yamac-cafe-19.webp
61,9,https://fotograf.bursa.com.tr/galeri/TOPHANE.jpg
61,10,https://fotograf.bursa.com.tr/galeri/2011/10/TOPHANE-YAMACLARI-EYLUL-2016-4-1024x576.jpg
62,1,https://encrypted-tbn0.gstatic.com/images?q=tbn:ANd9GcQzzPmSFNWEk374she5KY1qpRvvCnjayqVd1w&s
62,2,https://gapturlari.com.tr/uploads/2023/08/hevsel-bahceleri.jpeg
62,3,https://upload.wikimedia.org/wikipedia/commons/1/1d/Bax%C3%A7ey%C3%AAn_Hewsel%C3%AA_Amed_2010.JPG
62,4,https://i.pinimg.com/736x/43/1f/91/431f9115bd7b93c305ce2765cc2aee22.jpg
62,5,https://esrasoylemez14.wordpress.com/wp-content/uploads/2016/01/diyarbakir-surlari-ve-hevsel-bahceleri.jpg
62,6,https://ekolojibirligi.org/wp-content/uploads/2023/08/diyarbakir3.jpg
62,7,https://encrypted-tbn0.gstatic.com/images?q=tbn:ANd9GcQz20ufiNk6onshyUuEI9vUySZbHUoZz9isOg&s
62,8,https://www.kulturportali.gov.tr/contents/images/Diyarbak%C4%B1r%20Surlar%C4%B1.JPG?format=jpg&quality=50&width=1200
62,9,https://encrypted-tbn0.gstatic.com/images?q=tbn:ANd9GcR8_VgaCJgaA91G14Q6tEeRcWPu9l8fDOaWxQ&s
62,10,"https://kvmgm.ktb.gov.tr/Resim/135277,unescodiyarbakir02.png?0"
63,1,https://turkiyeturizmansiklopedisi.com/uploads/img/2024/12/26/ff6647424018b09a75d495ba88449f6007e58da3_th.jpg
63,2,https://odunpazari.bel.tr/upload/galleries/notchange/4592ceb5-315d-4075-a748-ed835bbdeed0.jpg
63,3,https://cdn.villacim.com.tr/uploads/3840/146_eskisehir-odunpazari-gezilecek-yerler.jpg
63,4,https://www.journavel.com/wp-content/uploads/2018/07/IMG_2366sto2.jpg
63,5,https://www.aytenusta.com.tr/storage/images/46e17fd537b6430fb26ee010755d2115.jpg
63,6,https://encrypted-tbn0.gstatic.com/images?q=tbn:ANd9GcRqlL0haIeZr3DjrhsHj5arlUZQtu9yKc0aIQ&s
63,7,https://www.yaz-tatili.com/wp-content/uploads/eskisehir-porsuk-cayi-ve-adalar.jpg
63,8,https://cdn.tatilsepeti.com/Files/TurResim/98182/tsr98182637867369359194976.jpg
63,9,https://media-cdn.tripadvisor.com/media/photo-s/1d/71/7b/df/porsuk-adalar-gondol.jpg
63,10,https://www.kulturportali.gov.tr/repoKulturPortali/Dokumanlar/koprubasigece1_20160223144419751.jpg?format=jpg&quality=50
64,1,https://encrypted-tbn0.gstatic.com/images?q=tbn:ANd9GcSwKZJsh4qY3UOAmGwsIlqLJqQ1BkqCSecQKg&s
64,2,https://sivrihisar.bel.tr/uploads/slider/4.jpg
64,3,https://www.haber1.com/wp-content/uploads/2022/12/bozkirin-ortasindaki-sivrihisar-kayaliklari-fpv-dron-ile-goruntulendi_42f1644.jpg
64,4,https://cdnuploads.aa.com.tr/uploads/Contents/2022/12/06/thumbs_b_c_e3595377130cc8cf9b06eaf994781587.jpg?v=115021
64,5,https://encrypted-tbn0.gstatic.com/images?q=tbn:ANd9GcRCWNPxZ7EtHgU9KyeOLExINR0XcRHVpAZqhw&s
64,6,https://image.hurimg.com/i/hurriyet/90/770x0/5ffea8b518c77314f0893326.jpg
64,7,https://www.aa.com.tr/uploads/userFiles/caec1b32-8257-4f58-87b0-6657c62b92b3/New%20folder%20(19)%2FNew%20folder%20(3)%2FAA-29657189.jpg
64,8,https://www.aa.com.tr/uploads/userFiles/caec1b32-8257-4f58-87b0-6657c62b92b3/New%20folder%20(19)%2FNew%20folder%20(3)%2FAA-29657202.jpg
64,9,https://www.aa.com.tr/uploads/userFiles/caec1b32-8257-4f58-87b0-6657c62b92b3/New%20folder%20(19)%2FNew%20folder%20(3)%2FAA-29657200.jpg
64,10,https://upload.wikimedia.org/wikipedia/commons/9/92/Panaromik.jpg
65,1,https://galeri.netfotograf.com/images/medium/17B6C54F17A990D3.jpg
65,2,https://pbs.twimg.com/media/EWCmQVUXkAAYUYB.jpg
65,3,https://antepyoreselurunler.com/wp-content/uploads/2022/04/gaziantep-bakircilar-carsisi-e1649015121702.jpg
65,4,https://gazetearenacom.teimg.com/gazetearena-com/uploads/2026/02/gaziantep-bakircilar-carsisi-8.jpeg
65,5,https://blogger.googleusercontent.com/img/b/R29vZ2xl/AVvXsEjZ6htc3Yr8hfum6XTr_nF81XrjoyOo7iK8n4HzskgtPxsMchJDIkysVODtGKfwxuKB3dWDj_8WCmwkiklQdGjwLrUGsGgh-W3e7cdzHmXQaT1vKS9NGqtQObty7HiV6x-6vxAZF8vNCmLn/s1600/215.JPG
65,6,https://mygaziantep.com/uploads/data/MyBestplace/30/bakircilar-carsisi-1481201434_94119125558.jpg
65,7,https://gazeteeksprescom.teimg.com/gazeteekspres-com/uploads/2025/09/bakircilar-carsisi-2-1.jpg
65,8,https://dynamic-media-cdn.tripadvisor.com/media/photo-o/0d/63/30/5f/photo1jpg.jpg?w=1200&h=-1&s=1
65,9,https://2eylulcomtr.teimg.com/2eylul-com-tr/uploads/2025/09/a-w546821-03.jpg
65,10,https://www.kulturportali.gov.tr/repoKulturPortali/large/23022013/67a8d5eb-3fd2-4756-bf4d-5db9dab242ad.JPG?format=jpg&quality=50
66,1,https://encrypted-tbn0.gstatic.com/images?q=tbn:ANd9GcRarL9ImqoJi62divRCepFGYIegy_x2zKmDGw&s
66,2,https://www.gezire.com/wp-content/uploads/2025/04/Gaziantep-Kalesi-2-800x500.jpg
66,3,https://www.kulturportali.gov.tr/repoKulturPortali/large/SehirRehberi//GezilecekYer/20170307132128168_bey%20mahallesi%20(1).JPG?format=jpg&quality=50
66,4,https://www.kulturportali.gov.tr/contents/images/20170301092804156_kale_genel15x10cm.jpg
66,5,https://i.test.neredekal.com/i/75/585x300/6078e912ff533da076402b89
66,6,https://encrypted-tbn0.gstatic.com/images?q=tbn:ANd9GcQfGe-W147sEqlPM_qtMrYyHatq74xK550-mg&s
66,7,https://www.kulturportali.gov.tr/repoKulturPortali/large/28022013/f1c2bb10-e78a-4e10-8337-5a93b6aa395b.JPG?format=jpg&quality=50
66,8,https://gezimanya.com/sites/default/files/styles/800x600_/public/gezilecek-yerler/2021-02/gaziantep-kalesi-1.jpg
66,9,https://www.cekulvakfi.org.tr/sites/default/files/styles/body_inline/public/contentgallery/tarihi-gaziantep-evleri_19.jpg.webp?itok=9jdzyTEx
66,10,https://galeri3.arkitera.com/var/albums/Gorus-2/derya-coskun/antepevleri.jpg.jpeg
67,1,https://mersinhabermerkezicom.teimg.com/crop/1280x720/mersinhabermerkezi-com/uploads/2025/09/agency/iha/cekic-seslerinin-hic-susmadigi-gaziantepteki-bakircilar-carsisi-turistlerin-gozdesi.jpg
67,2,https://www.kulturportali.gov.tr/repoKulturPortali/large/23022013/67a8d5eb-3fd2-4756-bf4d-5db9dab242ad.JPG?format=jpg&quality=50
67,3,https://www.kulturportali.gov.tr/repoKulturPortali/large/SehirRehberi//GezilecekYer/20170210152029690_bakircilar_carsisi_026.jpg?format=jpg&quality=50
67,4,https://bengurme.com/cdn/shop/articles/bakircilar-carsisi.png?v=1688463342&width=1200
67,5,https://dynamic-media-cdn.tripadvisor.com/media/photo-o/0d/63/30/5f/photo1jpg.jpg?w=1200&h=-1&s=1
67,6,https://encrypted-tbn0.gstatic.com/images?q=tbn:ANd9GcQmRDEMArjTZWSkTvPa3oIT2sP0Pd0QOlhOgg&s
67,7,https://www.kulturportali.gov.tr/repoKulturPortali/Dokumanlar/GAZIANTEPTARIHIBAKIRCILARCARSISI_20160226151634725.JPG?format=jpg&quality=50
67,8,https://mygaziantep.com/uploads/data/MyBestplace/30/bakircilar-carsisi-1481201430_28335221954.jpg
67,9,https://gezibilen.com/_next/image?url=https%3A%2F%2Ffirebasestorage.googleapis.com%2Fv0%2Fb%2Fgezbi-e89bc.appspot.com%2Fo%2FTravelPoint%252FQHuELDs2NxBKmrUY8BdR%252Fbanner.webp%3Falt%3Dmedia%26token%3D7f847d70-cef3-48ce-b224-6ff31c0ab4ad&w=3840&q=75
67,10,https://encrypted-tbn0.gstatic.com/images?q=tbn:ANd9GcQtqyAmKEwqvZcFIIadtD4mCKWvu8o4MQEIRA&s
68,1,https://okuldisiogrenme-cdn-small.eba.gov.tr/uploads/places/68d132759d68e.jpg
68,2,https://www.turizm365.com/images/haberler/2024/05/zeugma-muzesi-giris-ucreti-2024-44.jpg
68,3,https://www.kiralacar.com/blog/wp-content/uploads/2024/08/zeugma-muzesi.webp
68,4,https://www.kulturportali.gov.tr/contents/images/Gaziantep%20Zeugma%20Mozaik%20M%C3%BCzesi%20(1).jpg
68,5,https://www.kulturportali.gov.tr/contents/images/Gaziantep%20Zeugma%20Mozaik%20M%C3%BCzesi%20(8).jpg
68,6,https://image.hurimg.com/i/hurriyet/90/770x0/61b6021f4e3fe10ea4c5e2f7.jpg
68,7,https://www.dikgazete.com/files/uploads/news/default/zeugma-mozaik-muzesi-14-yilda-3-5-milyon-ziyaretciyi-agirladi-57761.webp
68,8,https://dynamic-media-cdn.tripadvisor.com/media/photo-o/05/26/35/d2/gaziantep-zeugma-mozaik.jpg?w=900&h=500&s=1
68,9,https://img.yenicaggazetesi.com/rcman/Cw1280h720q95gc/storage/old/d/news/483824.jpg
68,10,https://image.milimaj.com/i/milliyet/75/869x477/5f6be4895542831e685ebfce.jpg
69,1,https://i12.haber7.net//fotogaleri/haber7/album/2025/45/bdQeh_1762424208_8896_w750_h421.jpg
69,2,https://encrypted-tbn0.gstatic.com/images?q=tbn:ANd9GcRl4Ggvk61ipc-5J1K7sllklPzJGw2N6HnNhQ&s
69,3,https://encrypted-tbn0.gstatic.com/images?q=tbn:ANd9GcQkdE222Z6KhrckkQerhhkBWbse71JooSyy0w&s
69,4,https://encrypted-tbn0.gstatic.com/images?q=tbn:ANd9GcSSBqIcf06VVL8hNNagdXZYhE2jIFk2JI2srw&s
69,5,https://d.koylerim.com/gallery/27094_s.jpg
69,6,https://encrypted-tbn0.gstatic.com/images?q=tbn:ANd9GcQPe52Yfye1OnVaC6sDzDvEV81Xe1PoLaCCAA&s
69,7,https://encrypted-tbn0.gstatic.com/images?q=tbn:ANd9GcS-IdN8TBYu-3YqER3muZF0FNfv5vIQ_x5aQQ&s
69,8,https://upload.wikimedia.org/wikipedia/commons/thumb/c/cc/Dedeler30.jpg/250px-Dedeler30.jpg
69,9,https://i.ytimg.com/vi/Ad-ywhTtq-g/sddefault.jpg
69,10,https://encrypted-tbn0.gstatic.com/images?q=tbn:ANd9GcSNMnRTs2UN4GUpuYy1cFtdMD7JPnGOQKKzRw&s
70,1,https://d.koylerim.com/gallery/14375_s.jpg
70,2,https://turkiyeturizmansiklopedisi.com/uploads/img/2023/07/05/4a193e1ba0dad32fb1802d73449f8c4ab5712b70.jpg
70,3,https://image.milimaj.com/i/milliyet/75/0x0/5c8d31e045d2a08af4276adb.jpg
70,4,https://iskenderunorg.teimg.com/crop/1280x720/iskenderun-org/uploads/2025/08/2025/08/kibar-feyzo-konagi-5.jpeg
70,5,https://foto.haberler.com/crop/640x360/haber/2023/02/24/depremin-en-buyuk-yikimi-yasattigi-hatay-in-15656126_6545_m.jpg
70,6,https://image.cnnturk.com/i/cnnturk/75/0x555//63f8a923bf214418b049ffb2.jpg
70,7,https://cdnuploads.aa.com.tr/uploads/userFiles/7fc6ad83-e801-4dd2-b1c1-974abd5a6af0/2021%2FNisan%2Fkibarfeyzo-3-.jpg
70,8,https://cdnuploads.aa.com.tr/uploads/PhotoGallery/2021/04/18/thumbs_b2_72d0bbb73cf6b51abbcac2ac38135925.jpg
70,9,https://cdnuploads.aa.com.tr/uploads/Contents/2021/04/18/thumbs_b_c_f1872dfe041f76e69079c49a1d191053.jpg?v=112939
70,10,https://i12.haber7.net//fotogaleri/haber7/album/2023/08/Aiy13_1677313492_7146_w600_h338.jpg
71,1,https://cdn.iha.com.tr/Contents/images/2018/06/2348720.jpg
71,2,https://iasbh.tmgrup.com.tr/743733/1200/627/0/0/639/333?u=https://isbh.tmgrup.com.tr/sbh/2019/03/18/zeytin-dali-sinir-kapisi-acildi-1552894680066.jpg
71,3,https://www.hataygazetesi.com/userdata/urunResimleri/hatayda-yil-sonuna-kadar-5-bin-koy-evi-teslim-edilecek.jpg
71,4,https://encrypted-tbn0.gstatic.com/images?q=tbn:ANd9GcTqO19dTpos1kNbgYGhwB9jBJu-tGiFc23esQ&s
71,5,https://www.utikad.org.tr/images/Haber/hataydayenibirgumrukkapisiaciliyor-7326533.jpg
71,6,https://cdnuploads.aa.com.tr/uploads/Contents/2024/12/11/thumbs_b_c_ce916584594f13148c27c452799b3063.jpg?v=134350
71,7,https://encrypted-tbn0.gstatic.com/images?q=tbn:ANd9GcQm_I12VFjalysOT9Mkj7XvQj5ql5YDKlNfsA&s
71,8,https://www.sondakikam.com.tr/cropImages/1280x/uploads/haberler/2025/10/1408-hatayda-cilvegozu-sinir-kapisina-tir-parki-ve-lojistik-koy-insa-ediliyor.jpg
71,9,https://upload.wikimedia.org/wikipedia/commons/d/dd/Cilveg%C3%B6z%C3%BC_S%C4%B1n%C4%B1r_Kap%C4%B1s%C4%B1.jpg
71,10,https://encrypted-tbn0.gstatic.com/images?q=tbn:ANd9GcQK0Xddw89QIY_3OaX_cS7T53d_EH3LXmWR_Q&s
72,1,https://encrypted-tbn0.gstatic.com/images?q=tbn:ANd9GcQJUz-dsGCy4DguDPOepa3rw46fg_pqKiB9KQ&s
73,1,https://pixnio.com/free-images/2023/08/29/2023-08-29-15-52-31-1344x753.jpg
73,2,https://s0.wklcdn.com/image_149/4496636/78382679/51001497Master.jpg
73,3,https://s2.wklcdn.com/image_44/1323756/38150025/24707855.700x525.jpg
73,4,https://www.sinasiyuksel.com/blog/wp-content/gallery/Barla-2001/BAR01051921.JPG
73,5,https://photos.wikimapia.org/p/00/05/40/52/65_big.jpg
73,6,https://s1.wklcdn.com/image_22/688977/13375466/8256811Master.jpg
73,7,https://s1.wklcdn.com/image_44/1323756/38150018/24707704Master.jpg
73,8,https://www.istanbuldoga.net/etkinlik/image/BARLA%20DA%C4%9EI/barla%20da%C4%9F%C4%B1.jpg
73,9,https://upload.wikimedia.org/wikipedia/commons/d/d8/Barla_Da%C4%9F%C4%B1_20_05_1997_Egirdirsee.jpg
73,10,https://s1.wklcdn.com/image_44/1323756/38150014/24732034.400x300.jpg
74,1,https://i.pinimg.com/originals/9e/3b/2d/9e3b2dc6e2b99b8747f2c5a23924efe6.png
74,2,https://www.kulturportali.gov.tr/repoKulturPortali/large/SehirRehberi//GezilecekYer/20180709160453886_12.jpg?format=jpg&quality=50
74,3,https://yedikapitour.com/images/galeri/galb-c9f201dbcf.jpg
74,4,https://cdn.turizmtr.com/uploads/blog/2025/09/11/egirdir-golu-4368.webp
74,5,https://www.kulturportali.gov.tr/repoKulturPortali/large/SehirRehberi//GezilecekYer/20180709160235748_1.jpg?format=jpg&quality=50
74,6,https://www.postseyyah.com/wp-content/uploads/2018/01/ukEgirdir002_k.jpg
74,7,https://www.yalcincakir.com.tr/images/content/galeriler/manzara/manzara-isparta-egirdir/10.jpg
74,8,https://egirdir.meb.gov.tr/meb_iys_dosyalar/2022_07/07092711_egirdirli-1024x576.jpg
74,9,https://www.gezerdoner.com/wp-content/uploads/2018/02/E%C4%9Firdir01kapak-yeni-1024x647.jpg
74,10,https://www.postseyyah.com/wp-content/uploads/2018/01/ukEgirdir001_k.jpg
75,1,https://www.nerdenerede.com/images/content/egirdir-golu_aopa.webp
75,2,https://muhbir32.com/wp-content/uploads/2024/07/egirdir-3.webp
75,3,https://encrypted-tbn0.gstatic.com/images?q=tbn:ANd9GcRABYiNL-NqVqwn7b6wrbmLiWaURcxYPb58_w&s
75,4,https://www.kulturportali.gov.tr/repoKulturPortali/large/SehirRehberi//GezilecekYer/20180709160453886_12.jpg?format=jpg&quality=50
75,5,https://encrypted-tbn0.gstatic.com/images?q=tbn:ANd9GcQ762BNd8uslBat1bsoJN83sR90VmqyU8qDRA&s
75,6,https://ekolojibirligi.org/wp-content/uploads/2020/04/goller-diyarinda-gol-egirdir-golu-800x509.jpg
75,7,https://egirdir.meb.gov.tr/meb_iys_dosyalar/2022_07/07092711_egirdirli-1024x576.jpg
75,8,https://www.gazete32.com.tr/wp-content/uploads/2022/07/egirdir-golu-isparta-yesil-ada.jpg
75,9,https://muglaolgunlasma.meb.k12.tr/meb_iys_dosyalar/48/13/764771/resimler/2024_12/k_25145617_dsc_25451.jpg
75,10,https://iavogue.tmgrup.com.tr/original/17-01/12/hali-bakim.jpg?0.6609266648041314
76,1,https://safranbolutid.org/assets/images/safranbolu/sokak.jpg
76,2,https://www.nerdenerede.com/images/content/safranbolu-eski-carsi_w8en.webp
76,3,https://cdn2.enuygun.com/media/lib/825x620/uploads/image/safranbolu-eski-carsi-40490.webp
76,4,https://cdn.listelist.com/wp-content/uploads/2017/01/Safranbolu-Evleri-600x336.jpg
76,5,https://gezimanya.com/sites/default/files/styles/800x600_/public/gezilecek-yerler/2019-11/image-safranbolu-3437345_960_720.jpg
76,6,https://bizyineyollarda.com/wp-content/uploads/2022/10/safranbolu-tarihi-sokaklari.jpg
76,7,https://www.sixt.com.tr/storage/cache/726c1b235d54106798c05556c22ae8317419c1d7.webp
76,8,https://www.safranbolu.bel.tr/uploads/turizmler/54698.png
76,9,https://www.sixt.com.tr/storage/cache/8f684aad6176ccfbc4e604a648800f1650b5a687.webp
76,10,https://upload.wikimedia.org/wikipedia/commons/0/08/Safranbolu_traditional_houses.jpg
77,1,https://upload.wikimedia.org/wikipedia/commons/thumb/8/81/Ani_Harabeleri_2.jpg/250px-Ani_Harabeleri_2.jpg
77,2,https://leventisikli.com/wp-content/uploads/2023/09/ani-harabeleri-kars-antik.jpg
77,3,https://content.skyscnr.com/m/23c74759608eced0/original/GettyImages-187800079.jpg?crop=1048px:699px&quality=100
77,4,https://encrypted-tbn0.gstatic.com/images?q=tbn:ANd9GcSUV-kiFQaepirKNZgOJhb3Iq9ExUO12vwHLQ&s
77,5,https://www.stonewrap.com/media/2025/1/1887/1024px-20110419-monastery-of-hripsimian-virgins-ani-turkey.jpg
77,6,https://encrypted-tbn0.gstatic.com/images?q=tbn:ANd9GcT4ODVuJhX48oi9evZGYsAVkWGrBOwiGfFHPw&s
77,7,https://encrypted-tbn0.gstatic.com/images?q=tbn:ANd9GcRT1sMd28Alfo8g1FFJCblkz9HiPEQgb-Zgdw&s
77,8,https://encrypted-tbn0.gstatic.com/images?q=tbn:ANd9GcRPTM6D6vJWwamqij56_Fzok3ykvF-I1i75_g&s
77,9,https://gezimanya.com/sites/default/files/styles/800x600_/public/gezilecek-yerler/2021-04/ani-harabeleri-2.jpg
77,10,https://encrypted-tbn0.gstatic.com/images?q=tbn:ANd9GcTxayAu8DoudP-pFInI2lmdav4q4t9dINvMEA&s
78,1,https://i.pinimg.com/736x/04/e2/ca/04e2cabe8430274c49b2055657992571.jpg
78,2,"https://kars.ktb.gov.tr/Resim/42041,3jpg.png?0"
78,3,https://www.bizevdeyokuz.com/wp-content/uploads/eski-vali-konagi-kars.jpg
78,4,https://www.fortyh.com/wp-content/uploads/2023/03/Kars-Tren-Gari-Telefon-Numarasi-ve-Adresi.jpg
78,5,https://www.bizevdeyokuz.com/wp-content/uploads/sait-pasa-ilkokulu-kars.jpg
78,6,https://www.bizevdeyokuz.com/wp-content/uploads/Gazi-Ahmet-Muhtar-Pasa-Konagi.jpg
78,7,"https://kars.ktb.gov.tr/Resim/215839,cheltikovjpg.png?0"
78,8,https://gezimanya.com/sites/default/files/styles/800x600_/public/gezi-notu/2019-11/image-dsc_0789_1.jpg
78,9,https://www.bizevdeyokuz.com/wp-content/uploads/eski-rus-konsoloslugu-kars.jpg
78,10,https://www.turkiyenintarihieserleri.com/foto_y/2020/06/b/1593069911.jpg
79,1,https://ozaninseyirdefteri.com/wp-content/uploads/2022/06/IMG_1049-768x1024.jpg
79,2,https://www.serhattv.com.tr/images/haberler/2023/06/kars-ta-bavulu-kapan-gar-binasinin-yolunu-tuttu.jpg
79,3,https://i.test.neredekal.com/i/75/585x300/606a1ba0194f871e1866b003
79,4,https://www.fortyh.com/wp-content/uploads/2023/03/Kars-Tren-Gari-Telefon-Numarasi-ve-Adresi.jpg
79,5,https://i.test.neredekal.com/i/75/800x600/606a1ba1b15af71d56a5d9a4v
79,6,https://i.ytimg.com/vi/hUe4m1ho8P8/maxresdefault.jpg
79,7,https://i0.wp.com/rayhaber.com/wp-content/uploads/2018/07/buharli-tren-kars-gari.jpg?fit=678%2C381&ssl=1&w=640
79,8,https://i.test.neredekal.com/i/75/800x600/606a1ba1b15af71d56a5d9a4
79,9,https://encrypted-tbn0.gstatic.com/images?q=tbn:ANd9GcQzBX6zMyYw80i27r6B9Fa4PkLB_8-0En5Dbg&s
79,10,https://i.test.neredekal.com/i/75/585x300/606a1ba1194f871e1866b007
80,1,https://lh4.googleusercontent.com/proxy/Sm5h0maP-h5XZYZKrBsv62snd8pKyQktiBffBbLUNGqKMS33lIaw1udw43Fwre4PA3vi689YGZPRFX7ilpFLtq4cOpZruqiw9tSFwg
80,2,https://www.sixt.com.tr/storage/cache/cc9c5b7af05de8df50f748050e766c2f58e7afbd.webp
80,3,https://encrypted-tbn0.gstatic.com/images?q=tbn:ANd9GcQPFTYCuebLjuRBkgpo4Kh4tNRz9ziAZptuHw&s
80,4,https://image.hurimg.com/i/hurriyet/90/1110x740/5eb68fdbd3806c13983fbd21.jpg
80,5,https://kavrakoglu.com/wp-content/uploads/2021/01/sss.png
80,6,https://www.kulturportali.gov.tr/repoKulturPortali/large/SehirRehberi//GezilecekYer/20240802160906831_DSC_0896%20kopya.jpg?format=jpg&quality=50
80,7,https://www.kulturportali.gov.tr/contents/images/Kars_Castle_4897x3265px__300%20dpi%20kopya.jpg
80,8,https://encrypted-tbn0.gstatic.com/images?q=tbn:ANd9GcRD0zA3BGey8T9kjhYJxnVjWZgA61SlHxoyXA&s
80,9,https://www.kulturportali.gov.tr/contents/images/WhatsApp%20Image%202024-08-22%20at%2011_16_32%20(2)%20kopya.jpg
80,10,https://www.kulturportali.gov.tr/repoKulturPortali/large/SehirRehberi//GezilecekYer/20240913095701984_KARSGULCANACAR1_20170323145046758.jpg
81,1,https://i.kayserigundem.com.tr/c/80/1280x720/s/dosya/haber/erciyes-in-eteklerinde-tarih-v_1755853064_YEh1cl.jpg
81,2,https://encrypted-tbn0.gstatic.com/images?q=tbn:ANd9GcSn644Rz53Di2YPMITcpjDdtuH7s_dcCFZZIw&s
81,3,https://encrypted-tbn0.gstatic.com/images?q=tbn:ANd9GcTmfa4MNfr8BNwVrZN8DF-cy5Rueh4KjhpVlg&s
81,4,https://www.kayseri.bel.tr/uploads/kesfet/erciyes-dagi-1.jpg
81,5,https://sumbulsokak.com/wp-content/uploads/2021/03/erciyes7.jpg
81,6,https://i.kayserianadoluhaber.com.tr/c/60/1280x720/s/dosya/haber/erciyes-dagi-nin-adini-tasiyan_1720348704_HE1sXg.jpg
81,7,https://sumbulsokak.com/wp-content/uploads/2021/03/erciyes2-300x275.jpg
81,8,https://www.kayseriviphaber.com/images/haberler/2024/03/erciyes-in-eteklerindeki-tarihi-miras-814.jpg
81,9,https://kureansiklopedi.com/_next/image?url=https%3A%2F%2Fcdn.t3pedia.org%2Fmedia%2Fuploads%2F2025%2F05%2F09%2FPknNB4NmuUghw7gjD77LfPVZEstDFi4S.jpg&w=1280&q=100
81,10,https://encrypted-tbn0.gstatic.com/images?q=tbn:ANd9GcQtHqd9qNU8PIW6ROjCvo9TmVVm7VhRVsovcg&s
82,1,https://www.kulturportali.gov.tr/contents/images/Kayseri_So%C4%9Fanl%C4%B1_Historical_site_5464x3640px__300%20dpi%20(3)%20kopya.jpg
82,2,https://dynamic-media-cdn.tripadvisor.com/media/photo-o/17/ff/7d/69/emek-pansiyon.jpg?w=1200&h=-1&s=1
82,3,https://im.haberturk.com/2019/09/21/ver1569074494/2524180_810x458.jpg
82,4,https://www.yesilhisar.bel.tr/images/icerikler/20230130144533_.jpg
82,5,https://www.anadolunettv.com/d/r/2024/12/oranin-soganli-vadisine-destegi-devam-edecek.jpg
82,6,https://ovizu.com/app/uploads/products/1000x1000/pro_kapadokya-soganli-vadisi-balon-turu-he6145-060523-14-59-44.jpg
82,7,https://miahaber.com.tr/upload/27122023114542-94316-81167.jpg
82,8,https://ozgunmedyaajansi.com.tr/wp-content/uploads/2023/12/WhatsApp-Image-2023-12-16-at-10.27.41-2.jpeg
82,9,https://www.kapadokyapost.com/images/haber/676253.jpeg
82,10,https://cdnuploads.aa.com.tr/uploads/Contents/2024/04/13/thumbs_b_c_3afd20503ccd25d85958f7ba6d0e08f7.jpg?v=154244
83,1,https://www.hrw.org/sites/default/files/styles/square/public/multimedia_images_2018/201802mena_syria_asylum.jpg?itok=Tx2EXwSz
83,2,https://cdnuploads.aa.com.tr/uploads/PhotoGallery/2016/10/19/thumbs_b2_821e9eb3e696ff06405ddd1dce829db8.jpg
83,3,https://cdnuploads.aa.com.tr/uploads/PhotoGallery/2016/10/19/thumbs_b2_b9fc9eaa0720aad5254b7a77aecde97d.jpg
83,4,https://sozcuo01.sozcucdn.com/wp-content/uploads/2017/03/d2266a69f462dcff3e55a24c16175296.jpg
83,5,https://cdnuploads.aa.com.tr/uploads/PhotoGallery/2016/10/19/thumbs_b2_0f2be84b79f834a4f4923ee1ed2ab4ea.jpg
83,6,https://www.diken.com.tr/wp-content/uploads/2016/10/suriye-sinir-duvar.jpg
83,7,https://encrypted-tbn0.gstatic.com/images?q=tbn:ANd9GcTeKjuOf0NLRCIWvx5qYNOdDIWCeb6DXcKLbA&s
83,8,https://gaziantepdoguscom.teimg.com/crop/1280x720/gaziantepdogus-com/uploads/2024/12/gaziantep-14.jpg
83,9,https://media-cdn.t24.com.tr/media/stories/2017/03/raw_gaziantep-kilis-hattinda-sinira-insa-edilen-duvarin-yarisi-tamamlandi_460935659.jpg
83,10,https://im.haberturk.com/l/2025/10/01/ver1759305567/3826745/jpg/960x540
84,1,https://dynamic-media-cdn.tripadvisor.com/media/photo-o/0a/a6/72/08/ravanda-kalesi.jpg?w=1200&h=1200&s=1
84,2,https://www.kilis.bel.tr/wp-content/uploads/2024/09/ravanda-2.jpg
84,3,https://www.kulturportali.gov.tr/repoKulturPortali/large/14022013/3fae4da0-09e8-471b-b1a0-393c3841c6dc.jpg?format=jpg&quality=50
84,4,https://cdn.turizmtr.com/uploads/blog/2025/12/10/ravanda-kalesi-kalinti-webp-11126.webp
84,5,https://nasilbiryer.com.tr/wp-content/uploads/2025/04/1744683965_81_Ravanda-Kalesi.webp
84,6,https://upload.wikimedia.org/wikipedia/commons/thumb/e/ec/Split_at_night.jpg/500px-Split_at_night.jpg
84,7,https://dynamic-media-cdn.tripadvisor.com/media/photo-o/28/0e/4e/9e/capti_r.jpg?w=1100&h=1100&s=1
84,8,https://okuldisiogrenme-cdn-small.eba.gov.tr/uploads/places/68a2f0ed137b3.jpg
85,1,https://iasbh.tmgrup.com.tr/68ad7f/1200/627/0/82/1473/852?u=https://isbh.tmgrup.com.tr/sbh/2020/10/03/burasi-tarihin-canlandigi-yer-1601737353836.jpeg
85,2,https://encrypted-tbn0.gstatic.com/images?q=tbn:ANd9GcRcqj9GKKkoWB9SC1gX0uvYRNil5ZWZAaWFWw&s
85,3,https://dynamic-media-cdn.tripadvisor.com/media/photo-o/2c/08/da/05/dikkat-obamizi-gezerken.jpg?w=900&h=-1&s=1
85,4,https://avatars.mds.yandex.net/get-altay/10238647/2a0000019044f11e1f7716a5b6d2f587f28e/L_height
85,5,https://dynamic-media-cdn.tripadvisor.com/media/photo-o/2c/08/d2/44/tarihi-derinden-hissedeceginiz.jpg?w=1200&h=1200&s=1
85,6,https://www.tgrthaber.com/mavikadin/wp-content/uploads/Adsiz-tasarim-40-21-1024x576.jpg
85,7,https://www.tgrthaber.com/mavikadin/wp-content/uploads/Adsiz-tasarim-41-19-1024x576.jpg
85,8,https://www.ulusgazetesi.com/images/haber/13042024193021_b93e2a567377cbd88f1db2f78b764415.jpg
85,9,https://encrypted-tbn0.gstatic.com/images?q=tbn:ANd9GcS-fNbChwifi_9sLWlqE_UZJOU-zUqcWHqclw&s
85,10,https://i12.haber7.net//haber/haber7/photos/2024/23/iNtCy_1717840374_6986.jpg
86,1,https://aa.com.tr/uploads/TempUserFiles/haber%2F2017%2F03%2Fseka_555.jpg
86,2,https://iasbh.tmgrup.com.tr/62ac67/1200/627/0/0/1280/668?u=https://isbh.tmgrup.com.tr/sbh/2021/01/19/hollywoodtan-sonra-en-buyukikinci-film-platosu-ihaleye-cikiyor-1611088193638.jpg
86,3,https://encrypted-tbn0.gstatic.com/images?q=tbn:ANd9GcQJgSxE29hjl0SgHecpDqLoXEqTYHYiHgU03g&s
86,4,https://encrypted-tbn0.gstatic.com/images?q=tbn:ANd9GcR13GMDbkrE9OERZ3z2V9FTwHMlmktwoGmfPA&s
86,5,https://static.daktilo.com/sites/535/uploads/2017/03/31/large/320985-0.jpg
86,6,https://static.daktilo.com/sites/535/uploads/2021/01/04/abp8jsb8ve29nycayilg6q-1609757790.jpg
86,7,https://img.piri.net/resim/imagecrop/2017/03/31/02/57/resized_f19c8-d47903af11825570_10206198257369827_1528503591006394718_n.jpg
86,8,https://images.ntv.com.tr/images/43ea4212-7785-484f-a9f6-5753b3cee5bf.jpg?w=1200&height=675&mode=crop
86,9,https://cdnuploads.aa.com.tr/uploads/Contents/2017/03/31/thumbs_b_c_4e93b4d70fff4f2e5f36b412a5924f36.jpg
86,10,https://static.daktilo.com/sites/756/uploads/2021/01/04/large/15047-0-1609743888.jpg
87,1,https://i.test.neredekal.com/i/75/585x300/606a27d1194f871e1866b049
87,2,https://www.istekocaeli.com/wp-content/uploads/2026/03/zmit-tren-gari-yeni-gorunumune-kavusuyor.webp
87,3,https://encrypted-tbn0.gstatic.com/images?q=tbn:ANd9GcQCJ8X_E0p79bbwNTztqO98vptHYCcMj4rPnw&s
87,4,https://encrypted-tbn0.gstatic.com/images?q=tbn:ANd9GcRvlSIAfJVbbRnGiATKBRG6xSEIW6z9NcW2zQ&s
87,5,https://www.kulturportali.gov.tr/repoKulturPortali/small/16092014/3c44f27e-1459-4706-8e7d-283281469844.jpg?format=jpg&quality=50
87,6,https://www.cagdaskocaeli.com.tr/sites/549/uploads/2025/11/12/izmit-yht-gari-modern-yuzune-kavusuyor-iste-yuzde-90i-tamamlanan-projede-one-cikan-detaylar-2.jpeg
87,7,https://encrypted-tbn0.gstatic.com/images?q=tbn:ANd9GcQkCh_H_0b1MojKUl6XomIpOOO_7Xsd4sH95A&s
87,8,https://static.daktilo.com/sites/535/uploads/2021/02/08/gar-cok-sakin-1612787930.jpg
87,9,https://upload.wikimedia.org/wikipedia/commons/thumb/2/23/%C4%B0zmit_railway_station.jpg/1280px-%C4%B0zmit_railway_station.jpg
87,10,https://encrypted-tbn0.gstatic.com/images?q=tbn:ANd9GcRKl_1N6CE1IXeHkQJx_OneznGdV5OhzWNHcg&s
88,1,https://encrypted-tbn0.gstatic.com/images?q=tbn:ANd9GcSdlzgBCCL4Us4jS83eaD4z55jG_phQOIAN6g&s
88,2,https://encrypted-tbn0.gstatic.com/images?q=tbn:ANd9GcS8c1Wtm2_BcNU9_UyFp7dYXkD6Xoel4a7Y2A&s
88,3,https://encrypted-tbn0.gstatic.com/images?q=tbn:ANd9GcStW_9n16nGjpmZvhcVyW6IN1nK-CpnTfaQ_A&s
88,4,https://encrypted-tbn0.gstatic.com/images?q=tbn:ANd9GcQ6bGVSmD6ZRDtfEKguFvXdDyUnaP35aqBmoQ&s
88,5,https://encrypted-tbn0.gstatic.com/images?q=tbn:ANd9GcSyg4mZ6DYYvGIQQr1w1xH87SpYcfdOeQPMaA&s
88,6,https://haberdairesi.com/d/news/57149.jpg
88,7,https://ilgihaber.com/uploads/2025/10/22/9389efca_big.jpg
88,8,https://encrypted-tbn0.gstatic.com/images?q=tbn:ANd9GcRh2OqKn69RTJbNPa5dhcsk798Mg8F6wO2aNA&s
88,9,https://cdnuploads.aa.com.tr/uploads/Contents/2022/06/12/thumbs_b_c_81a0ea49c6ad0f8b307f654b4d905f4e.jpg?v=112845
88,10,https://encrypted-tbn0.gstatic.com/images?q=tbn:ANd9GcR4YNSrdMSvLohpFIJYFo5XKFSSdY95J0oOVQ&s
89,1,https://dynamic-media-cdn.tripadvisor.com/media/photo-o/1a/f9/3a/39/sufi-whirling-dervishes.jpg?w=900&h=500&s=1
89,2,https://sepet.konya.bel.tr/kbb/kbb/resim/haber/9936/c8SY83ddeFNH0XSEjwam4FKmTqfHOL6ofzgHfufV.jpg
89,3,https://www.yollardan.com/wp-content/uploads/2025/11/Mevlana-muzesi-fotograflari-Mevlana-mezari-Mevlana-museum-photos-Mevlanas-tomb.jpg
89,4,https://www.kulturportali.gov.tr/contents/images/aa.jpg
89,5,https://www.yenimeram.com.tr/wp-content/uploads/2025/06/AA-20250604-38178212-38178208-MEVLANA_MUZESI_YILIN_ILK_DORT_AYINDA_917_BIN_ZIYARETCI_AGIRLADI-1024x768.jpg
89,6,https://media-cdn.tripadvisor.com/media/photo-s/09/6b/64/b1/mevlana-muzesi.jpg
89,7,https://dynamic-media-cdn.tripadvisor.com/media/photo-o/05/36/41/58/mevlana-muzesi.jpg?w=900&h=500&s=1
89,8,https://cdnuploads.aa.com.tr/uploads/Contents/2022/01/11/thumbs_b_c_f028fc2384cc2ce7d3a08a8c04289eee.jpg
89,9,https://encrypted-tbn0.gstatic.com/images?q=tbn:ANd9GcR50hyUodqEUZUMWNoMYVVKK2NK8yVUZgRANw&s
89,10,https://trthaberstatic.cdn.wp.trt.com.tr/resimler/1600000/konya-ovasi-1601281.jpg
90,1,https://image.milimaj.com/i/milliyet/75/869x477/64301c7b86b24a1b749edb30.jpgv
90,2,https://tr.railturkey.org/wp-content/uploads/2021/03/konya-selcuklu-osman.jpg
90,3,https://avatars.mds.yandex.net/get-altay/11937297/2a0000018e0a5d317e123c10ed0fe49a80db/L_height
90,4,https://www.tokihaber.com.tr/wp-content/uploads/2021/04/yht-hizli-tren-demiryolu-ulasim-820x492.jpg
90,5,https://i0.wp.com/rayhaber.com/wp-content/uploads/2026/01/Konya-YHT-Hatti-3-Ay-Kapali-Olacak.jpg?resize=678%2C381&ssl=1
90,6,https://haberdairesi.com/d/news/97246.jpg
90,7,https://bbnhaber.com.tr/olds/bbnhaber-com/d/other/2025/06/16/hd-ipcgp3uqhkdphwwre1g.webp
90,8,https://turkiyeturizmansiklopedisi.com/uploads/img/2023/07/06/685dca8ba30692bd9e2d272e0e3fc26470273d46.jpg
90,9,https://i.ytimg.com/vi/F8CfnWkIh7Y/maxresdefault.jpg
90,10,https://cdn.kulturenvanteri.com/wp-content/uploads/2020/11/C2D2D321-3383-4126-AC14-E975187D2F6A.jpeg
91,1,https://www.devyapcyprus.com/wp-content/uploads/2024/08/5d0a0b677af507177c00743c-1024x1024.webp
91,2,https://trthaberstatic.cdn.wp.trt.com.tr/resimler/2236000/kapali-maras-aa-2237883.jpg
91,3,https://www.ayazrentacar.com/wp-content/uploads/maras-bolgesi.jpg
91,4,https://trthaberstatic.cdn.wp.trt.com.tr/resimler/1650000/kapali-maras-1650427.jpg
91,5,https://www.ayazrentacar.com/wp-content/uploads/kibris-maras-sahili.jpg
91,6,https://eurodrivecyprus.com/storage/posts/August2023/kibris-kapali-maras-hikayesi.webp
91,7,https://papapam.com/wp-content/uploads/2025/11/kapali-maras-olayi.webp
91,8,https://www.adelantecy.com/uploads/ckeditor/2024/images/kapali-maras-varosha.jpg
91,9,https://www.detaykibris.com/d/gallery/333_1.jpg
91,10,https://upload.wikimedia.org/wikipedia/commons/thumb/8/89/Famagusta-Varosha_2007.JPG/1280px-Famagusta-Varosha_2007.JPG
92,1,https://encrypted-tbn0.gstatic.com/images?q=tbn:ANd9GcT6dmQttL-cdqprkoGCWOVkJ8yEfQeNcwkQ8Q&s
92,2,https://upload.wikimedia.org/wikipedia/commons/b/b0/Buyuk_Han%2C_Nicosia_-_panoramio.jpg
92,3,https://www.ayazrentacar.com/wp-content/uploads/buyuk-han-lefkosa.jpg
92,4,https://i.pinimg.com/736x/e7/be/cb/e7becbad8d5f26750f6446ee410dbeb7.jpg
92,5,https://encrypted-tbn0.gstatic.com/images?q=tbn:ANd9GcR8nYx7a9Yl4mlY3nbfzVJMPq_POQWf3cohSA&s
92,6,https://lefkosabelediyesi.org/storage/230/3.jpg
92,7,https://media-cdn.tripadvisor.com/media/photo-s/09/f9/17/4e/buyuk-han.jpg
92,8,https://ciu.edu.tr/sites/default/files/styles/540x402/public/2022-06/uku-kuzey-k%C4%B1br%C4%B1s-kesfet.jpg?h=0931745f&itok=UvgtF6xg
92,9,https://www.bizevdeyokuz.com/wp-content/uploads/lefkosa-sokaklari-kibris-2-1.jpg
92,10,https://northcyprusshopping.com/images/82031fe0-6369-4afc-a77a-a240e5871c2bhsv.jpg
93,1,https://www.prontotour.com/images/Tour/Orj/maldivler_turu_maldivler__27_7902_0001.jpeg
94,1,https://reshontheway.com/wp-content/uploads/2022/12/272282966_587330075770968_356427530179682470_n-e1672084340473-750x430.jpg
94,2,https://www.gezi-yorum.net/wp-content/uploads/2020/03/akhisar.jpg
94,3,https://assets.enuygun.com/media/lib/570x400/uploads/image/manisa-36267.jpeg
94,4,https://manisakulishabercom.teimg.com/manisakulishaber-com/uploads/2023/09/teleset.webp
94,5,https://www.enerjivetesisat.com/images/stories/2021/11-kasim/1636467427_SCH_Manisa_Fabrika_BB.jpg
94,6,https://manisamakim.com/wp-content/uploads/2019/07/talesplastik-kapak.jpg
94,7,https://www.mosb.org.tr/wp-content/uploads/2022/01/15-MOSB-scaled-1.jpg
94,8,https://www.manisamansetgazetesi.com/cropImages/1280x/olds/manisamanset-com/images/haberler/2024/02/manisadaki-fabrikalarda-kac-kisi-calisiyor-1706769516.jpg
94,9,https://9koy.org/wp-content/uploads/2025/01/Manisa-Organize-Sanayi-Manisa-OSB-sitesinden-bir-gA%C2%B6rsel-740x394.jpg
94,10,https://kitapdiyari.com.tr/wp-content/uploads/2025/12/Manisa.jpg
95,1,https://www.limdosk.org/deyta-api/dogagezi/media/tour-image-211-939-galmedium.webp
95,2,https://hikeinturkey.com/wp-content/uploads/2024/12/adiyaman_001-463x348.jpg
95,3,https://encrypted-tbn0.gstatic.com/images?q=tbn:ANd9GcRBnPOLdF4V3KAFIznUDtxmoBiW9quEvTkcmg&s
95,4,https://i.pinimg.com/736x/32/40/ba/3240ba0603a062d182d2976d9e8ce3e1.jpg
95,5,https://encrypted-tbn0.gstatic.com/images?q=tbn:ANd9GcSqHt0u4A_RzaqhoBF7rOjpZNaCV-drmpzS9A&s
95,6,https://galeri.netfotograf.com/images/medium/08895F040876E20F.JPG
95,7,https://i.pinimg.com/736x/54/b0/18/54b018060480146588855842c3f885c4.jpg
95,8,https://pbs.twimg.com/media/D9Nw7weW4AY_9c9.jpg
95,9,https://img.superhaber.com/rcman/Cw820h615q95gc/storage/files/images/2025/08/20/dfguh-rmda.jpg
95,10,https://kosebucakdunyadergisi.com.tr/uploads/10_2.jpg
96,1,https://www.kulturportali.gov.tr/contents/images/Dara%20%C3%96renyeri%20(18)%20kopya.jpg
96,2,"https://mardin.ktb.gov.tr/Resim/383879,mard-n-dara-ant-k-kent--glcan-acar-10jpg.png?0"
96,3,https://dynamic-media-cdn.tripadvisor.com/media/photo-o/1a/8f/33/32/the-ancient-city-of-dara.jpg?w=900&h=500&s=1
96,4,https://cdn.listelist.com/wp-content/uploads/2024/04/Dara-Antik-Kenti-hakkinda-bilmeniz-gerekenler.jpg
96,5,https://www.kulturportali.gov.tr/contents/images/Dara%20%C3%96renyeri%20(21)%20kopya.jpg
96,6,https://image.hurimg.com/i/hurriyet/90/271x399/61ed6a0d4e3fe10da0e256f9.jpg
96,7,https://www.kulturportali.gov.tr/repoKulturPortali/large/09092014/0b7bc7a8-7b81-4375-90d7-d5ef2b549066.JPG?format=jpg&quality=50
96,8,https://encrypted-tbn0.gstatic.com/images?q=tbn:ANd9GcS6J2WqlR_hseMOJogJi8vadIvLoS9QN3EqLw&s
96,9,https://www.kulturportali.gov.tr/contents/images/Dara%20%C3%96renyeri%20(22)%20kopya.jpg
96,10,https://bunny-wp-pullzone-nfqzsydbnl.b-cdn.net/wp-content/uploads/2024/02/dara-antik-kenti-tarihi.jpg
97,1,https://kocaelioncucom.teimg.com/crop/1280x720/kocaelioncu-com/images/haberler/2024/02/mardinde_tarihi_konaklar_butik_otellere_donustu.jpg
97,2,https://cdn3.enuygun.com/media/lib/1x420/uploads/image/mardius-tarihi-konak-mardin-gece-gorunumu-76228439.webp
97,3,https://wp.oggusto.com/wp-content/uploads/2025/10/Mardin-gezilecek-yerler.webp
97,4,https://www.journavel.com/wp-content/uploads/2020/03/IMG_8646sto2-960x700.jpg
97,5,https://i.neredekal.com/i/neredekal/75/1200x1200/6414d21fd344cc728dbb4a27
97,6,"https://mardin.ktb.gov.tr/Resim/394522,mard-n-sokaklar-glcan-acar-22jpg.png?0"
97,7,https://cdn2.enuygun.com/media/lib/1200x675/uploads/image/mardin-muze-61241.webp
97,8,https://image.hurimg.com/i/hurriyet/75/0x0/68402618800566f0ba3e74b4.jpg
97,9,https://www.sixt.com.tr/storage/cache/9c65063654760c8478c2c506fb0d177510c4acde.webp
97,10,https://cdn2.enuygun.com/media/lib/500x300/uploads/image/mardin-evleri-2378.webp
98,1,https://amedhabernet.teimg.com/amedhaber-net/uploads/2026/01/mardin-yeni-ceve-yolu-ile-sanliurfaya-baglaniyor.JPG
98,2,https://ilkha.com/img/OldFeaturedImage/TR//Norm/mardin-havalimani-kendi-rekorunu-kirdi4794265d6931a14c7e44.JPG
98,3,https://dhmi.gov.tr/Lists/HaberlerHavalimani/Attachments/1047/mobil.jpg
98,4,https://encrypted-tbn0.gstatic.com/images?q=tbn:ANd9GcQzz_kYRfuQ0QFcg_PZj69UCakNYgLjeiYBeA&s
98,5,https://encrypted-tbn0.gstatic.com/images?q=tbn:ANd9GcS6KO0UQa-d2P5p6x54rh-Il3xx-IdTkh9hmg&s
98,6,https://avatars.mds.yandex.net/get-altay/16329823/2a00000199a5fc6f046a949374046a34d154/L_height
98,7,https://dhmi.gov.tr/Lists/AnaSayfaSlider_Havalimani/Attachments/649/web.jpg
98,8,https://dhmi.gov.tr/Lists/HaberlerHavalimani/Attachments/1091/mobil.jpg
98,9,https://cdn.airportmediagroup.com/news/30052025/ucak2_6839d3f73b58e.jpg
98,10,https://iasbh.tmgrup.com.tr/c4e0c2/650/344/5/0/933/487?u=https://isbh.tmgrup.com.tr/sbh/2024/12/26/mardin-havalimani-nerede-mardin-prof-dr-aziz-sancar-havaalani-sehir-merkezine-kac-km-nasil-gidilir-k1-1735197325189.jpg
99,1,https://encrypted-tbn0.gstatic.com/images?q=tbn:ANd9GcQmPdvf5GGs97lEPcN-nR8WTM-SOBtJR5Z4oQ&s
99,2,https://midyatsiragecesi.com/resimler/433-midyat-sira-reyhani-gosterisi.JPG
99,3,https://i.pinimg.com/736x/f4/f0/83/f4f0836ab51a80e43a0a06d061aff7f8.jpg
99,4,https://encrypted-tbn0.gstatic.com/images?q=tbn:ANd9GcROB-Wft4kX8mCpQYUzY9lhqE0DyJsi6-fTRA&s
99,5,https://media-cdn.tripadvisor.com/media/photo-s/0f/0b/20/63/20170421-123008-largejpg.jpg
99,6,https://avatars.mds.yandex.net/get-altay/16404250/2a00000197936ca2dda7188c1e851f1facb0/L_height
99,7,https://as2.ftcdn.net/jpg/02/40/06/69/1000_F_240066922_4iSyoE1hySfseCt0di0yYfK92XtMku3e.jpg
99,8,https://encrypted-tbn0.gstatic.com/images?q=tbn:ANd9GcRJ5mQSZwgGaa_6MXoH3o6-soB-9ob8N2rIzA&s
99,9,https://encrypted-tbn0.gstatic.com/images?q=tbn:ANd9GcQ9XHzjgIerqSyO3KeNHZJhm9PnVRwvTMFSJg&s
99,10,https://merakligezgindot.wordpress.com/wp-content/uploads/2018/04/hqdefault.jpg?w=640
100,1,https://encrypted-tbn0.gstatic.com/images?q=tbn:ANd9GcSyldFqt4xA9G7wtrKsmB9hFyTsBSpv_Vf9lg&s
100,2,https://encrypted-tbn0.gstatic.com/images?q=tbn:ANd9GcROuTzHmu6njOklGjlZ2Sl_vmTd-paIuhincA&s
100,3,https://i.ytimg.com/vi/2bjF4GVCNQM/sddefault.jpg
100,4,https://dynamic-media-cdn.tripadvisor.com/media/photo-o/14/71/07/57/midyat-konuk-evi.jpg?w=500&h=400&s=1
100,5,https://i.ytimg.com/vi/0j4SRqyqKyg/sddefault.jpg
100,6,https://www.kulturportali.gov.tr/repoKulturPortali/large/22082014/6ad05e15-640a-4c78-9ed7-6156da24f15d.JPG?format=jpg&quality=50
100,7,https://encrypted-tbn0.gstatic.com/images?q=tbn:ANd9GcTZbxkUASEWwY3F-9KGZqoNxs5kKuNnKgJ1Ew&s
100,8,https://encrypted-tbn0.gstatic.com/images?q=tbn:ANd9GcTrvGhvs--2kfbxS3pQ6YzhhhHG1nxeuFw_AQ&s
100,9,https://encrypted-tbn0.gstatic.com/images?q=tbn:ANd9GcRKKma8Q7mdXmJ__DixVjDbGy_fiuvtB8fMmQ&s
100,10,https://encrypted-tbn0.gstatic.com/images?q=tbn:ANd9GcRDdzTXrMYgTsGZcpZoBKBcVkm8OoMjV0YxGA&s
101,1,https://encrypted-tbn0.gstatic.com/images?q=tbn:ANd9GcTnuRZYVo-nYQDcEDxEeGTNmrVtdtIK_VF6nA&s
101,2,https://encrypted-tbn0.gstatic.com/images?q=tbn:ANd9GcTRwVNUNQ0IciYhaIDqVXtL-HrJDUDh5NZ1sg&s
101,3,https://encrypted-tbn0.gstatic.com/images?q=tbn:ANd9GcSNI86W8XDdVGapgMQ7uhV3TbzOHb96ldX-QQ&s
101,4,https://encrypted-tbn0.gstatic.com/images?q=tbn:ANd9GcSCJacJ8smHCABVUejYUtlbUaCyh548wuy15g&s
101,5,https://encrypted-tbn0.gstatic.com/images?q=tbn:ANd9GcTHy5Iz4DFN9JbjrqoV6DaRjOftBlhLQfl_wA&s
101,6,https://encrypted-tbn0.gstatic.com/images?q=tbn:ANd9GcRJJD-6JtMYuTXrfsjM2nPlwY41pB5CeHdsGQ&s
101,7,https://gezimanya.com/sites/default/files/inline-images/midyat-sokaklari-3.jpg
101,8,https://www.turkiyeroutes.com/images/urunler/isletme-midyat-bazaar-3635.jpg
101,9,https://i.ytimg.com/vi/jm7qJf5o9TI/hq720.jpg?sqp=-oaymwE7CK4FEIIDSFryq4qpAy0IARUAAAAAGAElAADIQj0AgKJD8AEB-AH-CYAC0AWKAgwIABABGFggXihlMA8=&rs=AOn4CLCyIoIy3vDBr62dWTpPG504WTlHhQ
101,10,https://ayder.com.tr/uploads/p/o/lgmhrjdcbu30.webp?v=1772806233
102,1,https://encrypted-tbn0.gstatic.com/images?q=tbn:ANd9GcSimxqN71kr9KD8luCFPQr4zAbKqjyfKApFBg&s
102,2,https://www.kulturportali.gov.tr/repoKulturPortali/Dokumanlar/ABBARALISOKAK_20160229135800764.jpg?format=jpg&quality=50
102,3,https://encrypted-tbn0.gstatic.com/images?q=tbn:ANd9GcTRget2cMAfWtMpX3ALWc6l_OqnHllgvxRgNA&s
102,4,https://images.pexels.com/photos/28547913/pexels-photo-28547913/free-photo-of-mardin-turkiye-de-buyuleyici-dar-sokak.jpeg
102,5,https://cokokuyancokgezen.com/wp-content/uploads/2020/11/mardin-sokaklari_c.jpg
102,6,https://encrypted-tbn0.gstatic.com/images?q=tbn:ANd9GcSEpY7gWyPvpUt-BlN3Gy_vl0ls0fZSvlzPLQ&s
102,7,https://ayderkibris.com/uploads/p/o/YdpbFBnkCqL5.jpg
102,8,https://img.yenicaggazetesi.com/rcman/Cw1280h720q95gc/storage/old/d/news/894133.jpg
102,9,https://dicletvcom.teimg.com/crop/1280x720/dicletv-com/uploads/2025/08/black-and-grey-clean-modern-architecture-portfolio-presentation-7.png
102,10,https://i.yenicaggazetesi.com/storage/old/d/news/2023/01/170120231223126735565.jpg
103,1,https://cdn2.enuygun.com/media/lib/1200x675/uploads/image/anamur-mamure-castle-60092.webp
103,2,https://dynamic-media-cdn.tripadvisor.com/media/photo-o/2e/8d/40/1e/mersin-marina.jpg?w=1200&h=1200&s=1
103,3,https://images.gezinomi.com/fit-in/1200x800/filters:quality(100)/filters:format(webp)/assets/blog/mersin-night-1595968792-21.05.2021113124.jpg
103,4,https://images.gezinomi.com/fit-in/1200x800/filters:quality(100)/filters:format(webp)/assets/blog/mersin-night_114776821-22.05.2021110332.jpg
103,5,https://cdn.turizmtr.com/uploads/blog/2025/11/04/mut-kalesi-gece-aydinlatma-7617.webp
103,6,https://encrypted-tbn0.gstatic.com/images?q=tbn:ANd9GcR2jA8ULxmc1P723tRDucthfVjLmDP2KpOJIg&s
103,7,https://cdn.turizmtr.com/uploads/blog/2025/11/04/mut-kalesi-7609.webp
103,8,https://i.ytimg.com/vi/PNV29MSlM5A/mqdefault.jpg
103,9,https://encrypted-tbn0.gstatic.com/images?q=tbn:ANd9GcSSSOWxBQWACxxMAmmZKvuEACvzAPBJIsotfA&s
103,10,https://dynamic-media-cdn.tripadvisor.com/media/photo-o/17/77/64/05/kizkalesi.jpg?w=900&h=500&s=1
104,1,https://www.kulturportali.gov.tr/repoKulturPortali/large/SehirRehberi//GezilecekYer/20180828165520638_MUGLA%20BODRUM%20GULCAN%20ACAR%20(6).JPG?format=jpg&quality=50
104,2,https://www.bizevdeyokuz.com/wp-content/uploads/yula-bar-bodrum-.jpg
104,3,https://www.etstur.com/letsgo/wp-content/uploads/2025/06/01-mugla-letsgo.jpg
104,4,https://www.mbany.com/uploads/26_81bdcd69a9f8539d93871b0cfde0e3e8_23.webp
104,5,https://media.cumhuriyet.com.tr/Archive/6eb4e602-f98b-457c-be32-9cde3cc2ca02.jpg
104,6,https://media-cdn.tripadvisor.com/media/photo-s/01/54/18/0b/bodrum.jpg
104,7,https://dunyakentimugla.org/wp-content/uploads/2019/10/BODRUM.webp
104,8,https://www.aa.com.tr/uploads/userFiles/a54ea27f-6036-4f79-88c6-6bc9ba19a35d/07%2F19%2F06%2FAA-35244006.jpg
104,9,https://gezicini.com/wp-content/uploads/2019/03/bodrum-melengec.jpg
104,10,https://encrypted-tbn0.gstatic.com/images?q=tbn:ANd9GcSdQCexUkiIGRurPzFitWd8MEh-POaWWOSOyA&s
105,1,https://www.bubilet.com.tr/files/Mekan/bodrum-antik-tiyatro-86966.jpg
105,2,https://dynamic-media-cdn.tripadvisor.com/media/photo-o/1b/f5/48/5e/amphitheater.jpg?w=1200&h=-1&s=1
105,3,https://www.discovermugla.com/wp-content/uploads/2024/06/1590412703_antik-1.jpg
105,4,https://blog.biletino.com/inc/uploads/2023/07/bodrum-antik-tiyatro-biletino-blog-235232.jpg
105,5,https://i.neredekal.com/i/neredekal/75/800x600/60705c5ae86f303d6714b61f
105,6,https://bodrumcruiseport.com/wp-content/uploads/sites/33/2025/03/Top-Attrection-Antic-Thyeathe-scaled.jpg
105,7,https://dynamic-media-cdn.tripadvisor.com/media/photo-o/04/16/2c/3c/view-of-castle-from-antique.jpg?w=900&h=-1&s=1
105,8,https://tiyatronline.com/isDosyalar/2020/12/16/1-ana-go_HxRVf5ucA8.jpg
105,9,https://www.tourmag.com.tr/wp-content/uploads/2018/08/bodrum-antik-tiyatro-asirlardir-muzik-sesi-yankiliyor-3.jpg
105,10,https://www.bodrumlife.com.tr/wp-content/uploads/2021/02/antik-tiyaro-dronePNG.jpg
106,1,https://dynamic-media-cdn.tripadvisor.com/media/photo-o/13/aa/60/12/bitez-plaji.jpg?w=1200&h=1200&s=1
106,2,https://i.ytimg.com/vi/g-sX6GAVbXE/maxresdefault.jpg?sqp=-oaymwEmCIAKENAF8quKqQMa8AEB-AH-CYAC0AWKAgwIABABGGUgTyhGMA8=&rs=AOn4CLCqHtVcKpZLdIjdwPl-RyzAfqya5A
106,3,https://www.teknevia.com/blog/wp-content/uploads/2024/06/bitez-plaji-denizi.jpg
106,4,https://www.nowbodrum.com/wp-content/uploads/bodrum-bitez1.jpg
106,5,https://www.teknevia.com/blog/wp-content/uploads/2022/12/Bitez-Plaji.jpg
106,6,https://www.nowbodrum.com/wp-content/uploads/bitez-sahil.jpg
106,7,https://encrypted-tbn0.gstatic.com/images?q=tbn:ANd9GcRnLKKVMD9dKd6vdcMQTg6LJ1mbx8-p_rhA7Q&s
106,8,"https://img.bodrumluculuk.com/spio/ret_img,q_cdnize,to_auto,s_webp:avif,p_h/bodrumluculuk.com/wp-content/uploads/2021/03/Bodrum-Bitez-Sahili-scaled.jpg"
106,9,https://encrypted-tbn0.gstatic.com/images?q=tbn:ANd9GcSdXqCPt3ga08zCzlTu-LF8zYKLhKz4JrOYFg&s
106,10,https://i.test.neredekal.com/i/75/585x300/6060e9b7a37918ba48b18c80
107,1,https://cdnuploads.aa.com.tr/uploads/Contents/2024/06/27/thumbs_b_c_0b68cec6669f3ac86edd1095ff065747.jpg?v=121935
107,2,https://ontrailstore.com/cdn/shop/articles/ed717dcaf5f9ff0eecf4a0cf2641dcc5.jpg?v=1679490584
107,3,https://www.bizevdeyokuz.com/wp-content/uploads/kayakoy-fethiye-sokaklar.jpg
107,4,https://www.bizevdeyokuz.com/wp-content/uploads/kayakoy-fethiye-3.jpg
107,5,https://www.trthaber.com/dosyalar/images/AA-30050976.jpg
107,6,https://www.oscarrentacar.com/dosya/1694/blog/11-1-terk-edilmisligin-hikayesi-kayakoy-tarihi-rum-evleri_769.png
107,7,https://img-s1.onedio.com/id-62eb8849905c1260721ecef9/rev-0/w-600/h-315/f-jpg/s-6c838693596ef3dd580db38a7967f854324cefd1.jpg
107,8,https://media.istockphoto.com/id/1064570376/tr/foto%C4%9Fraf/fethiye-kayak%C3%B6y-t%C3%BCrkiye-gece-g%C3%B6r%C3%BCn%C3%BCm%C3%BC.jpg?s=170667a&w=0&k=20&c=DSYGh6GyQPhY6sau7qSVrDiK_j4-J_kX6LLsQARwFo4=
107,9,https://img.haber3.com/rcman/Cw850h478q95gc/storage/files/images/2024/06/27/1-2-bhts.jpg
107,10,https://img-s1.onedio.com/id-62eb895d905c1260721ecefe/rev-0/w-600/h-348/f-jpg/s-b77f577cd2424e4e6b8cb9732c71cad3dc3d346c.jpg
108,1,https://media-cdn.tripadvisor.com/media/photo-s/01/cb/01/b0/rabbit-island.jpg
108,2,https://i.pinimg.com/474x/75/e2/1e/75e21ed57f0eea21b5c9575a5b843c0b.jpg
108,3,https://dynamic-media-cdn.tripadvisor.com/media/photo-o/09/31/96/97/tavsan-adasi.jpg?w=800&h=-1&s=1
108,4,https://holidaystobodrum.com/tr/wp-content/uploads/2019/12/gumusluk-rabbit-island.jpg
108,5,https://www.tazeyorum.com/images/show/places/61896/580_420/d71dc37e102a62dd1df3f073c293077b.jpg
108,6,https://media-cdn.tripadvisor.com/media/photo-s/09/31/96/a1/tavsan-adasi.jpg
108,7,https://encrypted-tbn0.gstatic.com/images?q=tbn:ANd9GcTr2h147fCTW6fxSjVVcq6P_fxHab08FBesMQ&s
108,8,https://encrypted-tbn0.gstatic.com/images?q=tbn:ANd9GcQWh8ndlW9UyaZ3Rci9JQYd7mW1x1b7GLQSDQ&s
108,9,https://encrypted-tbn0.gstatic.com/images?q=tbn:ANd9GcS5tNLs0XqpJXMnPt8G9P9VnRPg3nmALRgqOA&s
108,10,https://www.emlaktasondakika.com/upload/2022/03/25032022153742-1648211862.jpg
109,1,https://dynamic-media-cdn.tripadvisor.com/media/photo-o/18/20/37/3a/becin-kalesi.jpg?w=500&h=500&s=1
109,2,https://encrypted-tbn0.gstatic.com/images?q=tbn:ANd9GcT3rVpZKR_bHDmBom58ejy9jLmAb5vV6zu3AA&s
109,3,https://imaj.emlakjet.com/scale/600/450/listing/17046053/1E99AF78F59BF3D7239A123B4C63E43D17046053.jpeg
109,4,https://encrypted-tbn0.gstatic.com/images?q=tbn:ANd9GcTZfwbdkf5dB8v2xYUlYdY5HHMI110r1G7U6Q&s
109,5,https://dynamic-media-cdn.tripadvisor.com/media/photo-o/0a/ab/67/11/20160102-153754-01-largejpg.jpg?w=1200&h=-1&s=1
109,6,https://d.koylerim.com/news/332038.jpg
109,7,https://avatars.mds.yandex.net/get-altay/1938605/2a000001730ee38983fa732a2742e0901f3f/L_height
109,8,https://encrypted-tbn0.gstatic.com/images?q=tbn:ANd9GcTdeuaajO1Uzg6zfYn_odGwB5xZuc06lD8glA&s
109,9,https://marmarismanset.com/sites/942/uploads/2023/12/06/bargilya.webp
109,10,https://d.koylerim.com/news/319105.jpg
110,1,https://encrypted-tbn3.gstatic.com/images?q=tbn:ANd9GcSaNZFmZIQJvkgGDOO0wuUjmDsTQAPjnyiURQP_0znvWIHR9foBEvG81PxTXRPl
110,2,https://cdnuploads.aa.com.tr/uploads/Contents/2020/05/05/thumbs_b_c_8fb6c04a58e18ba3e05ff8a403ed4c37.jpg?v=113336
110,3,https://cdn.oggito.com/images/full/2023/1/sigla-ormani-1.jpg
110,4,https://iaysr.tmgrup.com.tr/431a30/780/411/0/88/798/508?u=https://iysr.tmgrup.com.tr/2020/04/29/muglada-bulunan-sigla-ormanlari-korumaya-alindi-1588141090737.jpg
110,5,https://nihanbora.com/wp-content/uploads/2018/08/Koycegiz-2.jpg
110,6,https://cdn.oggito.com/images/full/2023/1/sigla-ormani-0.jpg
110,7,https://dogadernegi.org/wp-content/uploads/2018/11/33-kuslar-icin-sigla-ormanlari-toparlar-koycegiz-mugla-genel-orman-gorunumu-scaled.jpg
110,8,https://encrypted-tbn1.gstatic.com/images?q=tbn:ANd9GcSGIytdFfo2_aQd_1ox-iEfg-tQXLtdO0J72S8qMpKtnuaPA7quPSvHEtJH_MyA
110,9,https://encrypted-tbn1.gstatic.com/images?q=tbn:ANd9GcSoMZ8LdzE1CZBVqQpD2Uh6qLPHmwLirOuSA2qCpvPN-4w0JAGUZmAvCiTGyCl0
110,10,https://www.panoramaplaza.com/wp-content/uploads/2022/12/Adsiz-tasarim-12.png
111,1,https://gezilmesigerekenyerler.com/wp-content/uploads/2014/06/mugla-marmaris-01-e1402734696445.jpg
111,2,https://www.nerdenerede.com/images/content/iliman-restoran-camping-beach_esvs.webp
111,3,https://www.cariaholidays.co.uk/files/IMG-1689684508.webp
111,4,https://www.goldwaytravel.com/images/photos/marmaris-hisaronu-tekne-turu_7352493511745526593.JPG
111,5,https://static.baranselgrup.com/nwm-171909-w640-akyaka-gezilecek-yerler-gezi-rehberi.png
111,6,https://gezipgordum.com/wp-content/uploads/2022/01/Marmariste-nerede-kalinir.jpg
111,7,https://www.bizevdeyokuz.com/wp-content/uploads/marmaris-kaleici.jpg
111,8,https://blog.biletbayi.com/wp-content/uploads/2020/03/marmaris-gezilecek-yerler.jpg
111,9,https://cdn.birebirvilla.com/uploads/105_Marmaris-Hisaronu.jpg
111,10,https://koyumunvillalari.com/wp-content/uploads/2025/06/marmarisgenell.jpg
112,1,https://www.voyelletour.com/images/tour/507_b.jpg
112,2,https://blog.obilet.com/wp-content/uploads/2019/07/shutterstock_1115401277.jpg
112,3,https://www.guletyat.com/uploads/full/marmaris_yacht_charter.jpg
112,4,https://dynamic-media-cdn.tripadvisor.com/media/photo-o/21/d5/f2/5b/marmaris-plaji.jpg?w=900&h=500&s=1
112,5,https://www.etstur.com/letsgo/wp-content/uploads/2015/01/marmariste-gece-hayati-3.jpg
112,6,https://cdn2.enuygun.com/media/lib/1200x675/uploads/image/icmeler-plaji-54432.webp
112,7,https://cdn2.enuygun.com/media/lib/825x620/uploads/image/kleopatra-plaji-36718.webp
112,8,https://dynamic-media-cdn.tripadvisor.com/media/photo-o/15/9e/ae/14/marmaris-merkez-center.jpg?w=800&h=-1&s=1
112,9,https://cdn2.enuygun.com/media/lib/500x300/uploads/image/hisaronu-49729.webp
112,10,https://images.contentstack.io/v3/assets/blt06f605a34f1194ff/bltb085bfa68e12bc86/688e7b129b38ecec1c4c369e/BCC-2024-EXPLORER-MARMARIS-THINGS-TO-DO-AT-NIGHT-HEADER_MOBILE.jpg?fit=crop&disable=upscale&auto=webp&quality=60&crop=smart
113,1,https://www.discovermugla.com/wp-content/uploads/2024/06/005_mugla_arasta.jpg
113,2,https://kucukdunya.com/wp-content/uploads/2020/12/milas-carsi.jpg
113,3,https://blog.biletbayi.com/wp-content/uploads/2020/02/arasta-carsisi-3-scaled.jpg
113,4,https://www.arkitera.com/wp-content/uploads/2026/03/01.jpeg
113,5,https://encrypted-tbn0.gstatic.com/images?q=tbn:ANd9GcR1B6a1dwQ2EhySjai7Hh-cY378Y14UBvssFg&s
113,6,https://encrypted-tbn0.gstatic.com/images?q=tbn:ANd9GcQV_f6baDpiVvAlv12nyw-P1VMSEuDA2W-S-A&s
113,7,https://www.yeniasir.com.tr/sarmasik/2013/09/25/milasin-tarihi-gecmisi-hayat-buluyor
113,8,https://assets.enuygun.com/media/lib/500x300/uploads/image/tarihi-milas-evleri-55393.webp
113,9,https://encrypted-tbn0.gstatic.com/images?q=tbn:ANd9GcRy35mVtAo41-OUqaifgHckjObsNcc6bEKvdA&s
113,10,https://encrypted-tbn0.gstatic.com/images?q=tbn:ANd9GcQSTLVvN13tWwgsucBRot2pBL6vpyV33RhNSA&s
114,1,https://resimler.balnet.net/Konu/cokertmekoyu/cokertme-koyu-2.jpg
114,2,https://bujuyollarda.com/wp-content/uploads/2021/05/cokertme-plaji-nerede-1024x576.jpg
114,3,https://img.balnet.net/cdn/hotel/14553/Resim1606480891i701kudc-imgprms-default.jpg
114,4,https://img.balnet.net/cdn/location/cokertme-imgprms-default.jpg
114,5,https://bujuyollarda.com/wp-content/uploads/2021/05/cokertme-koyu-captain-ibrahim.jpg
114,6,https://www.bodrumvillakiralama.com/uploads/images/cokertme-koyu-nasil-gidilir-min.jpg
114,7,https://www.adayachtsailing.com/assets/images/blog/big/cokertme-koyu_1.jpg
114,8,https://i.ytimg.com/vi/gvp7ZpmgIEc/maxresdefault.jpg
114,9,https://muhtarcokertme.com/wp-content/uploads/2022/04/cokertme-4.jpg
114,10,https://muhtarcokertme.com/wp-content/uploads/2022/04/cokertme_transfer_1617442594.jpg
115,1,https://www.muglam.com.tr/wp-content/uploads/2024/07/image-75-1024x521.png
115,2,https://blogger.googleusercontent.com/img/b/R29vZ2xl/AVvXsEgYNfhPY_8Bw8fMSkntER3yu215nJkOqVDJ6zXNI9gfuxyAH7mvi-Y_10ZGc5mwp-p-1x0VpYUIiuvEeW2UACs-dsoB8c1DpjNO3OpN2gJN_uuxcSiwl-DLNvJ__dNy6wTKiEU2RsmN5kI/s1600/GA-Ege-116.jpg
115,3,https://d.aydin24haber.com/other/dizinin-cekimlerinin-yapildigi-mahalle-meydani-IHA-20151003AW539243-4-t.jpg
115,4,https://www.360tr.com/uploads/pano_thumbs/2476133cf8.jpg
115,5,https://i.ytimg.com/vi/vLe62fNrI7A/hq720.jpg?sqp=-oaymwEhCK4FEIIDSFryq4qpAxMIARUAAAAAGAElAADIQj0AgKJD&rs=AOn4CLBFDc3JJXakafoFLPknukkMAleuQw
115,6,https://avatars.mds.yandex.net/get-altay/16134335/2a000001981c44f9de9e39debcc3b185becd/L_height
115,7,https://www.yatagan.bel.tr//Contents//images/abc9653d-1602-87b6-da32-7d3d9f4f892b.jpg
115,8,https://photos.wikimapia.org/p/00/05/13/31/66_big.jpg
115,9,https://www.turkiyenintarihieserleri.com/foto_y/2020/03/b/1585469792.jpg
115,10,https://encrypted-tbn0.gstatic.com/images?q=tbn:ANd9GcTU56hXSLwPfHtH5qHWZTjGhPCYZyZ8GJsKTQ&s
116,1,https://trthaberstatic.cdn.wp.trt.com.tr/resimler/1476000/1477115.jpg
116,2,https://www.kulturportali.gov.tr/repoKulturPortali/large/SehirRehberi//GezilecekYer/20221121110012855_Milas%20Evleri%20kopya%20logolu.jpg?format=jpg&quality=50
116,3,https://www.aa.com.tr/uploads/userFiles/54a427bf-71c5-4e63-a83d-6196709e92a3/008_2024%2F07_HAZIRAN%2F20%2F14%2F20240617_2_64368295_102131006.jpg
116,4,https://www.kulturportali.gov.tr/contents/images/logolu(20).jpg
116,5,https://blog.biletbayi.com/wp-content/uploads/2020/07/mugla-tarihi-yerler-scaled.jpg
116,6,https://www.muglaticaretborsasi.org.tr/dosyalar/site_resim/veri/galeri/buyuk/9759388.jpg
116,7,https://www.muglaticaretborsasi.org.tr/dosyalar/site_resim/veri/galeri/buyuk/7851735.jpg
116,8,https://www.aa.com.tr/uploads/userFiles/c9f1ae26-3cf3-4ab4-9d72-230dedd01a4c/Muglaevler77.jpg
116,9,https://i.arkeolojikhaber.com/pool_file/2020/51/12247_mugla-gelenekselevler-tasevler-141220-800x.jpg
116,10,https://www.aa.com.tr/uploads/userFiles/54a427bf-71c5-4e63-a83d-6196709e92a3/008_2024%2F07_HAZIRAN%2F20%2F14%2F20240617_2_64368295_102131004.jpg
117,1,https://blog.obilet.com/wp-content/uploads/2019/10/Mu%C4%9Fla-K%C3%B6yce%C4%9Fiz.jpg
117,2,https://dynamic-media-cdn.tripadvisor.com/media/photo-o/1b/5f/c2/60/gunes-in-dogusu-guzeldir.jpg?w=900&h=500&s=1
117,3,https://marmaristown.com/tr/wp-content/uploads/koycegiz.jpg
117,4,https://img3.aksam.com.tr/imgsdisk/2020/10/09/t25_091020203b4fe16d.jpg
117,5,https://www.kulturportali.gov.tr/repoKulturPortali/large/SehirRehberi//GezilecekYer/20220325153335698_KoycegizGolu.jpg?format=jpg&quality=50
117,6,https://encrypted-tbn0.gstatic.com/images?q=tbn:ANd9GcTLWRkw2OMRJAy5WHlvzf3UMk21lAHqek7LiQ&s
117,7,https://upload.wikimedia.org/wikipedia/commons/f/f2/Lake_and_town_2019_G01.jpg
117,8,https://i.ytimg.com/vi/DXao6C8tRjA/maxresdefault.jpg
117,9,https://encrypted-tbn0.gstatic.com/images?q=tbn:ANd9GcQxdUJq5KH57oXwgxyYBIwAOIeH-fzUbABwng&s
117,10,https://www.guvenvillas.com.tr/assets/images/blog/big/koycegiz_1.jpg
118,1,https://encrypted-tbn0.gstatic.com/images?q=tbn:ANd9GcQbUzxlca4fgtkqw4uocwWg9xHCVDCPxNLv2g&s
118,2,https://encrypted-tbn0.gstatic.com/images?q=tbn:ANd9GcRSC1jgGgsmKgek_0KNbfYQc3iwwmxhGNckvQ&s
118,3,https://www.muglam.com.tr/wp-content/uploads/2023/08/koycegiz-agla-yaylasi.jpg
118,4,https://i.ytimg.com/vi/m9gEu7liezo/maxresdefault.jpg
118,5,https://marmarismanset.com/sites/942/uploads/2023/11/21/large/agla1%20(1).jpg
118,6,https://hamlegazetesicomtr.teimg.com/hamlegazetesi-com-tr/sites/2025/05/20/muglanin-sakli-cenneti-koycegiz-agla-yaylasi.jpg
118,7,https://encrypted-tbn0.gstatic.com/images?q=tbn:ANd9GcR6-cMAuKYHxmGMeuy6WpNy8OgvHkpknI7w3A&s
118,8,https://www.muglam.com.tr/wp-content/uploads/2023/08/koycegiz-agla-yaylasi-1.jpg
118,9,https://www.kampyerleri.org/wp-content/uploads/2021/07/agla-yaylasi-kamp-alani.jpg
118,10,https://www.muglam.com.tr/wp-content/uploads/2023/08/koycegiz-agla-yaylasi-4.jpg
119,1,https://dynamic-media-cdn.tripadvisor.com/media/photo-o/13/bc/59/9b/img-20180715-175507-largejpg.jpg?w=1200&h=-1&s=1
119,2,https://gezibilen.com/_next/image?url=https%3A%2F%2Ffirebasestorage.googleapis.com%2Fv0%2Fb%2Fgezbi-e89bc.appspot.com%2Fo%2FTravelPoint%252FGBzsOz03TayzZ9eY4ypL%252Fbanner.webp%3Falt%3Dmedia%26token%3D4b9628dd-7fab-42a0-88a5-ff66a2f4e6c4&w=3840&q=75
119,3,https://www.nenerede.com.tr/wp-content/uploads/2017/06/Marmaris-Sakl%C4%B1-G%C3%B6l2-848x566.jpg
119,4,https://www.nenerede.com.tr/wp-content/uploads/2017/06/Marmaris-Sakl%C4%B1-G%C3%B6l6.jpg
119,5,https://i.ytimg.com/vi/1e2amnHpp5Q/hq720.jpg?sqp=-oaymwEhCK4FEIIDSFryq4qpAxMIARUAAAAAGAElAADIQj0AgKJD&rs=AOn4CLAVoQVqPcCFVWzDXULh0P9oHVcFrQ
119,6,https://media-cdn.tripadvisor.com/media/photo-s/1b/96/8e/51/photo0jpg.jpg
119,7,https://i.pinimg.com/736x/3a/de/0f/3ade0f988087602fdea66875bfb1f1a6.jpg
119,8,https://i.pinimg.com/736x/0d/3a/f4/0d3af43bc03a746140d19e942caa4164.jpg
119,9,https://www.nenerede.com.tr/wp-content/uploads/2017/06/Marmaris-Sakl%C4%B1-G%C3%B6l.jpg
119,10,https://dynamic-media-cdn.tripadvisor.com/media/photo-o/1d/b5/92/75/sakli-gol-evleri.jpg?w=900&h=500&s=1
120,1,https://www.turkiyenintarihieserleri.com/foto_y/2020/04/b/1585831877.jpg
120,2,https://www.turkiyenintarihieserleri.com/foto_y/2020/04/b/1585831470.jpg
120,3,https://www.turkiyenintarihieserleri.com/foto_y/2020/04/b/1585831700.jpg
120,4,https://www.turkiyenintarihieserleri.com/foto_y/2020/04/b/1585831862.jpg
120,5,https://www.turkiyenintarihieserleri.com/foto_y/2020/04/b/1585831927.jpg
120,6,https://www.turkiyenintarihieserleri.com/foto_y/2020/04/b/1585831813.jpg
120,7,https://www.turkiyenintarihieserleri.com/foto_y/2020/04/b/1585831522.jpg
120,8,https://www.turkiyenintarihieserleri.com/foto_y/2020/04/b/1585831554.jpg
120,9,https://www.turkiyenintarihieserleri.com/foto_y/2020/04/b/1585831667.jpg
120,10,https://www.turkiyenintarihieserleri.com/foto_y/2020/04/b/1585831438.jpg
121,1,https://www.journavel.com/wp-content/uploads/2021/05/DSC04240sto2-2-1021x700.jpg
121,2,https://encrypted-tbn0.gstatic.com/images?q=tbn:ANd9GcRGnqkqGxjSC4X_ti5aaxJQsJ24TilbsIxruA&s
121,3,https://wp.oggusto.com/wp-content/uploads/2023/04/selimiye-1_11zon.jpg
121,4,https://wp.oggusto.com/wp-content/uploads/2023/04/selimiye-koy_11zon.jpg
121,5,https://encrypted-tbn0.gstatic.com/images?q=tbn:ANd9GcSHheDyfSTpiWChcBO9pbk0S6NEh3PKKah6QQ&s
121,6,https://upload.wikimedia.org/wikipedia/commons/thumb/5/53/Selimiye_koyu.jpg/1280px-Selimiye_koyu.jpg
121,7,https://encrypted-tbn0.gstatic.com/images?q=tbn:ANd9GcRxCVkp13Z0jNkCTPzsaeowxNToXJX_v1-QbQ&s
121,8,https://www.seninvillan.com.tr/assets/images/blog/big/marmaris-selimiye-koyu.jpg
121,9,https://gezimanya.com/sites/default/files/styles/800x600_/public/lokasyon-detay/2019-11/image-selimiye.jpg
121,10,https://cdn.villavillam.com.tr/uploads/182_marmaris-selimiye-koyu-.jpeg
122,1,https://www.adayachtsailing.com/assets/images/blog/big/selimiye-gezi-rehberi.jpg
122,2,https://www.zehravillas.com/uploads/1600x900xc1/174_mugla-selimiye.jpg
122,3,https://www.seninvillan.com.tr/assets/images/blog/big/marmaris-selimiye-koyu.jpg
122,4,https://upload.wikimedia.org/wikipedia/commons/thumb/5/53/Selimiye_koyu.jpg/1280px-Selimiye_koyu.jpg
122,5,https://lh5.googleusercontent.com/5kxMHXPwAv5ymoyknIXjeZ5M6aSWLIr9h6juVZCWbgIWBCx3NfQq8ITy5onDbVH7q4l7LmV2C-YXscVzZQWrGtyTWOMkitFMckq5uK8E-wnB5NyTKwTpeDA-EA4s-IORmXcWNtqHzpd1gYoNLOYbCjP4Fl69UY6wR3wvOTirpGw6-2CTuPhJHE2XM7dUEg
122,6,https://www.turizmgazetesi.com/images/show/news/0ac4c6a0ee2f1976ba2d1caa25a66f81.jpeg
122,7,https://encrypted-tbn0.gstatic.com/images?q=tbn:ANd9GcTGeamvvUFiiLuXaR1DNviVQlgsr6JVewJNPw&s
122,8,https://dynamic-media-cdn.tripadvisor.com/media/photo-o/14/cf/60/df/cekergezer-hakan-aydin.jpg?w=1200&h=1200&s=1
122,9,https://selimiyetekne.com/wp-content/uploads/2024/10/perili-ev-koyu.jpg
122,10,https://blog.biletbayi.com/wp-content/uploads/2017/10/selimiye.jpg
123,1,https://www.escantur.com/images/tour/7003_b.jpg
123,2,https://encrypted-tbn0.gstatic.com/images?q=tbn:ANd9GcRCm7zUP-nr-GYqR5R_R2JboFdQGAK4ZpDTWQ&s
123,3,"https://www.turkiyeturizm.com/d/other/marmaris,-bozburun,-selimiye.jpg"
123,4,https://wp.oggusto.com/wp-content/uploads/2023/04/selimiye-1_11zon.jpg
123,5,https://encrypted-tbn0.gstatic.com/images?q=tbn:ANd9GcRpfCcnSPaPHxSnCrgpiJbTLzDVTKYNi91Ogw&s
123,6,https://wp.oggusto.com/wp-content/uploads/2023/06/fiska-selimiye.webp
123,7,https://www.academic-tour.com/images/tour/4258_b.jpg
123,8,https://www.danieltours.com/images/tour/14918_b.jpg
123,9,https://images.izmirburaya.com/Images/Deals/600x600/ed822322-7d2e-4d84-9e3f-3c95db6d3064.jpg
123,10,https://encrypted-tbn0.gstatic.com/images?q=tbn:ANd9GcQm1EPjm-kAZiICwi_w9vIUARFzcvYuR9yt-A&s
124,1,https://dogadernegi.org/wp-content/uploads/2018/11/33-kuslar-icin-sigla-ormanlari-toparlar-koycegiz-mugla-genel-orman-gorunumu-scaled.jpg
124,2,https://www.aa.com.tr/uploads/userFiles/7fc6ad83-e801-4dd2-b1c1-974abd5a6af0/2019%2FMayis%2Fsigla.jpg
124,3,https://www.panoramaplaza.com/wp-content/uploads/2022/12/Adsiz-tasarim-12.png
124,4,https://burdur.com.tr/wp-content/uploads/2022/12/DJI_0324.jpg
124,5,https://encrypted-tbn0.gstatic.com/images?q=tbn:ANd9GcSJofaWwbgUB9gUeFNWQcj51K0JXgY_iFHjAg&s
124,6,https://geziyoo.co/wp-content/uploads/2023/05/Kargi-Koyu-Sigla-Ormani-Kamp-Alani-5.jpg
124,7,https://burdur.com.tr/wp-content/uploads/2022/12/DJI_0303.jpg
124,8,https://encrypted-tbn0.gstatic.com/images?q=tbn:ANd9GcR2N3gnHtmtThUQ-1sFI_MUSlNtx7RJ4BJXig&s
124,9,https://cdnuploads.aa.com.tr/uploads/Contents/2019/05/23/thumbs_b_c_b3f6c30ca6e99b761b7330f093477b0a.jpg
124,10,https://encrypted-tbn0.gstatic.com/images?q=tbn:ANd9GcQ7GRJjp_glvjExWMD1-W4OlM8qPJX3zKSXOQ&s
125,1,https://i.neredekal.com/i/neredekal/75/1002x562/6670a31bfc0f1ee9e49ec24b
125,2,https://geziport.com.tr/upload/images/sl5jne20160115125408.jpg
125,3,https://www.villareyonu.com/uploads/images/eski-datca.jpg
125,4,https://www.muglam.com.tr/wp-content/uploads/2024/07/image-72.png
125,5,https://gezicini.com/wp-content/uploads/2020/11/aplangecc12.jpg
125,6,https://blogger.googleusercontent.com/img/b/R29vZ2xl/AVvXsEgYNfhPY_8Bw8fMSkntER3yu215nJkOqVDJ6zXNI9gfuxyAH7mvi-Y_10ZGc5mwp-p-1x0VpYUIiuvEeW2UACs-dsoB8c1DpjNO3OpN2gJN_uuxcSiwl-DLNvJ__dNy6wTKiEU2RsmN5kI/s1600/GA-Ege-116.jpg
125,7,https://gezicini.com/wp-content/uploads/2020/11/muglaguzelkoy.jpg
125,8,https://blogger.googleusercontent.com/img/b/R29vZ2xl/AVvXsEjOe2fwSjmi6cF9kmMDrL5FG5Cs99yCri2UKS_MHHLyeZ6dkBXC1k3zuEo9G3BH6GaxNPhHDAX7XVpvbnvJA8tPt0YVDKMbmmOMdsFGk7pEyG5jXJCG5inaJhNUkljrLfdGfORqtca53kY/s1600/GA-Ege-123.jpg
125,9,https://www.dizidoktoru.com/images/upload/fil2.jpg
125,10,https://cdn2.enuygun.com/media/lib/1200x675/uploads/image/cumalikizik-koyu-64862.webp
126,1,https://www.demecgazetesi.com/images/tn/2023/01/yataganin-5-mahallesi-kirsal-mahalle-ilan-edildi_02e8a.jpg
126,2,https://i.ytimg.com/vi/ziDdAncrjbM/hq720.jpg?sqp=-oaymwEhCK4FEIIDSFryq4qpAxMIARUAAAAAGAElAADIQj0AgKJD&rs=AOn4CLDIV8FZ_LdI29m-_Ehesz0WuY-G2w
126,3,https://panel.mugla.bel.tr/uploads/habertr/a9ca8cdc-51b4-4f04-bc41-a3e6a8417e88_WhatsAppImage2025-07-18at10.35.181.jpeg
126,4,https://imaj.emlakjet.com/scale/600/450/listing/19084349/DBF5683203868EC19AE24A67B7DA9E5B19084349.jpg
126,5,https://encrypted-tbn0.gstatic.com/images?q=tbn:ANd9GcR1Z05exSVKs4rCFsMQrHdQFXHJdkv3LwMr0w&s
126,6,https://www.yesildirenis.com/wp-content/uploads/2019/07/Zeytin-tum-dunyaya-Yata%C4%9Fan%E2%80%99dan-yayildi-1.jpg
126,7,https://imaj.emlakjet.com/scale/600/450/listing/17139171/40AD93120CD16E7B97D03A72FA76635417139171.jpg
126,8,https://static.daktilo.com/sites/1428/uploads/2024/08/21/244345296-1724223464.webp
126,9,https://www.yapi.com.tr/Uploads/HaberMedya/122983/8c971c4db5ae469abee4f49aa5593f35-480x268.jpg
126,10,https://ankahaber.net/public/upload/Haber/250062/250062.jpeg
127,1,https://upload.wikimedia.org/wikipedia/commons/thumb/b/b6/YesilyurtMuglaTurkey1.jpg/1280px-YesilyurtMuglaTurkey1.jpg
127,2,https://www.kucukoteller.com.tr/storage/images/2025/03/14/yesilyurt-koyu-rehberiwebp-ELkxlKEz.webp
127,3,https://i0.wp.com/gezginimgezgin.com/wp-content/uploads/2025/10/Yesilyurt-koyu-5.jpg?fit=715%2C594&ssl=1
127,4,https://biyeregitsek.com/wp-content/uploads/2022/01/15769637858img_0888.jpg
127,5,https://www.kucukkuyurehberim.com/wp-content/uploads/2017/03/kucukkuyu-yesilyurt-koyu-5.jpg
127,6,https://www.kucukkuyutur.net/wp-content/uploads/2024/07/i.webp
127,7,https://orionadatepe.com/storage/images/widget/orion-adatepe-kuzey-ege-yesilyurt-koyu-S1JbdOQ6G8.jpg
127,8,https://www.kucukkuyurehberim.com/wp-content/uploads/2017/03/kucukkuyu-yesilyurt-koyu-14.jpg
127,9,https://www.kucukkuyurehberim.com/wp-content/uploads/2017/03/kucukkuyu-yesilyurt-koyu-13.jpg
127,10,https://www.kucukkuyurehberim.com/wp-content/uploads/2017/03/kucukkuyu-yesilyurt-koyu-1-scaled.jpg
128,1,https://www.vikingoludeniz.com/tema/genel/uploads/hizmetler/oludeniz-kelebekler-vadisi-tekne-turu-12-oludeniz-4-oludeniz-travel-wwwoludenizholidaycom.jpeg
128,2,https://cdn.birebirvilla.com/uploads/images/guzergah-uzerindeki-diger-gorulmeye-deger-noktalar.jpeg
128,3,https://cdn.birebirvilla.com/uploads/136_fethiye-kelebekler-vadisi-nasil-gidilir.jpg
128,4,https://cdn.birebirvilla.com/uploads/images/ulasim-secenekleri-ve-ipuclari.jpg
128,5,https://www.adayachtsailing.com/assets/images/blog/big/kelebekler-vadisi_1.jpg
128,6,https://aydenizvillas.com/media/images/blog/kelebekler-vadisi.jpg
128,7,https://tatildeturla.com/wp-content/uploads/2022/04/Kelebekler-Vadisi-Tekne-Turu-6.jpg
128,8,https://cdn.birebirvilla.com/uploads/images/araba-kiralama-ve-ozel-ulasim-secenekleri.jpg
128,9,https://upload.wikimedia.org/wikipedia/commons/4/4d/Butterfly_Valley%2C_Fethiye.jpg
128,10,https://cdnuploads.aa.com.tr/uploads/Contents/2017/08/24/thumbs_b_c_15aa04dccf276af0c960ac9ab7e6a484.jpg?v=150844
129,1,https://www.geziport.com.tr/upload/images/DALYAN%20%C4%B0ZTUZU/dalyan-likya-boat.jpg
129,2,https://images.izmirburaya.com/Images/Deals/600x600/5a2b5668-5f6d-404c-b15b-a973c033978b.jpg
129,3,https://www.bellimatur.com/images/tour/2304_b.jpg
129,4,https://www.geziport.com.tr/upload/images/DALYAN%20%C4%B0ZTUZU/kral%20mezarlar%C4%B1.jpg
129,5,https://images.izmirburaya.com/Images/Deals/1200x1200/544554f0-8006-4dce-912e-3579202836e6.jpg
129,6,https://dynamic-media-cdn.tripadvisor.com/media/photo-o/08/e3/83/23/likya-kaya-mezarlari.jpg?w=800&h=500&s=1
129,7,https://mercek.expoturizm.com/Images/TourImages/Images/d20ab238-a785-4647-962b-e227ff61220a.jpg
129,8,https://lh3.googleusercontent.com/proxy/HMrFQPb4TIA86kUPMMrqcSW6_b6ONxQcAuvFMfPX3NANzC-kw-GhWYbViIbQD3frDO9oY0AzNBdPFt6owpOiJp6852LJTFaJOZBcAs-Jt2PwUTIVrgvL
129,9,https://academic-tour.com/images/tour/8498_b.jpg
129,10,https://rehbername.com/UserFiles/Image/images/nisan2021/Iztuzu%20Plaj%C4%B1%20Dalyan/Dalyan%20Manzara.jpg
130,1,https://urgup.bel.tr/upload/sosyaltesisler/gomeda-vadisi.jpg
130,2,https://dynamic-media-cdn.tripadvisor.com/media/photo-o/0c/59/f2/f2/vadinin-giris-kismi.jpg?w=1200&h=-1&s=1
130,3,https://mdchotel.com/blog/wp-content/uploads/2021/10/gomeda.jpg
130,4,https://sinasosstarhotel.com/ratihev/gomeda-sinasosstarhotel.jpg
130,5,https://encrypted-tbn0.gstatic.com/images?q=tbn:ANd9GcRbizts5ZywKZZunOikHtTjOrFYoNkBTwB9mA&s
130,6,https://urgupatvturu.com/wp-content/uploads/2022/06/Kapadokya-Gomeda-Vadi.jpg
130,7,https://www.cappadociapage.com/wp-content/uploads/2022/04/Gomeda-vadisi-efsanesi.png
130,8,https://encrypted-tbn0.gstatic.com/images?q=tbn:ANd9GcQ_qxPmxjIIxlCQEVXzYHbQctUMVKEXrNw8pw&s
130,9,https://encrypted-tbn0.gstatic.com/images?q=tbn:ANd9GcRDGB_f4LFYkes__91L4yx5je99LXO9AeN74Q&s
130,10,https://urgupatvturu.com/wp-content/uploads/2022/06/Gomeda-Vadi.jpg
131,1,https://www.cappadociapage.com/wp-content/uploads/2022/07/muze-kapadokya.png
131,2,https://ayder.com.tr/uploads/p/o/pcveshiam28v.webp?v=1773408752
131,3,https://encrypted-tbn0.gstatic.com/images?q=tbn:ANd9GcRsb8I0GCL-tEA7LSwfIDUdreAfYH_B_CC50A&s
131,4,https://www.aa.com.tr/uploads/userFiles/7e80dc7f-a011-4033-a881-3a6b5b580d82/20240520_2_63934222_101093104.jpg
131,5,https://mdchotel.com/blog/wp-content/uploads/2021/10/goreme-acik-hava-muzesi-1.jpg
131,6,https://encrypted-tbn0.gstatic.com/images?q=tbn:ANd9GcRFmyQ-NgtWx4AVnagEy-ldzfen7_81dYE3YA&s
131,7,https://www.kulturportali.gov.tr/contents/images/001%20g%C3%B6reme%20a%C3%A7%C4%B1k%20hava%20m%C3%BCzesi.jpg
131,8,https://www.discovercappadocia.com/assets/upload/fotograflar/goreme_acik_hava_muzesi.jpg
131,9,https://encrypted-tbn0.gstatic.com/images?q=tbn:ANd9GcRLe4sQA6uoxmi4uOwqU14JvwmdgvxIm3mceQ&s
131,10,https://encrypted-tbn0.gstatic.com/images?q=tbn:ANd9GcQyj1y8bv_--u0cr9UjsU7RtRFAFqK8iTu-YQ&s
132,1,https://avatars.mds.yandex.net/get-altay/11203687/2a0000019204cc3f49e1d279ea935e85ffc7/M_height
132,2,https://avatars.mds.yandex.net/get-altay/10447847/2a0000018abce9e258a6c75afc20f78963f8/M_height
132,3,https://foto.haberler.com/haber/2022/09/19/aciksaray-harabeleri-ilgi-bekliyor-15289875_amp.jpg
132,4,https://fibhabercom.teimg.com/fibhaber-com/images/haberler/gulsehir_de_aciksarayin_tanitima_ihtiyaci_var_h17973.jpg
132,5,https://okuldisiogrenme-cdn-small.eba.gov.tr/uploads/places/69458e2ab909b.jpg
132,6,https://blogger.googleusercontent.com/img/b/R29vZ2xl/AVvXsEjvHKd3_aG0HdTIGu4__pKBXdtixzMXOUd7Qc6f2HcAiBScEB-vUPLPp9-v0yX_kFd1PTSqT8EqSSs8Ti1eVPsVSXPY88K5Cdt0jEvxBUQD2C1VTl2FpCb_WH_gOmmeXrj-9aDjh77XiPpe/s1600/aciksaray5.jpg
132,7,https://pbs.twimg.com/media/E9Y5TbaXIAgIk1y.jpg
132,8,https://kapadokyatanitim.com/wp-content/uploads/2019/01/gulsehir-acik-saray-harabeleri-1-tatil-kapadokyada.jpg
132,9,https://www.kulturportali.gov.tr/contents/images/AH%C4%B0KA-0000073%20kopya.jpg
132,10,https://encrypted-tbn0.gstatic.com/images?q=tbn:ANd9GcQFWp3vWaMpJpVsW8igSaMeWjNtCgIwe7RtFQ&s
133,1,https://www.yolculukterapisi.com/wp-content/uploads/2014/10/cavusin2-770x375.jpg
133,2,https://dynamic-media-cdn.tripadvisor.com/media/photo-o/0b/25/2d/ed/love-the-view.jpg?w=900&h=500&s=1
133,3,https://www.yolculukterapisi.com/wp-content/uploads/2014/10/IMG_8887.jpg
133,4,https://www.bizevdeyokuz.com/wp-content/uploads/uchisar-kalesi-kapadokya.jpg
133,5,https://www.rehbername.com/UserFiles/Image/images/2025/Kapadokya%20Gezilecek%20Yerler/Goreme%20Acik%20Hava%20Muzesi.webp
133,6,https://www.shutterstock.com/image-photo/panoramic-view-unusual-rocky-landscape-260nw-1445073500.jpg
133,7,https://image.posta.com.tr/i/posta/75/1200x675/67597f43251a02661a3157d4.jpg
133,8,https://www.kapadokyabalayitur.com/resimler/devrent-vadi.jpg
133,9,https://www.bizevdeyokuz.com/wp-content/uploads/goreme-acik-hava-muzesi-kapadokya-1.jpg
133,10,https://encrypted-tbn0.gstatic.com/images?q=tbn:ANd9GcTvjeasiSaPVVNt_c7ItvXLFDR8yfYmQGkM8w&s
134,1,https://i.artigercek.com/2/1280/720/storage/old/news/195657.jpg
134,2,https://www.yolculukterapisi.com/wp-content/uploads/2014/10/IMG_8887.jpg
134,3,https://gezimanya.com/sites/default/files/inline-images/peri-bacalari.jpg
134,4,https://blog.obilet.com/wp-content/uploads/2024/02/2kapadokya-min-1024x683.jpeg
134,5,https://storage.evrimagaci.org/content/0d83d8a0-0e8e-4b5f-917f-6e0548d9a269.jpeg
134,6,https://cdn.yerelrehber.com/uploads/2023/63e545c8ce86b_1675969992.jpg
134,7,https://gezginkolik.com/wp-content/uploads/2022/07/kapadokyada-fotograf-cekimi.jpg
134,8,https://mdchotel.com/blog/wp-content/uploads/2021/10/peri-bacasi..jpg
134,9,https://www.tatilkulubu.com.tr/source/Turlar/yurtici-turlar/kapadokya-ask/cc016471b52c924809858c0c20187af2-999999999999999954-83017649486.jpg
134,10,https://img-hopi.mncdn.com/f2/29/f229b58e31954daa928a02f7e62079bd.jpeg
135,1,https://dynamic-media-cdn.tripadvisor.com/media/photo-o/1d/34/ce/ed/hanedan-cappadocia-suites.jpg?w=1200&h=-1&s=1
135,2,https://www.kulturportali.gov.tr/contents/images/NEV%C5%9EEH%C4%B0R-MUSTAFAPA%C5%9EA%20SERVET%20UYGUN%20(641)%20kopya.jpg
135,3,https://www.kucukoteller.com.tr/storage/images/2020/01/29/1580274637752352.webp
135,4,https://kapadokyatanitim.com/wp-content/uploads/2019/02/konstantin-ve-helene-kilisesi-mustafapasa-tatil-kapadokyada.jpg
135,5,https://www.cappadociapage.com/wp-content/uploads/2022/06/mustafapasa-carsisi.png
135,6,https://cdnuploads.aa.com.tr/uploads/Contents/2022/06/17/thumbs_b_c_e9f66414bc737d8b9f1a93e4d9c166fa.jpg?v=113534
135,7,https://fibhabercom.teimg.com/fibhaber-com/uploads/2024/01/302093397-404430468489550-1559957076396625625-n.jpg
135,8,https://storage.googleapis.com/goturkiyev2-storage/Root/goturkiye-v2/mustafapasa_banner.jpg
135,9,https://www.kulturportali.gov.tr/contents/images/NEV%C5%9EEH%C4%B0R-MUSTAFAPA%C5%9EA%20SERVET%20UYGUN%20(641)%20kopya.jpg
135,10,https://cdn.listelist.com/wp-content/uploads/2022/06/Muze-4.jpg
135,11,https://www.kulturportali.gov.tr/repoKulturPortali/large/SehirRehberi//GezilecekYer/20250421134900164_NEVSEHIR%20MUSTAFAPASA%20SERVET%20UYGUN%20(437)%20kopya.jpg?format=jpg&quality=50
135,12,https://cdnuploads.aa.com.tr/uploads/Contents/2022/06/17/thumbs_b_c_e9f66414bc737d8b9f1a93e4d9c166fa.jpg?v=113534
135,13,https://cappadocia4u.com/tr/wp-content/uploads/mustafapasa-urgup.jpeg
135,14,https://cdn.listelist.com/wp-content/uploads/2022/06/Sultanidis-Konagi-Mustafapasa.jpg
135,15,https://fibhabercom.teimg.com/fibhaber-com/uploads/2024/12/302093397-404430468489550-1559957076396625625-n-2.webp
135,16,https://lordcavecappadocia.com/wp-content/uploads/2023/11/Mustafapasa-koyu-kapadokya.jpeg
135,17,https://www.kulturportali.gov.tr/repoKulturPortali/large/SehirRehberi//GezilecekYer/20250421134853975_NEVSEHIR%20MUSTAFAPASA%20SERVET%20UYGUN%20(659)%20kopya.jpg?format=jpg&quality=50
135,18,https://yoldaolmak.com/wp-content/uploads/2018/05/kapadokya-mustafapasa.webp
135,19,https://www.aa.com.tr/uploads/userFiles/a54ea27f-6036-4f79-88c6-6bc9ba19a35d/08_Nisan%2F20_temmuz%2F21%2FAA-28182650.jpg
135,20,https://www.mustafapasa.net/wp-content/uploads/2022/05/mustafapasa-haber.jpg
136,1,"https://imgcy.trivago.com/c_fill,d_dummy.jpeg,e_sharpen:60,f_auto,h_267,q_40,w_400/hotelier-images/3b/51/7c3072d7857e6a18b12412d05ac51bc20caaab5aa0bca6955884288630c8.jpeg"
136,2,https://dynamic-media-cdn.tripadvisor.com/media/photo-o/0f/6a/58/bf/old-greek-house-restaurant.jpg?w=900&h=500&s=1
136,3,https://dynamic-media-cdn.tripadvisor.com/media/photo-o/2a/8e/2e/98/caption.jpg?w=1200&h=1200&s=1
136,4,https://dynamic-media-cdn.tripadvisor.com/media/photo-o/2b/f6/91/5b/caption.jpg?w=1200&h=-1&s=1
136,5,https://media-cdn.tripadvisor.com/media/photo-p/07/5c/63/28/old-greek-house-restaurant.jpg
136,6,https://gezimanya.com/sites/default/files/styles/800x600_/public/gezilecek-yerler/2019-11/image-1_2.jpg
136,7,https://bigguybigworld.com/wp-content/uploads/2021/03/Restaurant-30.jpeg
136,8,https://dynamic-media-cdn.tripadvisor.com/media/photo-o/31/28/25/35/caption.jpg?w=1100&h=1100&s=1
136,9,https://www.oldgreekhouserestaurant.com/slayt/1.jpg
136,10,https://dynamic-media-cdn.tripadvisor.com/media/photo-o/2d/5a/47/c2/caption.jpg?w=1200&h=-1&s=1
137,1,https://www.arkeogezgin.com/wp-content/uploads/2017/11/1-1.jpg
137,2,https://encrypted-tbn0.gstatic.com/images?q=tbn:ANd9GcQHRzK6RR_TZnY_3dCGCl9IRSp2l-Pgrqw_Rg&s
137,3,https://www.discovercappadocia.com/assets/upload/fotograflar/saruhan-1.jpg
137,4,https://cdn-europe.dugunbuketi.com/media/273474/conversions/saruhan-kervansaray-13TnSTWd-display.webp
137,5,https://www.discovercappadocia.com/assets/upload/fotograflar/saruhan-3.jpg
137,6,https://www.discovercappadocia.com/assets/upload/fotograflar/saruhan-2.jpg
137,7,https://cdnuploads.aa.com.tr/uploads/Contents/2022/07/30/thumbs_b_c_aa575192811715ab473d589525a140ec.jpg?v=125034
137,8,https://www.sultanhani.bel.tr/dosya/sayfa/730x411/kervansarayimiz.jpg
137,9,https://media-cdn.tripadvisor.com/media/attractions-splice-spp-674x446/12/1d/38/05.jpg
137,10,https://pbs.twimg.com/media/Fl80T95WYAApBCG.jpg
138,1,https://avatars.mds.yandex.net/get-altay/16874376/2a0000019b0893cb4f8d7ff8f63b33506c4c/orig
138,2,https://upload.wikimedia.org/wikipedia/commons/9/94/Hanc%C4%B1o%C4%9Flu_Kona%C4%9F%C4%B1.JPG
138,3,https://i.ytimg.com/vi/02pA2pJB5qA/hq720.jpg?sqp=-oaymwE7CK4FEIIDSFryq4qpAy0IARUAAAAAGAElAADIQj0AgKJD8AEB-AH-CYAC0AWKAgwIABABGGUgYyhWMA8=&rs=AOn4CLCGhFfd56fcr8QclJs-7Dhv8WO9Jg
138,4,https://images.beyazgazete.com/fotogaleri/2012/2/7749_yer-gok-ask-67-bolum-ozeti-ve-fragmani_669979.jpg
138,5,https://yandex.com.tr/maps/org/hancioglu_konagi/91267150805/
138,6,https://images.beyazgazete.com/fotogaleri/2012/11/13101_yer-gok-ask-98-bolum-foto-galeri_838024.jpg
138,7,https://upload.wikimedia.org/wikipedia/commons/thumb/8/87/Hanc%C4%B1o%C4%9Flu_Kona%C4%9F%C4%B1_balkon_%282%29.JPG/1280px-Hanc%C4%B1o%C4%9Flu_Kona%C4%9F%C4%B1_balkon_%282%29.JPG
138,8,https://images.beyazgazete.com/fotogaleri/2012/11/13101_yer-gok-ask-98-bolum-foto-galeri_546627.jpg
138,9,https://encrypted-tbn0.gstatic.com/images?q=tbn:ANd9GcRuvcuV4uohHG5Rlo9FYyAN2VJepTfAg7Rf-g&s
138,10,https://upload.wikimedia.org/wikipedia/commons/d/de/Hanc%C4%B1o%C4%9Flu_Kona%C4%9F%C4%B1_avlu.JPG
139,1,https://www.heracavesuites.com/assets/media/devrent-vadisi-cm.jpg
139,2,https://neredekalinir.com.tr/wp-content/uploads/2021/05/devrent-hayal-vadisi.jpg
139,3,https://urgupatvturu.com/wp-content/uploads/2022/06/Kapadokya-Devrent-Hayal-Vadisi.jpg
139,4,https://i.test.neredekal.com/i/75/585x300/606da2ca454ff6ad30d6096e
139,5,https://www.rehbername.com/UserFiles/Image/images/2025/Devrent%20Vadisi/Devrent%20(Hayal)%20Vadisi%20Kapadokya%202.jpg
139,6,https://www.cappadociapage.com/wp-content/uploads/2022/04/hayalvadi.png
139,7,https://www.rehbername.com/UserFiles/Image/images/2025/Devrent%20Vadisi/Devrent%20(Hayal)%20Vadisi%20Kapadokya%201.jpg
139,8,https://minio.yuix.org/tto-rest/blog-content/cappadocia_devrent_valley.webp
139,9,https://kapadokyakulturyolu.com.tr/media/PlaceImages/1666592838-e2c84d63-809f-47b3-b4f7-02d1b6c9cf39.webp
139,10,https://www.discovercappadocia.com/assets/upload/fotograflar/devrent-vadisi-1.jpg
140,1,https://mdchotel.com/blog/wp-content/uploads/2021/10/urgup_okivanc-_10_-1.jpg
140,2,https://www.urgupajans.com/images/haberler/urgup-resimleri_1eb714131894dbd306da.jpg
140,3,https://www.kucukoteller.com.tr/storage/images/2021/11/11/1636621250432794.webp
140,4,https://www.etstur.com/letsgo/wp-content/uploads/2018/12/lgtepe.jpg
140,5,https://cdn.gezivalizi.com/media/2024/07/urgup-gzeilicek-yerler.webp
140,6,https://i.kocatepegazetesi.com/c/60/1000x605/s/upload/urgupte-gezilecek-yerler-6f08c0.jpg
140,7,https://cdn2.enuygun.com/media/lib/500x300/uploads/image/temenni-tepesi-38671.webp
140,8,https://fibhabercom.teimg.com/crop/1280x720/fibhaber-com/uploads/2024/08/3713697863-a63561867f-b-1.jpg
140,9,https://dynamic-media-cdn.tripadvisor.com/media/photo-o/09/01/54/74/urgup-sehir-hamami.jpg?w=500&h=-1&s=1
140,10,https://images.gezinomi.com/fit-in/1200x800/filters:quality(100)/filters:format(webp)/assets/blog/urgup-town_1861136986-27.05.2021164002.jpg
141,1,https://bunny-wp-pullzone-nfqzsydbnl.b-cdn.net/wp-content/uploads/2023/07/john-kennedy-havalimani-hikayesi.jpg
142,1,https://www.etstur.com/letsgo/wp-content/uploads/2025/07/01-newyork-letsgo-1.jpg
143,1,https://www.ordu.bel.tr/upload/news/yogun-ilgi-uzerine-saatleri-degisti-43386/b2cd8886-833a-4d47-b773-be1249148708_dscd.jpg
143,2,https://www.rehbername.com/UserFiles/Image/images/2023/Kas%C4%B1m/Boztepe%20Teleferik%20Ordu/Ordu%20Boztepe%20Teleferik%201.jpg
143,3,https://turing.tr/wp-content/uploads/2022/10/boztepe-onecikan-gorsel.jpg
143,4,https://image.hurimg.com/i/hurriyet/90/750x422/57a59523eb10bb14d8a65bc9.jpg
143,5,https://avatars.mds.yandex.net/get-altay/1974402/2a00000177c5963bf114008697ead791f323/L_height
143,6,https://trthaberstatic.cdn.wp.trt.com.tr/resimler/1930000/ordu-boztepe-teleferik-1930867.jpg
143,7,https://trthaberstatic.cdn.wp.trt.com.tr/resimler/1112000/1113974.jpg
143,8,https://encrypted-tbn0.gstatic.com/images?q=tbn:ANd9GcSdXeyxEy1h5JllHAsGdxjlz1BFwQ_QbZPAjw&s
143,9,https://encrypted-tbn0.gstatic.com/images?q=tbn:ANd9GcSk5MGKCihV_Wf6ifTDAGGw6GrjW-N81GvmjQ&s
143,10,https://lh4.googleusercontent.com/proxy/JCx8TW1h3SZ5Qvw9NMXuI5kZl8lSW7UHuXh7JV019i3CrKCoi9qzPUchKh3RC-o5QR21ytLti4Jawo0OFFjK
144,1,https://www.kulturportali.gov.tr/repoKulturPortali/large/SehirRehberi//GezilecekYer/20241101153547900_Karatepe%20Aslantas%20Milli%20Parki%20DJI_0249%20kopya.jpg?format=jpg&quality=50
144,2,https://static.daktilo.com/sites/1469/uploads/2024/07/05/233184199-1727391052.webp
144,3,https://static.daktilo.com/sites/1469/uploads/2024/07/05/233184199-1727391052.webp
144,4,https://encrypted-tbn0.gstatic.com/images?q=tbn:ANd9GcTdQqCja6pbY1i1o8GdKaLIDwLOV25xBfpKBQ&s
144,5,https://i.ytimg.com/vi/iNPGT9fmDeI/maxresdefault.jpg
144,6,https://www.kadirlihaber.com/images/haberler/2021/12/karatepe-aslantas-baraji.jpg
144,7,https://ankahaber.net/public/upload/Haber/123561/123561_13579.Jpeg
144,8,https://encrypted-tbn0.gstatic.com/images?q=tbn:ANd9GcQvoljGXj8atTHQ3EvQNj0dQC7Ai9wru4yiXg&s
144,9,https://upload.wikimedia.org/wikipedia/commons/9/9d/Karatepe_Stadtmauer.JPG
144,10,https://cdniys.tarimorman.gov.tr/api/File/GetImage/435/Haber/14405/14414/HaberKapak/3/kadirlisavrunbaraji_1_1.png
145,1,https://www.trtavaz.com.tr/uploads/photos/2017/05/08/82a8db31136f4cebad3efc3b34f05425.jpg?width=2000&height=2000&mode=max
145,2,https://www.kackar.org/dosyalar/kackar13/slides/kackarlar13-208.jpg
145,3,https://www.kulturportali.gov.tr/repoKulturPortali/large/25022013/101cb7a2-593b-4288-a567-bb5e03173b23.JPG?format=jpg&quality=50
145,4,https://www.kackar.org/dosyalar/kackar13/slides/kackarlar13-230.jpg
145,5,https://rizedeyizcom.teimg.com/crop/1280x720/rizedeyiz-com/arsiv/icerik/2023/02/24/1677222096.png
145,6,https://azgezmis.com/uploads/3gol-ambarli.jpg
145,7,https://encrypted-tbn0.gstatic.com/images?q=tbn:ANd9GcR35i0z3merxy28ExSEbpg896w3HnMXt6z5Mw&s
145,8,https://www.yaz-tatili.com/wp-content/uploads/Ambarl%C4%B1-Yaylas%C4%B1-1.jpg
145,9,https://encrypted-tbn0.gstatic.com/images?q=tbn:ANd9GcTd6_TEalFyhoOzcpWRWTbfA-dsYfjRYRM9eA&s
145,10,https://www.kackar.org/dosyalar/kackar13/slides/kackarlar13-209.jpg
146,1,https://ayder.com.tr/uploads/p/o/yu4riqw7ekrv.webp?v=1773235894
146,2,https://dynamic-media-cdn.tripadvisor.com/media/photo-o/1e/b9/1c/6a/firtina-river.jpg?w=1200&h=-1&s=1
146,3,https://static.birgun.net/resim/wp-content/uploads/2019/01/timistav.jpg
146,4,https://karadeniz.gov.tr///d_galeri/784x523/KOPRUKOY-TIMISVAT-KOPRUSU-119-IMG_8387.JPG
146,5,https://media-cdn.tripadvisor.com/media/photo-s/0b/0e/cc/dc/firtina-deresi-rize.jpg
146,6,https://www.grafimx.com/foto/u13/2015-09-15okayturkay0ac626ef5c48c11.jpg
146,7,https://upload.wikimedia.org/wikipedia/commons/8/89/%C3%87AMLIHEM%C5%9E%C4%B0N-FIRTINA_DERES%C4%B0_TEMMUZ_2010_-_panoramio_%281%29.jpg
146,8,https://www.buradanara.com/wp-content/uploads/2023/12/a307-1024x692.jpg
146,9,https://upload.wikimedia.org/wikipedia/commons/b/b0/ArchBridgeOverFirtinaDeresi%40Rize-Turkey-1.JPG
146,10,https://ayderkibris.com/uploads/p/o/18J9FBqKcRV0.jpg
147,1,https://avatars.mds.yandex.net/get-altay/1045589/2a000001873820b9053317e6952642271f91/L_height
147,2,https://encrypted-tbn0.gstatic.com/images?q=tbn:ANd9GcTkvoMo1UsLT7ESP0004_N1mWlVq6AaAXC0Kg&s
147,3,https://karadeniz.gov.tr///d_galeri/784x523/RIZE-KALESI-12-IMG_3835.JPG
147,4,https://cdn.yerelrehber.com/uploads/2023/63eb8032ec2cc_1676378162.jpg
147,5,https://karadeniz.gov.tr///d_galeri/784x523/RIZE-KALESI-12-IMG_3742.JPG
147,6,https://karadeniz.gov.tr///d_galeri/784x523/RIZE-KALESI-12-IMG_3836.JPG
147,7,https://karadenizgazete.com.tr/Uploads/news/33202515342799manset-1140-568.jpg
147,8,https://hotelmilano.com.tr/wp-content/themes/md/img/rize-kalesi.jpg
147,9,https://img-s2.onedio.com/id-64907b93a63b031bb7468cd7/rev-0/w-600/h-400/f-jpg/s-b2405b59b16a74d3333ab18b2a9da5dd9b1c3b8d.jpg
147,10,https://img-s1.onedio.com/id-64907b5fa63b03866f468c4d/rev-0/w-600/h-385/f-jpg/s-6b8c92ebc3ec541801a03ed0a5f0634d6d75017a.jpg
148,1,https://argonotlar.com/wp-content/uploads/2025/05/Ortan-Tumanoglu-evi-Camlihemsin-Yukari-Vice-scaled.jpg
148,2,https://argonotlar.com/wp-content/uploads/2025/05/Camlihemsin-Yukari-Simsirli-1015x1024.jpg
148,3,https://www.ayder.com/uploads/info/camlihemsin-konaklari_98345.webp
148,4,https://dynamic-media-cdn.tripadvisor.com/media/photo-o/1d/d1/bf/33/dudi-konak.jpg?w=500&h=-1&s=1
148,5,https://www.pazar53.com/d/news/17059.jpg
148,6,https://encrypted-tbn0.gstatic.com/images?q=tbn:ANd9GcTz-jcuQpfGJbNii8QA2-_-S2H5CctwP7JAEw&s
148,7,https://argonotlar.com/wp-content/uploads/2025/05/Halil-Efendi-Konagi-1.jpg
148,8,"https://static.wixstatic.com/media/96b97b_e5f264fec0ac43e3b85931cd49518f28~mv2_d_1920_1200_s_2.jpg/v1/fill/w_1920,h_1200,al_c/96b97b_e5f264fec0ac43e3b85931cd49518f28~mv2_d_1920_1200_s_2.jpg"
148,9,https://saltonline.org/directus/media/thumbnails/2eldes-bozkurt_makreviskonaklari-jpg-1200-1200-false.jpg
148,10,https://images.trvl-media.com/lodging/45000000/44820000/44815700/44815645/b8e8571f.jpg?impolicy=resizecrop&rw=575&rh=575&ra=fill
149,1,https://www.postseyyah.com/wp-content/uploads/0500/05/Minor_pervari.jpg
149,2,https://encrypted-tbn0.gstatic.com/images?q=tbn:ANd9GcTHskHg5Od4a0rNrF0K-gDWluG3Gms0kiH6Jg&s
149,3,https://siirthaberci.com/resimler/2025-10/21/12253843810575.webp
149,4,https://encrypted-tbn0.gstatic.com/images?q=tbn:ANd9GcRkkLQ01UiJxwdFJ0kaucrPnKEk1xh9AjxxpA&s
149,5,https://yenisiirt.com/wp-content/uploads/2020/11/66615118_2209826765793090_6202769289024372736_n.jpg
149,6,https://live.staticflickr.com/8711/16996987257_7955f8a261_z.jpg
149,7,https://encrypted-tbn0.gstatic.com/images?q=tbn:ANd9GcR4T6Z0WZsPRL_qJFIaEQug9E7eb-fWdjTpxw&s
149,8,https://encrypted-tbn0.gstatic.com/images?q=tbn:ANd9GcThr4H7mCKy7nGaP6kF_ga3C-Xc78meODx04Q&s
149,9,https://cdnuploads.aa.com.tr/uploads/PhotoGallery/2020/07/11/thumbs_b2_abf4a9c1a8c66c6de3f623cfd59639bc.jpg
149,10,https://www.kurtalangazetesi.com/files/uploads/news/default/1754826248.webp
150,1,https://encrypted-tbn0.gstatic.com/images?q=tbn:ANd9GcQq5eT9z5WNxAl9ZVFAL9q0ObDnDx9VRwAORw&s
150,2,https://encrypted-tbn0.gstatic.com/images?q=tbn:ANd9GcQpk94VfElZb2LAI5Vhp65VnKSECqReyiK12g&s
150,3,https://static-pano.maps.yandex.ru/v1/?panoid=1238141259_806724798_23_1408455688&size=500%2C240&azimuth=137.1&tilt=10&api_key=maps&signature=EzkFGjuPgFdyzCLGw68ojQI-JqR61YjUVa0E-FiwlfU=
150,4,https://static-pano.maps.yandex.ru/v1/?panoid=1238166430_806730093_23_1408455582&size=500%2C240&azimuth=-146.6&tilt=10&api_key=maps&signature=7kRSgeXXafauJ9jKDTwe_eep_EaxlKhzCTrFvbvB7Sg=
150,5,https://encrypted-tbn0.gstatic.com/images?q=tbn:ANd9GcQzpebQUTbDKXdA8HQmLSsILbQtGZ2lzBCoog&s
150,6,https://imaj.emlakjet.com/scale/600/450/listing/19136400/EA571676CE9B75B0730A5D56350AE93E19136400.jpeg
150,7,https://imaj.emlakjet.com/scale/600/450/listing/19045653/D1B89920B68C0BCF56C0E3C233BBF55919045653.jpg
150,8,https://imaj.emlakjet.com/listing/18493311/27D86619B83F1112F7EABCED36F80A7718493311.jpeg
150,9,https://static-pano.maps.yandex.ru/v1/?panoid=1238096429_806774016_23_1408444178&size=500%2C240&azimuth=51.456878722251815&tilt=1&api_key=maps&signature=eScuzg8LWgphFazFU-vMXfcCl5jQIS9NLcckGw3bU-8=
150,10,https://encrypted-tbn0.gstatic.com/images?q=tbn:ANd9GcTF_148RYmifLwgaLa5eJX2esDPYm--tjIbTw&s
151,1,https://www.dizidoktoru.com/images/upload/Say%C4%B1larla-lKesi%C5%9Fme-%C4%B0yi-ki-Vars%C4%B1n-Erenr2.jpeg
151,2,https://www.aa.com.tr/uploads/userFiles/caec1b32-8257-4f58-87b0-6657c62b92b3/New%20folder%20(22)%2FAA-31889121.jpg
151,3,https://d.koylerim.com/gallery/925_15.jpg
151,4,https://encrypted-tbn0.gstatic.com/images?q=tbn:ANd9GcR6k_k3LqIyXOU-zhfxqZbPnXKcd3FJs2qFrA&s
151,5,https://d.koylerim.com/gallery/925_2.jpg
151,6,https://i.emlaktasondakika.com/Files/EditorImages/images/eren-bulbul.jpg
151,7,https://s1.dmcdn.net/v/N3zFW1Vgse_XD9ExJ/x720
151,8,https://encrypted-tbn0.gstatic.com/images?q=tbn:ANd9GcRbp4VxCQGULJ7xFZujDkOXp7DE6CSrXFJHyw&s
151,9,https://d.koylerim.com/gallery/925_s.jpg
151,10,https://i20.haber7.net/resize/1280x720//haber/haber7/photos/2017/47/sehit_eren_bulbulun_ailesine_ev_yapiliyor_1511349832_7833.jpg
152,1,https://upload.wikimedia.org/wikipedia/commons/8/88/61830_Dar%C4%B1l%C4%B1-Of-Trabzon%2C_Turkey_-_panoramio.jpg
152,2,https://tarabzonlum.wordpress.com/wp-content/uploads/2014/11/cropped-trabzon_gecemanzarasi.jpg
152,3,https://i.pinimg.com/736x/8e/0a/f5/8e0af5706f01af43c64067e5a2b5b3ed.jpg
152,4,https://benimormanim.ogm.gov.tr/files/2021/06/08/f1c46ff9-61d8-4c89-bdf6-a6ece1e537f7.jpg
152,5,https://images.gezinomi.com/fit-in/1200x800/filters:quality(100)/filters:format(webp)/assets/blog/trabzon-uzungol_1493472668-3.06.2021170127.jpg
152,6,https://cdn.agentis.com.tr/www.turrotasi.com/files/actv/323/151b5a5b0c-f.jpeg
152,7,https://blog.jollytur.com/wp-content/uploads/2020/11/trabzon-altindere-milli-parki.jpg
152,8,https://blog.jollytur.com/wp-content/uploads/2025/09/24693532611-1024x699.jpg
152,9,https://www.geziland.com/upload/blog/trabzon-turlari-geziland.jpg
152,10,https://www.ofhavadis.com/images/album/DSC04069_1.jpg
153,1,https://karadeniz.gov.tr///d_galeri/784x523/MACKA-ALTINDERE-VADISI-MILLI-PARKI-18.jpg
153,2,https://encrypted-tbn0.gstatic.com/images?q=tbn:ANd9GcQ-Orq7-Iz0CXemYjK3iGJm047StIuzTAPqbw&s
153,3,https://encrypted-tbn0.gstatic.com/images?q=tbn:ANd9GcRIjXuxipmBPfpl9Sd39am9U2TbU-uoyEGgug&s
153,4,https://upload.wikimedia.org/wikipedia/commons/thumb/d/db/Sumela_From_Across_Valley.JPG/500px-Sumela_From_Across_Valley.JPG
153,5,https://isbh.tmgrup.com.tr/sbh/2020/08/13/650x344/rabzonun-macka-ilcesi-altindere-vadisinde-bulunan-1597323633038.jpg
153,6,https://karadeniz.gov.tr///d_galeri/784x523/MACKA-ALTINDERE-VADISI-MILLI-PARKI-14.jpg
153,7,https://upload.wikimedia.org/wikipedia/commons/f/f4/61750_Alt%C4%B1ndere-Ma%C3%A7ka-Trabzon%2C_Turkey_-_panoramio_%2818%29.jpg
153,8,https://www.ecocar.com.tr/dosya/3058/blog/36-1-trabzon-altindere-vadisi-milli-parki-hakkinda-bilgi_994.jpeg
153,9,https://cdnuploads.aa.com.tr/uploads/Contents/2025/07/18/thumbs_b_c_eba5a8c9362245fb10b74e146d0f396f.jpg?v=122734
153,10,https://i.pinimg.com/736x/14/7a/c0/147ac0f0375c6bd8835199c0279a5655.jpg
154,1,https://uzungolturizm.com.tr/wp-content/uploads/2022/04/lustra.png
154,2,https://karadenizturlari.com.tr/uploads/2025/06/karadeniz-turlari-2-233x233.webp
154,3,https://www.makaleler.com/fotomakaleler/surmene-de-ne-yapilir-surmene-ziyaretinize-renk-katacak-aktiviteler-1781.jpg
154,4,https://karadenizturlari.com.tr/uploads/2025/06/surmenede-gezilecek-yerler.jpg
154,5,https://upload.wikimedia.org/wikipedia/commons/d/d1/Trabzon_Kazang%C4%B1ran_Yaylas%C4%B1_Yolu.jpg
154,6,https://image.elitema.com.tr/db_images/45/4/726/ayder_5403.jpg
154,7,https://encrypted-tbn0.gstatic.com/images?q=tbn:ANd9GcShKoA1ndQMYz_UjIsjm_W2KTosKAdkga4Zag&s
154,8,https://seyahatgunlukleri.com/wp-content/uploads/2012/09/karadeniz2-7.jpg
154,9,https://www.fumefly.com/assets/gallery/webp/1x/tabzon-surmene-aso-evleri-aksu-koyu-standart.webp
154,10,https://upload.wikimedia.org/wikipedia/commons/7/76/%2826.08.2012%29_-_%28TRABZON_-_K%C3%96PR%C3%9CBA%C5%9EI_-_Ta%C5%9Fl%C4%B1_Yaylas%C4%B1%29_-_panoramio.jpg
155,1,https://www.dedeman.com/assets/upload/place/vazelonmanastiri.jpg
155,2,https://karadeniz.gov.tr///d_galeri/784x523/VAZELON-MANASTIRI-159-IMG_6907.JPG
155,3,https://bordomavi.net/wp-content/uploads/2026/02/vazelon-manastiri-nerede.jpg
155,4,https://upload.wikimedia.org/wikipedia/commons/thumb/d/d5/Kloster_Vazelon_Hauptgebaeude_Juli_2014.jpg/1280px-Kloster_Vazelon_Hauptgebaeude_Juli_2014.jpg
155,5,https://www.ofunsesi.com/images/haber/vazelon-manastirinin-tarihi-vazelon-manastiri-nerededir-nasil-gidilir-103559-20230601.jpg
155,6,https://encrypted-tbn0.gstatic.com/images?q=tbn:ANd9GcRFsLo78UhPsX-aiP4ADtmJMxcPSo3ups-eiw&s
155,7,https://cdnuploads.aa.com.tr/uploads/PhotoGallery/2024/11/08/thumbs_b2_dc41e9d67a96cdcd1bc6fded6b1893f2.jpg
155,8,https://trthaberstatic.cdn.wp.trt.com.tr/resimler/2300000/2301235.jpg
155,9,https://encrypted-tbn0.gstatic.com/images?q=tbn:ANd9GcRi9slA4uYZkxUQ91JHvlGAJWsMG7_9NxjRnA&s
155,10,https://cdn.listelist.com/wp-content/uploads/2016/12/vazelon-manastiri.jpg
156,1,https://upload.wikimedia.org/wikipedia/commons/0/04/Van_Akdamar_Adas%C4%B1_Kilise.jpg
156,2,https://turing.tr/wp-content/uploads/2024/03/kapak.jpg
156,3,https://cdn2.enuygun.com/media/lib/1200x675/uploads/image/akdamar-adasi-56584.webp
156,4,https://gezimanya.com/sites/default/files/styles/800x600_/public/gezilecek-yerler/2021-09/akdamar-kilisesi.jpg
156,5,https://mozartcultures.com/wp-content/uploads/2021/05/kapak.jpg
156,6,https://vanvakfi.org/wp-content/uploads/2017/03/2258964-akdamar-adasi-ve-kilisesi.jpg
156,7,https://cdnuploads.aa.com.tr/uploads/Contents/2019/04/26/thumbs_b_c_0c8a6eebdcc12ca4d051f7a4647c24df.jpg
156,8,https://kentrehberi.ipekyolu.bel.tr/upload/akdamar_adasi-1-ZVR35EIM_957-tr.jpg
156,9,https://www.kulturportali.gov.tr/contents/images/Akdamar%20Ant%20M%C3%BCzesi%20(13)(1).jpg?format=jpg&quality=50&width=1200
156,10,https://cdnuploads.aa.com.tr/uploads/Contents/2021/09/03/thumbs_b_c_5ec4bbd7777d4e101714224d019f3ca9.jpg?v=100137
157,1,https://gezgince.com/Makale/65/851/7/12/174f4ffd2a6ba149b3cbd0af9834516edc1b7eba/social/128794-akdamar01.jpg
157,2,https://dunyabizimcom.teimg.com/crop/1280x720/dunyabizim-com/images/haberler/2023/08/van_gevasta_selcuklu_donemi_eserleri_h42323_c7b8f.jpg
157,3,https://encrypted-tbn0.gstatic.com/images?q=tbn:ANd9GcS-EcUlrq5m4vzz83YVxBLkW77Wcw0kjLEoLA&s
157,4,https://encrypted-tbn0.gstatic.com/images?q=tbn:ANd9GcRzPY-aIqvljTZSA_6nYyigXRFUVOkv1aR35A&s
157,5,https://cdnuploads.aa.com.tr/uploads/Contents/2023/11/20/thumbs_b_c_c4df52ec9dae7ae9910c3c981e84f3be.jpg?v=130914
157,6,https://www.gazetevan.com/resimler/resim_galeri/1683108499ZJtx1.jpg
157,7,https://gevas.meb.gov.tr/meb_iys_dosyalar/2015_02/02015322_gevas1.jpg
157,8,https://api.merletour.com/uploads/tour_galleries/681a01ed9e453-1746534893.png.webp
157,9,"https://van.ktb.gov.tr/Resim/495679,akdamar1jpg.png?0"
157,10,https://www.gezi-yorum.net/wp-content/uploads/2020/07/geva%C5%9F.jpg
158,1,https://encrypted-tbn0.gstatic.com/images?q=tbn:ANd9GcQfgvoCIT51RkoFrwiZlxPAc2glF9LBuM8T8Q&s
159,1,https://hypiumotel.com/wp-content/uploads/2026/01/as01.jpg
159,2,https://www.turizmgunlugu.com/wp-content/uploads/2023/05/Zonguldak-Gokgol-Magarasi-Sahra-Gulal.jpg
159,3,https://dynamic-media-cdn.tripadvisor.com/media/photo-o/2a/1c/fe/e6/gokgol-magarasi.jpg?w=500&h=500&s=1
159,4,https://gezgince.com/Makale/67/874/7/4/248c605056af483b59c7802723e48df87e346d11/social/s-65797d438cfc4902ddae3bd2ee0d3a17852a49c3.jpeg
159,5,https://gezgince.com/Makale/44/606/7/4/9b0a136cb49a6404294d05aca3380aa9c8a55b0e/social/243__unnamed1-.jpeg
159,6,https://www.turkishmuseums.com/Uploads/M%C3%BCze/Foto/Foto%C4%9Fraflar/288ac74f-b36e-41ec-9812-dc732d6d6c3c.jpg
159,7,https://www.kulturportali.gov.tr/repoKulturPortali/large/17012013/1265c733-8543-4693-8dcb-cc0b1b655b53.jpg?format=jpg&quality=50
159,8,https://blog.biletbayi.com/wp-content/uploads/2020/05/amasra-turkiye-scaled.jpg
159,9,https://assets.enuygun.com/media/lib/500x300/uploads/image/filyos-kalesi-53314.webp
160,1,https://www.etstur.com/letsgo/wp-content/uploads/2025/06/01-bozcaada-letsgo-1044x587.jpg
160,2,https://blog.biletbayi.com/wp-content/uploads/2020/12/bozcaada-gece-hayati--scaled.jpg
160,3,https://bozcaadatrip.com/wp-content/uploads/2024/03/Bozcaadada-Sarap-Tadimi-Turu.jpeg
160,4,https://dynamic-media-cdn.tripadvisor.com/media/photo-o/0f/24/cc/37/karadut-bag-evleri.jpg?w=900&h=500&s=1
160,5,https://camlibag.com.tr/wp-content/uploads/2021/11/david-kohler-gBdG886bLDY-unsplash.jpg
160,6,https://www.bizevdeyokuz.com/wp-content/uploads/bozcaada-kilise.jpg
160,7,https://www.kulturportali.gov.tr/repoKulturPortali/large/SehirRehberi//GezilecekYer/20180910151856256_logolu%20BOZCAADA%20KALE%20GUN%20BATIMI%20%20BRC_3188.jpg?format=jpg&quality=50
160,8,https://cdn2.enuygun.com/media/lib/1200x675/uploads/image/bozcaada-kalesi-61931.webp
160,9,https://images.etstur.com/imgproxy/definitions/etstur/page_management/4a58b22f0048868799bae763622a4f43_20210322135053.jpg
160,10,https://www.bozcaadaotelleri.com/wp-content/uploads/2017/02/bozcaada-gece.jpg
161,1,https://cdnuploads.aa.com.tr/uploads/Contents/2024/04/10/thumbs_b_c_1384115f59fca5a22a79dd29ec8182f6.jpg?v=120046
161,2,https://image5.sahibinden.com/primeRow/25/39/35/pr_thmb_1305253935go3.jpg
161,3,https://www.bogaz.com.tr/images/news/buyuk/img_6744_311202114523.jpg
161,4,https://i.test.neredekal.com/i/75/585x300/606a25a9cc2ada564b394901
161,5,https://marmarabolge.com/wp-content/uploads/2025/03/d135166b-e0cb-45e9-90a9-746f72228dbd.jpg
161,6,https://www.canakkaleolay.com/public/photos/news/2025/202504/haber-87737/53622923_87737_eceabat-ta-ureticilere-uy.jpg
161,7,https://cdne-camp.azureedge.net/img/zeytinlik-cadir-kamp-2-720.webp
161,8,https://media.cb.com.tr/StockMediaFiles/4670/IMG-1871_TDJ4X14PA5_1000X664.jpeg
161,9,https://i.ytimg.com/vi/XnTI7M0ITH8/hq720.jpg?sqp=-oaymwE7CK4FEIIDSFryq4qpAy0IARUAAAAAGAElAADIQj0AgKJD8AEB-AH-CYAC0AWKAgwIABABGGQgZShMMA8=&rs=AOn4CLDsHdCUh4fKHDThgRNs3Q6Vx15t5Q
161,10,https://imaj.emlakjet.com/scale/900/675/listing/17290231/EA463E0E460EA6BCCEF94645AD6019E417290231.jpg
162,1,https://www.canakkalehaber.com/images/media/2025/12/geyikli-isil-isil_694a3ca5c12f9.jpg
162,2,https://www.canakkaletravel.com/images/gallery/l/geyikli-2-76763.jpg
162,3,https://www.canakkalegeyikli.bel.tr/images/form/resim/rs117588.jpg
162,4,https://www.tenedosiskelehotel.com/wp-content/uploads/2023/04/geyikli-89250.jpeg
162,5,https://imaj.emlakjet.com/listing/18464429/5B31C355838772D19BB7177F37F27B6918464429.jpg
162,6,https://dynamic-media-cdn.tripadvisor.com/media/photo-o/2c/e6/e5/14/caption.jpg?w=900&h=500&s=1
162,7,https://www.ajansbzn.com/wp-content/uploads/2022/06/DJI_0147.jpg
162,8,https://pbs.twimg.com/media/G82sL4QWsAALNCc.jpg
162,9,https://www.geyikliotelleri.com/wp-content/uploads/2022/03/geyikli-gezilecek-yerler.jpg
162,10,https://www.canakkaletravel.com/images/gallery/l/geyikli3-52778.jpg
163,1,https://www.trtavaz.com.tr/uploads/photos/2023/03/12/2654dee819004c55857496bfb4bcce04.jpg?w=640
163,2,https://cdnuploads.aa.com.tr/uploads/Contents/2018/04/23/thumbs_b_c_2254e03ca8bec80dc36478d5226ca767.jpg
163,3,https://cdnuploads.aa.com.tr/uploads/Contents/2024/03/17/thumbs_b_c_53103c472e3770d5b99e03f40205652a.jpg?v=154113
163,4,https://www.kulturportali.gov.tr/contents/images/DJI_0196(1).jpg
163,5,https://canakkaletarihialan.gov.tr/data/uploads/galery/9tkwWgWcC4yeIdQ0EgPuYOaxnRiUHxbYtaqi8DwW.jpg
163,6,https://www.malatyatime.com/images/haberler/2024/06/canakkale-savaslari-tarihi-gelibolu-yarimadasinda-malatyadan-kac-sehit-bulunuyor-1719402841.jpg
163,7,https://www.kulturportali.gov.tr/contents/images/57%20_P%C4%B0YADE%20ALAYI%20%C5%9EEH%C4%B0TL%C4%B0%C4%9E%C4%B0(1).jpg
163,8,"https://static.wixstatic.com/media/4a9b6c_8de50820bc7847fda95b5dd8d9a256d4~mv2.jpg/v1/fill/w_640,h_440,fp_0.50_0.50,lg_1,q_80,enc_auto/4a9b6c_8de50820bc7847fda95b5dd8d9a256d4~mv2.jpg"
163,9,https://encrypted-tbn0.gstatic.com/images?q=tbn:ANd9GcT5dAqw7U-2ZKcuEZNASrOHG-QGCwEufHfwxQ&s
163,10,https://encrypted-tbn0.gstatic.com/images?q=tbn:ANd9GcTXJzHDTKXcpQjMx0KVd-3sFFVjDJ2VWecELg&s
164,1,https://upload.wikimedia.org/wikipedia/commons/a/a8/Sar%C4%B1yer_Feneryolu_Bird_Observation_Tower.jpg
164,2,https://upload.wikimedia.org/wikipedia/commons/b/bb/Estambul%2C_Sar%C4%B1yer_1998_03.jpg
164,3,https://upload.wikimedia.org/wikipedia/commons/5/55/Hac%C4%B1_Osman_Bay%C4%B1r%C4%B1_Cad%2C_Sar%C4%B1yer_p1.JPG
164,4,https://upload.wikimedia.org/wikipedia/commons/4/40/Hac%C4%B1_Osman_Bay%C4%B1r%C4%B1_Cad%2C_Sar%C4%B1yer_p2.JPG
164,5,https://upload.wikimedia.org/wikipedia/commons/d/d7/Istanbul_Sariyer_Sezai_Bey_Sokak.jpg
164,6,https://upload.wikimedia.org/wikipedia/commons/0/0f/Merkez%2C_Park_%C4%B0%C3%A7i_Yolu%2C_34450_Sar%C4%B1yer-%C4%B0stanbul%2C_Turkey_-_panoramio.jpg
164,7,https://upload.wikimedia.org/wikipedia/commons/9/93/Sar%C4%B1yer%2C_B%C3%BCy%C3%BCkdere%2C_34453_Sar%C4%B1yer-%C4%B0stanbul%2C_Turkey_-_panoramio.jpg
164,8,https://upload.wikimedia.org/wikipedia/commons/c/ca/Sar%C4%B1yer%2C_%C4%B0stanbul%2C_Turkey_-_panoramio.jpg
164,9,https://upload.wikimedia.org/wikipedia/commons/2/22/Basphorous_View.jpg
164,10,https://upload.wikimedia.org/wikipedia/commons/0/00/Sar%C4%B1yer%2C_%C4%B0stanbul_%2812966523805%29.jpg
165,1,https://upload.wikimedia.org/wikipedia/commons/2/2f/%C4%B0stanbul_Deniz_M%C3%BCzesi%2C_Be%C5%9Fikta%C5%9F_2015-4.jpg
165,2,https://upload.wikimedia.org/wikipedia/commons/4/4c/Ihlamur_Kasr%C4%B1%2C_Be%C5%9Fikta%C5%9F_2014-7.jpg
165,3,https://upload.wikimedia.org/wikipedia/commons/a/ac/%C4%B0stanbul_Deniz_M%C3%BCzesi%2C_Be%C5%9Fikta%C5%9F_2015-3.jpg
165,4,https://upload.wikimedia.org/wikipedia/commons/3/3a/%C4%B0stanbul_Deniz_M%C3%BCzesi%2C_Be%C5%9Fikta%C5%9F_2015-2.jpg
165,5,https://upload.wikimedia.org/wikipedia/commons/0/01/Ihlamur_Kasr%C4%B1%2C_Be%C5%9Fikta%C5%9F_2014.jpg
165,6,https://upload.wikimedia.org/wikipedia/commons/2/2f/%C4%B0stanbul_Deniz_M%C3%BCzesi%2C_Be%C5%9Fikta%C5%9F_2015-1.jpg
165,7,https://upload.wikimedia.org/wikipedia/commons/b/bb/%C4%B0stanbul_Deniz_M%C3%BCzesi%2C_Be%C5%9Fikta%C5%9F_2015-5.jpg
165,8,https://upload.wikimedia.org/wikipedia/commons/1/13/Besiktas_Montage.jpg
165,9,https://upload.wikimedia.org/wikipedia/commons/c/ca/Masum%2C_Be%C5%9Fikta%C5%9F_2014.jpg
165,10,https://upload.wikimedia.org/wikipedia/commons/8/8d/Istanbul_asv2020-02_img55_View_of_Be%C5%9Fikta%C5%9F.jpg
166,1,https://image.milimaj.com/i/milliyet/75/869x477/653d390686b2451cd8fd75ec.jpg
166,2,https://www.istanbulsanatdergisi.com/wp-content/uploads/2020/05/ataturk-kultur-merkezi-akm-binasindan-son-goruntuler-3.jpg
166,3,https://www.arkitera.com/wp-content/uploads/2022/02/01_EmreDorter-15-615x375.jpg
166,4,https://bireysel.turktelekom.com.tr/tt-prime/PublishingImages/images/ayricaliklar/akm.webp
166,5,https://cdn.akmistanbul.gov.tr/other/kurumsal-yeni.jpg
166,6,https://upload.wikimedia.org/wikipedia/commons/3/34/Istanbul_asv2021-10_img08_Taksim_AKM.jpg
166,7,https://cdn.akmistanbul.gov.tr/other/810x460.jpg
166,8,https://iasbh.tmgrup.com.tr/0b1a6e/650/344/0/16/1200/645?u=https://isbh.tmgrup.com.tr/sbh/2021/10/29/1635457499261.jpg
166,9,https://static.euronews.com/articles/stories/06/18/64/54/1440x810_cmsv2_a868ba24-c531-5db9-bfc8-6b137a1f19fa-6186454.jpg
166,10,https://www.arkitera.com/wp-content/uploads/2022/02/01_EmreDorter-9-615x375.jpg
167,1,https://encrypted-tbn0.gstatic.com/images?q=tbn:ANd9GcSRTK1lSBOEwrmVII2Nd3aZHNrYvTVSq6nbOw&s
167,2,https://avatars.mds.yandex.net/get-altay/988435/2a0000019044f0e3a4858b979fe7daad6b41/L_height
167,3,https://cdnuploads.aa.com.tr/uploads/Contents/2016/10/30/thumbs_b_c_a7c8252df51e8986872e7aa20fea25ed.jpg
167,4,https://encrypted-tbn0.gstatic.com/images?q=tbn:ANd9GcTHlcXeCfGS-OZMRxIfioGxlpSnDYcS7ibH5w&s
167,5,https://avatars.mds.yandex.net/get-altay/10238647/2a0000019044f11e1f7716a5b6d2f587f28e/L_height
167,6,https://www.turizmnews.com/images/haberler/2021/02/turkiye-nin-en-buyuk-film-platosu-olacak_m.jpg
167,7,https://avatars.mds.yandex.net/get-altay/15074774/2a00000195704420c9e9301fb80291ca0715/L_height
167,8,https://iasbh.tmgrup.com.tr/c707a1/650/344/0/48/800/468?u=https://isbh.tmgrup.com.tr/sbh/2025/06/05/bozdag-film-platolari-bayramda-ozel-etkinliklerle-ziyaretcilerini-agirlayacak-1749114442906.jpg
167,9,https://i20.haber7.net/resize/1280x720//haber/haber7/og_image/2023/26/ziyarete_acilan_bozdag_film_platolarina_yogun_ilgi_1687857999_8643.jpg
167,10,https://dynamic-media-cdn.tripadvisor.com/media/photo-o/2c/08/d2/44/tarihi-derinden-hissedeceginiz.jpg?w=1200&h=1200&s=1
168,1,https://upload.wikimedia.org/wikipedia/commons/f/f8/Kar_altinda_agva_otelleri.JPG
168,2,https://upload.wikimedia.org/wikipedia/commons/6/61/A%C4%9Fva_Plaj%C4%B1_Uyar%C4%B1_Levhas%C4%B1.jpg
168,3,https://upload.wikimedia.org/wikipedia/commons/6/66/A%C4%9Fva_Ye%C5%9Fil%C3%A7ay_%C4%B0stanbul_Province.jpg
168,4,https://upload.wikimedia.org/wikipedia/commons/e/ee/A%C4%9Fva_%C5%9File.jpg
168,5,https://upload.wikimedia.org/wikipedia/commons/2/26/A%C4%9Fva_%C5%9Eile.JPG
168,6,https://upload.wikimedia.org/wikipedia/commons/7/7b/A%C4%9Fva_%C4%B0stanbul_Province.jpg
168,7,https://upload.wikimedia.org/wikipedia/commons/7/74/Agva_0029a.jpg
168,8,https://upload.wikimedia.org/wikipedia/commons/0/0a/Agva_0057_citler.jpg
168,9,https://upload.wikimedia.org/wikipedia/commons/c/c0/Kad%C4%B1rgal%C4%B1_Koyu%2C_A%C4%9Fva%2C_%C5%9Eile.jpg
168,10,https://upload.wikimedia.org/wikipedia/commons/a/ae/Gorge_at_the_confluence_of_the_rivers_Agva_and_Sochi_%2853068062043%29.jpg
169,1,https://scrolltheglobe.com/wp-content/uploads/2021/06/Balat_13.jpg
169,2,https://images.unsplash.com/photo-1626692881251-9da2e80b665c?q=80&w=687&auto=format&fit=crop&ixlib=rb-4.1.0&ixid=M3wxMjA3fDB8MHxwaG90by1wYWdlfHx8fGVufDB8fHx8fA%3D%3D
169,3,https://upload.wikimedia.org/wikipedia/commons/8/85/Streundende_Katze_Istanbul_Balat.jpg
169,4,https://media.licdn.com/dms/image/v2/D4D12AQEbwJMhISgZ0w/article-cover_image-shrink_720_1280/article-cover_image-shrink_720_1280/0/1688906020675?e=2147483647&v=beta&t=IGV_MpWtPRCKKuPcrADgd_cUw807iX1t9yD1QEDtl8o
169,5,https://travelatelier.com/wp-content/uploads/2019/04/visiting-neighborhoods-fatih-fener-balat-istanbul.jpg
169,6,https://galatagreenlandhotel.com/wp-content/uploads/2025/07/Fener-and-Balat-1024x683.jpg
169,7,https://blog.sofos.com.tr/wp-content/uploads/2019/04/balat-1.jpg
169,8,https://images.unsplash.com/photo-1696711078695-2dbb9b2d0aad?q=80&w=735&auto=format&fit=crop&ixlib=rb-4.1.0&ixid=M3wxMjA3fDB8MHxwaG90by1wYWdlfHx8fGVufDB8fHx8fA%3D%3D
169,9,https://upload.wikimedia.org/wikipedia/commons/c/c3/Balat_%28Fatih%2C_Istanbul%29_09.jpg
169,10,https://upload.wikimedia.org/wikipedia/commons/1/1a/BalatOldVillage4.jpg
169,11,https://images.unsplash.com/photo-1661769255055-37faa16b3bec?q=80&w=1374&auto=format&fit=crop&ixlib=rb-4.1.0&ixid=M3wxMjA3fDB8MHxwaG90by1wYWdlfHx8fGVufDB8fHx8fA%3D%3D
169,12,https://encrypted-tbn0.gstatic.com/images?q=tbn:ANd9GcSt5mqWX3J4csoNALIMBnldKxVFcL4mlYhH8g&s
169,13,https://i.pinimg.com/736x/94/70/43/947043d5f59ad66f4ef5ec8a89a128aa.jpg
169,14,https://upload.wikimedia.org/wikipedia/commons/2/2b/Balat_Nostaljik_Bakkal.jpg
169,15,https://upload.wikimedia.org/wikipedia/commons/8/87/Balat_Renkleri.jpg
169,16,https://upload.wikimedia.org/wikipedia/commons/5/5c/Balat_Sokaklar%C4%B1.jpg
169,17,https://upload.wikimedia.org/wikipedia/commons/1/15/Balat_houses.jpg
169,18,https://upload.wikimedia.org/wikipedia/commons/c/ca/Balat_%C5%9Eemsiyeleri.jpg
169,19,https://upload.wikimedia.org/wikipedia/commons/a/ab/Rue_du_quartier_de_Balat_%C3%A0_Istanbul.jpg
169,20,https://upload.wikimedia.org/wikipedia/commons/f/f0/Balat_Mistik_D%C3%BCkkan.jpg
170,1,https://cdn2.enuygun.com/media/lib/500x300/uploads/image/sancaktar-yokusu-47886.webp
170,2,https://www.bizevdeyokuz.com/wp-content/uploads/merdivenli-yokus-balat.jpg
170,3,https://image.hurimg.com/i/hurriyet/90/0x0/582980d30f25444930c14fa6.jpg
170,4,https://cdn2.enuygun.com/media/lib/1200x675/uploads/image/balat-61950.webp
170,5,https://gezipgordum.com/wp-content/uploads/2017/11/Merdivenli-yokus-balat.jpg
170,6,https://www.artfulliving.com.tr/image_data/content_pane_image/4716c7a0f4029754f78b36db71b6ca9a.jpg
170,7,https://wp.oggusto.com/wp-content/uploads/2024/11/balat-mekanlari.webp
170,8,https://rotanereye.com/wp-content/uploads/2017/12/Balat-sokaklar%C4%B1.jpg
170,9,https://www.tokihaber.com.tr/wp-content/uploads/2019/06/istanbul-balat-mahalle-4-820x492.jpg
170,10,https://oitheblog.com/wp-content/uploads/2016/04/SAM_9137.jpg
171,1,https://www.gezi-yorum.net/wp-content/uploads/2016/11/AYVANSARAY.Genel_.2.jpg
171,2,https://www.indyturk.com/sites/default/files/styles/800xauto/public/thumbnails/image/2019/11/24/217536-197656721.jpg?itok=LPH56H-K
171,3,https://yandex.com.tr/maps/org/cukur_cekim_yeri/199612071351/
171,4,https://im.haberturk.com/galeri/2020/09/11/ver1602681416/499877/fef23078c3a2ef79e5675c21304eb33d_840.jpg
171,5,https://avatars.mds.yandex.net/get-altay/15388054/2a000001998a370dcfaa793fe6f4c31f135e/L_height
171,6,https://encrypted-tbn0.gstatic.com/images?q=tbn:ANd9GcSFyDnq3xjqGsSZ1SmFZJuB4NzfYO4UnJSe8A&s
171,7,https://www.fatih.bel.tr/webfiles/fotograf/haberler/10113-ayvansarayda-lavanta-sokak-ve-leblebiciler-so-20260306-124105-fatihbel_haberler_825x456.webp
171,8,https://static-pano.maps.yandex.ru/v1/?panoid=1246394987_806355724_23_1721914198&size=500%2C240&azimuth=149.9&tilt=10&api_key=maps&signature=eEcGaxnfUp9mseShLtEcLL5fj5WDtN8o8mCL8-ycWBM=
171,9,https://img.memurlar.net/galeri/21683/8f06216f-8c75-ec11-8108-a0369f7d1484.jpg?width=800
171,10,https://img.piri.net/resim/imagecrop/2019/04/06/03/08/resized_13d7f-d99b7556cukurmahallesibalat1.jpg
172,1,https://encrypted-tbn0.gstatic.com/images?q=tbn:ANd9GcRqfvLxlwHy20ryDwhPmW3eIoFU9zNd1OIMKg&s
172,2,https://slightnorth.com/wp-content/uploads/2019/03/IMG_1440.jpg
172,3,https://istanbultourstudio.s3.amazonaws.com/uploads/sight/cover_photo/57/istanbul_bebek_parki.jpg
172,4,https://blog.obilet.com/wp-content/uploads/2018/05/Bebek-Gezisi-2.jpg
172,5,https://nomadicniko.com/wp-content/uploads/2019/10/DSC_9567.jpg
172,6,https://encrypted-tbn0.gstatic.com/images?q=tbn:ANd9GcQS5eBcJ_r4n450UQJVjaHT75ZMqAk8p6AFSA&s
172,7,https://img.piri.net/piri/upload/3/2025/6/11/d0a282d7-l9hr14dm5rf3jhtpd2ctus.jpeg
172,8,https://dynamic-media-cdn.tripadvisor.com/media/photo-o/11/aa/ae/86/photo0jpg.jpg?w=900&h=500&s=1
172,9,https://media-cdn.tripadvisor.com/media/photo-s/18/fa/ec/7a/arnavutkoy.jpg
172,10,https://media-cdn.tripadvisor.com/media/photo-s/18/fa/ed/9b/bebek-coast.jpg
173,1,https://avatars.mds.yandex.net/get-altay/16136925/2a00000197e6bd45b40fa5f42976c1e72cca/orig
173,2,https://i.neredekal.com/i/neredekal/75/585x300/605fdec7b0548b8e449e3e5f
173,3,https://i.pinimg.com/736x/b6/7f/41/b67f41d980ab2caeda6a6087b2d3ee4b.jpg
173,4,https://encrypted-tbn0.gstatic.com/images?q=tbn:ANd9GcQ4jwUYoKJWElPqoJ1tsJo4vbHjpSdXwCAZJw&s
173,5,https://s3.turistikrota.com/places/bebek-sahili-istanbul-un-luks-kiyi-seridi-8295d848.webp
173,6,https://s3.turistikrota.com/places/bebek-sahili-istanbul-un-luks-kiyi-seridi-f39162c6.webp
173,7,https://dynamic-media-cdn.tripadvisor.com/media/photo-o/0d/ec/39/f0/bebek-sahili-cok-guzel.jpg?w=600&h=400&s=1
173,8,https://dynamic-media-cdn.tripadvisor.com/media/photo-o/30/90/ff/7e/title-the-chicest-seaside.jpg?w=1100&h=1100&s=1
173,9,https://s3.turistikrota.com/places/bebek-sahili-istanbul-un-luks-kiyi-seridi-3ea7fa61.webp
173,10,https://cdn2.enuygun.com/media/lib/500x300/uploads/image/sahil-be-51495.webp
174,1,https://upload.wikimedia.org/wikipedia/commons/2/2f/%C4%B0stanbul_Deniz_M%C3%BCzesi%2C_Be%C5%9Fikta%C5%9F_2015-1.jpg
174,2,https://upload.wikimedia.org/wikipedia/commons/6/6a/%C4%B0stanbul_Bebek_sahili_1934.JPG
174,3,https://upload.wikimedia.org/wikipedia/commons/a/ac/%C4%B0stanbul_Deniz_M%C3%BCzesi%2C_Be%C5%9Fikta%C5%9F_2015-3.jpg
174,4,https://upload.wikimedia.org/wikipedia/commons/3/3a/%C4%B0stanbul_Deniz_M%C3%BCzesi%2C_Be%C5%9Fikta%C5%9F_2015-2.jpg
174,5,https://upload.wikimedia.org/wikipedia/commons/c/ca/Masum%2C_Be%C5%9Fikta%C5%9F_2014.jpg
174,6,https://upload.wikimedia.org/wikipedia/commons/8/8d/Istanbul_asv2020-02_img55_View_of_Be%C5%9Fikta%C5%9F.jpg
174,7,https://upload.wikimedia.org/wikipedia/commons/8/85/Istanbul-Bebek.jpg
174,8,https://upload.wikimedia.org/wikipedia/commons/4/4c/Ihlamur_Kasr%C4%B1%2C_Be%C5%9Fikta%C5%9F_2014-7.jpg
174,9,https://upload.wikimedia.org/wikipedia/commons/0/01/Ihlamur_Kasr%C4%B1%2C_Be%C5%9Fikta%C5%9F_2014.jpg
174,10,https://upload.wikimedia.org/wikipedia/commons/1/13/Besiktas_Montage.jpg
175,1,https://encrypted-tbn0.gstatic.com/images?q=tbn:ANd9GcSICZetOORq9e8qh1VgIWZ_6WR6-hAp9K5Gvg&s
175,2,https://i.test.neredekal.com/i/75/585x300/605fdec7dc0ceac840109cf7
175,3,https://encrypted-tbn0.gstatic.com/images?q=tbn:ANd9GcSA8-2IWxBzDt98kUL_WuReXzi_yUDFw82w1Q&s
175,4,https://kultur.istanbul/gorsel/2021/10/misir-konsoloslugu.jpg
175,5,https://kultur.istanbul/gorsel/2021/10/arnavutkoy-istanbul-bebek.jpg
175,6,https://encrypted-tbn0.gstatic.com/images?q=tbn:ANd9GcSu2NUDxgxB5umfYa0RxErdLC1DaY-Ysg3VOw&s
175,7,https://i.yenicaggazetesi.com/storage/old/d/other/2025/03/25/22222.jpg
175,8,https://i.yenicaggazetesi.com/storage/old/d/other/2025/03/25/11111.jpg
175,9,https://blog.obilet.com/wp-content/uploads/2018/05/Bebek-Gezisi-2.jpg
175,10,https://encrypted-tbn0.gstatic.com/images?q=tbn:ANd9GcSgLMailTBll-KOjI904FNcyL-rLVCjiU7PwQ&s
176,1,https://upload.wikimedia.org/wikipedia/commons/0/08/Belgrad_Forest_%2812%29.jpg
176,2,https://upload.wikimedia.org/wikipedia/commons/c/c6/Belgrad_Forest_%281%29.jpg
176,3,https://upload.wikimedia.org/wikipedia/commons/8/8e/Belgrad_Forest_%2811%29.jpg
176,4,https://upload.wikimedia.org/wikipedia/commons/7/7c/Belgrad_Forest_%282%29.jpg
176,5,https://upload.wikimedia.org/wikipedia/commons/c/cb/Belgrad_Forest_%288%29.jpg
176,6,https://upload.wikimedia.org/wikipedia/commons/7/7b/Belgrad_Forest_%285%29.jpg
176,7,https://upload.wikimedia.org/wikipedia/commons/3/37/Belgrad_Forest_%286%29.jpg
176,8,https://upload.wikimedia.org/wikipedia/commons/0/0c/Belgrad_Forest_%287%29.jpg
176,9,https://upload.wikimedia.org/wikipedia/commons/8/85/Belgrad_Forest_%283%29.jpg
176,10,https://upload.wikimedia.org/wikipedia/commons/5/5d/Belgrad_Forest_%289%29.jpg
177,1,https://i.turkiyegazetesi.com.tr/images/23-03/15/sahaf.jpg
177,2,https://www.gezginrehberler.com/wp-content/uploads/2013/09/sahaflar_carsisi.jpg
177,3,https://dynamic-media-cdn.tripadvisor.com/media/photo-o/19/c6/cb/57/caption.jpg?w=1200&h=-1&s=1
177,4,https://bellekmekanlari.org/wp-content/uploads/2022/11/USEweb_Sahaflar_Carsisi_4-1024x654.webp
177,5,https://encrypted-tbn0.gstatic.com/images?q=tbn:ANd9GcR9bKVqGS7BL2sruYQ2Qe6Q68sqpvJTaXPNMw&s
177,6,https://blog.obilet.com/wp-content/uploads/2024/10/AdobeStock_366435263_Editorial_Use_Only-min-1024x683.jpeg
177,7,https://encrypted-tbn0.gstatic.com/images?q=tbn:ANd9GcTegdURweD_Es0BbUgHXdDxV6B87mOntmMuHw&s
177,8,https://i.turkiyegazetesi.com.tr/images/25-05/07/beyazit-meydani-nerede-beyazit-meydanina-nasil-gidilir-1746638410842_2.jpg
177,9,https://www.islamveihsan.com/wp-content/uploads/2018/10/sahaflar_carsisinin_ilginc_hikayesi2-1-702x336.jpg
177,10,https://upload.wikimedia.org/wikipedia/commons/9/91/Beyaz%C4%B1tMeydan%C4%B1.jpg
178,1,https://rayp.adalet.gov.tr/Resimler/160/beykozadliyesi18-06-202012-56-pm.jpg
178,2,https://static-pano.maps.yandex.ru/v1/?panoid=1247323439_805655672_23_1725619270&size=500%2C240&azimuth=-37.2&tilt=10&api_key=maps&signature=4-8L9MRc8OKAWTJK80LIgrMnpQUSKtnvc53oRjMpUmo=
178,3,https://avatars.mds.yandex.net/get-altay/13996387/2a000001942014d1beba95bfd1690a3978df/L_height
178,4,https://upload.wikimedia.org/wikipedia/commons/3/34/Old_house_in_G%C3%BCm%C3%BC%C5%9Fsuyu.JPG
178,5,https://encrypted-tbn0.gstatic.com/images?q=tbn:ANd9GcTGi6Q5klcWnrstkIiNHEocdhPmURL-_FtkZg&s
178,6,https://i.emlaktasondakika.com/Files/NewsImages2/2018/02/24/760x430/beykoz_134634_bac1c.jpg
178,7,https://upload.wikimedia.org/wikipedia/commons/0/08/Yal%C4%B1k%C3%B6y_Beykoz.JPG
178,8,https://www.yapi.com.tr/Uploads/HaberMedya/116103/aa322a09c5234f63a5b319b3de72119f-480x268.jpg
178,9,https://dostbeykoz.com/wp-content/uploads/2025/07/ev_bey_ZQsrrNnpht-1.webp
178,10,https://gezilmesigerekenyerler.com/wp-content/uploads/2022/06/Meydan-Sokak-Beykoz.jpg
179,1,https://encrypted-tbn0.gstatic.com/images?q=tbn:ANd9GcRn0SXry5Qx4EmsAgaTka76jVgW13zhIkVBKw&s
179,2,https://beykozkundura.com/wp-content/uploads/2024/10/comp-30-img-4.jpg
179,3,https://encrypted-tbn0.gstatic.com/images?q=tbn:ANd9GcS1WRqBiDoT_Qr31zt2HLDTAkcrPoqRFDdM_w&s
179,4,https://matesmekanik.com.tr/wp-content/uploads/2018/02/deri_kundura_beyko_8Zdtt2Rwc6.jpg
179,5,https://beykozkundura.com/wp-content/uploads/2024/10/comp-30-img-2.jpg
179,6,https://www.emlakwebtv.com/storage/original/2018/01/29/beykoz-kundura-fabrikasi-hikayesi-1517216830.jpg
179,7,https://beykozkundura.com/wp-content/uploads/2024/10/CAN08683.jpg
179,8,https://i.emlaktasondakika.com/Files/NewsImages2/2012/05/07/466x255/5717502b-0966-4312-b241-533bfe7c1300.jpg
179,9,https://i.ytimg.com/vi/iemGhs7s7vc/maxresdefault.jpg
179,10,https://www.emlakwebtv.com/storage/original/2018/01/29/beykoz-kundura-fabrikasi-hikayesi-9-1517216830.jpg
180,1,https://upload.wikimedia.org/wikipedia/commons/2/2f/Kundura.jpg
180,2,https://upload.wikimedia.org/wikipedia/commons/c/ce/Ya%C4%9Fhane.jpg
180,3,https://gezilmesigerekenyerler.com/wp-content/uploads/2017/07/Beykoz-Kundura-Fabrikasi-1.jpg
180,4,https://www.mimarizm.com/Files/2021/6/22/132327/132327.jpg
180,5,https://beykozkundura.com/wp-content/uploads/2024/10/comp-30-img-4.jpg
180,6,https://upload.wikimedia.org/wikipedia/commons/b/b3/20231002_115004_Beykoz_Iskelesi.jpg
180,7,https://beykozkundura.com/wp-content/uploads/2024/10/CAN08683.jpg
180,8,https://www.organizasyonhizmeti.com/uploads/icerik/beykoz-kundura-fabrikasi-dugun-organizasyonu_3049.jpg
180,9,https://images.ntv.com.tr/images/e98c4d53-b54b-440b-b013-23d7b140637d.jpg?w=1200&height=900&mode=crop
180,10,https://www.mimarizm.com/themes/uploads/images/Kundura%20Sahne4i.jpg
180,11,https://live.staticflickr.com/7903/47186407242_b2b244483f_b.jpg
180,12,https://cdn.kulturenvanteri.com/wp-content/uploads/2020/04/IMG_5657.jpeg
180,13,https://upload.wikimedia.org/wikipedia/commons/9/9a/Alibahad%C4%B1r-_Beykoz.jpg
180,14,https://upload.wikimedia.org/wikipedia/commons/1/12/Beykoz_-_Anadolu_Kava%C4%9F%C4%B1.jpg
180,15,https://upload.wikimedia.org/wikipedia/commons/b/bc/Beykoz-Soka%C4%9F%C4%B1.jpg
180,16,https://upload.wikimedia.org/wikipedia/commons/6/66/Beykoz-%C3%96%C4%9F%C3%BCmce.jpg
180,17,https://upload.wikimedia.org/wikipedia/commons/5/52/Beykoz_Pier.jpg
180,18,https://upload.wikimedia.org/wikipedia/commons/2/25/Beykoz_VTS_-_panoramio.jpg
180,19,https://upload.wikimedia.org/wikipedia/commons/f/f5/Beykoz_district%2C_Istanbul%2C_Turkey_-_Flickr_-_brewbooks.jpg
180,20,https://upload.wikimedia.org/wikipedia/commons/a/a4/Anadolufeneri%2C_5-12-2023.jpg
181,1,https://tiyatronline.com/isDosyalar/2017/07/15/beyy-620_pJpc5igeUQ.jpg
181,2,https://encrypted-tbn0.gstatic.com/images?q=tbn:ANd9GcQwOqUPXOc64oBBiILT1TMTOCTNMCSmhOsjEA&s
181,3,https://beykozkundura.com/wp-content/uploads/2024/10/6-1.jpeg
181,4,https://beykozkundura.com/wp-content/uploads/2024/10/Kundura-Sinema_02.jpg
181,5,https://videocdn.alem.com.tr/Documents/Alem_Dergi/images/2026/03/14/beykozkundurasinema2-140320266d643311.jpg
181,6,https://www.mimarizm.com/themes/uploads/images/Kundura%20Sahne4i.jpg
181,7,https://beykozkundura.com/wp-content/uploads/2024/10/2-1.jpeg
181,8,https://encrypted-tbn0.gstatic.com/images?q=tbn:ANd9GcSmWuiciwax1CoQqsCxf-xTlJvOhZXbV3O6rA&s
181,9,https://www.mimarizm.com/Files/2021/6/22/132327/132327.jpg
181,10,https://beykozkundura.com/wp-content/uploads/2024/10/YAGHANE-4.jpg
182,1,https://beykozaktuel.com.tr/wp-content/uploads/2020/05/20200527_162334.jpg
182,2,https://www.rotasenin.com/uploads/2025/01/beykoz-sahil-sosyal-tesisleri-essiz-bir-manzara.webp
182,3,https://www.beykozolay.com/wp-content/themes/ohaber/thumb/timthumb.php?src=https://www.beykozolay.com/wp-content/uploads/2019/09/Otomobilsiz-Gun-16.jpg&w=650&h=365
182,4,https://live.staticflickr.com/3694/11160516263_4e863f0447_b.jpg
182,5,https://www.etstur.com/letsgo/wp-content/uploads/2024/11/istanbul-beykozda-gezilecek-yerler-1.jpg
182,6,https://images.unsplash.com/photo-1604867051312-d02e8335f3db?q=80&w=1374&auto=format&fit=crop&ixlib=rb-4.1.0&ixid=M3wxMjA3fDB8MHxwaG90by1wYWdlfHx8fGVufDB8fHx8fA%3D%3D
182,7,https://images.unsplash.com/photo-1709458915635-4ba2e6076d6e?q=80&w=627&auto=format&fit=crop&ixlib=rb-4.1.0&ixid=M3wxMjA3fDB8MHxwaG90by1wYWdlfHx8fGVufDB8fHx8fA%3D%3D
182,8,https://images.unsplash.com/photo-1616967989310-dbf9964cb6f8?q=80&w=627&auto=format&fit=crop&ixlib=rb-4.1.0&ixid=M3wxMjA3fDB8MHxwaG90by1wYWdlfHx8fGVufDB8fHx8fA%3D%3D
182,9,https://cdn2.enuygun.com/media/lib/1200x675/uploads/image/beykoz-53356.webp
182,10,https://tesislerimiz.ibb.istanbul/wp-content/uploads/2015/11/Beykoz-sahil-DIs-gece--495x400.jpg
183,1,https://images.unsplash.com/photo-1649362003786-ed5e02efe8d7?q=80&w=687&auto=format&fit=crop&ixlib=rb-4.1.0&ixid=M3wxMjA3fDB8MHxwaG90by1wYWdlfHx8fGVufDB8fHx8fA%3D%3D
183,2,https://images.unsplash.com/photo-1665239570953-75181ebf540c?q=80&w=1470&auto=format&fit=crop&ixlib=rb-4.1.0&ixid=M3wxMjA3fDB8MHxwaG90by1wYWdlfHx8fGVufDB8fHx8fA%3D%3D
183,3,https://images.unsplash.com/photo-1566196780475-ff0288dc23f3?q=80&w=735&auto=format&fit=crop&ixlib=rb-4.1.0&ixid=M3wxMjA3fDB8MHxwaG90by1wYWdlfHx8fGVufDB8fHx8fA%3D%3D
183,4,https://i.pinimg.com/736x/98/81/16/9881163d5138fdc32a33c420dd6e6d5f.jpg
183,5,https://images.unsplash.com/photo-1658853448611-1ef5a6950a79?q=80&w=687&auto=format&fit=crop&ixlib=rb-4.1.0&ixid=M3wxMjA3fDB8MHxwaG90by1wYWdlfHx8fGVufDB8fHx8fA%3D%3D
183,6,https://dynamic-media-cdn.tripadvisor.com/media/photo-o/17/66/ba/62/img-20190505-075408-largejpg.jpg?w=500&h=500&s=1
183,7,https://encrypted-tbn0.gstatic.com/images?q=tbn:ANd9GcTmB_R1k3RwjNO1e3sgQ8UWLT_QkDjq40EajA&s
183,8,https://images.unsplash.com/photo-1688558985384-2f7bba3cd3c0?q=80&w=627&auto=format&fit=crop&ixlib=rb-4.1.0&ixid=M3wxMjA3fDB8MHxwaG90by1wYWdlfHx8fGVufDB8fHx8fA%3D%3D
183,9,https://images.unsplash.com/photo-1601585758263-69593a974aa9?q=80&w=687&auto=format&fit=crop&ixlib=rb-4.1.0&ixid=M3wxMjA3fDB8MHxwaG90by1wYWdlfHx8fGVufDB8fHx8fA%3D%3D
183,10,https://images.unsplash.com/photo-1755978496285-bd71df27256e?q=80&w=735&auto=format&fit=crop&ixlib=rb-4.1.0&ixid=M3wxMjA3fDB8MHxwaG90by1wYWdlfHx8fGVufDB8fHx8fA%3D%3D
184,1,https://www.azizmsanat.org/wp-content/uploads/2021/06/3.png
184,2,https://www.azizmsanat.org/wp-content/uploads/2021/06/2.png
184,3,https://www.turkev.org.tr/wp-content/uploads/2020/01/beyogluongorsel.jpg
184,4,https://encrypted-tbn0.gstatic.com/images?q=tbn:ANd9GcQ4C3059QzIdpFYpPa4LDv-vHHfq3Nlkf3mmA&s
184,5,https://encrypted-tbn0.gstatic.com/images?q=tbn:ANd9GcRC5JzuBVMvjrx9V5G4rn2X31N-Yt2g82_ncQ&s
184,6,https://encrypted-tbn0.gstatic.com/images?q=tbn:ANd9GcQ_INgIJQfUiWWXgdC-u55M2jvieh_fx0q3uQ&s
184,7,https://image.milimaj.com/i/milliyet/75/770x0/5ed92a225542841de4092740.jpg
184,8,https://encrypted-tbn0.gstatic.com/images?q=tbn:ANd9GcQpkwkAUNn9pnmN6MP3A7ZEbW1d40lyhJZeEw&s
184,9,https://gezilmesigerekenyerler.com/wp-content/uploads/2024/09/Beyoglu-Tarlabasi.webp
184,10,https://www.emlakrotasi.com.tr/wp-content/uploads/2017/06/beyoglu-sokaklari-yenileniyor.jpg
186,1,https://dynamic-media-cdn.tripadvisor.com/media/photo-o/17/66/ba/62/img-20190505-075408-largejpg.jpg?w=900&h=500&s=1
186,2,https://cdnuploads.aa.com.tr/uploads/Contents/2016/07/08/thumbs_b_c_b10716366b16a64d83a09a98527377c1.jpg
186,3,https://images.themagger.net/wp-content/uploads/2019/12/pasajlar-cicek.jpg
186,4,https://i.pinimg.com/736x/ce/e9/12/cee9126ccda6b501c1448a907510bef8.jpg
186,5,https://encrypted-tbn0.gstatic.com/images?q=tbn:ANd9GcTQut672pl7SiqM3aDxtwsTIw7WihkR2JNGEw&s
186,6,https://cityalone.com/wp-content/uploads/2020/07/img_3994.jpg
186,7,https://galeri.netfotograf.com/images/medium/57CDBCD657CC449F.jpg
186,8,https://gezibilen.com/_next/image?url=https%3A%2F%2Ffirebasestorage.googleapis.com%2Fv0%2Fb%2Fgezbi-e89bc.appspot.com%2Fo%2FtravelList%252F%25C4%25B0stanbul%252F2IUmcaWaxtj.jpeg%3Falt%3Dmedia%26token%3D6ad0186d-ba4a-4ce8-a81f-5f83175a294b&w=3840&q=75
186,9,https://images.themagger.net/wp-content/uploads/2017/10/pasajlar-tunel.jpg
186,10,https://blog.piriguide.com/wp-content/uploads/2025/02/Beyoglu-Pasajlari-Zamana-Direnen-6-Tarihi-Gecit-1024x680.jpg
187,1,https://www.yeniasya.com.tr/Sites/YeniAsya/Upload/images/Content/2017/11/17/dikilita%C5%9F.jpg
187,2,https://www.birdnest.com.tr/assets/images/bloglar/bird-nest-hotel-besiktas-meydan-IHbMHoVZfe.jpg
187,3,https://dynamic-media-cdn.tripadvisor.com/media/photo-o/1c/79/69/ba/dikilitas-parki.jpg?w=1200&h=1200&s=1
187,4,https://istanbul.ekremimamoglu.com/public/uploads/district_services/c90f7c5318fdebfe0e10592b6d35c5c9.jpg.webp
187,5,https://i.emlaktasondakika.com/Files/NewsImages2/2014/01/10/466x255/IBB-Besiktas-Dikilitasta-4-milyon-liraya-2-parsel-arsa-satiyor_74535_9ef43.jpg
187,6,https://media-cdn.tripadvisor.com/media/photo-s/0c/de/7a/dc/besiktas-sahili.jpg
187,7,https://encrypted-tbn0.gstatic.com/images?q=tbn:ANd9GcSqgvXagLCAEaW0bKUT7dnPeknrj2rBTutXlw&s
187,8,https://emlakkulisi.com/resim/orjinal/MTg5NTI3MT-besiktas-dikilitas-mahallesi-15000-ve-11000-olcekli-imar-plani-degisikligi-askida.jpg
187,9,https://dynamic-media-cdn.tripadvisor.com/media/photo-o/2b/50/22/6a/caption.jpg?w=900&h=500&s=1
187,10,https://dynamic-media-cdn.tripadvisor.com/media/photo-o/2d/04/00/4c/capti_r.jpg?w=900&h=500&s=1
188,1,https://upload.wikimedia.org/wikipedia/commons/2/2f/%C4%B0stanbul_Deniz_M%C3%BCzesi%2C_Be%C5%9Fikta%C5%9F_2015-1.jpg
188,2,https://upload.wikimedia.org/wikipedia/commons/c/ca/Masum%2C_Be%C5%9Fikta%C5%9F_2014.jpg
188,3,https://upload.wikimedia.org/wikipedia/commons/8/8d/Istanbul_asv2020-02_img55_View_of_Be%C5%9Fikta%C5%9F.jpg
188,4,https://upload.wikimedia.org/wikipedia/commons/0/01/Ihlamur_Kasr%C4%B1%2C_Be%C5%9Fikta%C5%9F_2014.jpg
188,5,https://upload.wikimedia.org/wikipedia/commons/4/4c/Ihlamur_Kasr%C4%B1%2C_Be%C5%9Fikta%C5%9F_2014-7.jpg
188,6,https://upload.wikimedia.org/wikipedia/commons/1/13/Besiktas_Montage.jpg
188,7,https://upload.wikimedia.org/wikipedia/commons/0/00/Cars_and_Streets_of_Istanbul%2C_Turkey_44.jpg
188,8,https://upload.wikimedia.org/wikipedia/commons/0/04/2014-04-12_Dolmabah%C3%A7e-Palast_Parkplatz_Hotel_Ritz-Carlton.jpg
188,9,https://upload.wikimedia.org/wikipedia/commons/3/3a/%C4%B0stanbul_Deniz_M%C3%BCzesi%2C_Be%C5%9Fikta%C5%9F_2015-2.jpg
188,10,https://upload.wikimedia.org/wikipedia/commons/a/ac/%C4%B0stanbul_Deniz_M%C3%BCzesi%2C_Be%C5%9Fikta%C5%9F_2015-3.jpg
189,1,https://upload.wikimedia.org/wikipedia/commons/e/eb/Atlar%2C_B%C3%BCy%C3%BCkada_2015.jpg
189,2,https://upload.wikimedia.org/wikipedia/commons/6/69/Bah%C3%A7e_demiri_s%C3%BCs%C3%BC%2C_B%C3%BCy%C3%BCkada_2015.jpg
189,3,https://upload.wikimedia.org/wikipedia/commons/3/3a/Bah%C3%A7e_ve_Sandalye%2CB%C3%BCy%C3%BCkada_2015.jpg
189,4,https://upload.wikimedia.org/wikipedia/commons/a/a1/Bileklikler%2C_B%C3%BCy%C3%BCkada_2015-1.jpg
189,5,https://upload.wikimedia.org/wikipedia/commons/0/0d/Bileklikler%2C_B%C3%BCy%C3%BCkada_2015.jpg
189,6,https://upload.wikimedia.org/wikipedia/commons/e/e7/Duvar_ve_Sarma%C5%9F%C4%B1k%2C_B%C3%BCy%C3%BCkada_2015.jpg
189,7,https://upload.wikimedia.org/wikipedia/commons/8/8c/Heykel%2C_B%C3%BCy%C3%BCkada_2015-1.jpg
189,8,https://upload.wikimedia.org/wikipedia/commons/e/e8/Atlar%2C_B%C3%BCy%C3%BCkada_2015-1.jpg
189,9,https://upload.wikimedia.org/wikipedia/commons/0/0f/At_Arabas%C4%B1%2C_B%C3%BCy%C3%BCkada_2015.jpg
189,10,https://upload.wikimedia.org/wikipedia/commons/a/ac/At_Arabas%C4%B1%2C_B%C3%BCy%C3%BCkada_2015-3.jpg
189,11,https://images.unsplash.com/photo-1665604054238-b636fc583a42?q=80&w=687&auto=format&fit=crop&ixlib=rb-4.1.0&ixid=M3wxMjA3fDB8MHxwaG90by1wYWdlfHx8fGVufDB8fHx8fA%3D%3D
189,12,https://images.unsplash.com/photo-1612044713264-215a17d17b4c?q=80&w=2070&auto=format&fit=crop&ixlib=rb-4.1.0&ixid=M3wxMjA3fDB8MHxwaG90by1wYWdlfHx8fGVufDB8fHx8fA%3D%3D
189,13,https://adapalas.com.tr/uploads/2024/07/buyukada-restoranlari-ve-gece-hayati-724x394.webp
189,14,https://www.kucukoteller.com.tr/storage/images/2018/10/09/1539084577918774.webp
189,15,https://blog.biletbayi.com/wp-content/uploads/2020/04/buyukada-scaled.jpg
189,16,https://cdn.karar.com/gallery/2021/07/1/buyukada-rum-yetimhanesinde-milim-milim-yurutulen-calisma-tamamlandi_9555_dhaphoto14.jpg
189,17,https://image.milimaj.com/i/milliyet/75/0x0/6127562b86b24426cc84d970.jpg
189,18,https://www.adalardan.net/wp-content/uploads/2015/07/buyukada_rum_yetimhanesi_tarihi.jpg
189,19,https://cdnuploads.aa.com.tr/uploads/Contents/2021/08/26/thumbs_b_c_aa2ba5f72a2b2a7f6ee9dcfb4b168133.jpg
189,20,https://buyukadaprincesshotel.com.tr/uploads/2024/12/buyukada-fayton-kalkti-mi-724x394.webp
190,1,https://kultursanat.istanbul/upload/blog/01HMR6346QXDST2AQ81CSF6YCK.jpg
190,2,https://encrypted-tbn0.gstatic.com/images?q=tbn:ANd9GcSmnZ0LM4_EyCyjyf8nkikKBnvQOEhRPrWXMA&s
190,3,https://www.canercangul.com/wp-content/uploads/2021/03/Keresteci-Hakki-Sokak-Ahirkapi.jpg
190,4,https://queblounge.com/wp-content/uploads/2024/03/Cankurtaran-Street.jpg
190,5,https://s0.wklcdn.com/image_272/8173240/123694804/79154805.700x525.jpg
190,6,https://encrypted-tbn0.gstatic.com/images?q=tbn:ANd9GcQE0vhFcty2E3Zzmm6NUrfmJKshKVj6NP6hwQ&s
190,7,https://encrypted-tbn0.gstatic.com/images?q=tbn:ANd9GcT8X-H1pEHG5j65hqCp6zTjIaQMlcXfPW39dg&s
190,8,https://i.ytimg.com/vi/voq4UX0wi8M/hq720.jpg?sqp=-oaymwE7CK4FEIIDSFryq4qpAy0IARUAAAAAGAElAADIQj0AgKJD8AEB-AHeA4AC4AOKAgwIABABGEAgVChlMA8=&rs=AOn4CLBjdy4ifYt6ydfg75G1cs4Q8ZmhaQ
190,9,https://encrypted-tbn0.gstatic.com/images?q=tbn:ANd9GcTjLD9PsM9mm3K0bNeJIH3ViGNJ043qFHnL0A&s
190,10,https://www.istanbulium.net/wp-content/uploads/2011/10/DSC_0359-2.jpg
191,1,https://upload.wikimedia.org/wikipedia/commons/b/bd/Cihangir_Istanbul_June_2013.jpg
191,2,https://istanbultukenmeden.com/wp-content/uploads/2023/03/cihangir-antikacilar-scaled-1.jpg
191,3,https://upload.wikimedia.org/wikipedia/commons/8/82/Cihangir_antique_shop_Istanbul_2.jpg
191,4,https://upload.wikimedia.org/wikipedia/commons/7/7f/Cihangir_Beyo%C4%9Flu_Susam_Soka%C4%9F%C4%B1_Sign.jpg
191,5,https://image.hurimg.com/i/hurriyet/90/770x0/58de06d87af50732bc9472b3.jpg
191,6,https://upload.wikimedia.org/wikipedia/commons/f/fc/Cafe_Babel_in_Cihangir_during_Gezi_Park_protests_2.jpg
191,7,https://upload.wikimedia.org/wikipedia/commons/9/9c/Cafe_Babel_in_Cihangir_during_Gezi_Park_protests.jpg
191,8,https://upload.wikimedia.org/wikipedia/commons/7/7d/Buildings_in_Cihangir_Biyoglu_Istanbul.jpg
191,9,https://upload.wikimedia.org/wikipedia/commons/4/41/Cihangir_fa%C3%A7ade.jpg
191,10,https://upload.wikimedia.org/wikipedia/commons/b/b0/Cihangir_3.jpg
191,11,https://upload.wikimedia.org/wikipedia/commons/4/4f/Cihangir_new_hospital%2C_January_6%2C_2018.jpg
191,12,https://upload.wikimedia.org/wikipedia/commons/b/b7/Cihangir_antique_shop_Istanbul.jpg
191,13,https://gunce.marsyas.gen.tr/wp-content/gallery/20111218/7784.jpg
191,14,https://images.unsplash.com/photo-1737294305452-57c92a4a1cb8?q=80&w=735&auto=format&fit=crop&ixlib=rb-4.1.0&ixid=M3wxMjA3fDB8MHxwaG90by1wYWdlfHx8fGVufDB8fHx8fA%3D%3D
191,15,https://i.pinimg.com/originals/bf/45/56/bf455697874e544f3078f9384a98304e.jpg
191,16,https://mudavim.net/wp-content/uploads/2024/12/cihangir-mekanlar-1024x697.jpeg
191,17,https://blog.obilet.com/wp-content/uploads/2020/06/Cihangir-Kafeler.jpg
191,18,https://mesutoymak.com/wp-content/uploads/2025/06/cihangir-cukurcuma-1024x576.jpg
191,19,https://images.unsplash.com/photo-1648401444259-bafb1cc45cab?q=80&w=1470&auto=format&fit=crop&ixlib=rb-4.1.0&ixid=M3wxMjA3fDB8MHxwaG90by1wYWdlfHx8fGVufDB8fHx8fA%3D%3D
191,20,https://2yaka.org/wp-content/uploads/2023/11/cihangir_12-1024x683.jpg
192,1,https://cdnuploads.aa.com.tr/uploads/Contents/2022/11/08/thumbs_b_c_e76cf73b37f14f652d49b2c84c8b28c4.jpg?v=153057
192,2,https://bunny-wp-pullzone-nfqzsydbnl.b-cdn.net/wp-content/uploads/2024/01/dolmabahce-sarayi-ic-mekan.jpg
192,3,https://avatars.mds.yandex.net/get-altay/15038851/2a00000196975789df5ea6bb9310ff9ad6c5/L_height
192,4,https://i.arkeolojikhaber.com/images/2022/45/34817.jpg
192,5,https://encrypted-tbn0.gstatic.com/images?q=tbn:ANd9GcSIhqoRnIiIT6GWDWNc_K7s4Bvzm1VYIc-wIw&s
192,6,https://cdnuploads.aa.com.tr/uploads/Contents/2016/11/29/thumbs_b_c_b116b8e7d286c1ebc3215f4002d03dd3.jpg
192,7,https://cdnuploads.aa.com.tr/uploads/PhotoGallery/2019/11/04/thumbs_b2_14d0e73aec2a0f1425b65ab0b5714b52.jpg
192,8,https://www.kulturportali.gov.tr/repoKulturPortali/small/SehirRehberi//GezilecekYer/20191023142836886_0a4a820a%2042ae%204758%20a7ed%201edde29462c9.jpg?format=jpg&quality=50
192,9,https://encrypted-tbn0.gstatic.com/images?q=tbn:ANd9GcSpXLV8NbBr9utHODv-cqL-tJR9H2SspVx97Q&s
192,10,https://encrypted-tbn0.gstatic.com/images?q=tbn:ANd9GcSOiyb_FYrO5XMf8Zr-n7hSd6_7Rvg-0677iw&s
193,1,https://blog.obilet.com/wp-content/uploads/2024/10/4Eminonu-Meydani-min-1024x685.jpeg
193,2,https://istanbul.ekremimamoglu.com/public/uploads/district_services/de20c29818917466105dc55b4d080664.webp
193,3,https://upload.wikimedia.org/wikipedia/commons/thumb/9/98/Panoramic_view_of_Istanbul-_Yeni_Cami_%28The_New_Mosque%29%2C_Galata_Bridge._Turkey%2C_Southeastern_Europe.jpg/1280px-Panoramic_view_of_Istanbul-_Yeni_Cami_%28The_New_Mosque%29%2C_Galata_Bridge._Turkey%2C_Southeastern_Europe.jpg
193,4,https://media-cdn.tripadvisor.com/media/photo-s/01/2a/85/43/eminonu-meydan.jpg
193,5,https://nomatto.com/asset/files/istanbul/istanbul_eminonu/eminonu_meydani.jpg
193,6,https://media-cdn.tripadvisor.com/media/photo-m/1280/14/f9/ec/7d/eminonu-meydani-aksam.jpg
193,7,https://www.fatih.bel.tr/webfiles/fotograf/fotofatih/81-eminonu-20240823-112900-img.jpg
193,8,https://galeri.netfotograf.com/images/medium/137830B6136DD2C9.jpg
193,9,https://st3.depositphotos.com/5749056/19541/i/450/depositphotos_195419752-stock-photo-long-exposure-cityscape-of-istanbul.jpg
193,10,https://dynamic-media-cdn.tripadvisor.com/media/photo-o/06/04/1b/48/yenicami.jpg?w=600&h=400&s=1
194,1,https://upload.wikimedia.org/wikipedia/commons/7/7b/Emirgan_04451.jpg
194,2,https://upload.wikimedia.org/wikipedia/commons/6/6f/Emirgan_04571.jpg
194,3,https://upload.wikimedia.org/wikipedia/commons/6/63/Emirgan_04526.jpg
194,4,https://upload.wikimedia.org/wikipedia/commons/a/ae/Emirgan_04496.jpg
194,5,https://upload.wikimedia.org/wikipedia/commons/d/d6/Emirgan_04460.jpg
194,6,https://upload.wikimedia.org/wikipedia/commons/5/5c/Emirgan_04346.jpg
194,7,https://upload.wikimedia.org/wikipedia/commons/f/fa/Emirgan_04325.jpg
194,8,https://upload.wikimedia.org/wikipedia/commons/9/92/Emirgan_Korusu_Logo.png
194,9,https://upload.wikimedia.org/wikipedia/commons/3/31/Emirgan_Korusu.jpg
194,10,https://upload.wikimedia.org/wikipedia/commons/1/1f/Emirgan_Korusu_%2801%29.jpg
195,1,https://gezicini.com/wp-content/uploads/2021/12/Necmettin-Erbakan-Parki-2-1024x503.jpg
195,2,https://www.gammaturkey.com/media/uploads/45807.jpg
195,3,https://www.gezinelim.com/wp-content/uploads/2025/02/esenyurt-gezilecek-yerler.webp
195,4,https://www.esenyurt.bel.tr/assets/uploads/images/5659e8ec-338f-402a-9104-5e4d35d35ff5.jpg
195,5,https://gezicini.com/wp-content/uploads/2021/12/Esenyurt-Sehitler-Parki-2.jpg
195,6,https://nomatto.com/asset/files/istanbul/esenyurt/cikolata_fabrikasi.jpg
195,7,https://www.fumefly.com/assets/gallery/webp/1x/beykozda-denize-girilecek-yerler-beykozun-en-iyi-plajlari-fm43.webp
195,8,https://media-cdn.tripadvisor.com/media/photo-s/0b/1f/bf/6b/view-from-our-room.jpg
195,9,https://gezilmesigerekenyerler.com/wp-content/uploads/2023/11/Gaziler-Parki-Esenyurt.jpg
195,10,https://pbs.twimg.com/media/DPVEssPW4AAjZXV.jpg
197,1,https://images.unsplash.com/photo-1562879162-ebe41de76b04?q=80&w=928&auto=format&fit=crop&ixlib=rb-4.1.0&ixid=M3wxMjA3fDB8MHxwaG90by1wYWdlfHx8fGVufDB8fHx8fA%3D%3D
197,2,https://images.unsplash.com/photo-1562879162-ebe41de76b04?q=80&w=928&auto=format&fit=crop&ixlib=rb-4.1.0&ixid=M3wxMjA3fDB8MHxwaG90by1wYWdlfHx8fGVufDB8fHx8fA%3D%3D
197,3,https://images.unsplash.com/photo-1560588059-73356fb511e9?q=80&w=1374&auto=format&fit=crop&ixlib=rb-4.1.0&ixid=M3wxMjA3fDB8MHxwaG90by1wYWdlfHx8fGVufDB8fHx8fA%3D%3D
197,4,https://images.unsplash.com/photo-1756027524984-cd21b80e1fdb?q=80&w=1124&auto=format&fit=crop&ixlib=rb-4.1.0&ixid=M3wxMjA3fDB8MHxwaG90by1wYWdlfHx8fGVufDB8fHx8fA%3D%3D
197,5,https://images.unsplash.com/photo-1705188929797-38ff7f7880c8?q=80&w=726&auto=format&fit=crop&ixlib=rb-4.1.0&ixid=M3wxMjA3fDB8MHxwaG90by1wYWdlfHx8fGVufDB8fHx8fA%3D%3D
197,6,https://images.unsplash.com/photo-1687892832409-c6723ded3e07?q=80&w=627&auto=format&fit=crop&ixlib=rb-4.1.0&ixid=M3wxMjA3fDB8MHxwaG90by1wYWdlfHx8fGVufDB8fHx8fA%3D%3D
197,7,https://images.unsplash.com/photo-1563300299-5089606c15e0?q=80&w=1470&auto=format&fit=crop&ixlib=rb-4.1.0&ixid=M3wxMjA3fDB8MHxwaG90by1wYWdlfHx8fGVufDB8fHx8fA%3D%3D
197,8,https://images.unsplash.com/photo-1694639768552-6601da943279?q=80&w=735&auto=format&fit=crop&ixlib=rb-4.1.0&ixid=M3wxMjA3fDB8MHxwaG90by1wYWdlfHx8fGVufDB8fHx8fA%3D%3D
197,9,https://images.unsplash.com/photo-1663766868756-0619fadee8fd?q=80&w=735&auto=format&fit=crop&ixlib=rb-4.1.0&ixid=M3wxMjA3fDB8MHxwaG90by1wYWdlfHx8fGVufDB8fHx8fA%3D%3D
197,10,https://images.unsplash.com/photo-1616832397286-24ac68702ebc?q=80&w=928&auto=format&fit=crop&ixlib=rb-4.1.0&ixid=M3wxMjA3fDB8MHxwaG90by1wYWdlfHx8fGVufDB8fHx8fA%3D%3D
198,1,https://upload.wikimedia.org/wikipedia/commons/1/11/A_street_in_Phanar_-_P1030381.JPG
198,2,https://upload.wikimedia.org/wikipedia/commons/c/c7/A_street_in_Phanar_-_P1030405.JPG
198,3,https://upload.wikimedia.org/wikipedia/commons/1/11/A_street_in_Phanar_-_P1030409.JPG
198,4,https://upload.wikimedia.org/wikipedia/commons/4/41/A_street_in_Phanar_-_P1030413.JPG
198,5,https://upload.wikimedia.org/wikipedia/commons/e/ee/A_street_in_Phanar_-_P1030408.JPG
198,6,https://upload.wikimedia.org/wikipedia/commons/c/c5/A_street_in_Phanar_-_P1030371.JPG
198,7,https://upload.wikimedia.org/wikipedia/commons/6/64/A_street_in_Phanar_-_P1030372.JPG
198,8,https://upload.wikimedia.org/wikipedia/commons/1/1d/A_street_in_Phanar_-_P1030378.JPG
198,9,https://upload.wikimedia.org/wikipedia/commons/2/20/A_street_in_Phanar_-_P1030380.JPG
198,10,https://upload.wikimedia.org/wikipedia/commons/6/61/A_street_in_Phanar_-_P1030398.JPG
199,1,https://upload.wikimedia.org/wikipedia/commons/2/21/20101106_Galata_Tower_Istanbul_Turkey_Panorama.jpg
199,2,https://upload.wikimedia.org/wikipedia/commons/2/24/Ceiling_of_Galata_Tower.jpg
199,3,https://upload.wikimedia.org/wikipedia/commons/9/90/Galata_Kulesi-%C4%B0stanbul.jpg
199,4,https://upload.wikimedia.org/wikipedia/commons/4/44/Galata_Kulesi_-_01.jpg
199,5,https://upload.wikimedia.org/wikipedia/commons/9/98/Galata_Kulesi_Museum.jpg
199,6,https://upload.wikimedia.org/wikipedia/commons/f/f2/Galata_Kulesi_Street%2C_viewed_from_Galata_Tower_in_2024.jpg
199,7,https://upload.wikimedia.org/wikipedia/commons/c/c2/Galata_Tower_-_%D8%A8%D8%B1%D8%AC_%D8%BA%D9%84%D8%B7%D8%A9_-_Tour_de_Galata_-_Galata_Kulesi_photo4.jpg
199,8,https://upload.wikimedia.org/wikipedia/commons/e/e7/Hali%C3%A7%2C_Metro_K%C3%B6pr%C3%BCs%C3%BC_ve_Galata_Kulesi_2015.jpg
199,9,https://upload.wikimedia.org/wikipedia/commons/6/6f/Galata_Tower_January_2015.JPG
199,10,https://upload.wikimedia.org/wikipedia/commons/a/ad/Galata_tower_01_23.jpg
200,1,https://images.unsplash.com/photo-1592417325179-b3383adff9fe?q=80&w=1470&auto=format&fit=crop&ixlib=rb-4.1.0&ixid=M3wxMjA3fDB8MHxwaG90by1wYWdlfHx8fGVufDB8fHx8fA%3D%3D
200,2,https://images.unsplash.com/photo-1669607314566-0b3e589ec71d?q=80&w=687&auto=format&fit=crop&ixlib=rb-4.1.0&ixid=M3wxMjA3fDB8MHxwaG90by1wYWdlfHx8fGVufDB8fHx8fA%3D%3D
200,3,https://3dduvarkagitlari.com/Content/images/2024/5/13/l/3dduvarkagitlari-79b8ccd1.jpg
200,4,https://qul.imgix.net/0ac23ffc-3181-430b-a1da-da36f505a04d/511724_sld.jpg
200,5,https://media-cdn.tripadvisor.com/media/photo-p/0e/6f/af/71/gece-cevre-kafelerde.jpg
200,6,https://encrypted-tbn0.gstatic.com/images?q=tbn:ANd9GcRJokaMrimu1nBO5c4odNtBcfPGqgm-P4ysJQ&s
200,7,https://upload.wikimedia.org/wikipedia/commons/4/43/Interior_stairs_of_the_Galata_Tower.jpg
200,8,https://www.etstur.com/letsgo/wp-content/uploads/2019/10/istanbulda-gezilecek-yerler-galata-kulesi-hakkinda-bilgiler-8.jpg
200,9,https://images.unsplash.com/photo-1734111572797-a869176ea785?q=80&w=1470&auto=format&fit=crop&ixlib=rb-4.1.0&ixid=M3wxMjA3fDB8MHxwaG90by1wYWdlfHx8fGVufDB8fHx8fA%3D%3D
200,10,https://images.unsplash.com/photo-1715080279701-430e4f35d827?q=80&w=687&auto=format&fit=crop&ixlib=rb-4.1.0&ixid=M3wxMjA3fDB8MHxwaG90by1wYWdlfHx8fGVufDB8fHx8fA%3D%3D
201,1,https://dynamic-media-cdn.tripadvisor.com/media/photo-o/07/16/d3/68/caption.jpg?w=900&h=-1&s=1
201,2,https://trthaberstatic.cdn.wp.trt.com.tr/resimler/2092000/galata-koprusu-aa-2092537.jpg
201,3,https://i.gazeteoksijen.com/storage/files/images/2023/08/11/galata-koprusunde-iki-etapli-yenileme-calismasi-13-agustosta-baslatiliyor-ND5A.jpg
201,4,https://www.photo-alsace.com/2_photo/turquie/img_1/180903-073.jpg
201,5,https://www.nerdenerede.com/images/editor/I%CC%87stanbul-Galata-Ko%CC%88pru%CC%88su%CC%88-15-w8cx8q.jpg
201,6,https://www.beyazinci-restaurant.com/wp-content/uploads/2024/07/Galata-Koprusunde-Unutulmaz-Bir-Aksam-Yemegi.png
201,7,https://media-cdn.tripadvisor.com/media/photo-s/06/d3/e7/d4/galata-bridge.jpg
201,8,https://img-s3.onedio.com/id-64102fa6421e3b20deb7d998/rev-0/w-600/h-337/f-jpg/s-476f169904aeff6aa3d562e0035f7a56fe1faca2.jpg
201,9,https://upload.wikimedia.org/wikipedia/commons/thumb/7/76/Galata_Bridge_IMG_0649.jpg/960px-Galata_Bridge_IMG_0649.jpg
201,10,https://img-s2.onedio.com/id-585d26430ee3ace70e0046e4/rev-0/w-600/h-414/f-jpg/s-bf003ee685ad1e23c066efee0a7ee9c9c5e5b5fa.jpg
202,1,https://upload.wikimedia.org/wikipedia/commons/c/cc/G%C3%B6kt%C3%BCrk_-_Turk%C4%B1c_Khaganate_Map.png
202,2,https://upload.wikimedia.org/wikipedia/commons/5/54/Gokturk%28K%C3%B6kt%C3%BCrk%29_Gray_Wolf_Symbol_White.png
202,3,https://upload.wikimedia.org/wikipedia/commons/1/1a/Do%C4%9Fu_G%C3%B6kt%C3%BCrk.png
202,4,https://upload.wikimedia.org/wikipedia/commons/b/b4/Bf42006a4061db0f19a890a4e58d670b-1.jpg
202,5,https://upload.wikimedia.org/wikipedia/commons/3/32/Bat%C4%B1_G%C3%B6kt%C3%BCrk.png
202,6,https://upload.wikimedia.org/wikipedia/commons/e/ee/5bdbb4c1ca0a504c07114f5feff8cbd9-1.jpg
202,7,https://upload.wikimedia.org/wikipedia/commons/a/a6/G%C3%B6kt%C3%BCrk_Metro_%C4%B0stasyonu_M11_2024.jpg
202,8,https://upload.wikimedia.org/wikipedia/commons/d/df/G%C3%B6kt%C3%BCrk_Khaganate_Flag_of_Map.png
202,9,https://upload.wikimedia.org/wikipedia/commons/e/ec/G%C3%B6kt%C3%BCrk_Giysili_Beyler%2C_Pancikent_%28Panjakent%29-Tacikistan.jpg
202,10,https://upload.wikimedia.org/wikipedia/commons/2/26/G%C3%B6kt%C3%BCrk_Khaganate_Flag_of_Map_%28Year-576%29.png
203,1,https://upload.wikimedia.org/wikipedia/commons/d/d6/G%C3%BClhane_Park%C4%B1_-_panoramio_%281%29.jpg
203,2,https://upload.wikimedia.org/wikipedia/commons/0/09/Gulhane_park%C4%B1_%C4%B1stanbul_decamber_2010_%28mehrdad%29_-_panoramio.jpg
203,3,https://upload.wikimedia.org/wikipedia/commons/1/18/G%C3%9CLHANE_PARKI.jpg
203,4,https://upload.wikimedia.org/wikipedia/commons/b/b1/G%C3%BClhane_Park%2C_Istanbul.jpg
203,5,https://upload.wikimedia.org/wikipedia/commons/8/89/G%C3%BClhane_Park_2.jpg
203,6,https://upload.wikimedia.org/wikipedia/commons/3/34/G%C3%BClhane_Park%C4%B1.JPG
203,7,https://upload.wikimedia.org/wikipedia/commons/0/02/G%C3%BClhane_Park%C4%B12.jpg
203,8,https://upload.wikimedia.org/wikipedia/commons/e/e9/G%C3%BClhane_Park%C4%B1_-_panoramio_%282%29.jpg
203,9,https://upload.wikimedia.org/wikipedia/commons/4/46/G%C3%BClhane_park%C4%B1-%C4%B0stanbul_-_panoramio.jpg
203,10,https://upload.wikimedia.org/wikipedia/commons/2/2c/G%C3%BClhane_Park%C4%B1_-_panoramio.jpg
204,1,https://arkeofili.com/wp-content/uploads/2016/11/haydar2.jpg
204,2,https://lh3.googleusercontent.com/proxy/x8n8L3LEQ_5ZLgoJReiR3OtuT_TPtyLsj8l27bpHa-99cX-uC0G9JzSEglWXJLGItU3ZhzP4LiBoVRB9bDDpwRn0B7_KgFHOBObpISFYwJ25L3f-AHdLnuydEMx9rHoobKVFf-cPySY2gbmPvCDjXS2cht5A2p-FHL7yxtnZP6sMbxdjamKWbtdV9YllmUHe9hrMRCB4iqefewMzPewrFjTOI-WxgjyH
204,3,https://www.aa.com.tr/uploads/userFiles/96f91bbd-282f-4a24-a12c-1b1092cfeb3b/009_2023%2F002_2023%2F21_Kasim%2F32%2F20231117_2_61283589_95020470.jpg
204,4,https://cdnuploads.aa.com.tr/uploads/Contents/2023/11/17/thumbs_b_c_667d6bc4ae3f9b0072bd7c6b234645a9.jpg?v=114753
204,5,https://media-cdn.tripadvisor.com/media/photo-s/06/1e/30/02/haydarpasa-terminal.jpg
204,6,https://rihtimdergi.com/wp-content/uploads/2015/10/10-artistleri-hatt%C4%B1-haydarpasa-tren-istasyonu-gari.jpeg
204,7,https://i.pinimg.com/736x/9d/13/6f/9d136f43cfa0e6cda872eb30f5b68b0f.jpg
204,8,https://dynamic-media-cdn.tripadvisor.com/media/photo-o/05/c0/5f/f4/haydarpasa-terminal.jpg?w=1200&h=1200&s=1
204,9,https://akinci944.com/wp-content/uploads/2021/08/Haydarpasa-Gari.jpg
204,10,https://encrypted-tbn0.gstatic.com/images?q=tbn:ANd9GcSJVBklCNsloc6RHaIvJDUtKXDzXfr5qV_FWQ&s
205,1,https://upload.wikimedia.org/wikipedia/commons/e/e6/Heybeliada_-_panoramio_%283%29.jpg
205,2,https://upload.wikimedia.org/wikipedia/commons/f/f4/Istanbul_%28TR%29%2C_Burgazada%2C_Blick_auf_Heybeliada_--_2024_--_0623.jpg
205,3,https://etstur.com/letsgo/wp-content/uploads/2024/10/3-14-1.jpg
205,4,https://www.seyahatimgeldi.com/wp-content/uploads/2022/04/heybeliada-koskleri-644x859.jpg
205,5,https://gezimanya.com/sites/default/files/styles/800x600_/public/lokasyon-detay/2019-11/image-heybeli-ada.jpg
205,6,https://image.cnnturk.com/i/cnnturk/75/740x416/5efb2e5ebf214410444a3dba.jpg
205,7,https://www.filgezi.com/wp-content/uploads/2019/08/heybeliada-gezilecek-yerler-rehberi.jpg
205,8,https://cdn2.enuygun.com/media/lib/825x620/uploads/image/ismet-inonu-evi-47680.webp
205,9,https://www.flypgs.com/blog/wp-content/uploads/2025/09/heybeliada-sokaklari.jpg
205,10,https://dynamic-media-cdn.tripadvisor.com/media/photo-o/06/32/2d/f1/halki-theological-school.jpg?w=500&h=500&s=1
205,11,https://etstur.com/letsgo/wp-content/uploads/2024/10/4-14-1.jpg
205,12,https://cdn2.enuygun.com/media/lib/1200x675/uploads/image/heybeliada-47690.webp
205,13,https://upload.wikimedia.org/wikipedia/commons/2/20/Heybeliada_-_panoramio_%289%29.jpg
205,14,https://upload.wikimedia.org/wikipedia/commons/7/71/Adalar_5521.jpg
205,15,https://upload.wikimedia.org/wikipedia/commons/b/be/Heybeliada_-_panoramio_%2815%29.jpg
205,16,https://upload.wikimedia.org/wikipedia/commons/6/60/Heybeliada_-_panoramio_%2813%29.jpg
205,17,https://upload.wikimedia.org/wikipedia/commons/0/02/Heybeliada_-_panoramio_%281%29.jpg
205,18,https://upload.wikimedia.org/wikipedia/commons/8/84/Heybeliada_-_panoramio_%284%29.jpg
205,19,https://upload.wikimedia.org/wikipedia/commons/9/92/AntigoniPittaChalkiELENTR.jpg
205,20,https://upload.wikimedia.org/wikipedia/commons/f/fb/Adalar_6941.jpg
206,1,https://ims.ev.mu/shutterstock_1340900666_c71d5eaea6/shutterstock_1340900666_c71d5eaea6.jpg
206,2,https://library.coraltatil.com/img/blog-gorseller/kadikoy-gezilecek-yerler/2.jpg
206,3,https://dynamic-media-cdn.tripadvisor.com/media/photo-o/1b/12/29/c2/img-20200225-210420-177.jpg?w=500&h=500&s=1
206,4,https://images.unsplash.com/photo-1661339124682-21bc70da3349?q=80&w=2070&auto=format&fit=crop&ixlib=rb-4.1.0&ixid=M3wxMjA3fDB8MHxwaG90by1wYWdlfHx8fGVufDB8fHx8fA%3D%3D
206,5,https://images.unsplash.com/photo-1667580926608-31f19b26c2b5?q=80&w=2070&auto=format&fit=crop&ixlib=rb-4.1.0&ixid=M3wxMjA3fDB8MHxwaG90by1wYWdlfHx8fGVufDB8fHx8fA%3D%3D
206,6,https://images.unsplash.com/photo-1605988743975-c9c5b8550a91?q=80&w=2070&auto=format&fit=crop&ixlib=rb-4.1.0&ixid=M3wxMjA3fDB8MHxwaG90by1wYWdlfHx8fGVufDB8fHx8fA%3D%3D
206,7,https://istanbulite.com/wp-content/uploads/2023/10/Kadikoy-1.png
206,8,https://bunny-wp-pullzone-nfqzsydbnl.b-cdn.net/wp-content/uploads/2024/02/moda-sahili-iskele.jpg
206,9,https://upload.wikimedia.org/wikipedia/commons/thumb/9/9d/Kad%C4%B1k%C3%B6y_bo%C4%9FaIMG_0545.jpg/250px-Kad%C4%B1k%C3%B6y_bo%C4%9FaIMG_0545.jpg
206,10,https://dynamic-media-cdn.tripadvisor.com/media/photo-o/1b/51/d6/c2/goztepe-60-yil-parki.jpg?w=500&h=500&s=1
207,1,https://upload.wikimedia.org/wikipedia/commons/3/3e/%C4%B0stanbul_-_Kad%C4%B1k%C3%B6y_Bo%C4%9Fa_Heykeli_1888.jpg
207,2,https://upload.wikimedia.org/wikipedia/commons/d/dc/%C4%B0stanbul_-_Kad%C4%B1k%C3%B6y_Bo%C4%9Fa_Heykeli_1884.jpg
207,3,https://upload.wikimedia.org/wikipedia/commons/b/b9/%C4%B0stanbul_-_Kad%C4%B1k%C3%B6y_Bo%C4%9Fa_Heykeli_1881.jpg
207,4,https://upload.wikimedia.org/wikipedia/commons/2/29/%C4%B0stanbul_-_Kad%C4%B1k%C3%B6y_Bo%C4%9Fa_Heykeli_1879.JPG
207,5,https://upload.wikimedia.org/wikipedia/commons/5/57/%C4%B0stanbul_-_Kad%C4%B1k%C3%B6y_Bo%C4%9Fa_Heykeli_1876.jpg
207,6,https://upload.wikimedia.org/wikipedia/commons/9/93/%C4%B0stanbul_-_Kad%C4%B1k%C3%B6y_Bo%C4%9Fa_Heykeli_1579.jpg
207,7,https://upload.wikimedia.org/wikipedia/commons/f/f8/%C4%B0stanbul_-_Kad%C4%B1k%C3%B6y_Bo%C4%9Fa_Heykeli_1576.jpg
207,8,https://upload.wikimedia.org/wikipedia/commons/e/ee/%C4%B0stanbul_-_Kad%C4%B1k%C3%B6y_Bo%C4%9Fa_Heykeli_1575.jpg
207,9,https://upload.wikimedia.org/wikipedia/commons/e/e6/%C4%B0stanbul_-_Kad%C4%B1k%C3%B6y_Bo%C4%9Fa_Heykeli_1886.jpg
207,10,https://upload.wikimedia.org/wikipedia/commons/a/ae/%C4%B0stanbul_-_Kad%C4%B1k%C3%B6y_Bo%C4%9Fa_Heykeli_1574.jpg
208,1,https://dynamic-media-cdn.tripadvisor.com/media/photo-o/24/db/54/42/caption.jpg?w=1200&h=1200&s=1
208,2,https://i.pinimg.com/1200x/a9/67/79/a96779b62e0527c74db33c5c15013134.jpg
208,3,https://gazetekadikoy.com.tr/Uploads/gazetekadikoy.com.tr/202211180927491-img.jpg
208,4,https://dynamic-media-cdn.tripadvisor.com/media/photo-o/28/10/ba/c9/tarihi-moda-iskelesi.jpg?w=1200&h=1200&s=1
208,5,https://encrypted-tbn0.gstatic.com/images?q=tbn:ANd9GcRxhPyas-YwFDwdHpF53bTk35130pDw_9b1sw&s
208,6,https://gazetekadikoy.com.tr/Uploads/gazetekadikoy.com.tr/202407182243431-img.jpeg
208,7,https://gezilecekgorulecek.com.tr/wp-content/uploads/2024/12/4.jpeg
208,8,https://encrypted-tbn0.gstatic.com/images?q=tbn:ANd9GcQu-hkwui9i_LCElwJ-c83da9gK9HN0d_amDw&s
208,9,https://adanatorosgazetesinet.teimg.com/crop/1280x720/adanatorosgazetesi-net/uploads/2025/09/1729602119.webp
208,10,https://avatars.mds.yandex.net/get-altay/15388054/2a00000199fd6a885b6e60e57ec117a1a03a/orig
209,1,https://upload.wikimedia.org/wikipedia/commons/d/d0/Kandilli%2C_%C3%9Csk%C3%BCdar.jpg
209,2,https://upload.wikimedia.org/wikipedia/commons/e/e6/Kandilli%2C_%C3%9Csk%C3%BCdar_%282%29.jpg
209,3,https://upload.wikimedia.org/wikipedia/commons/2/2a/Kandilli_Burnu.jpg
209,4,https://upload.wikimedia.org/wikipedia/commons/2/2c/Kandilli%2C_%C4%B0stanbul.jpg
209,5,https://upload.wikimedia.org/wikipedia/commons/1/1a/Kandilli_Observatory.jpg
209,6,https://upload.wikimedia.org/wikipedia/commons/1/11/Kandilli_Observatory_and_Earthquake_Research_Institute_station_20240330_%281%29.jpg
209,7,https://upload.wikimedia.org/wikipedia/commons/a/a7/Kandilli_Observatory_and_Earthquake_Research_Institute_station_20240330_%282%29.jpg
209,8,https://upload.wikimedia.org/wikipedia/commons/4/4a/Kandilli%2C_%C3%9Csk%C3%BCdar_1880-1893.jpg
209,9,https://upload.wikimedia.org/wikipedia/commons/b/b4/Kandilli%2C_%C3%9Csk%C3%BCdar_%281%29.jpg
209,10,https://upload.wikimedia.org/wikipedia/commons/8/8b/Kandilli%2C_%C3%9Csk%C3%BCdar_%283%29.jpg
210,1,https://www.kulturportali.gov.tr/contents/images/%C4%B0stanbul_Kapal%C4%B1_%C3%87ar%C5%9F%C4%B1_%C3%87at%C4%B1s%C4%B1ndan_(11).jpg
210,2,https://avatars.mds.yandex.net/get-altay/10142335/2a0000018b74f5542d09662b139ddc938de3/orig
210,3,https://www.dataturizm.com.tr/wp-content/uploads/2025/08/kapalicarsi.jpg
210,4,https://tr.deraliyeterrace.com/uploads/grand-bazaar-1732891488583.png
210,5,https://kesfet.tv/wp-content/uploads/2024/01/Kapalicarsi-kapisi.jpg
210,6,https://www.kulturportali.gov.tr/repoKulturPortali/large/SehirRehberi//GezilecekYer/20171009155932790_shutterstock_590848910.jpg?format=jpg&quality=50
210,7,https://cdn.istanbultouristpass.com/banner/doc/3948e70cde4bd90ed4b344db6ecaa896-63ec9d72b7756.webp
210,8,https://marasmansetcom.teimg.com/crop/1280x720/marasmanset-com/uploads/2024/09/thumbs-b-c-14a6b3d09b14a673c7ae45ba9e5f46c8.jpg
210,9,https://www.bizevdeyokuz.com/wp-content/uploads/kapalicarsi-bedesten.jpg
210,10,https://www.bizevdeyokuz.com/wp-content/uploads/kapalicarsi-kapak.jpg
211,1,https://static-pano.maps.yandex.ru/v1/?panoid=1246557557_806557266_23_1721497052&size=500%2C240&azimuth=48.7&tilt=10&api_key=maps&signature=I-YfmVro8Xq_mhr6UPekHXVL7hO0PhnfZytYgEC2ENI=
211,2,https://static-pano.maps.yandex.ru/v1/?panoid=1246557229_806546036_23_1721503541&size=500%2C240&azimuth=-59.8&tilt=10&api_key=maps&signature=8-CJbnmfZi-L3Yq6KmmwV7mSUnEOJlcJDwJcH5VYYQY=
211,3,https://kulturveyasam.com/wp-content/uploads/2024/10/kapal%C4%B1%C3%A7ar%C5%9F%C4%B1_000.jpg
211,4,https://www.istanbulium.net/wp-content/uploads/2011/12/DSC_3989-1.jpg
211,5,https://static-pano.maps.yandex.ru/v1/?panoid=1246556030_806534601_23_1721504549&size=500%2C240&azimuth=-174.2&tilt=10&api_key=maps&signature=ecuGofjrakq1JEucP2AG3tlJD4wVEOjOb45ZvGB5pRQ=
211,6,https://www.sozbursa.com/static/2023/01/27/ttarihi-kapalicarsi-nin-artik-catisi-da-gezilebiliyor-1674827575-612_large.webp
211,7,https://www.surcati.com/wp-content/uploads/2019/05/Kapal%C4%B1%C3%A7ar%C5%9F%C4%B1-%C3%87at%C4%B1.jpg
211,8,https://img.yenicaggazetesi.com/rcman/Cw1280h720q95gc/storage/old/d/news/1227075.jpg
211,9,https://encrypted-tbn0.gstatic.com/images?q=tbn:ANd9GcTSboTUwP26Sj3rggVmKddPMvaP4A_dGHpOIw&s
211,10,https://trthaberstatic.cdn.wp.trt.com.tr/resimler/2280000/kapalicarsi-2280351.jpg
212,1,https://plus.unsplash.com/premium_photo-1661962322472-e0be5fa94a36?q=80&w=1470&auto=format&fit=crop&ixlib=rb-4.1.0&ixid=M3wxMjA3fDB8MHxwaG90by1wYWdlfHx8fGVufDB8fHx8fA%3D%3D
212,2,https://eaxd5su9xsp.exactdn.com/wp-content/uploads/2025/07/karakoy-sokaklari.jpg?strip=all
212,3,https://upload.wikimedia.org/wikipedia/commons/0/07/Karak%C3%B6y_Mars_2013_03.jpg
212,4,https://encrypted-tbn0.gstatic.com/images?q=tbn:ANd9GcShxM2TkP-80IK_ujT6GUU48otp_6DnBbjNhg&s
212,5,https://assets.enuygun.com/media/lib/825x620/uploads/image/galata-49349.webp
212,6,https://www.sinangenim.com/upload/data/images/karakoy_fransiz_gecidi/00_20_fg_foto.jpg
212,7,https://dynamic-media-cdn.tripadvisor.com/media/photo-o/1d/e2/4f/67/karakoy-sokak-ta-aksami.jpg?w=500&h=-1&s=1
212,8,https://eaxd5su9xsp.exactdn.com/wp-content/uploads/2025/07/karakoy-sokaklari-3-1024x640.jpg?strip=all
212,9,https://www.oxxo.com.tr/ContentImages/Blog/images/Yasam/Karak%C3%B6y/IMG_1768.JPG
212,10,https://cdn-imgix.headout.com/media/images/0f815dd079981f3d99866a662bf69c9f-20251-istanbul-galata-tower-tickets-with-bosphorus-cruise-tickets-03.jpg?auto=format&w=702.4499999999999&h=401.4&q=90&ar=7%3A4&crop=faces&fit=crop
212,11,https://www.meyhankoli.com/img/places/source_seo/galata-kule-restoran-201911120510114.jpg
212,12,https://upload.wikimedia.org/wikipedia/commons/8/8c/Karak%C3%B6y_Mars_2013_02.jpg
212,13,https://upload.wikimedia.org/wikipedia/commons/0/02/Karak%C3%B6y%2C_%C4%B0stanbul_%2812967793333%29.jpg
212,14,https://upload.wikimedia.org/wikipedia/commons/b/b6/Graffiti_Karak%C3%B6y%2C_Istanbul_13.03.2026_05.jpg
212,15,https://upload.wikimedia.org/wikipedia/commons/1/1f/Istanbul_Karak%C3%B6y_Tram_station.JPG
212,16,https://upload.wikimedia.org/wikipedia/commons/d/dc/Istanbul_Karak%C3%B6y_Tram_station_2.JPG
212,17,https://upload.wikimedia.org/wikipedia/commons/1/15/Karak%C3%B6y%2C_%C4%B0stanbul_%2812967793593%29.jpg
212,18,https://upload.wikimedia.org/wikipedia/commons/5/53/Karak%C3%B6y_Istanbul.jpg
212,19,https://upload.wikimedia.org/wikipedia/commons/2/2e/Karak%C3%B6y_Mars_2013_01.jpg
212,20,https://upload.wikimedia.org/wikipedia/commons/5/55/Demolition_of_Karak%C3%B6y_old_Tunnel_Building.jpg
213,1,https://upload.wikimedia.org/wikipedia/commons/2/2f/Kemerburgaz_Station_%283%29.jpg
213,2,https://upload.wikimedia.org/wikipedia/commons/f/fc/Kemerburgaz_Station_%281%29.jpg
213,3,https://upload.wikimedia.org/wikipedia/commons/8/88/Kemerburgaz_Mimar_Sinan_Cami_-_panoramio.jpg
213,4,https://upload.wikimedia.org/wikipedia/commons/5/53/Kemerburgaz_Metro_%C4%B0stasyonu_M11_2024.jpg
213,5,https://upload.wikimedia.org/wikipedia/commons/f/ff/Kemerburgaz_Kent_Orman%C4%B1_istanbul.jpg
213,6,https://upload.wikimedia.org/wikipedia/commons/3/38/Kemerburgaz_Kent_Orman%C4%B1.jpg
213,7,https://upload.wikimedia.org/wikipedia/commons/b/b2/Kemerburgaz_Bentler_-_panoramio.jpg
213,8,https://upload.wikimedia.org/wikipedia/commons/4/43/Kemerburgaz_Station_%282%29.jpg
213,9,https://upload.wikimedia.org/wikipedia/commons/6/62/Kemerburgaz-A%C4%9Fa%C3%A7l%C4%B1-%C3%87iftalan-_Ka%C4%9F%C4%B1thane_Dekovil_Hatt%C4%B1.jpg
213,10,https://upload.wikimedia.org/wikipedia/commons/f/fe/Ka%C4%9F%C4%B1thane-Kemerburgaz_dekovil_hatt%C4%B1.jpg
214,1,https://encrypted-tbn0.gstatic.com/images?q=tbn:ANd9GcRORK-0VEx1i57rgRMa6igOeXvzoI1jEyLaSA&s
214,2,https://library.coraltatil.com/img/blog-gorseller/kilyos-plajlari/6.jpg
214,3,https://encrypted-tbn0.gstatic.com/images?q=tbn:ANd9GcTbk3VQBDmcRWfkx5ZNVnlO9IAxbXjWaw8N7Q&s
214,4,https://encrypted-tbn0.gstatic.com/images?q=tbn:ANd9GcTbvD-1WgrU4LTCY0rQsMdhvf5X0qaISjBwow&s
214,5,https://manifold.press/images/content/manifold-x-x-15-surf-school-istanbul-kilyos.jpg
214,6,https://www.kampingturkiye.com/uploads/products/3982906077.png
214,7,https://encrypted-tbn0.gstatic.com/images?q=tbn:ANd9GcTYJZc6WVSSnVR9WkrqFeQ2xA8W78CjHYQ5eA&s
214,8,https://static1.squarespace.com/static/5856bc666a49634cd55b0ba9/t/5856bd69298526c155b6ea5d/1482079593434/1000w/
214,9,https://dynamic-media-cdn.tripadvisor.com/media/photo-o/2e/6b/ea/bb/milyon-beach-kilyos.jpg?w=900&h=-1&s=1
215,1,https://upload.wikimedia.org/wikipedia/commons/0/00/Sar%C4%B1yer%2C_%C4%B0stanbul_%2812966523805%29.jpg
215,2,https://upload.wikimedia.org/wikipedia/commons/0/0f/Merkez%2C_Park_%C4%B0%C3%A7i_Yolu%2C_34450_Sar%C4%B1yer-%C4%B0stanbul%2C_Turkey_-_panoramio.jpg
215,3,https://upload.wikimedia.org/wikipedia/commons/d/d7/Istanbul_Sariyer_Sezai_Bey_Sokak.jpg
215,4,https://upload.wikimedia.org/wikipedia/commons/7/74/Kilyos_Dalia_beach.jpg
215,5,https://upload.wikimedia.org/wikipedia/commons/4/40/Hac%C4%B1_Osman_Bay%C4%B1r%C4%B1_Cad%2C_Sar%C4%B1yer_p2.JPG
215,6,https://upload.wikimedia.org/wikipedia/commons/c/ca/Sar%C4%B1yer%2C_%C4%B0stanbul%2C_Turkey_-_panoramio.jpg
215,7,https://upload.wikimedia.org/wikipedia/commons/2/22/Basphorous_View.jpg
215,8,https://upload.wikimedia.org/wikipedia/commons/b/bb/Estambul%2C_Sar%C4%B1yer_1998_03.jpg
215,9,https://upload.wikimedia.org/wikipedia/commons/5/55/Hac%C4%B1_Osman_Bay%C4%B1r%C4%B1_Cad%2C_Sar%C4%B1yer_p1.JPG
215,10,https://upload.wikimedia.org/wikipedia/commons/9/93/Sar%C4%B1yer%2C_B%C3%BCy%C3%BCkdere%2C_34453_Sar%C4%B1yer-%C4%B0stanbul%2C_Turkey_-_panoramio.jpg
216,1,https://image.hurimg.com/i/hurriyet/90/770x0/5763f8b067b0a92d8ce6f366.jpg
216,2,https://www.nerdenerede.com/images/content/kirecburnu_mwgs.webp
216,3,https://static-pano.maps.yandex.ru/v1/?panoid=1247009919_805478067_23_1723190742&size=500%2C240&azimuth=-26.9&tilt=10&api_key=maps&signature=ibPQ0UIbNKdkI1R3CUe6OXzXBP85qUIDKwPr_MIhI_Y=
216,4,https://gezibilen.com/_next/image?url=https%3A%2F%2Ffirebasestorage.googleapis.com%2Fv0%2Fb%2Fgezbi-e89bc.appspot.com%2Fo%2FtravelPoints%252FPw0PxDZPHm00Ef2uHIya%252F9pPhdLqrmV.webp%3Falt%3Dmedia%26token%3D0938e863-de4a-4912-9a3a-e2fcf8f06bf0&w=3840&q=75
216,5,https://dahabianalog.wordpress.com/wp-content/uploads/2017/09/20170831_124203.jpg?w=1400
216,6,https://encrypted-tbn0.gstatic.com/images?q=tbn:ANd9GcQ7GSMjiUTO-H8b12eyby6uvtHVhMBFZQAn2g&s
216,7,https://encrypted-tbn0.gstatic.com/images?q=tbn:ANd9GcQGssmdc01TJswPtOWMGSUKE2ggnu7lYnnL8w&s
216,8,https://encrypted-tbn0.gstatic.com/images?q=tbn:ANd9GcTdUYquXjDQ9hcU0-oE79AO6H4jHX5sPRK2Bw&s
216,9,https://encrypted-tbn0.gstatic.com/images?q=tbn:ANd9GcReWPuCD61tAWIRnf_QHQfMtsEHTFsUJ8IwUA&s
216,10,https://encrypted-tbn0.gstatic.com/images?q=tbn:ANd9GcQRuphxNa-OgTudJa9WIv4YCDLpd9tvL3MxyQ&s
217,1,https://encrypted-tbn0.gstatic.com/images?q=tbn:ANd9GcSjSsrKghLIHHk-EhpvhAlSM2tfIz22_zcBhw&s
217,2,https://gezilecekgorulecek.com.tr/wp-content/uploads/2024/12/3-1.webp
217,3,https://beykozkundura.com/wp-content/uploads/2024/10/CAN08683.jpg
217,4,https://encrypted-tbn0.gstatic.com/images?q=tbn:ANd9GcR8XDtVmuCuDpG5AnrrFTWDav_lCezLA2P_Dw&s
217,5,https://beykozkundura.com/wp-content/uploads/2024/10/comp35-2.png
217,6,https://matesmekanik.com.tr/wp-content/uploads/2018/02/deri_kundura_beyko_8Zdtt2Rwc6.jpg
217,7,https://encrypted-tbn0.gstatic.com/images?q=tbn:ANd9GcS6LuurjN1hr_w5uDYgx7mTotppmkX1iXl21Q&s
217,8,https://beykozkundura.com/wp-content/uploads/2024/10/comp-30-img-4.jpg
217,9,https://images.ntv.com.tr/images/31eaaa1e-bb8d-476b-b45c-1e5ed3072e75.jpg?width=880&format=webp
217,10,https://i.emlaktasondakika.com/Files/NewsImages2/2012/05/07/466x255/5717502b-0966-4312-b241-533bfe7c1300.jpg
218,1,https://upload.wikimedia.org/wikipedia/commons/4/43/Kuzguncuk_2.jpg
218,2,https://upload.wikimedia.org/wikipedia/commons/a/ac/Kuzguncuk_Bostan%C4%B101_%2833560720694%29.jpg
218,3,https://upload.wikimedia.org/wikipedia/commons/b/bb/Kuzguncuk_Bostan%C4%B109_%2833560718274%29.jpg
218,4,https://upload.wikimedia.org/wikipedia/commons/6/6c/Kuzguncuk_Bostan%C4%B108_%2834017840090%29.jpg
218,5,https://upload.wikimedia.org/wikipedia/commons/5/50/Kuzguncuk_Bostan%C4%B107_%2833560718904%29.jpg
218,6,https://upload.wikimedia.org/wikipedia/commons/0/0d/Kuzguncuk_Bostan%C4%B106_%2834271929261%29.jpg
218,7,https://upload.wikimedia.org/wikipedia/commons/2/20/Kuzguncuk_Bostan%C4%B105_%2833560719504%29.jpg
218,8,https://upload.wikimedia.org/wikipedia/commons/6/6a/Kuzguncuk_Bostan%C4%B104_%2834360918026%29.jpg
218,9,https://upload.wikimedia.org/wikipedia/commons/5/57/Kuzguncuk_Bostan%C4%B103_%2834243602252%29.jpg
218,10,https://upload.wikimedia.org/wikipedia/commons/2/29/Kuzguncuk_Bostan%C4%B102_%2834360918296%29.jpg
219,1,https://library.coraltatil.com/img/blog-gorseller/kuzguncuk-rehberi/3.jpg
219,2,https://cdn2.enuygun.com/media/lib/1200x675/uploads/image/kuzguncuk-renkli-evlerin-bulundugu-sokak-61891.webp
219,3,https://static.bilet.com/images/blog/resimler/kuzguncuk-bostani.webp
219,4,https://lh4.googleusercontent.com/proxy/qmurkkaml3ZCKDjBGwq8GgD2wCsGWHn3zuSJ_Lo1bEFZwl89_ldCU5uRBXC55XTvtAKj0ScyKwInNGztUPaphqG8ZX3VZyUcZS39J33Ee_0ZkbVtfIqsfoCML1plL14eyKm6_QqCvtpvIrNvNpDRPLU
219,5,https://cdn2.enuygun.com/media/lib/825x620/uploads/image/kuzguncuk-kahvalti-43225.webp
219,6,https://cdn2.agentis.com.tr/www.zogoturizm.com.tr/files/actv/87/kuzguncuk-f.jpg
219,7,https://encrypted-tbn0.gstatic.com/images?q=tbn:ANd9GcQvdsQjb2LVAQMzicyJGMbkv8knrtSiU3w2qg&s
219,8,https://www.senanlatistanbul.com/uploads/posts/2024-06/whatsapp-image-2024-06-25-at-15_05_37.jpg
219,9,https://i.ytimg.com/vi/j740L2caYe8/hqdefault.jpg
219,10,https://cdn2.enuygun.com/media/lib/825x620/uploads/image/renkk-51465.webp
220,1,https://avatars.mds.yandex.net/get-entity_search/5663642/1182562520/SUx150_2x
220,2,https://encrypted-tbn0.gstatic.com/images?q=tbn:ANd9GcRQNd7WQWJCypfO2lpVm6eLK-KQWtX_qJZD7w&s
220,3,https://i11.haber7.net//haber/haber7/photos/2021/05/jOlMZ_1612287825_7107.jpeg
220,4,https://image.milimaj.com/i/milliyet/75/0x0/5c8c446445d2a04bdc268abd.jpg
220,5,https://avatars.mds.yandex.net/get-entity_search/5395055/1150240274/SUx150_2x
220,6,https://cdn.halktv.com.tr/news/448646.jpg
220,7,https://upload.wikimedia.org/wikipedia/commons/thumb/0/0a/Yaprak_Dokumu_-_Kad_li%C5%A1%C4%87e_pada_-_panoramio_%282%29.jpg/250px-Yaprak_Dokumu_-_Kad_li%C5%A1%C4%87e_pada_-_panoramio_%282%29.jpg
220,8,https://avatars.mds.yandex.net/get-entity_search/5100341/1167047930/SUx150_2x
220,9,https://avatars.mds.yandex.net/get-entity_search/2310675/1181810852/SUx150_2x
220,10,https://upload.wikimedia.org/wikipedia/commons/5/5f/Yaprak_Dokumu_-_Kad_li%C5%A1%C4%87e_pada_-_panoramio_%281%29.jpg
221,1,https://encrypted-tbn0.gstatic.com/images?q=tbn:ANd9GcQK0cFNq2CoShm7gVQEXaAkWuxHayuLzUty-A&s
221,2,https://images.unsplash.com/photo-1603641749181-368bab3bb88f?q=80&w=687&auto=format&fit=crop&ixlib=rb-4.1.0&ixid=M3wxMjA3fDB8MHxwaG90by1wYWdlfHx8fGVufDB8fHx8fA%3D%3D
221,3,https://surprizlerdiyari.com/upload/6/kiz-kulesinde-yemek-ve-surpriz-evlilik-teklifi-6-1000x0.jpg
221,4,https://cdnuploads.aa.com.tr/uploads/teyithatti/Contents/2022/09/07/thumbs_b_c_e0b56195050876a5a000cb8f5e2f223a.jpg
221,5,https://www.istanbulium.net/wp-content/uploads/2012/01/kizkulesi4-5.jpg
221,6,https://img.piri.net/mnresize/720/-/piri/upload/3/2023/5/11/86256ccd-otd1on2ll4pt9drkp0lpi.jpeg
221,7,https://images.unsplash.com/photo-1636537511494-c3e558e0702b?q=80&w=1470&auto=format&fit=crop&ixlib=rb-4.1.0&ixid=M3wxMjA3fDB8MHxwaG90by1wYWdlfHx8fGVufDB8fHx8fA%3D%3D
221,8,https://images.unsplash.com/photo-1647457880714-be14329ddaa7?q=80&w=627&auto=format&fit=crop&ixlib=rb-4.1.0&ixid=M3wxMjA3fDB8MHxwaG90by1wYWdlfHx8fGVufDB8fHx8fA%3D%3D
221,9,https://images.unsplash.com/photo-1564428366891-dc20b1edf33b?q=80&w=928&auto=format&fit=crop&ixlib=rb-4.1.0&ixid=M3wxMjA3fDB8MHxwaG90by1wYWdlfHx8fGVufDB8fHx8fA%3D%3D
221,10,https://www.istanbuldelisi.net/wp-content/uploads/2015/05/k%C4%B1z-kulesi-balkonundan.jpg
222,1,https://ulusalhabermerkezi.com/wp-content/uploads/2025/12/cbre_1_015325771-960x640.jpg
222,2,https://image.gazetevatan.com/i/gazetevatan/75/1200x675/60c95c449321510890fc38fa.jpg
222,3,https://besiktasticarigayrimenkul.com.tr/blog/uploads/images/image_750x_668e723ee6066.jpg
222,4,https://matrikstr.com/uploads/ismerkezleriveplazalar.jpg
222,5,https://i.emlaktasondakika.com/Files/NewsImages2/2012/12/12/466x255/f2853460-7156-4d2b-b914-bfa7db70af75.jpg
222,6,https://upload.wikimedia.org/wikipedia/commons/a/a9/Is_kuleleri_1.JPG
222,7,https://www.isgyo.com.tr/files/is-kuleleri/is-kuleleri3.webp
222,8,https://www.isgyo.com.tr/files/2b8d3600-cc03-4bc6-b28d-c47f8a5b86b5.webp
222,9,https://www.isgyo.com.tr/files/c60f8736-a3ae-4b30-ab26-8db4a5689e9a.webp
222,10,https://www.galatabusinesscenter.com.tr/images/general/levent-skyline.jpg
223,1,https://upload.wikimedia.org/wikipedia/commons/0/09/Bosphorus_view_from_Kad%C4%B1k%C3%B6y_Beach.IMG_1846.jpg
223,2,https://upload.wikimedia.org/wikipedia/commons/0/0b/Kad%C4%B1k%C3%B6y_Moda.jpg
223,3,https://upload.wikimedia.org/wikipedia/commons/6/64/Kad%C4%B1k%C3%B6y_Hasanpa%C5%9Fa_evleri.jpg
223,4,https://upload.wikimedia.org/wikipedia/commons/2/26/Kad%C4%B1k%C3%B6y_Bahariye_Street.jpg
223,5,https://upload.wikimedia.org/wikipedia/commons/d/dd/Kadikoy_4img.jpg
223,6,https://upload.wikimedia.org/wikipedia/commons/6/65/G%C3%BCnbat%C4%B1m%C4%B1%2C_Kad%C4%B1k%C3%B6y_2015-7.jpg
223,7,https://upload.wikimedia.org/wikipedia/commons/7/7f/Bosphorus_view_from_Kad%C4%B1k%C3%B6y_Beach.IMG_1847.jpg
223,8,https://upload.wikimedia.org/wikipedia/commons/a/ae/A_Mural_in_Kad%C4%B1k%C3%B6y_in_Istanbul.jpg
223,9,https://upload.wikimedia.org/wikipedia/commons/f/f4/Moda_sahili_-_panoramio.jpg
223,10,https://upload.wikimedia.org/wikipedia/commons/c/c1/G%C3%BCnbat%C4%B1m%C4%B1%2C_Kad%C4%B1k%C3%B6y_2015.jpg
224,1,https://upload.wikimedia.org/wikipedia/commons/d/dd/An_office_building_in_Ni%C5%9Fanta%C5%9F%C4%B1%2C_Istanbul.jpg
224,2,https://upload.wikimedia.org/wikipedia/commons/2/2b/Ni%C5%9Fanta%C5%9F%C4%B1_Anadolu_Lisesi.jpg
224,3,https://upload.wikimedia.org/wikipedia/commons/9/96/Ni%C5%9Fanta%C5%9F%C4%B1_Abdi_%C4%B0pek%C3%A7i_Avenue.jpg
224,4,https://upload.wikimedia.org/wikipedia/commons/3/32/Ni%C5%9Fanta%C5%9F%C4%B1_2010-11_Y%C4%B1lba%C5%9F%C4%B1_S%C3%BCslemeleri.jpg
224,5,https://upload.wikimedia.org/wikipedia/commons/9/9f/Ni%C5%9Fanta%C5%9F%C4%B1_The_St._Regis_%C4%B0stanbul_Hotel.jpg
224,6,https://upload.wikimedia.org/wikipedia/commons/b/bd/Nisantasi.jpg
224,7,https://upload.wikimedia.org/wikipedia/commons/e/e0/Istanbul_Ni%C5%9Fanta%C5%9F%C4%B1_University_logo.png
224,8,https://upload.wikimedia.org/wikipedia/commons/4/4a/Cow_Parade_in_Istanbul_-_panoramio.jpg
224,9,https://upload.wikimedia.org/wikipedia/commons/b/b2/Abdi_%C4%B0pek%C3%A7i_Peace_Monument_New.jpg
224,10,https://upload.wikimedia.org/wikipedia/commons/7/7d/City_of_Istanbul%2CTurkey_in_2020.11.jpg
225,1,https://upload.wikimedia.org/wikipedia/commons/a/ad/Istanbul_Ortak%C3%B6y_%2854514468726%29.jpg
225,2,https://upload.wikimedia.org/wikipedia/commons/5/5d/Ortakoy-cami-inside-istanbul-04.jpg
225,3,https://upload.wikimedia.org/wikipedia/commons/4/4c/Ortakoymosquenight.jpg
225,4,https://upload.wikimedia.org/wikipedia/commons/0/05/Ortak%C3%B6yGeramon.jpg
225,5,https://upload.wikimedia.org/wikipedia/commons/0/0d/Ortak%C3%B6y_-_%C3%87ermik_%28A%C3%A7%C4%B1k_Havuz%29.png
225,6,https://upload.wikimedia.org/wikipedia/commons/7/72/Ortak%C3%B6y_Cadde.JPG
225,7,https://upload.wikimedia.org/wikipedia/commons/2/23/Istanbul_asv2020-02_img61_Ortak%C3%B6y_Mosque.jpg
225,8,https://upload.wikimedia.org/wikipedia/commons/1/14/Incesu_Canyon.jpg
225,9,https://upload.wikimedia.org/wikipedia/commons/d/de/Ortakoy-cami-inside-istanbul-03.jpg
225,10,https://upload.wikimedia.org/wikipedia/commons/4/4c/Istanbul_asv2020-02_img62_Ortak%C3%B6y_Mosque.jpg
226,1,https://images.unsplash.com/photo-1596679795714-e32eac766756?q=80&w=1470&auto=format&fit=crop&ixlib=rb-4.1.0&ixid=M3wxMjA3fDB8MHxwaG90by1wYWdlfHx8fGVufDB8fHx8fA%3D%3D
226,2,https://images.unsplash.com/photo-1616777156138-0c18fd11fbb2?q=80&w=736&auto=format&fit=crop&ixlib=rb-4.1.0&ixid=M3wxMjA3fDB8MHxwaG90by1wYWdlfHx8fGVufDB8fHx8fA%3D%3D
226,3,https://images.unsplash.com/photo-1726688837496-923717a5ef04?q=80&w=687&auto=format&fit=crop&ixlib=rb-4.1.0&ixid=M3wxMjA3fDB8MHxwaG90by1wYWdlfHx8fGVufDB8fHx8fA%3D%3D
226,4,https://images.unsplash.com/photo-1595769858256-708d56ecd750?q=80&w=735&auto=format&fit=crop&ixlib=rb-4.1.0&ixid=M3wxMjA3fDB8MHxwaG90by1wYWdlfHx8fGVufDB8fHx8fA%3D%3D
226,5,https://upload.wikimedia.org/wikipedia/commons/7/72/Ortak%C3%B6y_Cadde.JPG
226,6,https://galeri.netfotograf.com/images/medium/469DD182468D752C.jpg
226,7,https://ufuksarisen.com/wp-content/uploads/2014/04/ortakoy_ufuksarisen_005-4.jpg
226,8,https://avatars.mds.yandex.net/get-neurolib-art/16401355/picture-V6IuanyeQoRnx9d9lmGd/orig
226,9,https://www.yerelistanbul.com.tr/wp-content/uploads/2024/12/Ortakoy-Meydani-Sahil-1024x768.jpg
226,10,https://www.yerelistanbul.com.tr/wp-content/uploads/2024/12/Ortakoy-Meydani-1024x592.jpeg
227,1,https://beykozguncel.com/wp-content/uploads/2024/11/Turkiyenin-ilkiydi-89-yil-once-Beykozda-acildi.jpg
227,2,https://encrypted-tbn0.gstatic.com/images?q=tbn:ANd9GcS-7l7u471HcVz2R3PQiwdlVfl28FGjxIyuiw&s
227,3,https://beykozaktuel.com.tr/wp-content/uploads/2021/03/fabrikaag-619x400.jpg
227,4,https://haber.sol.org.tr/sites/default/files/styles/972x648/public/15pasabahce125cm.jpg.webp?itok=ABsx7tel
227,5,https://s1.dmcdn.net/v/St6iy1eoTnUMeqAlx/x720
227,6,https://dostbeykoz.com/wp-content/uploads/2025/07/beykozcamdb1_5fFEFgiXE7-1.webp
227,7,https://galeri3.arkitera.com/var/albums/Haber/2014/01/08/Pasabahce_Fabrikasi.jpg.jpeg
227,8,https://encrypted-tbn0.gstatic.com/images?q=tbn:ANd9GcS_CNUFCUHhQ75BaAqKEo25xIUgbu--tuGt3A&s
227,9,https://www.istanbultakipte.com/wp-content/uploads/2021/03/tarihi-pasabahce-sise-cam-fabrikasinin-yerine-otel-yapiliyor-1.jpg
227,10,https://www.turizmaktuel.com/image-upload/news/image-16171006641208097763.jpg
228,1,https://upload.wikimedia.org/wikipedia/commons/d/d9/%C4%B0stanbul_Pierre_Loti_Tepesi.jpg
228,2,https://upload.wikimedia.org/wikipedia/commons/e/ea/%C4%B0stanbul_Pierre_Loti.jpg
228,3,https://upload.wikimedia.org/wikipedia/commons/d/d8/%C4%B0stanbul_05_05_2014_Goldenes_Horn.jpg
228,4,https://upload.wikimedia.org/wikipedia/commons/0/04/Pierre_Lotiden_Hali%C3%A7_Manzaras%C4%B1.jpg
228,5,https://upload.wikimedia.org/wikipedia/commons/8/80/Piyer_Loti_tepesi.jpg
228,6,https://upload.wikimedia.org/wikipedia/commons/d/d0/PIER_LOTI_GECE_.2_-_panoramio.jpg
228,7,https://upload.wikimedia.org/wikipedia/commons/0/02/Istanbul_-_Pierre_Loti_Cafe_-_01.jpg
228,8,https://upload.wikimedia.org/wikipedia/commons/2/2a/Ey%C3%BCpsultan_Anadolu_Lisesi.jpg
228,9,https://upload.wikimedia.org/wikipedia/commons/7/76/Cuerno_de_Oro_desde_el_mirador_Pierre_Loti_Caf%C3%A9_%28Ey%C3%BCp_Sultan%29.jpg
228,10,https://upload.wikimedia.org/wikipedia/commons/3/31/Pierre_Loti_Tepesi_-_panoramio.jpg
229,1,https://upload.wikimedia.org/wikipedia/commons/thumb/8/85/DSC04831_Istanbul_-_Cimitero_di_Ey%C3%BCp_-_Foto_G._Dall%27Orto_30-5-2006.jpg/330px-DSC04831_Istanbul_-_Cimitero_di_Ey%C3%BCp_-_Foto_G._Dall%27Orto_30-5-2006.jpg
229,2,https://encrypted-tbn0.gstatic.com/images?q=tbn:ANd9GcQr1LpiSKA67QMbxZ_FqbMoCptoOsF3NU9Elw&s
229,3,https://media-cdn.tripadvisor.com/media/photo-s/07/02/78/3d/pierre-loti-tepesi.jpg
229,4,https://media-cdn.tripadvisor.com/media/photo-s/12/4f/12/cf/pierre-loti-tepesi.jpg
229,5,https://encrypted-tbn0.gstatic.com/images?q=tbn:ANd9GcSCG_HE9HxzEotiizz5QLxYe0Olp81DJbWM2A&s
229,6,https://upload.wikimedia.org/wikipedia/commons/0/02/Istanbul_-_Pierre_Loti_Cafe_-_01.jpg
229,7,https://encrypted-tbn0.gstatic.com/images?q=tbn:ANd9GcTVI1hCPjJt76_r6lLQanPsl0OUaFZDfZQ3Vw&s
229,8,https://www.eyupsultan.bel.tr/fotograf/sayfalar/1814-eyupsultan-mezarligi20201028-191745-eyupsultan_belediyesi_500x300.jpg
229,9,https://www.akyildizhotel.com.tr/wp-content/uploads/2025/10/Adsiz-tasarim-2025-10-27T222802.905.png
229,10,https://dynamic-media-cdn.tripadvisor.com/media/photo-o/13/0d/80/a2/halice-bakis.jpg?w=900&h=500&s=1
230,1,https://upload.wikimedia.org/wikipedia/commons/2/22/Adampol_Polonezkoy_7261_Nevit.JPG
230,2,https://upload.wikimedia.org/wikipedia/commons/d/d5/Polonezk%C3%B6y_nature_panorama.jpg
230,3,https://upload.wikimedia.org/wikipedia/commons/b/ba/Wikiwyprawa_2015_Polonezkoy_17.jpg
230,4,https://upload.wikimedia.org/wikipedia/commons/f/fb/Wikiwyprawa_2015_Polonezkoy_15.jpg
230,5,https://upload.wikimedia.org/wikipedia/commons/f/f4/Polonezk%C3%B6y_2015.jpg
230,6,https://upload.wikimedia.org/wikipedia/commons/c/c2/Polonezk%C3%B6y_2015-1.jpg
230,7,https://upload.wikimedia.org/wikipedia/commons/8/84/Polonezkoy_OpenStreetmap.jpg
230,8,https://upload.wikimedia.org/wikipedia/commons/c/c0/Polonezkoy_08883_nevit.jpg
230,9,https://upload.wikimedia.org/wikipedia/commons/8/80/Kurumu%C5%9F_A%C4%9Fa%C3%A7%2C_Polonezk%C3%B6y_2015.jpg
230,10,https://upload.wikimedia.org/wikipedia/commons/4/4b/Adampol_palac.jpg
231,1,https://imaj.emlakjet.com/listing/18693195/4EFDD2F969559E8B1C92E99F32DED48E18693195.jpg
231,2,https://hecdn01.hemlak.com/mncropresize/345/258/ds01/1/9/3/9/1/8/5/4/52f65716-eb00-4355-875d-09fe367a6952.jpg
231,3,https://hecdn01.hemlak.com/mncropresize/345/258/ds01/1/9/3/9/1/8/5/4/3282758e-0aa5-4178-83a4-ccb3d87ed837.jpg
231,4,https://imaj.emlakjet.com/listing/17431204/1CA42317AA234C10DD941897BE31E91D17431204.jpg
231,5,https://encrypted-tbn0.gstatic.com/images?q=tbn:ANd9GcRaGk0nh86jCQkwkMginINWOYJqj45Pud3lXA&s
231,6,https://i0.shbdn.com/photos/22/53/64/x5_1240225364fi5.jpg
231,7,https://imaj.emlakjet.com/scale/600/450/listing/16452239/953F43CB3C41CB6E7AC14DB7B56206A816452239.jpg
231,8,https://hecdn01.hemlak.com/mncropresize/345/258/ds01/1/9/3/9/1/8/5/4/06867cfb-6d24-4fb1-8a64-6864511cde35.jpg
231,9,https://imaj.emlakjet.com/scale/600/450/listing/17444073/4EFDD2F969559E8B1C92E99F32DED48E17444073.jpg
231,10,https://keremaliyorukoglu.com/wp-content/uploads/2025/06/free-photo-of-a-large-villa-with-a-swimming-pool-and-terrace-1024x683.jpeg
232,1,https://upload.wikimedia.org/wikipedia/commons/f/fb/Rumeli-Hisar-1anna.jpg
232,2,https://upload.wikimedia.org/wikipedia/commons/b/b4/Bosphorus-and-Rumeli-Hisar---overprinted-and-surcharged.jpg
232,3,https://upload.wikimedia.org/wikipedia/commons/3/3e/ROUMELI_HISSAR.jpg
232,4,https://upload.wikimedia.org/wikipedia/commons/1/13/Rumeli-Hisar-1annanew.jpg
232,5,https://upload.wikimedia.org/wikipedia/commons/9/92/Bosporus-_Festungen_bei_Bebeck%2C_Rumeli_Hisar_-_LABW_-_Staatsarchiv_Freiburg_W_134_Nr._012544.jpg
232,6,https://upload.wikimedia.org/wikipedia/commons/0/0c/Rumeli_Castle.jpg
232,7,https://upload.wikimedia.org/wikipedia/commons/d/d9/Rumeli_Fortress_Castle.jpg
232,8,https://upload.wikimedia.org/wikipedia/commons/e/e3/Rumeli_Hisar_%28Rumeli_Castle%29_was_built_in_1452_by_the_Ottoman_Fatih_Sultan_Mehmed_%C2%A9Abdullah_Kiyga_-_panoramio.jpg
232,9,https://upload.wikimedia.org/wikipedia/commons/0/05/Rumeli_Hisar_by_David_%C3%87%C4%B1raciyan.jpg
232,10,https://upload.wikimedia.org/wikipedia/commons/2/22/Rumeli-Hisar-Castle-of-Europe---overprinted-and-surcharged.jpg
233,1,https://www.eskiistanbul.net/resimler/eski-istanbul-rumeli-hisari.jpg
233,2,https://www.istanbulium.net/wp-content/uploads/2012/01/P1170254-5.jpg
233,3,https://media-cdn.tripadvisor.com/media/photo-s/04/7d/8d/32/rumeli-fortress.jpg
233,4,https://media-cdn.tripadvisor.com/media/photo-s/14/b4/86/34/genel.jpg
233,5,https://dynamic-media-cdn.tripadvisor.com/media/photo-o/07/cb/e9/b0/rumelihisari-iskele.jpg?w=900&h=500&s=1
233,6,https://upload.wikimedia.org/wikipedia/commons/0/0c/Rumeli_Castle.jpg
233,7,https://muze.gov.tr/s3/SectionPicture/SP_444056e7-fe31-4c0c-937c-8eb293971822.jpg
233,8,https://encrypted-tbn0.gstatic.com/images?q=tbn:ANd9GcTgpduzN0ct8wuTvyGD465e05KER0eakf5Ngg&s
233,9,https://www.kulturportali.gov.tr/contents/images/%C4%B0STANBUL-RUMEL%C4%B0%20H%C4%B0SARI-G%C3%9CLCAN%20ACAR%20(1).jpg
234,1,https://media-cdn.tripadvisor.com/media/photo-s/0d/c7/99/1b/salacak-sahili-uskudar.jpg
234,2,https://kultursanat.istanbul/upload/blog/01HMR399T32Z0MJSQDMQTS15AW.jpg
234,3,https://www.trthaber.com/dosyalar/images/Fotoram_io%20(1).jpg
234,4,https://www.arkitera.com/wp-content/uploads/2020/10/00-copy-615x375.jpg
234,5,https://istanbul.ekremimamoglu.com/public/uploads/district_services/974520b2c5f48772a562e52d6d791227.jpg.webp
234,6,https://i.pinimg.com/564x/66/0a/d2/660ad2a5d29d834ed063711b5adbcbc1.jpg
234,7,https://gezilmesigerekenyerler.com/wp-content/uploads/2016/12/Salacak-Sahili.jpg
234,8,https://encrypted-tbn0.gstatic.com/images?q=tbn:ANd9GcRSDOE2LRJpciRXjCTfUSD1ujpAxcwNAo_PNw&s
234,9,https://encrypted-tbn0.gstatic.com/images?q=tbn:ANd9GcQQ-y5n-LuspsO1qrD501dqteA7DYWAyCh2kg&s
234,10,https://media-cdn.tripadvisor.com/media/photo-s/1b/c4/aa/77/uskudar-harem-sahil-yolu.jpg
235,1,https://encrypted-tbn0.gstatic.com/images?q=tbn:ANd9GcR4F-EscCuX4SbJmMCMwwq2QPJrlvAlgPBtYw&s
235,2,https://cdn.listelist.com/wp-content/uploads/2015/04/bolgede-hizla-azalan-ermeni-nufusu-listelist-620x375.jpg
235,3,https://upload.wikimedia.org/wikipedia/commons/1/16/Samatya_Aya_Analipsiz_Kilisesi2.jpg
235,4,https://bayaiyi.com/wp-content/uploads/2017/04/Samatya-Bayaiyi-26.jpg
235,5,https://www.gezginrehberler.com/wp-content/uploads/2013/08/aya-konstantino-kilisesi_2.jpg
235,6,https://www.turanakinci.com/fotograf/samatya-ayios-minas-rum-ortodoks-kilisesi.jpg
235,7,https://www.turanakinci.com/fotograf/samatya-surp-kevork-kilisesi.jpg
235,8,https://www.turanakinci.com/fotograf/samatya-ayios-minas-rum-ortodoks-kilisesi.jpg
235,9,https://cdn2.agentis.com.tr/www.zogoturizm.com.tr/files/actv/345/whatsapp_image_2026-01-05_at_160857-f.jpeg
235,10,https://image.hurimg.com/i/hurriyet/90/1110x740/58621ba018c7731dc016667e.jpg
236,1,https://s1.dmcdn.net/v/O1TPa1Vcw15-dReWE/x1080
236,2,https://avatars.mds.yandex.net/get-altay/10111752/2a0000018cd62c21fc7d4eafee04b806949b/orig
236,3,https://yesil.istanbul/igallery.php?id=3046
236,4,https://avatars.mds.yandex.net/get-altay/16617364/2a0000019703679b652ac4af7ad4dce8b604/orig
236,5,https://istanbuluseyret.ibb.gov.tr/wp-content/uploads/2021/03/Sarayburnu-11.jpg
236,6,https://cdnuploads.aa.com.tr/uploads/Contents/2019/05/29/thumbs_b_c_4d4805a9d09592227adaee6db7154779.jpg
236,7,https://upload.wikimedia.org/wikipedia/commons/e/e9/Sarayburnu_Atat%C3%BCrk.jpg
236,8,https://www.arkitera.com/wp-content/uploads/2023/01/sarayburnu-1-615x375.jpg
236,9,https://trthaberstatic.cdn.wp.trt.com.tr/resimler/1052000/1052964.jpg
236,10,https://avatars.mds.yandex.net/get-altay/15417312/2a00000197ee4473538467331f17d2c290e0/L_height
237,1,https://encrypted-tbn0.gstatic.com/images?q=tbn:ANd9GcSycTW2qgl3inTe9e5p5IP5hZjpwFp1CHvdag&s
237,2,https://sariyerpostacom.teimg.com/crop/1280x720/sariyerposta-com/images/haberler/4261.jpg
237,3,https://www.analizgazetesi.com.tr/modules/blog/dataimages/IMG_BA07C2-ED42F7-1ECA8B-B35B17-BFA119-F07EFF.jpg
237,4,https://www.parkfora.com/wp-content/uploads/2022/07/garipce-koyu-ve-kalesi.jpg
237,5,https://i.neredekal.com/i/neredekal/75/585x300/6070a01ae86f303d6714b6df
237,6,https://media-cdn.tripadvisor.com/media/photo-s/0a/e0/f2/a7/rumeli-feneri.jpg
237,7,https://cdn.karar.com/gallery/2015/06/1500846/balikcilik.jpg
237,8,https://image.hurimg.com/i/hurriyet/90/0x0/63d6e5c24e3fe029c8588d52.jpg
237,9,https://sariyerpostacom.teimg.com/crop/1280x720/sariyerposta-com/uploads/2023/09/garipce-koyu-plajlari-w6t0.jpg
237,10,https://cms.teknekirala.com/assets/e348f611-1fc2-4e39-9dea-d76c8649d352.jpg?width=1280&height=720
238,1,https://galeri.netfotograf.com/images/medium/1AF617CA1AF30780.JPG
238,2,https://img.freepik.com/premium-fotograf/istanbul-orient-express-sirkeci-gari_850000-51461.jpg
238,3,https://img.freepik.com/premium-fotograf/istanbul-orient-express-sirkeci-gari_850000-51461.jpg
238,4,https://avatars.mds.yandex.net/get-altay/14635327/2a0000019772eba71d2edd1e4fb55ef3d4cc/L_height
238,5,https://media-cdn.tripadvisor.com/media/photo-s/01/80/42/bf/sirkeci-station.jpg
238,6,https://galeri.netfotograf.com/images/medium/1AF617CA1AF30780.JPG
238,7,https://static.bianet.org/system/uploads/1/articles/spot_image/000/144/331/original/gar_manset.jpg
238,8,https://www.cekulvakfi.org.tr/sites/default/files/styles/body_inline/public/contentgallery/avrupanin-ilk-duragi-sirkeci-gari_6.jpg.webp?itok=f8NxbtTL
238,9,https://upload.wikimedia.org/wikipedia/commons/2/22/Bahnhofsfront-Istanbul-Sirkeci_retouched.jpg
238,10,https://blog.obilet.com/wp-content/uploads/2019/04/shutterstock_1222553803.jpg
239,1,https://static.bianet.org/system/uploads/1/articles/spot_image/000/144/331/original/gar_manset.jpg
239,2,https://upload.wikimedia.org/wikipedia/commons/2/22/Bahnhofsfront-Istanbul-Sirkeci_retouched.jpg
239,3,https://www.indyturk.com/sites/default/files/styles/800x600/public/article/main_image/2021/11/03/790286-1465325704.jpg?itok=sGXOm-sO
239,4,https://upload.wikimedia.org/wikipedia/commons/thumb/0/07/%C4%B0stanbul_rayl%C4%B1_sistem_hatt%C4%B1_2024.jpg/250px-%C4%B0stanbul_rayl%C4%B1_sistem_hatt%C4%B1_2024.jpg
239,5,https://www.istanbulugeziyorum.com/i/img/sirkeci_tren_gari.jpg
239,6,https://trthaberstatic.cdn.wp.trt.com.tr/resimler/1942000/sirkeci-gari-fatih-kaymakamligi-1943655.jpg
239,7,https://cabistanbul.com/storage/6309/sirekeci-gar1.jpg
239,8,https://cocuklagezin.com/wp-content/uploads/2019/04/sirkeci_gari_14.jpg
239,9,https://galeri.netfotograf.com/images/medium/1AF617CA1AF30780.JPG
239,10,https://www.soylentidergi.com/wp-content/uploads/2021/07/s-6a16de0c92485acaeb7a229b1e9a3f3c2e468e75.webp
240,1,https://upload.wikimedia.org/wikipedia/commons/6/6e/Sultanahmet%2C_Istanbul_%28P1100255%29.jpg
240,2,https://upload.wikimedia.org/wikipedia/commons/0/05/Blue_Mosque_%28Sultanahmet_Mosque%29.jpg
240,3,https://upload.wikimedia.org/wikipedia/commons/9/9b/Sultanahmet_Cami_2015.jpg
240,4,https://upload.wikimedia.org/wikipedia/commons/7/7d/Sultanahmet.JPG
240,5,https://upload.wikimedia.org/wikipedia/commons/2/2b/Sultanahmet.jpg
240,6,https://upload.wikimedia.org/wikipedia/commons/d/d0/Sultanahmet_%28cropped%29.jpg
240,7,https://upload.wikimedia.org/wikipedia/commons/2/20/Sultanahmet_Tramvay_Dura%C4%9F%C4%B1_2015.jpg
240,8,https://upload.wikimedia.org/wikipedia/commons/7/78/Sultanahmet_Tramvay_Dura%C4%9F%C4%B1_ve_Sultanahmet_Cami_2015.jpg
240,9,https://upload.wikimedia.org/wikipedia/commons/5/53/Sultanahmet_Tramvay_%C4%B0stasyonu_T1_2025.jpg
240,10,https://upload.wikimedia.org/wikipedia/commons/a/a7/Sultanahmet%2C_Istanbul_%28P1100256%29.jpg
241,1,https://dynamic-media-cdn.tripadvisor.com/media/photo-o/13/1c/29/d3/caption.jpg?w=900&h=500&s=1
241,2,https://dynamic-media-cdn.tripadvisor.com/media/photo-o/32/54/92/f1/caption.jpg?w=800&h=800&s=1
241,3,https://yenikapihaber.com/d/news/55724.jpg
241,4,https://www.yerelistanbul.com.tr/wp-content/uploads/2025/01/Sultanahmet-Meydani-3.jpg
241,5,https://www.halukinanici.com/wp-content/uploads/2020/12/sultanahmet-ortadan-bakis-768x1024.jpg
241,6,https://media-cdn.tripadvisor.com/media/photo-s/0e/a6/79/ec/blue-mosque-by-night.jpg
241,7,https://www.halukinanici.com/wp-content/uploads/2020/12/Orme-Sutun.jpg
241,8,https://sultanahmetfishhouse.com/wp-content/uploads/2020/02/sultanahmet-camii-i%C3%A7.jpg
241,9,https://cdnuploads.aa.com.tr/uploads/Contents/2022/04/02/thumbs_b_c_8f82c658e0fe924becb10e9306bc539b.jpg?v=223628
241,10,https://www.yollardan.com/wp-content/uploads/2025/11/Sultanahmet-Camii-avlusu-Blue-Mosque-courtyard.jpg
242,1,https://encrypted-tbn0.gstatic.com/images?q=tbn:ANd9GcSXHNPtc9MLkGDWJ957eyCmwVhQFr2p0oWF4Q&s
242,2,https://galatagreenlandhotel.com/wp-content/uploads/2025/07/Hippodrome-Sultanahmet-Square.webp
242,3,https://encrypted-tbn0.gstatic.com/images?q=tbn:ANd9GcTHx35mv4navPZCZXPnlA6DhrTKlS_P5v7U3w&s
242,4,https://encrypted-tbn0.gstatic.com/images?q=tbn:ANd9GcQGCIjM9z0giR8Q_J_tp45TS5BNk2CWZU94fQ&s
242,5,https://encrypted-tbn0.gstatic.com/images?q=tbn:ANd9GcQCqIk8wUluFhsR64RJuRm8PjDtZvFdi7fTzg&s
242,6,https://encrypted-tbn0.gstatic.com/images?q=tbn:ANd9GcSAwV4AuUE_JwZiT7P6YCFneA0z_KnoW7bJ9g&s
242,7,https://i.gazeteoksijen.com/storage/files/images/2022/02/24/unutulan-tarih-ayaga-kalkiyor-JSGY.jpg
242,8,https://dynamic-media-cdn.tripadvisor.com/media/photo-o/06/c1/f1/b2/hippodrome-atmeydani.jpg?w=900&h=500&s=1
242,9,https://dynamic-media-cdn.tripadvisor.com/media/photo-o/13/1c/29/d3/caption.jpg?w=900&h=500&s=1
242,10,https://dynamic-media-cdn.tripadvisor.com/media/photo-o/32/54/92/f1/caption.jpg?w=800&h=800&s=1
243,1,https://upload.wikimedia.org/wikipedia/commons/b/b9/S%C3%BCleymaniye_-_Haupteingang.jpg
243,2,https://upload.wikimedia.org/wikipedia/commons/a/a2/S%C3%BCleymaniye_-_Grabstein_auf_Friedhof.jpg
243,3,https://upload.wikimedia.org/wikipedia/commons/7/72/S%C3%BCleymaniye_-_Gesamtansicht_von_Osten.jpg
243,4,https://upload.wikimedia.org/wikipedia/commons/8/82/S%C3%BCleymaniye_-_Gebetsraum.jpg
243,5,https://upload.wikimedia.org/wikipedia/commons/2/29/S%C3%BCleymaniye_-_Fenster.jpg
243,6,https://upload.wikimedia.org/wikipedia/commons/3/38/S%C3%BCleymaniyeMosqueIstanbul_%28cropped%29.jpg
243,7,https://upload.wikimedia.org/wikipedia/commons/b/b8/Courtyard_of_the_S%C3%BCleymaniye_Mosque_in_Istanbul%2C_Turkey_004.jpg
243,8,https://upload.wikimedia.org/wikipedia/commons/1/10/S%C3%BCleymaniye_-_Seitenansicht.jpg
243,9,https://upload.wikimedia.org/wikipedia/commons/3/3f/S%C3%BCleymaniye_Mosque%2C_22_January_2025.jpg
243,10,https://upload.wikimedia.org/wikipedia/commons/1/1e/S%C3%BCleymaniye_Mosque_%2829070459418%29.jpg
244,1,https://upload.wikimedia.org/wikipedia/commons/e/e1/Taksim_Mosque%2C_2019-08-14.jpg
244,2,https://upload.wikimedia.org/wikipedia/commons/1/1b/Taksim%2C_%C4%B0stanbul_%2812966924104%29.jpg
244,3,https://upload.wikimedia.org/wikipedia/commons/3/3f/Taksim%2C_%C4%B0stanbul_%2812966648583%29.jpg
244,4,https://upload.wikimedia.org/wikipedia/commons/7/7b/Taksim%2C_%C4%B0stanbul_%2812966508105%29.jpg
244,5,https://upload.wikimedia.org/wikipedia/commons/0/0c/Monument_of_the_Republic%2C_Taksim_Istanbul_-_November_10%2C_2024.jpg
244,6,https://upload.wikimedia.org/wikipedia/commons/e/ef/Istanbul_Taksim.png
244,7,https://upload.wikimedia.org/wikipedia/commons/b/b3/An_Aerial_View_of_old_Taksim_Square.png
244,8,https://upload.wikimedia.org/wikipedia/commons/3/3f/An_Aerial_View_of_Taksim_Artillery_Barracks_%28Colourised%29_v2_x4_colored_toned.jpg
244,9,https://upload.wikimedia.org/wikipedia/commons/f/fb/Taksim_Meydan_-_Taksim_Square.jpg
244,10,https://upload.wikimedia.org/wikipedia/commons/4/4b/2013_Taksim_Gezi_Park_protests%2C_The_location_of_the_bulldozed_trees_on_27_May_evening_at_Taksim_Gezi_Park_4.JPG
245,1,https://upload.wikimedia.org/wikipedia/commons/e/e7/Tarabya_Deresi5.jpg
245,2,https://upload.wikimedia.org/wikipedia/commons/3/3e/Sommerhaus_der_dt_botschaft_in_tarabya_istanbul.jpg
245,3,https://upload.wikimedia.org/wikipedia/commons/3/3f/Tarabya_Deresi4.jpg
245,4,https://upload.wikimedia.org/wikipedia/commons/1/1d/BRITISH_ADMIRALTY_YACHT_IMOGENE_OFF_THERAPIA%2C_1915.png
245,5,https://upload.wikimedia.org/wikipedia/commons/4/48/Tarabya_Deresi2.jpg
245,6,https://upload.wikimedia.org/wikipedia/commons/3/3b/Tarabya_Deresi.jpg
245,7,https://upload.wikimedia.org/wikipedia/commons/c/c9/Tarabya_1885.jpg
245,8,https://upload.wikimedia.org/wikipedia/commons/0/08/Tarabya%2C_%C4%B0stanbul_%2812966899674%29.jpg
245,9,https://upload.wikimedia.org/wikipedia/commons/e/e6/Tarabya%2C_%C4%B0stanbul.jpg
245,10,https://upload.wikimedia.org/wikipedia/commons/f/f9/Tarabya%2C_Sar%C4%B1yer_1880-1893.jpg
246,1,https://upload.wikimedia.org/wikipedia/commons/7/7e/Tarlaba%C5%9F%C4%B1%2C_%C4%B0stanbul_%2812966586963%29.jpg
246,2,https://upload.wikimedia.org/wikipedia/commons/7/70/Istanbul_Tarlaba%C5%9F%C4%B1_4668.jpg
246,3,https://upload.wikimedia.org/wikipedia/commons/f/f5/Istanbul_Tarlaba%C5%9F%C4%B1_4669.jpg
246,4,https://upload.wikimedia.org/wikipedia/commons/7/7a/Istanbul_Tarlaba%C5%9F%C4%B1_in_2023_4178.jpg
246,5,https://upload.wikimedia.org/wikipedia/commons/2/2a/Istanbul_Tarlaba%C5%9F%C4%B1_in_2023_4179.jpg
246,6,https://upload.wikimedia.org/wikipedia/commons/8/88/Istanbul_Tarlaba%C5%9F%C4%B1_in_2023_4182.jpg
246,7,https://upload.wikimedia.org/wikipedia/commons/e/e3/Tarlaba%C5%9F%C4%B1%2C_%C4%B0stanbul_%2812966586593%29.jpg
246,8,https://upload.wikimedia.org/wikipedia/commons/1/10/Tarlaba%C5%9F%C4%B1%2C_%C4%B0stanbul_%2812966864074%29.jpg
246,9,https://upload.wikimedia.org/wikipedia/commons/a/af/Istanbul_Tarlaba%C5%9F%C4%B1_in_2023_4183.jpg
246,10,https://cdn.shortpixel.ai/spai/q_lossless+w_956+to_webp+ret_img/nomadicniko.com/wp-content/uploads/2018/10/DSC_0866-1.jpg
246,11,https://www.artfulliving.com.tr/image_data/content_m/04fe3de90ffae2c9efcaa9f486c5ea92.jpg
246,12,https://images.handelsblatt.com/FpNJJLTlHHWK/cover/800/533/0/0/1/0/0.5/0.5/tarlabasi-viertel-in-istanbul.jpeg
246,13,https://image.hurimg.com/i/hurriyet/75/0x0/59cb2e8b45d2a0568ce20d79.jpg
246,14,https://static.bianet.org/system/uploads/1/articles/spot_image/000/191/119/original/tarla1.jpg
246,15,https://i.pinimg.com/736x/e4/ef/22/e4ef22027d7c8c4a88f57a4b00634ed6.jpg
246,16,https://blogger.googleusercontent.com/img/b/R29vZ2xl/AVvXsEhrSTfjmLd32ksQrOPfr-vJhyx_afcaibaFHfmNmdsPTl6V70UiX6CbJiLeKAl-UZkoRti2dPmnFl0jhPuH18pKV-FevwNvHRXykSQuU9pdvUY35MuTLiPDLSCKrCNRrPgxsWTJ9ZZEL28/s1600/Ay%25C4%25B1p-sehir-sergisi-ali-o%25CC%2588z-1.jpg
246,17,https://encrypted-tbn0.gstatic.com/images?q=tbn:ANd9GcQsksOKxGJXrhGBCNAfn5bCdGdyfimyPnGbrQ&s
246,18,https://dynamic-media-cdn.tripadvisor.com/media/photo-o/12/82/cd/20/dolapdere-bit-pazari.jpg?w=1200&h=-1&s=1
246,19,https://media-cdn.tripadvisor.com/media/photo-s/12/7a/d6/24/tarlabasi.jpg
246,20,https://upload.wikimedia.org/wikipedia/commons/8/82/A_street_in_Tarlaba%C5%9F%C4%B1%2C_Istanbul.jpg
247,1,https://cabistanbul.com/storage/5918/topkapi-sarayi-1.jpg
247,2,https://www.kulturportali.gov.tr/contents/images/%C4%B0STANBUL-TOPKAPI%20SARAYI-G%C3%9CLCAN%20ACAR%20(7)%20kopya(1).jpg
247,3,https://cdnuploads.aa.com.tr/uploads/Contents/2025/01/13/thumbs_b_c_cb9e00f5961cb67b33d34869995b4993.jpg?v=185720
247,4,https://cdn-imgix.headout.com/media/images/d084befec88c4893678c17b23db63868-Second%20Court.jpg?auto=format&w=1069.6000000000001&h=687.6&q=90&ar=14%3A9&crop=faces&fit=crop
247,5,https://sanatlarandevu.com/wp-content/uploads/2024/09/32c06dbd-eea1-4b00-b48b-d3deda732c3e.jpg
247,6,https://encrypted-tbn0.gstatic.com/images?q=tbn:ANd9GcRehPW4TthS40Ji3xb-SrcBP_NWrxO1OmNuug&s
247,7,https://static.birgun.net/resim/haber/2024/06/07/topkapi-sarayi-nda-iki-bolum-yeniden-ziyarete-acildi.jpg
247,8,https://muzeler.org/images/google-place-images/topkapi-sarayi-muzesi.jpg
247,9,https://encrypted-tbn0.gstatic.com/images?q=tbn:ANd9GcTRXOBTAtInsCSAX_sU0mfVSgC93Wic_D85Kw&s
247,10,https://seyahatdergisi.com/wp-content/uploads/2015/02/topkapi-sarayi.jpg
248,1,https://i.test.neredekal.com/i/75/800x600/605fcd1d715f8325adf8dcbc
248,2,https://dynamic-media-cdn.tripadvisor.com/media/photo-o/2b/23/b7/79/caption.jpg?w=1200&h=-1&s=1
248,3,https://www.muglam.com.tr/wp-content/uploads/2025/08/image-547-1024x558.png
248,4,https://cdn2.enuygun.com/media/lib/1200x675/uploads/image/tuzla-61301.webp
248,5,https://www.tuzla.bel.tr/Files/images/projeler/2021/marina_yat2021.JPG
248,6,https://encrypted-tbn0.gstatic.com/images?q=tbn:ANd9GcQ3vxhQPKHIkTZGT4rbsFzum9LTipFimNklpQ&s
248,7,https://www.tuzla.bel.tr/Files/images/projeler/2021/tuzla_marina_2021.JPG
248,8,https://i.test.neredekal.com/i/75/585x300/605fcd1bdc0ceac840109cdd
248,9,https://www.tuzla.bel.tr/Files/images/projeler/sahillerin%20halka%20a%C3%A7%C4%B1lmas%C4%B1%20(4).JPG
248,10,https://www.tuzla.bel.tr/Files/images/projeler/2021/tuzla_marina_2021.JPG
249,1,https://www.timaengineering.com/wp-content/uploads/2020/01/%C4%B0stanbul-E.M.-2-768x463.jpg
249,2,https://www.timeturk.com/resim/detay/34/346824.jpg
249,3,https://i20.haber7.net/resize/1280x720//haber/haber7/photos/2025/12/O1XZL_1742376552_5372.jpg
249,4,https://tr.ekincilerinsaat.com/images/emniyet1.jpg
249,5,https://www.timaengineering.com/wp-content/uploads/2020/01/emniyet-m%C3%BCd%C3%BCrl%C3%BC%C4%9F.jpg
249,6,https://image.milimaj.com/i/milliyet/75/869x477/5c8e040945d2a09e00a21d4d.jpg
249,7,https://encrypted-tbn0.gstatic.com/images?q=tbn:ANd9GcQDKySf3YRAoTpwkOwZgFo89w1PNoU7703uSQ&s
249,8,https://trthaberstatic.cdn.wp.trt.com.tr/resimler/1936000/1936428.jpg
249,9,https://encrypted-tbn0.gstatic.com/images?q=tbn:ANd9GcRvlgCAfAKVv0MB_FJWriH9Ne0j_Aor-Rkxlw&s
249,10,https://lh4.googleusercontent.com/proxy/dPgzZHd_Qy7wwYMic0cCCmVD0TTDs7ANROF9yM1nE89t-MkxrT8dwcl_CJ7D0MJdR4IvOhWkZuuOvFjVEmp6aNjlrmjQvSKwwM_zQohXzeC-U3kG-vuVXRY
250,1,https://upload.wikimedia.org/wikipedia/commons/a/a1/Vefa_Bozacisi_interior_Istanbul_2026.jpg
250,2,https://upload.wikimedia.org/wikipedia/commons/3/3e/Vefa_Lisesi_0884.jpg
250,3,https://upload.wikimedia.org/wikipedia/commons/8/8a/Vefa_K%C3%BC%C3%A7%C3%BCk.jpg
250,4,https://upload.wikimedia.org/wikipedia/commons/2/23/Shey_Ebul_Vefa_mosque_6315.jpg
250,5,https://upload.wikimedia.org/wikipedia/commons/2/2b/Shey_Ebul_Vefa_mosque_6309.jpg
250,6,https://upload.wikimedia.org/wikipedia/commons/c/c6/Shey_Ebul_Vefa_mosque_6306.jpg
250,7,https://upload.wikimedia.org/wikipedia/commons/5/56/Istanbul_Vefa_Bozaci_4898.jpg
250,8,https://upload.wikimedia.org/wikipedia/commons/d/d5/Istanbul_Vefa_Bozaci_4888.jpg
250,9,https://upload.wikimedia.org/wikipedia/commons/f/f8/Istanbul_Vefa_Bozaci_4896.jpg
250,10,https://upload.wikimedia.org/wikipedia/commons/3/3f/Istanbul_Vefa_Bozaci_4878.jpg
251,1,https://blog.obilet.com/wp-content/uploads/2018/05/sirkeci-postanesi.jpg
251,2,https://gezerdoner.com/wp-content/uploads/2020/12/Vefa-Bozacisi-04-1024x768.jpeg
251,3,https://encrypted-tbn0.gstatic.com/images?q=tbn:ANd9GcTvPOk47AOGZvfPeahPPWt-kb1BamIis-nTiQ&s
251,4,https://i.ytimg.com/vi/Pip5Xv5Qjes/hqdefault.jpg
251,5,https://encrypted-tbn0.gstatic.com/images?q=tbn:ANd9GcQCpPurDHotzezEFeW4P2omexf0HJ5wUJEF7w&s
251,6,https://encrypted-tbn0.gstatic.com/images?q=tbn:ANd9GcQYK-12_N0mrdrkjtR3inJa4jzOiKFgRvjIWA&s
251,7,https://image.hurimg.com/i/hurriyet/90/770x0/5aaf66c967b0a91fc03b4b48.jpg
251,8,https://encrypted-tbn0.gstatic.com/images?q=tbn:ANd9GcSgydGCU3lA1w8ZC7R5NutZCqpL4g5XSjB6Nw&s
251,9,https://encrypted-tbn0.gstatic.com/images?q=tbn:ANd9GcRcvHO5E1JVQHNCtrT1Vf6zurn5f6euU_IL-w&s
251,10,https://encrypted-tbn0.gstatic.com/images?q=tbn:ANd9GcSNegISj5_D6LS2uoPcANSIcIul5w98CM2Cyw&s
252,1,https://www.fatih.bel.tr/webfiles/fotograf/foto/12474-yedikule-hisarinda-nostaljik-fenerle-gece-tur-20220706-103027-fatihbel_fotogaleri_900x530.jpeg
252,2,https://www.fatih.bel.tr/webfiles/fotograf/foto/19104-yedikule-hisarinda-dolunaya-ozel-fenerli-gece-20230801-225628-fatihbel_fotogaleri_900x530.jpeg
252,3,https://www.yedikulehisari.com/wp-content/uploads/2020/08/HOC_0944.jpg
252,4,https://www.fatih.bel.tr/webfiles/fotograf/foto/21459-yedikule-hisari-20231115-144216-fatihbel_fotogaleri_900x530.jpg
252,5,https://www.fatih.bel.tr/webfiles/userfiles/images/497b105ce60545779add7c639273f4ea.jpeg
252,6,https://upload.wikimedia.org/wikipedia/commons/f/f2/Yedikule_Zindanlar%C4%B1-2.JPG
252,7,https://www.sanatinyolculugu.com/wp-content/uploads/2019/01/22728070930_6c86c3305d_c.jpg
252,8,https://esenler.bel.tr/wp-content/uploads/2022/05/yedikule-zindanlari-960x720.jpg
252,9,https://www.fatih.bel.tr/webfiles/fotograf/foto/28555-28555_yedikule-hisarindaki-avrupa-futbol-sampiyonas_20240623-154741-fatihbel_fotogaleri_900x530.jpeg
252,10,https://dokuz8habernet.teimg.com/dokuz8haber-net/uploads/2024/09/yedikule-zindanlari-efsanesi-4.jpg
253,1,https://upload.wikimedia.org/wikipedia/commons/6/6e/Yedikule_Fortress%2C_September_2025_01.jpg
253,2,https://upload.wikimedia.org/wikipedia/commons/4/41/Yedikule_Fortress%2C_September_2025_15.jpg
253,3,https://upload.wikimedia.org/wikipedia/commons/3/3f/Yedikule_Fortress%2C_September_2025_16.jpg
253,4,https://upload.wikimedia.org/wikipedia/commons/3/39/Yedikule_Fortress%2C_September_2025_08.jpg
253,5,https://upload.wikimedia.org/wikipedia/commons/3/37/Yedikule_Fortress%2C_September_2025_18.jpg
253,6,https://upload.wikimedia.org/wikipedia/commons/0/09/Yedikule_Fortress%2C_September_2025_19.jpg
253,7,https://upload.wikimedia.org/wikipedia/commons/0/09/Yedikule_Fortress%2C_September_2025_26.jpg
253,8,https://upload.wikimedia.org/wikipedia/commons/f/f0/Yedikule_Fortress%2C_September_2025_06.jpg
253,9,https://upload.wikimedia.org/wikipedia/commons/f/fe/Yedikule_Fortress%2C_September_2025_27.jpg
253,10,https://upload.wikimedia.org/wikipedia/commons/3/31/Yedikule_Fortress%2C_September_2025_14.jpg
254,1,https://upload.wikimedia.org/wikipedia/commons/f/f6/Muscari_-_S%C3%BCmb%C3%BCl%2C_Yenik%C3%B6y_06.jpg
254,2,https://upload.wikimedia.org/wikipedia/commons/d/d8/Yenik%C3%B6y%2C_Bayat.jpg
254,3,https://upload.wikimedia.org/wikipedia/commons/c/c5/Akkaya_near_Yenik%C3%B6y%2C_Bayat.jpg
254,4,https://upload.wikimedia.org/wikipedia/commons/7/7a/Istanbul_-_Yenik%C3%B6y.JPG
254,5,https://upload.wikimedia.org/wikipedia/commons/2/24/Jules_Laurens_4.jpg
254,6,https://upload.wikimedia.org/wikipedia/commons/c/c5/A_wheat_field_in_Yenik%C3%B6y%2C_Saimbeyli_01.jpg
254,7,https://upload.wikimedia.org/wikipedia/commons/f/fe/Kaleboynu%27ndan_Yenik%C3%B6y_03.jpg
254,8,https://upload.wikimedia.org/wikipedia/commons/2/20/Kaleboynu%27ndan_Yenik%C3%B6y_05.jpg
254,9,https://upload.wikimedia.org/wikipedia/commons/8/83/Muscari_-_S%C3%BCmb%C3%BCl%2C_Yenik%C3%B6y_04.jpg
254,10,https://upload.wikimedia.org/wikipedia/commons/0/02/Kaleboynu%27ndan_Yenik%C3%B6y_01.jpg
255,1,https://dynamic-media-cdn.tripadvisor.com/media/photo-o/10/74/46/f2/cennet.jpg?w=400&h=-1&s=1
255,2,https://upload.wikimedia.org/wikipedia/commons/7/7a/Istanbul_-_Yenik%C3%B6y.JPG
255,3,https://media-cdn.tripadvisor.com/media/photo-s/18/f7/94/2b/yenikoy-along-sariyer.jpg
255,4,https://gezginnerede.com/wp-content/uploads/2018/05/Kavak-Bal%C4%B1k%C3%A7%C4%B1s%C4%B1-Yenik%C3%B6y.jpg
255,5,https://www.yesiltopuklar.com/wp-content/uploads/2023/03/Yenik%C3%B6y-Kahvesi-Merdivenleri-600x459.jpg
255,6,https://accessland.live/wp-content/uploads/2024/10/Yenikoy_de-Gece-Hayati-ve-Sosyal-Aktiviteler-Nasil.jpg
255,7,https://dynamic-media-cdn.tripadvisor.com/media/photo-o/25/73/02/97/caption.jpg?w=400&h=300&s=1
255,8,https://media-cdn.tripadvisor.com/media/photo-m/1280/1c/4f/dd/c5/yenikoy-sahili.jpg
255,9,https://media-cdn.tripadvisor.com/media/photo-s/0c/c9/34/9f/yenikoy-sahili.jpg
255,10,https://nomatto.com/asset/resized/istanbul/saryer_/yenikoy/yenikoy_sahil_m.jpg
256,1,https://images.unsplash.com/photo-1697194115875-aa15cd5d030b?q=80&w=735&auto=format&fit=crop&ixlib=rb-4.1.0&ixid=M3wxMjA3fDB8MHxwaG90by1wYWdlfHx8fGVufDB8fHx8fA%3D%3D
256,2,https://www.etstur.com/letsgo/wp-content/uploads/2024/12/yerebatan-sarnici-hakkinda-bilgiler-1044x587.jpg
256,3,https://yerebatan.com/wp-content/uploads/2022/12/yerebatan-00000029-kopyastg-min-5tXT-scaled.jpg
256,4,https://yerebatan.com/wp-content/uploads/2022/12/yerebatan-sergi-ogu6525-min-JlPk-scaled-1.jpg
256,5,https://www.bizevdeyokuz.com/wp-content/uploads/yerebatan-sarnici-5.jpg
256,6,https://encrypted-tbn0.gstatic.com/images?q=tbn:ANd9GcS2gy34aTUUSWNyYAPIkEMvZ70K5YeS-jRY1w&s
256,7,https://cdnuploads.aa.com.tr/uploads/PhotoGallery/2023/04/29/thumbs_b2_8ad555631785bc168e82e08f5d50646c.jpg
256,8,https://www.tutap.com.tr/upload/tanitimlar/1335342015d3da.jpg
256,9,https://kultur.istanbul/gorsel/2022/04/yerebatan-sarnici-4_1000x562.jpg
256,10,https://eaxd5su9xsp.exactdn.com/wp-content/uploads/2025/03/yerebatan-sarnici-1.jpg?strip=all
257,1,https://i0.shbdn.com/photos/12/47/59/x5_10921247599de.jpg
257,2,https://daygroup.com.tr/wp-content/uploads/2026/02/337-jade-1-zekeriyakoy-1200x1024.jpg
257,3,https://terrarealestate.com/img/2966/2966-smart-luxury-villas-with-private-pools-in-sariyer-istanbul-6569a8539991e.jpg
257,4,https://imaj.emlakjet.com/cms/resize/900/675/projects/693/pl1lyupzn2qeb5nuobzf.png
257,5,https://propertyturkeyistanbul.com/wp-content/uploads/2023/12/zekeriyakoy-villa-why-zekeriyakoy2.jpg
257,6,https://tekce.net/files/emlaklar/dis/650x450/elegant-villas-in-sariyer-intertwined-with-forests-01.jpg
257,7,https://i.remax.com.tr/photos/19/1312019/L/0be5c4e75a2542debfa7125d7a650a91.webp
257,8,https://i.guncelprojebilgileri.com/Files/Projeler/ProjectDetailImages/2014/01/30/700x466/98cf5a4d-e429-4f04-bb36-78bafe32e80e.jpg
257,9,https://www.guncelprojebilgileri.com/img/r/370x240/2023/08/22082023130407-1692698647.jpg
257,10,https://selfprof.cfd/storage/kurumsal/4433/blog/img/a7e4ab03f8d31836b2bcf5b1230e3319200b40ee_b6c6781879da3cb2dc91ef13e89cf32e_image_blog_4433.png
258,1,https://upload.wikimedia.org/wikipedia/commons/b/b0/View_of_%C3%9Csk%C3%BCdar_and_Maiden%27s_Tower_from_the_ferry.IMG_1753.jpg
258,2,https://upload.wikimedia.org/wikipedia/commons/1/1b/View_of_%C3%9Csk%C3%BCdar_and_Maiden%27s_Tower_from_the_ferry.IMG_1757.jpg
258,3,https://upload.wikimedia.org/wikipedia/commons/e/e3/View_of_%C3%9Csk%C3%BCdar_and_Maiden%27s_Tower_from_the_ferry.IMG_1756.jpg
258,4,https://upload.wikimedia.org/wikipedia/commons/f/fb/View_of_%C3%9Csk%C3%BCdar_and_Maiden%27s_Tower_from_the_ferry.IMG_1755.jpg
258,5,https://upload.wikimedia.org/wikipedia/commons/9/97/%27One_of_the_wards_in_the_hospital_at_Scutari%27._Wellcome_M0007724_-_restoration%2C_cropped.jpg
258,6,https://upload.wikimedia.org/wikipedia/commons/7/7b/View_of_%C3%9Csk%C3%BCdar_and_Maiden%27s_Tower_from_the_ferry.IMG_1754.jpg
258,7,https://upload.wikimedia.org/wikipedia/commons/9/92/M5_%C3%9Csk%C3%BCdar_Meydan%C4%B1.jpg
258,8,https://upload.wikimedia.org/wikipedia/commons/5/52/M5_train_waiting_at_the_platform_of_%C3%9Csk%C3%BCdar_metro_station_and_travelling_to_Samand%C4%B1ra.IMG_1724.jpg
258,9,https://upload.wikimedia.org/wikipedia/commons/c/cd/M5_train_waiting_at_the_platform_of_%C3%9Csk%C3%BCdar_metro_station_and_travelling_to_Samand%C4%B1ra.IMG_1723.jpg
258,10,https://upload.wikimedia.org/wikipedia/commons/7/77/M5_train_waiting_at_the_platform_of_%C3%9Csk%C3%BCdar_metro_station_and_travelling_to_Samand%C4%B1ra.IMG_1722.jpg
259,1,https://upload.wikimedia.org/wikipedia/commons/8/80/Denizden_%C3%87engelk%C3%B6y_G%C3%B6r%C3%BCn%C3%BCm%C3%BC.jpg
259,2,https://upload.wikimedia.org/wikipedia/commons/thumb/e/ee/%C3%87engelk%C3%B6y.jpg/1280px-%C3%87engelk%C3%B6y.jpg
259,3,https://encrypted-tbn0.gstatic.com/images?q=tbn:ANd9GcSlNuKnjOgPWZ0CZAmcFuI2Z-kLr2q1LwXGeg&s
259,4,https://kulturveyasam.com/wp-content/uploads/2019/01/cengelkoy-01-min.jpg
259,5,https://joytekneturu.com/r/37795/blog/%C3%A7engelk%C3%B6y-beylerbeyi-istanbulun-nostaljik-semtleri.jpg
259,6,https://dynamic-media-cdn.tripadvisor.com/media/photo-o/30/b4/77/3a/cengelkoy.jpg?w=1200&h=1200&s=1
259,7,https://encrypted-tbn0.gstatic.com/images?q=tbn:ANd9GcQDWHPJsb5s9-Acouef4H23kkGqx1YVp8VkgA&s
259,8,https://upload.wikimedia.org/wikipedia/commons/2/2c/%C3%87engelk%C3%B6y_Pier_%281%29.jpg
259,9,https://upload.wikimedia.org/wikipedia/commons/d/da/%C3%87engelk%C3%B6y_G%C3%BCn_bat%C4%B1m%C4%B1_-_panoramio.jpg
259,10,https://i.pinimg.com/736x/3a/92/ea/3a92eafea8e0e513c864abc210393e0d.jpg
259,11,https://upload.wikimedia.org/wikipedia/commons/6/62/%C3%87engelk%C3%B6y_-_panoramio_%281%29.jpg
259,12,https://upload.wikimedia.org/wikipedia/commons/3/3e/%C3%87engelk%C3%B6y_-_panoramio.jpg
259,13,https://upload.wikimedia.org/wikipedia/commons/e/ee/%C3%87engelk%C3%B6y.jpg
259,14,https://upload.wikimedia.org/wikipedia/commons/1/19/%C3%87engelk%C3%B6y_2.jpg
259,15,https://upload.wikimedia.org/wikipedia/commons/4/4e/Old_mansion_in_%C3%87engelk%C3%B6y_2.JPG
259,16,https://www.shutterstock.com/image-photo/cengelkoy-district-uskudar-istanbul-turkiye-600nw-2351754029.jpg
259,17,https://cengelkoycinaralti.com/uploads/6492aa61d3e77.jpeg
259,18,https://encrypted-tbn0.gstatic.com/images?q=tbn:ANd9GcQ9X97lODcDMgvPyRsTeVrAryukW0y4TVA2aQ&s
259,19,https://upload.wikimedia.org/wikipedia/commons/0/0d/%C3%87ENGELK%C3%96Y_-_panoramio.jpg
259,20,https://upload.wikimedia.org/wikipedia/commons/4/41/Old_house_in_%C3%87engelk%C3%B6y_2.JPG
260,1,https://cdn2.enuygun.com/media/lib/825x620/uploads/image/cengelkoy-30465.webp
260,2,https://encrypted-tbn0.gstatic.com/images?q=tbn:ANd9GcTPa_NwdUDDbQFwbIDTsmq0E6PEy_qsU8490g&s
260,3,https://www.turrehberin.com/wp-content/uploads/2016/10/Cengelkoy.jpeg
260,4,https://cdn2.enuygun.com/media/lib/1200x675/uploads/image/kuleli-askeri-lisesi-61314.webp
260,5,https://encrypted-tbn0.gstatic.com/images?q=tbn:ANd9GcQSN8ra4b9QPgdOJFS-FCGV8twbmevtsApMfA&s
260,6,https://i.pinimg.com/736x/89/20/25/892025031d9875e8380568a13a4f76e4.jpg
260,7,https://istanbeautiful.com/tr/wp-content/uploads/cengelkoy.jpg
260,8,https://www.turrehberin.com/wp-content/uploads/2016/10/cengelkoy-turrehberin-e1475312273157.jpg
260,9,https://upload.wikimedia.org/wikipedia/commons/e/ee/%C3%87engelk%C3%B6y.jpg
260,10,https://www.filgezi.com/wp-content/uploads/2017/10/bogaz-manzarasi--1030x727.jpg
261,1,https://dynamic-media-cdn.tripadvisor.com/media/photo-o/22/92/96/5f/caption.jpg?w=1200&h=1200&s=1
261,2,https://encrypted-tbn0.gstatic.com/images?q=tbn:ANd9GcSHact5SSYgglRQeTN_ilGs7dsFc9kgc-D7eg&s
261,3,https://dokuz8habernet.teimg.com/dokuz8haber-net/uploads/2024/09/cukurcuma-gezilecek-yerler-1.webp
261,4,https://img-s2.onedio.com/id-6480798c0af245c86c4d7d31/rev-0/w-600/h-399/f-jpg/s-814605abe8d824deebcb8e514907d656c9483f09.jpg
261,5,https://cdn-gaecj.nitrocdn.com/JMwuRIbFKRytZpZBQQGkRvqmTfGyKhHA/assets/images/optimized/rev-13da68b/turkeytravelplanner.com/wp-content/uploads/2022/06/Antique-Shop-In-Turkey-scaled-e1659202900931.jpg
261,6,https://cukurcumahamami.com/tr/Content/uploads/110820251630056_1-cukurcuma-hamami-outside.webp
261,7,https://www.senanlatistanbul.com/uploads/posts/2024-07/eb5a6128-6d86-4229-8f54-7f35c53a5851.jpg
261,8,https://encrypted-tbn0.gstatic.com/images?q=tbn:ANd9GcRgPkMveyqTbG1syIuURll8uLAAz8MclhrG9Q&s
261,9,https://nomadicniko.com/wp-content/uploads/2018/10/DSC_9644.jpg
261,10,https://magazine.surahotels.com/uploads/images/1678187005164-mceu-23217241911678187007173.jpg
262,1,https://www.mimarizm.com/themes/uploads/images/2014-2009_okl_tarsus_SEV_3.jpg
262,2,https://www.okulbul.com/resimler/galeri/7118-ilgi-okullari-sariyer-anadolu-lisesi/15823-ilgi-okullari-sariyer-anadolu-lisesi.jpeg
262,3,https://www.mimarizm.com/Files/2016/2/5/124740/124740.jpg
262,4,https://mbaokullari.ventedu.com/storage/campuses/3/covers/file_1695298194.jpeg
262,5,https://encrypted-tbn0.gstatic.com/images?q=tbn:ANd9GcRiWQKbxqDo0hpAI4yneS-Dd_zunuRhLv8DZw&s
262,6,https://www.okyanuskoleji.k12.tr/resimler/okul/tanitim/33/bina_gorunumu_5d94abba16372.jpg
262,7,https://www.arkitera.com/wp-content/uploads/2022/09/koclisesi-2-scaled.jpg
262,8,https://www.dogakoleji.k12.tr/SFolder/Haber/2295_R1_B3.jpg
262,9,https://cdn.okul.com.tr/schools/4279/375x0/ozel-sariyer-aci-ilkokulu-f4.jpg
262,10,https://www.dogakoleji.k12.tr/img/kampus/110/buyuk/1.jpg?v=0004
263,1,https://www.etstur.com/letsgo/wp-content/uploads/2024/11/6-1.jpg
263,2,https://bunny-wp-pullzone-nfqzsydbnl.b-cdn.net/wp-content/uploads/2024/05/uskudar-gezilecek-yerler-mihrimah-sultan-cami.jpg
263,3,https://www.turkiyehaberajansi.com/images/files/2024/09/66e20068cf4ca.jpg
263,4,https://biyeregitsek.com/wp-content/uploads/2022/06/344BE318-982E-4CD0-920D-64A9253255FA.jpeg
263,5,https://bunny-wp-pullzone-nfqzsydbnl.b-cdn.net/wp-content/uploads/2024/05/uskudar-gezilecek-yerler-kuzguncuk.jpg
263,6,https://gezilmesigerekenyerler.com/wp-content/uploads/2022/07/Kuzguncuk-Sokaklari.jpg
263,7,https://images.unsplash.com/photo-1614714047524-c1ce08ee840c?q=80&w=1932&auto=format&fit=crop&ixlib=rb-4.1.0&ixid=M3wxMjA3fDB8MHxwaG90by1wYWdlfHx8fGVufDB8fHx8fA%3D%3D
263,8,https://images.unsplash.com/photo-1603641749181-368bab3bb88f?q=80&w=687&auto=format&fit=crop&ixlib=rb-4.1.0&ixid=M3wxMjA3fDB8MHxwaG90by1wYWdlfHx8fGVufDB8fHx8fA%3D%3D
263,9,https://www.ekremimamoglu.com/content/images/2024/03/-sk-dar-salacak-sahil-d-zenlemesini-tamamlad-k.jpg
263,10,https://images.unsplash.com/photo-1627122857955-0cb8671df4b9?q=80&w=687&auto=format&fit=crop&ixlib=rb-4.1.0&ixid=M3wxMjA3fDB8MHxwaG90by1wYWdlfHx8fGVufDB8fHx8fA%3D%3D
264,1,https://i.pinimg.com/736x/87/ed/d3/87edd3b0c9379de2a48dd1ddfcf3fc4d.jpg
264,2,https://istanbuluseyret.ibb.gov.tr/wp-content/uploads/2021/03/Uskudar-7-2.jpg
264,3,https://www.ekremimamoglu.com/content/images/2024/03/-sk-dar-salacak-sahil-d-zenlemesini-tamamlad-k.jpg
264,4,https://explorervia.com/wp-content/uploads/2025/08/uskudar_gezi_33c44623d9.webp
264,5,https://live.staticflickr.com/4152/4995551232_5d1533ec0f_b.jpg
264,6,https://media-cdn.tripadvisor.com/media/photo-s/1c/9d/18/3b/uskudar-iskelesi.jpg
264,7,https://projeskop.com/uploads/default/uskudar-blog-projeskop-ic-gorsel.jpg
264,8,https://blog.piriguide.com/wp-content/uploads/2023/01/Uskudar-Gezi-Rehberi-Altin-Sehir-Uskudar-Iskelesi-1024x576.jpg
264,9,https://upload.wikimedia.org/wikipedia/commons/9/9e/Iskele_Mosque_Uskudar.jpg
264,10,https://i.ytimg.com/vi/FJZJMnYcxL8/maxresdefault.jpg
265,1,https://i.pinimg.com/236x/1d/26/96/1d26965f49401b6f15be8e9531d166ed.jpg
265,2,https://upload.wikimedia.org/wikipedia/commons/8/8c/Uskudar_Square.jpg
265,3,https://imaj.emlakjet.com/scale/900/675/listing/16350569/A04653D410B5A59C0124B2BADE6BB82116350569.jpg
265,4,https://lh6.googleusercontent.com/proxy/wXD6UvTvBgjThbfPxgeFFgtgnbwRrxWCCIjGJwILkjA1RAekh8eQW6TFRSsd7QTySNfSHCbaexmmYc7aoV_I-Ate5HjYIE0mQ80wnURMbvVnndNgusi71aUD0t_Xt0Ti6aO7HW8rCprpMp-aG5XyM0RDSyPJMdzyNWuJEwloGx0z9EXfCrHDACxUfA3C1YQ
265,5,https://upload.wikimedia.org/wikipedia/commons/6/6a/Empty_street_during_the_coronavirus_pandemic_in_Istanbul.jpg
265,6,https://imaj.emlakjet.com/scale/900/675/listing/18198203/CC6C0CEF3ABD2C555997D73D3ED2B16718198203.jpg
265,7,https://pbs.twimg.com/media/EZkYFVvWsAEEmvH.jpg
265,8,https://upload.wikimedia.org/wikipedia/commons/5/56/Selami_Ali_%C3%9Csk%C3%BCdar%2C%C4%B0stanbul.jpg
265,9,https://imaj.emlakjet.com/listing/16669515/B7681706928C045326D9D4CB327CF54416669515.jpg
265,10,https://upload.wikimedia.org/wikipedia/commons/thumb/7/77/G%C3%BCng%C3%B6ren_Tramvay_%C4%B0stasyonu_T1_2025.jpg/250px-G%C3%BCng%C3%B6ren_Tramvay_%C4%B0stasyonu_T1_2025.jpg
266,1,https://static.birgun.net/resim/big-haber/2024/02/07/caglayan-adliyesi-nde-guvenlik-onlemleri-artirildi.jpg
266,2,https://guneydogueksprescom.teimg.com/crop/1280x720/guneydoguekspres-com/uploads/2025/03/caglayan.jpg
266,3,https://img.piri.net/piri/upload/3/2025/3/22/62cd1f59-b2g1p6xltgfir063c6d07.jpeg
266,4,https://img.ulusal.com.tr/rcman/Cw1280h720q95gc/storage/files/images/2024/02/15/caglayanda-hareketli-dakikalar-hakimlige-sevk-edilen-zanli-kacma-girisiminde-bulundu-n2dk.jpg
266,5,https://www.karmod.com/media/projects/119/caglayan-istanbul-adliye-sarayi-97454_3.jpg
266,6,https://www.son.tv/wp-content/uploads/2019/01/istanbul-caglayan-adliyesi-nde-suikast-silahi-skandali-adliyeye-sokmak-isterken-yakalandi.jpg
266,7,https://itfaiye.ibb.gov.tr/img/202211306271724128359555.JPG
266,8,https://www.istanbulbarosu.org.tr/files/haber/17592/orj/CAGLAYANKANBAGISINOKTASI-1.jpg
266,9,https://tele1comtr.teimg.com/crop/1280x720/tele1-com-tr/uploads/2025/01/imamoglu-28.jpg
266,10,https://upload.wikimedia.org/wikipedia/commons/e/ea/PalaceOfJusticeIstanbul_%281%29.jpg
267,1,https://upload.wikimedia.org/wikipedia/commons/7/78/%C4%B0stiklal_Avenue_-_Istiklal_Street_-_%C4%B0stikl%C3%A2l_Caddesi_-_Istanbul%2C_Turkey_%2810583288925%29.jpg
267,2,https://upload.wikimedia.org/wikipedia/commons/d/d7/%C4%B0stiklal_Avenue_-_Istiklal_Street_-_%C4%B0stikl%C3%A2l_Caddesi_-_Istanbul%2C_Turkey_%2810583294235%29.jpg
267,3,https://upload.wikimedia.org/wikipedia/commons/0/01/%C4%B0stiklal_Avenue_-_Istiklal_Street_-_%C4%B0stikl%C3%A2l_Caddesi_-_Istanbul%2C_Turkey_%2810583289166%29.jpg
267,4,https://images.unsplash.com/photo-1565560665589-37da0a389949?q=80&w=735&auto=format&fit=crop&ixlib=rb-4.1.0&ixid=M3wxMjA3fDB8MHxwaG90by1wYWdlfHx8fGVufDB8fHx8fA%3D%3D
267,5,https://upload.wikimedia.org/wikipedia/commons/4/40/%C4%B0stiklal_Avenue_-_Istiklal_Street_-_%C4%B0stikl%C3%A2l_Caddesi_-_Istanbul%2C_Turkey_%2810583285985%29.jpg
267,6,https://upload.wikimedia.org/wikipedia/commons/6/62/%C4%B0stiklal_Avenue_-_Istiklal_Street_-_%C4%B0stikl%C3%A2l_Caddesi_-_Istanbul%2C_Turkey_%2810583233815%29.jpg
267,7,https://upload.wikimedia.org/wikipedia/commons/5/52/View_of_Istiklal_Avenue_from_the_entrance_of_Galatasaray_High_School.jpg
267,8,https://upload.wikimedia.org/wikipedia/commons/b/bb/Istiklal_caddesi_2.jpg
267,9,https://upload.wikimedia.org/wikipedia/commons/1/15/Istanbul%2C_%C4%B0stikl%C3%A2l_Caddesi%2C_2023.jpg
267,10,https://cdn.villacim.com.tr/uploads/3840/723_istiklal-caddesi-gezilecek-yerler.jpg
267,11,https://dynamic-media-cdn.tripadvisor.com/media/photo-o/17/66/ba/62/img-20190505-075408-largejpg.jpg?w=900&h=500&s=1
267,12,https://meydanbesiktasotel.com/wp-content/uploads/2019/11/taksim.jpg
267,13,https://images.unsplash.com/photo-1611005411307-814ef86b4002?w=900&auto=format&fit=crop&q=60&ixlib=rb-4.1.0&ixid=M3wxMjA3fDB8MHxzZWFyY2h8MTB8fGlzdGlrbGFsJTIwY2FkZGVzaXxlbnwwfHwwfHx8MA%3D%3D
267,14,https://images.unsplash.com/photo-1764020130312-ed0b3bc6c148?q=80&w=687&auto=format&fit=crop&ixlib=rb-4.1.0&ixid=M3wxMjA3fDB8MHxwaG90by1wYWdlfHx8fGVufDB8fHx8fA%3D%3D
267,15,https://i.pinimg.com/736x/04/6b/2d/046b2da0be36e5c778f71c9a50200fe4.jpg
267,16,https://i.pinimg.com/736x/65/b8/3f/65b83fd12ca8ea0b3f353402bb0ebdd1.jpg
267,17,https://encrypted-tbn0.gstatic.com/images?q=tbn:ANd9GcRuVXrlqfbHsMWz-Eep5fwp1np60fGvY3Lg5g&s
267,18,https://live.staticflickr.com/7033/6432938327_48ec075c38_b.jpg
267,19,https://upload.wikimedia.org/wikipedia/commons/f/f9/%C4%B0stiklal_Avenue_-_Istiklal_Street_-_%C4%B0stikl%C3%A2l_Caddesi_-_Istanbul%2C_Turkey_%2810583303216%29.jpg
267,20,https://upload.wikimedia.org/wikipedia/commons/c/cf/%C4%B0stiklal_Avenue_-_Istiklal_Street_-_%C4%B0stikl%C3%A2l_Caddesi_-_Istanbul%2C_Turkey_%2810583321966%29.jpg
268,1,https://sariyergazetesi.com/media/haber/2024/10/poligon_mahallesi_rezerv_alan.jpg
268,2,https://sporenvanteri.ibb.istanbul/images/facilityImage/1920x1024/1539-5659.jpg
268,3,https://encrypted-tbn0.gstatic.com/images?q=tbn:ANd9GcRXLQ7VtpAQT8XUS-ciuwI1XzXQRFFV9-wUIw&s
268,4,https://encrypted-tbn0.gstatic.com/images?q=tbn:ANd9GcQp7toXlE9K8yzBTzuu9NvMrgXpPcQtVUenNw&s
268,5,https://encrypted-tbn0.gstatic.com/images?q=tbn:ANd9GcRpVgf571EiH15LRztSdPLP4J48ZosXUUH6iw&s
268,6,https://i.ytimg.com/vi/m6nBFBXfbjg/maxresdefault.jpg
268,7,https://istanbulburdacom.teimg.com/crop/1280x720/istanbulburda-com/images/haberler/2017/12/istinye_atis_poligonu_ve_tenis_kortlari_h2395_7bf0a.JPG
268,8,https://profesyonelelektrikci.wordpress.com/wp-content/uploads/2019/07/poligon.jpg?w=640
268,9,https://encrypted-tbn0.gstatic.com/images?q=tbn:ANd9GcQEgRaOh3oFh6Qu0riuu8fkRz2Rzd7ijJb7iw&s
268,10,https://d.sariyermanset.com/news/8171.jpg
269,1,https://upload.wikimedia.org/wikipedia/commons/thumb/7/7a/Istanbul_-_Yenik%C3%B6y.JPG/330px-Istanbul_-_Yenik%C3%B6y.JPG
269,2,https://encrypted-tbn0.gstatic.com/images?q=tbn:ANd9GcT3tsaEMqLw95obyKMn8WJNpO-yKrxW_6Y5Lw&s
269,3,https://saltonline.org/directus/media/thumbnails/1-35-jpg-780-5000-false.jpg
269,4,https://www.steelradar.com/images/64300c29ed3541aeb4da9c204eff3bf6.jpg
269,5,https://www.turanakinci.com/fotograf/yenikoy-dadyan-yalisi.jpg
269,6,https://encrypted-tbn0.gstatic.com/images?q=tbn:ANd9GcRxAXpnXGCeMtRupQhrcHPo8JZjj1a3PdC2KQ&s
269,7,https://encrypted-tbn0.gstatic.com/images?q=tbn:ANd9GcQ5LDlsV3urQMZuA0mz-6GWPau4K309IzDzyQ&s
269,8,https://imaj.emlakjet.com/listing/11333224/381991FC29CCDE3553A2FFB40CD236A211333224.jpg
269,9,https://i.ytimg.com/vi/6B2w6QXefgo/hq720.jpg?sqp=-oaymwE7CK4FEIIDSFryq4qpAy0IARUAAAAAGAElAADIQj0AgKJD8AEB-AHUBoAC4AOKAgwIABABGBEgWyhyMA8=&rs=AOn4CLCFvyXsx6sUg1sQsd-5m_E16BLO-g
269,10,https://cdn.listelist.com/wp-content/uploads/2015/11/odak2-620x375.jpg
270,1,https://upload.wikimedia.org/wikipedia/commons/0/07/%C5%9Eile_-_Turkey.jpg
270,2,https://upload.wikimedia.org/wikipedia/commons/9/90/%C3%9Csk%C3%BCdar_Street%2C_%C5%9Eile.jpg
270,3,https://upload.wikimedia.org/wikipedia/commons/5/5e/Water_drop_001.jpg
270,4,https://upload.wikimedia.org/wikipedia/commons/4/4a/Tekstil_Meslek_Lisesi%2C_%C5%9Eile.jpg
270,5,https://upload.wikimedia.org/wikipedia/commons/6/65/Beach_in_%C5%9Eile.jpg
270,6,https://upload.wikimedia.org/wikipedia/commons/3/31/Strand_in_%C5%9Eile_%28117LIEBE_1568%29.jpg
270,7,https://upload.wikimedia.org/wikipedia/commons/f/f4/Statue_of_Mustafa_Kemal_Atat%C3%BCrk_in_%C5%9Eile.jpg
270,8,https://upload.wikimedia.org/wikipedia/commons/9/92/Sile_panorama.jpg
270,9,https://upload.wikimedia.org/wikipedia/commons/2/25/%C3%96nceki_rokethane_plaj_-_panoramio.jpg
270,10,https://upload.wikimedia.org/wikipedia/commons/b/bc/Istanbul_location_%C5%9Eile_fixed.png
271,1,https://cdn2.enuygun.com/media/lib/1200x675/uploads/image/ayazma-plaji-61129.webp
271,2,https://cdn2.enuygun.com/media/lib/500x300/uploads/image/sofular-plaji-48508.webp
271,3,https://emlakplatform.fsn1.your-objectstorage.com/proj_imgs/33_3da3add9f9867357b30276e4a1225301_23.webp
271,4,https://imaj.emlakjet.com/listing/18878929/1BAB900D2AEF416B88FB9A2ACE74EF1218878929.jpg
271,5,https://www.sahilkampistanbul.com/modules/gallery/galleries/villa-gundogdu/IMG_C4E0BB-41E318-3C1833-4FABE1-D21C96-192FD6.jpg
271,6,https://cdn2.enuygun.com/media/lib/825x620/uploads/image/uzunkum-plaji-48544.webp
271,7,https://selfprof.cfd/storage/bireysel/images_blog/9299/25d66342bab8c740fafea7eb54d3b79617e5cc41_023cbd010285df431aa9bd5b9116da0c.jpg
271,8,https://imaj.emlakjet.com/cms/resize/900/675/projects/1511/uyials2dubtj8cfhremj.png
271,9,https://www.bizevdeyokuz.com/wp-content/uploads/sahilkamp-bungalov-sile.jpg
271,10,https://cdn2.enuygun.com/media/lib/500x300/uploads/image/sile-akcakese-45356.webp
272,1,https://gezilecekyerler-listesi.com/wp-content/uploads/2020/06/sisl-gezilecek-yerler.jpg
272,2,https://www.gezipedia.net/uploads/posts/2020-04/1585867665_sisli-gezilecek-yerler.jpg
272,3,https://dynamic-media-cdn.tripadvisor.com/media/photo-o/13/f1/80/56/city-s-nisantasi-alisveris.jpg?w=500&h=500&s=1
272,4,https://gezibilen.com/_next/image?url=https%3A%2F%2Ffirebasestorage.googleapis.com%2Fv0%2Fb%2Fgezbi-e89bc.appspot.com%2Fo%2FTravelPoint%252FEGMsYUecFYGv1IwRqwpl%252Fbanner.webp%3Falt%3Dmedia%26token%3D3c56f3cb-b441-405a-bc29-8257d6681bb7&w=3840&q=75
272,5,https://encrypted-tbn0.gstatic.com/images?q=tbn:ANd9GcQbr3Cms-3by6j6g2AdYURV3fKN_zcGJN1BZQ&s
272,6,https://media.safarway.com/content/64887029-3cc5-4823-af43-7284a04f4d18_lg.jpg
272,7,https://avatars.mds.yandex.net/get-altay/11408080/2a0000019312105e872739d7173222f240eb/L_height
272,8,https://encrypted-tbn0.gstatic.com/images?q=tbn:ANd9GcSglvxNMAwVVHJFDsCl7cR11zzS2uQvHEjOXw&s
272,9,https://avatars.mds.yandex.net/get-altay/14021027/2a00000193789a51da0abc36e344b80941dd/L_height
272,10,https://www.istanbuldelisi.net/wp-content/uploads/2015/11/Ni%C5%9Fanta%C5%9F%C4%B1-blog.jpg
273,1,https://www.izmirdergisi.com/templates/yootheme/cache/tas-evler-12-e1243b57.jpeg
273,2,https://encrypted-tbn0.gstatic.com/images?q=tbn:ANd9GcRliKGV3t3GTZGWkGd-SeQWVzMtw1S6vzRn-A&s
273,3,https://ctstransfer.com/upload/blog/20251216121715.jpg
273,4,https://encrypted-tbn0.gstatic.com/images?q=tbn:ANd9GcTuFhpaqn3OyYR4zqnYCn8-G42wNJRNFH3b2Q&s
273,5,https://gezipgordum.com/wp-content/uploads/2021/06/alacati-gezilecek-yerler.jpg
273,6,https://cdnuploads.aa.com.tr/uploads/PhotoGallery/2021/06/22/thumbs_b2_8119a608ab681ece2510dc1316fd139e.jpg
273,7,https://encrypted-tbn0.gstatic.com/images?q=tbn:ANd9GcRq5VJbCRvmGFNTQyKijbDxq4PCjxiwvJA7Gg&s
273,8,https://encrypted-tbn0.gstatic.com/images?q=tbn:ANd9GcSCsrfpMz6kQuKOSVmMW3hceWUyKuHDgoBWfA&s
273,9,https://i.emlaktasondakika.com/Files/NewsImages2/2021/06/22/760x430/alacati_157574_592cb.jpg
273,10,https://megaplus.com.tr/wp-content/uploads/2019/05/alacatinin-tarihi-dokusu-tas-evler-megaplus-dergisi-30.sayi-2.jpg
274,1,https://encrypted-tbn0.gstatic.com/images?q=tbn:ANd9GcTBC1IhwDG9B9EvpobYBAZN0s8-gCAQVeTBOw&s
274,2,https://habereksprescomtr.teimg.com/crop/1280x720/haberekspres-com-tr/images/haberler/2017/09/alsancak_stadi_boyle_olacak_h106897_0fde5.jpg
274,3,https://izgazetenet.teimg.com/izgazete-net/uploads/2025/04/alsancak-mustafa-denizli-stadyumu-4.jpg
274,4,https://www.erolsasmaz.com/foto_y/2022/01/b/1642244223.jpg
274,5,https://media-cdn.t24.com.tr/media/library/2021/11/1637934034491-alsancak.jpg
274,6,https://visitizmiryonetim.izmir.bel.tr/YuklenenDosyalar/DestinasyonFotograflari/1024/15022021112606336.jpg
274,7,https://dynamic-media-cdn.tripadvisor.com/media/photo-o/25/38/07/35/caption.jpg?w=900&h=500&s=1
274,8,https://encrypted-tbn0.gstatic.com/images?q=tbn:ANd9GcQuL1pX7DfmcnrzKos14oGDa1GVAwKDKb2-Qg&s
274,9,https://izgazetenet.teimg.com/crop/1280x720/izgazete-net/uploads/2024/09/alsancakstadkapak.webp
274,10,https://habereksprescomtr.teimg.com/crop/1280x720/haberekspres-com-tr/uploads/2024/08/altay-1.jpg
275,1,https://izmirdesondakikacomtr.teimg.com/crop/1280x720/izmirdesondakika-com-tr/uploads/2024/10/urla-bademler-1.jpg
275,2,https://encrypted-tbn0.gstatic.com/images?q=tbn:ANd9GcT7zxnOArTfb01zEcjUuZFkTNcq64Dp-gBYEA&s
275,3,https://visitizmiryonetim.izmir.bel.tr/YuklenenDosyalar/DestinasyonFotograflari/1024/14012021121456907.jpg
275,4,https://encrypted-tbn0.gstatic.com/images?q=tbn:ANd9GcSB7Nq4Td8V1qbpl2IhXcMwi7YS2MlXgreLsw&s
275,5,https://habereksprescomtr.teimg.com/haberekspres-com-tr/uploads/2024/08/bademler-koyu-tiyatro-binasi-3.jpg
275,6,"https://cdn.bubilet.com.tr/cdn-cgi/image/format=auto,width=3840,quality=80/https://cdn.bubilet.com.tr/files/Mekan/urla-bademler-koyu-59669.webp"
275,7,"https://cdn.bubilet.com.tr/cdn-cgi/image/format=auto,width=3840,quality=80/https://cdn.bubilet.com.tr/files/Mekan/urla-bademler-koyu-17393.jpg"
275,8,https://bademlersanatkoyu.com/wp-content/uploads/2024/06/IMG-20240330-WA0019.jpg
275,9,https://bademlerkoop.com.tr/User_Files/editor/image/bademler-koyu.jpg
275,10,https://encrypted-tbn0.gstatic.com/images?q=tbn:ANd9GcS8ZBvDlkjAAQod0sp6U60HRd3zGvaeeNetFQ&s
276,1,"https://sp-ao.shortpixel.ai/client/to_auto,q_glossy,ret_img,w_640,h_480/https://www.gezginstar.com/wp-content/uploads/2020/07/Pissa-Koyu-1024x768.jpg"
276,2,"https://sp-ao.shortpixel.ai/client/to_auto,q_glossy,ret_img,w_640,h_480/https://www.gezginstar.com/wp-content/uploads/2020/07/Killik-Koyu-ve-Kane-Antik-Kenti-1024x768.jpg"
276,3,https://images.themagger.net/wp-content/uploads/2020/08/4-1-633x433.jpg
276,4,https://egetelgrafcom.teimg.com/crop/1280x720/egetelgraf-com/uploads/2025/02/bademli-deniz-ilicasi.jpg
276,5,https://images.themagger.net/wp-content/uploads/2020/08/1-1-633x356.jpg
276,6,https://encrypted-tbn0.gstatic.com/images?q=tbn:ANd9GcQlyQpN8YleJ6mR3qrJmF4Fnr7JoybD48qqXA&s
276,7,https://deu6qa9w4xg02.cloudfront.net/media/ilan_galeri/galeri_12382159_3.webp
276,8,https://encrypted-tbn0.gstatic.com/images?q=tbn:ANd9GcRV8c4_kKGXv2N8LBcKEdv8PdYuvsqTrnJJ2g&s
276,9,https://egetelgrafcom.teimg.com/crop/1280x720/egetelgraf-com/uploads/2025/02/dikili-bademli.jpg
276,10,https://imaj.emlakjet.com/scale/600/450/listing/15558326/C9FD24EFE838B5931BB6170C0675E24215558326.jpg
277,1,https://encrypted-tbn0.gstatic.com/images?q=tbn:ANd9GcRXjtKIyjcmjo8iEvqt-ZJy0BSbiLj8MJN8jg&s
277,2,https://www.bizevdeyokuz.com/wp-content/uploads/basmane-oteller-sokagi-izmir-770x433.jpg
277,3,https://otuzbesliknew.s3.eu-central-1.amazonaws.com/img/yazi/40599vijxq6k51c.jpg
277,4,https://gezigezgini.com/konak/basmane/basmanede-gezilecek-yerler-ve-turistik-noktalari/
277,5,https://www.ulkumenrodoplu.com/wp-content/uploads/2017/03/basmane.jpg
277,6,https://images.euronews.com/articles/stories/04/29/31/92/1536x864_cmsv2_c43909aa-fc1a-5133-8825-dbb8d990f923-4293192.jpg
277,7,https://encrypted-tbn0.gstatic.com/images?q=tbn:ANd9GcTt0PG91b_boWuc4M7yr4N_bLPXKs3vkWJhCQ&s
277,8,https://encrypted-tbn0.gstatic.com/images?q=tbn:ANd9GcTt4cB9g_zqVjTHxeDTSwz4yIQet6YbQc8rTg&s
277,9,https://www.egitimajansi.com/images/news/ffc06097dbc999deb047d53d8f52c61e.jpg
277,10,https://encrypted-tbn0.gstatic.com/images?q=tbn:ANd9GcSRw9anHm4dSwzvIYR1y_usc8O7AFwlL_A9vQ&s
278,1,https://i.test.neredekal.com/i/75/585x300/60662a22ee14ce176dce1127
278,2,"https://www.kulturvarliklari.gov.tr/Resim/35120,unescobirgi3.png?0"
278,3,https://pinebay.com/images/map/19_birgi-tarihi-kenti-ve-cakiraga-konagi_1.jpg
278,4,https://encrypted-tbn0.gstatic.com/images?q=tbn:ANd9GcTUwV81aCZKFoRtgN0Q_zpMwHRcPy8_CCsyAA&s
278,5,https://upload.wikimedia.org/wikipedia/commons/5/59/%C3%87ak%C4%B1ra%C4%9Fa_Mansion.jpg
278,6,https://turkiyeturizmansiklopedisi.com/uploads/img/2025/03/25/40a46afd2b35d770508dac4481cfb6ab3f934796.jpg
278,7,https://pinebay.com/images/map/19_birgi-tarihi-kenti-ve-cakiraga-konagi_0.jpg
278,8,https://cdnuploads.aa.com.tr/uploads/Contents/2015/10/12/thumbs_b_c_7302ebeab7ca601ca3b4c27f1bb2f74a.jpg
278,9,https://www.erolsasmaz.com/foto_y/2016/10/b/1475932538.jpg
278,10,https://www.bizevdeyokuz.com/wp-content/uploads/cakiraga-konagi-birgi-koyu-izmir-3.jpeg
279,1,https://www.bizevdeyokuz.com/wp-content/uploads/birgi-koyu-sokak-6.jpg
279,2,https://encrypted-tbn0.gstatic.com/images?q=tbn:ANd9GcSyPUR3iKm3u3HluupbMY-e2S_BVF72LY0Qdg&s
279,3,https://image.hurimg.com/i/hurriyet/90/0x0/5f76ecb67152d8145091be10.jpg
279,4,https://www.bizevdeyokuz.com/wp-content/uploads/birgi-rehberi.jpg
279,5,https://habereksprescomtr.teimg.com/crop/1280x720/haberekspres-com-tr/uploads/2024/05/birgi-koyu.jpg
279,6,https://gazetesu.sabanciuniv.edu/sites/gazetesu.sabanciuniv.edu/files/images/whatsapp-image-2024-05-22-at-10.19.56.jpeg
279,7,https://www.yolculukterapisi.com/wp-content/uploads/2019/12/birgi-4.jpg
279,8,https://gezigezgini.com/wp-content/uploads/2019/02/birgi_anagorsel.jpg
279,9,https://encrypted-tbn0.gstatic.com/images?q=tbn:ANd9GcTvhAByvfOckp_UNgny-5bYl4nCQ2ldVMc26g&s
279,10,https://encrypted-tbn0.gstatic.com/images?q=tbn:ANd9GcSDFVR8HSO0sQxwjbVjtgtK4TIs3n6jS5V28g&s
280,1,https://static.birgun.net/resim/haber-detay-resim/2020/02/28/bornova-sokagi-yayalarin-oluyor-694189-5.jpg
280,2,https://www.izmirmekanrehberi.com/izmir-mekan-haberleri/uploads/izmir-bornova.webp
280,3,https://encrypted-tbn0.gstatic.com/images?q=tbn:ANd9GcT8p5HKiMg2KUcWgLQOdPYqy9BCpf7tnfIzvQ&s
280,4,https://media-cdn.tripadvisor.com/media/photo-s/1d/1f/51/bc/bornova-carsisi.jpg
280,5,https://egedesonsozcom.teimg.com/crop/1280x720/egedesonsoz-com/uploads/2024/12/aaabornovaaaa.jpg
280,6,https://www.erolsasmaz.com/foto_y/2024/06/b/1719399713.jpg
280,7,https://encrypted-tbn0.gstatic.com/images?q=tbn:ANd9GcTQT88xjuE9wRBqC7vyL9cmVpClc443RAtSQw&s
280,8,https://www.softhaber.com/images/haberler/2022/11/bornova-nin-tarihi-carsisi-isil-isil-parliyor.jpg
280,9,https://www.izmir.bel.tr/YuklenenDosyalar/Haberler/Buyuk/02052022_115058_0.jpg
280,10,https://www.erolsasmaz.com/foto_y/2024/06/b/1719399619.jpg
281,1,https://otuzbesliknew.s3.eu-central-1.amazonaws.com/img/mekan/bostanli-sahili.2504.0.jpeg
281,2,https://www.gercekhaberci.com/images/haberler/bostanli-oyle-guzel-oldu-ki_1.jpg
281,3,https://avatars.mds.yandex.net/i?id=45fb6d9be0da117db813e3a8d6ef5991cf318181-12347000-images-thumbs&n=13
281,4,https://i.test.neredekal.com/i/75/585x300/6540f273425dba2e148d3dfc
281,5,https://gazeterizecom.teimg.com/crop/1280x720/gazeterize-com/uploads/2025/03/agency/iha/izmir-bostanli-sahilini-deniz-marulu-sardi.jpg
281,6,https://www.menemeninsesi.com.tr/haber_resim/1624564913142.jpg
281,7,https://encrypted-tbn0.gstatic.com/images?q=tbn:ANd9GcQdgybzZQSJqeRTBr2b869dcdWmTZ0IGZ7BOQ&s
281,8,https://avatars.mds.yandex.net/i?id=27c7fc4f9cc687d36e669ffe3228d3446aeeafd9-10157887-images-thumbs&n=13
281,9,https://assets.enuygun.com/media/lib/825x620/uploads/image/bostanli-sahili-57775.webp
281,10,https://gezimanya.com/sites/default/files/styles/800x600_/public/gezilecek-yerler/2019-11/image-izmir.jpg
282,1,https://i.pinimg.com/474x/09/55/b7/0955b7d0378dd84356eb7f2b39ae24b2.jpg
282,2,https://www.focaensarotel.com/images/uploads/images/FOCA-ESK%C4%B0.jpg
282,3,https://blog.jollytur.com/wp-content/uploads/2025/08/ESKI%CC%87-FOC%CC%A7A-shutterstock_1636022443-1150x645.jpg
282,4,https://beyefendigibi.com/wp-content/uploads/2019/05/foca-evleri-ve-faca-sahili-300x163.jpg
282,5,https://www.focaensarotel.com/images/uploads/images/foca111.jpg
282,6,https://cdn2.enuygun.com/media/lib/1200x675/uploads/image/eski-foca-halk-plaji-61084.webp
282,7,https://www.focaensarotel.com/images/uploads/images/TASEVLER.jpg
282,8,https://cdnuploads.aa.com.tr/uploads/Contents/2021/08/18/thumbs_b_c_57f13608b5322bb4807dce8ce72df660.jpg?v=120140
282,9,https://www.aa.com.tr/uploads/userFiles/c9f1ae26-3cf3-4ab4-9d72-230dedd01a4c/FOZXAA-25363974.jpg
282,10,https://visitizmiryonetim.izmir.bel.tr/YuklenenDosyalar/DestinasyonFotograflari/1024/14012021152228479.jpg
283,1,https://visitizmiryonetim.izmir.bel.tr/YuklenenDosyalar/DestinasyonFotograflari/1024/09042021163256024.jpg
283,2,https://gezicini.com/wp-content/uploads/2020/10/esrepasa3-e1606473335438.jpg
283,3,https://www.izmirdergisi.com/templates/yootheme/cache/esrefpasa-2-98e610db.jpeg
283,4,https://gezicini.com/wp-content/uploads/2020/10/esrefpasa.jpg
283,5,https://www.eskiturkiye.net/resimler/esrefpasa-izmir.jpg
283,6,https://encrypted-tbn0.gstatic.com/images?q=tbn:ANd9GcRcvC9MbwuGTQWR-DYP5mJXrm2c_POywWObFQ&s
283,7,https://i.ytimg.com/vi/ddZeVC8ExtE/maxresdefault.jpg
283,8,https://encrypted-tbn0.gstatic.com/images?q=tbn:ANd9GcRnW__U5QKMxTIWfDmxaO0UZ5VF0wTYzKcOcg&s
283,9,https://www.izmirdergisi.com/images/esrefpasa-5.jpg
283,10,https://visitizmiryonetim.izmir.bel.tr/YuklenenDosyalar/DestinasyonFotograflari/1024/09042021_043338929_1_22-2.jpg.JPG
284,1,https://media.cb.com.tr/StockMediaFiles/4358/IMG-6724_3FQH5XYU49_410X261.JPG
284,2,https://gezicini.com/wp-content/uploads/2020/10/gultepe.jpg
284,3,https://static.birgun.net/resim/makale/2024/02/04/ranta-karsi-bir-mahalle-gultepe.jpg
284,4,https://cdn.listelist.com/wp-content/uploads/2014/09/gultepe-izmir-620x375.jpgg
284,5,https://cdn.listelist.com/wp-content/uploads/2014/09/gultepe-izmir.png
284,6,https://static.birgun.net/resim/haber-detay-resim/2022/01/21/gultepeliler-kentsel-donusum-planina-karsi-evlerimizden-vazgecmeyiz-970737-5.jpg
284,7,https://www.insaatderyasi.com/d/news/24998.jpg
284,8,https://encrypted-tbn0.gstatic.com/images?q=tbn:ANd9GcRBwstTpqkManxs0CUarbhPPoKt4a6uoEi3qA&s
284,9,https://gezicini.com/wp-content/uploads/2020/10/toros.jpg
284,10,https://encrypted-tbn0.gstatic.com/images?q=tbn:ANd9GcS_HoCdYQqCO3yfq9Y-lt-y7EXHfGzpka0jmA&s
285,1,https://nomatto.com/asset/resized/izmir/cesme/cesme-erythrai-antik-kenti-d_m.jpg
285,2,https://d3k54assnrzth8.cloudfront.net/img/mekan/location.14475.882234.jpg
285,3,https://cdn.trav3l.net/bugunnereyegidelim.com/uploads/ildir2.jpg
285,4,https://i.test.neredekal.com/i/75/1200x1200/605f9de8dc0ceac840109c9b
285,5,https://encrypted-tbn0.gstatic.com/images?q=tbn:ANd9GcRSaFjiL_xXPy5jx98xoZNHckGr_gruEYLrPA&s
285,6,https://izgazetenet.teimg.com/crop/1280x720/izgazete-net/uploads/2025/01/ildiri-kapakaae.webp
285,7,https://encrypted-tbn0.gstatic.com/images?q=tbn:ANd9GcRMEw8X5j6ffXLD_1lO_QcbZx-UKQrPM80HrA&s
285,8,https://www.nerdenerede.com/images/content/erythrai-antik-kenti_t9_m.webp
285,9,https://www.kulturportali.gov.tr/contents/images/%C4%B0zmir_%C3%87e%C5%9Fme_%20Ild%C4%B1r%C4%B1_%20erythrai_%20Antik_%20kenti%20(4)%20kopya.jpg
285,10,https://nomatto.com/asset/files/izmir/cesme/cesme-erythrai-antik-kenti-b.jpg
286,1,https://cdn.yerelrehber.com/uploads/2025/68d50a19b7a0d68d50a19b7a0f.png
286,2,https://encrypted-tbn0.gstatic.com/images?q=tbn:ANd9GcQsV5ri9NoZRvweoZT3t11vRCY4FmV2-GbuLw&s
286,3,https://visitizmiryonetim.izmir.bel.tr/YuklenenDosyalar/DestinasyonFotograflari/1024/14012021155202083.jpg
286,4,"https://izmir.ktb.gov.tr/Resim/68383,konakjpg.png?0"
286,5,https://upload.wikimedia.org/wikipedia/commons/1/11/Konak_meydan%C4%B1_-%C4%B0zmir_-_panoramio_-_HALUK_COMERTEL.jpg
286,6,https://i.neredekal.com/i/neredekal/75/585x300/60774924f2332275973910c9
286,7,https://media-cdn.tripadvisor.com/media/photo-s/0a/ac/a6/9a/konak-izmir.jpg
286,8,https://www.izmir.art/imgServ/img/uploads/image-d3790eb19d2ad1b7cc826eebd49caf1e9401d4cf.png
286,9,https://upload.wikimedia.org/wikipedia/commons/a/a3/Izmir_Konak_Square.jpg
286,10,https://www.arkitera.com/wp-content/uploads/2005/03/001_edit.jpg.jpeg
287,1,https://encrypted-tbn0.gstatic.com/images?q=tbn:ANd9GcRSNX6M1IeCYAYbpbxfRSWzRyUb5gHDYwUaYA&s
287,2,https://www.kulturportali.gov.tr/repoKulturPortali/large/07032013/0fec96fe-b32f-4513-9b62-650a34f733d2.jpg?format=jpg&quality=50
287,3,https://visitizmiryonetim.izmir.bel.tr/YuklenenDosyalar/DestinasyonFotograflari/1024/06062022132745811.jpg
287,4,https://www.nerdenerede.com/images/content/alsancak-kordon_8lrv.jpeg
287,5,https://www.elmalikedi.com/wp-content/uploads/2015/12/kordon-1.jpg
287,6,https://media-cdn.tripadvisor.com/media/photo-s/1a/5d/68/cc/kordon-boyu-izmir-kordon.jpg
287,7,https://otuzbesliknew.s3.eu-central-1.amazonaws.com/img/mekan/alsancak-kordon.location.3214.ztavsm.jpg
287,8,https://upload.wikimedia.org/wikipedia/commons/f/f1/Alsancak_Pier.jpg
287,9,https://encrypted-tbn0.gstatic.com/images?q=tbn:ANd9GcTMBgwI01JTar-6b5FnXBJSZptOXeYIKPE6uA&s
287,10,https://media-cdn.t24.com.tr/media/library/2023/06/1687872524786-izmir.jpg
288,1,https://yoldaolmak.com/wp-content/uploads/2020/04/kozak-yaylasi.webp
288,2,https://www.bizevdeyokuz.com/wp-content/uploads/yayla.jpg
288,3,https://upload.wikimedia.org/wikipedia/commons/thumb/0/03/Road_to_Kozak_Plateau_Bergama_Turkey.jpg/250px-Road_to_Kozak_Plateau_Bergama_Turkey.jpg
288,4,https://bergama.bel.tr/wp-content/uploads/gidilecek-yerler-kozak-yaylasi.jpg
288,5,https://www.izmirdergisi.com/images/kozak-2.jpg
288,6,https://www.gezidefteri.com/admin/upload/turlar/1708165038.jpg
288,7,https://www.bizevdeyokuz.com/wp-content/uploads/KOzak-yaylasi-01.jpg
288,8,https://ankahaber.net/public/upload/Haber/88387/88387_93580.Jpeg
288,9,https://izgazetenet.teimg.com/izgazete-net/uploads/2024/04/kozak3.webp
288,10,https://martitur.com/acenta/resim/8386.jpg
289,1,https://www.izmirdergisi.com/templates/yootheme/cache/pasaport-1-09664ead.jpeg
289,2,https://media-cdn.tripadvisor.com/media/photo-s/04/3b/ba/da/kordon-otel.jpg
289,3,https://www.gercekizmir.com/haber_resim/Pasaport-Iskelesinde-Yildirim-mola--47378.jpg
289,4,https://inizmir.com.tr/upload/kesfet/1648469006_bb1aee1a54ec8ed126fad61865bd33a2.png
289,5,https://www.izmirdergisi.com/images/pasaport-6.jpg
289,6,https://media-cdn.tripadvisor.com/media/photo-s/04/3b/ba/70/kordon-otel.jpg
289,7,https://cdn.villacim.com.tr/uploads/3840/131_pasaport-iskelesi-gezilecek-yerler.jpg
289,8,https://encrypted-tbn0.gstatic.com/images?q=tbn:ANd9GcQSqCo8ApFbsYPm9pVOsO3tD_ssO2EZgt4Spg&s
289,9,https://encrypted-tbn0.gstatic.com/images?q=tbn:ANd9GcQ20cvWYiSNTcZ3yLPPm4j8iLFrYFV1_TJiVg&s
289,10,https://encrypted-tbn0.gstatic.com/images?q=tbn:ANd9GcTzpxg6y2kvDz_kR5OGF0SDuuGMTxthLqE-7Q&s
290,1,https://cdn.shopify.com/s/files/1/0521/3631/3029/files/mars_artvin_karagol-4_1_28c62ee8-79c2-4eb2-9df0-bd0763399682_1024x1024.png?v=1689343937
290,2,https://cdnuploads.aa.com.tr/uploads/PhotoGallery/2021/10/29/thumbs_b2_8403409ddd2fbb02d79eebac79ba4f15.jpg
290,3,https://cdn2.enuygun.com/media/lib/1200x675/uploads/image/sigacik-sokaklari-54465.webp
290,4,https://gezicini.com/wp-content/uploads/2019/05/Seferihisar5.jpg
290,5,https://cdnuploads.aa.com.tr/uploads/Contents/2021/10/29/thumbs_b_c_f6b4dc48d5c3deea4bb8b9fc7aabb056.jpg?v=123727
290,6,https://habereksprescomtr.teimg.com/haberekspres-com-tr/uploads/2024/09/sigacik-wallpaper1.jpg
290,7,https://cdn2.enuygun.com/media/lib/500x300/uploads/image/antik-kent-teos-29552.webp
290,8,https://dynamic-media-cdn.tripadvisor.com/media/photo-o/2e/37/3f/06/caption.jpg?w=600&h=600&s=1
290,9,https://www.kulturportali.gov.tr/contents/images/Teos%20%C3%96renyeri%20%20%20(2)%20kopya.jpg
290,10,https://www.clubresortatlantis.com/Photos/09_slider_2025.webp
291,1,https://media-cdn.tripadvisor.com/media/photo-s/18/dd/90/e7/sigacik-kale-ici.jpg
291,2,https://dynamic-media-cdn.tripadvisor.com/media/photo-o/11/ea/19/2b/view-from-the-sea.jpg?w=1200&h=-1&s=1
291,3,https://www.bizevdeyokuz.com/wp-content/uploads/sigacik-kale-ici.jpg
291,4,https://www.kronikgezgin.com/wp-content/uploads/2018/11/Sigacik-Kaleici.jpg
291,5,https://blog.obilet.com/wp-content/uploads/2024/09/0anagorsel-scaled.jpeg
291,6,https://lh5.googleusercontent.com/proxy/qTEpQ41r6MAMnqiUGasxvU_Bm4aKNDpXaGEE2VtCWVA30MQ4qNursU-4pRIA7S7AFb-3kp7QV6svGPeIzF2OQclB8CUx-DvJrSQoTwpXsejB6UEOGHSnMXV7PAGykMy46MNnHdeNz0A74EA
291,7,https://upload.wikimedia.org/wikipedia/commons/thumb/b/ba/S%C4%B1%C4%9Fac%C4%B1k_Castle_01.jpg/330px-S%C4%B1%C4%9Fac%C4%B1k_Castle_01.jpg
291,8,https://cokokuyancokgezen.com/wp-content/uploads/2019/12/sigacik-sokaklari-1.jpeg
291,9,https://cdn.listelist.com/wp-content/uploads/2022/10/Sigacik-2.jpg
291,10,https://wp.oggusto.com/wp-content/uploads/2023/05/kaleici-2-683x1024.webp
293,1,https://i.ytimg.com/vi/XXS4_6y0R7c/maxresdefault.jpg
293,2,https://i1.wp.com/www.ecesacar.com/wp-content/uploads/2018/08/IMG_3211.jpg?resize=745%2C559
293,3,https://blog.piriguide.com/wp-content/uploads/2023/01/Sigacik-Gezi-Rehberi-ve-Gezilecek-Yerler.jpg
293,4,https://www.bizevdeyokuz.com/wp-content/uploads/sigacik-sokaklari.jpg
293,5,https://i.pinimg.com/736x/ec/50/ac/ec50ac4c82100f2922c4ce6f49cdc46d.jpg
293,6,https://i0.wp.com/bilinmeyenrota.com/wp-content/uploads/2012/02/s%C4%B1%C4%9Fac%C4%B1k-e1430826070549.jpg?fit=750%2C501&ssl=1
293,7,https://cdn2.enuygun.com/media/lib/1200x675/uploads/image/sigacik-66185.webp
293,8,https://cdn2.enuygun.com/media/lib/500x300/uploads/image/sigacik-kalesi-36255.webp
293,9,https://encrypted-tbn0.gstatic.com/images?q=tbn:ANd9GcRxdRqPjpe05vKp4lzlSi9TOGRXfcq3ajzHeg&s
293,10,https://kesfetsek.com/wp-content/uploads/2017/06/Sigacik-Gorulecek-Yerler.jpg
295,1,https://www.egeligezginege.com/wp-content/uploads/2020/02/tire-sali-pazari.jpg
295,2,https://egesaaticomtr.teimg.com/crop/1280x720/egesaati-com-tr/wp/uploads/2024/12/AW342201_08-scaled.jpg
295,3,https://dynamic-media-cdn.tripadvisor.com/media/photo-o/2f/ef/77/75/caption.jpg?w=900&h=500&s=1
295,4,https://www.escantur.com/images/tour/5389_b.jpg
295,5,https://izgazetenet.teimg.com/crop/1280x720/izgazete-net/uploads/2024/03/tire-kapakk-pazar.webp
295,6,https://cdnuploads.aa.com.tr/uploads/Contents/2024/07/14/thumbs_b_c_d12d44488fabb58662563b61439700a3.jpg?v=130930
295,7,https://gzt.adu.edu.tr/webfolders/DSC_0030.JPG
295,8,https://assets.enuygun.com/media/lib/500x300/uploads/image/tire-35890.webp
295,9,https://tire.bel.tr/YuklenenDosyalar/IlcemizTire/TirePazari/Store/TirePazari_56de758c-8578-4d0c-a7db-3c875b62fcae.jpg
295,10,https://encrypted-tbn0.gstatic.com/images?q=tbn:ANd9GcQmpc6_NKj1AedgD1FQZ5CnB-uzjS4-qvhpGA&s
296,1,https://otuzbesliknew.s3.eu-central-1.amazonaws.com/img/mekan/1870s-tas-konak-hotel-and-cafe.location.nbo6ybhqbmwt.jpg
296,2,https://cdn.shopify.com/s/files/1/0521/3631/3029/files/bag_yolu1_9f297b8e-1915-4d25-8f28-55170248db8b_1024x1024.jpg?v=1644344094
296,3,https://livartinsaat.com/wp-content/uploads/2023/07/urla-tas-konak-1870-butik-otel-cafe-tasarim-anahtar-teslim-restorasyon1-1.jpeg
296,4,https://media-cdn.tripadvisor.com/media/photo-s/27/a7/b8/80/1870-s-tas-konak-otel.jpg
296,5,https://imgkit.otelz.com/turkey/izmir/urla/1870staskonakotelgarden80c1c1c9.jpg
296,6,https://ucdn.tatilbudur.net/Otel/768x432/urla-tas-konak-otel_700832.jpg
296,7,https://www.yolculukterapisi.com/wp-content/uploads/2020/10/urla-2-700x575.jpg
296,8,https://ontrailstore.com/blogs/trail-of-us/urla-bag-yolu-rotasi?srsltid=AfmBOopIcHO-dcpvyR6DTjiFNbeaQTf06AIEngkuzbGOImIzZZ1bD4lg
296,9,https://ankahaber.net/public/upload/Haber/215297/215297.jpeg
296,10,https://www.keyurla.com/images/blog_images/urlada-bag-yolu.jpg
297,1,https://imaj.emlakjet.com/scale/600/450/listing/19146138/DA2A7467D01695FACEE701BA3F59B91319146138.jpg
297,2,https://static.tekce.com/files/emlaklar/dis/47/adb-00102-detached-sea-view-villa-with-swimming-pool-in-izmir-urla-te.jpeg
297,3,https://degerlenir.com/wp-content/uploads/2023/11/izmir-villa_degerlenir_sahilde-satilik_seferihisar_kiralik_deniz-beylen_cesme-villa_urla-villa_dikili-villa_alacati-tas-konak_bergama-villa_kemalpasa-villa.webp
297,4,https://imaj.emlakjet.com/listing/18974165/5D8E388E30A3C10F2F61D952F9585B4518974165.jpg
297,5,https://www.guncelprojebilgileri.com/upload/2021/12/08122021143810-1638963490_5.jpg
297,6,https://static.tekce.com/files/emlaklar/dis/fe/adb-00196-sea-view-villas-near-the-beach-in-izmir-cesme-te.jpeg
297,7,https://yesimtamturk.com/wp-content/uploads/2024/02/WhatsApp-Image-2024-01-18-at-20.33.43.jpeg
297,8,https://www.turkeypropertyguru.com/images/icerik/properties_new/villainurla_700_1su3s.jpg
297,9,https://encrypted-tbn0.gstatic.com/images?q=tbn:ANd9GcRiTJ4aVVFvzoj9ZNXzBpjLzI4oVFmC_DqiUQ&s
297,10,https://i0.shbdn.com/photos/23/06/37/x5_1193230637mim.jpg
298,1,https://www.muglam.com.tr/wp-content/uploads/2025/02/image-121.png
298,2,https://otuzbesliknew.s3.eu-central-1.amazonaws.com/img/mekan/location.14832.513434.jpg
298,3,https://i.ytimg.com/vi/1cRAbQB4YNE/hq720.jpg?sqp=-oaymwEhCK4FEIIDSFryq4qpAxMIARUAAAAAGAElAADIQj0AgKJD&rs=AOn4CLDwYylddIwI_KVY_KdGIQd-edjTzg
298,4,https://eruzyapi.com/wp-content/uploads/2021/03/casamarin-blue-7.jpg
298,5,https://i.ytimg.com/vi/76QWN5yaWSk/maxresdefault.jpg
298,6,https://www.inizmir.com.tr/upload/kesfet/1648258781_9fb6097288154d7080c7669c0264763e.png
298,7,https://cdn2.enuygun.com/media/lib/1200x675/uploads/image/urla-62337.webp
298,8,https://www.muglam.com.tr/wp-content/uploads/2025/02/image-123.png
298,9,https://img.haritahaber.com/icerik/urla-da-cesmealti-ve-iskele-sahilleri-isil-isil-1684167940.jpg
298,10,https://media-cdn.tripadvisor.com/media/photo-s/17/b8/94/03/cesmealti.jpg
299,1,https://m.egepostasi.com/content/news/haberler/urla-iskele-ye-yeni-bir-cehre-186883_news_big.jpg
299,2,https://i.ytimg.com/vi/4s1nbmQKaI0/maxresdefault.jpg
299,3,https://encrypted-tbn0.gstatic.com/images?q=tbn:ANd9GcQ31MEF9drrseIW_aOafmDPqhEnoS6Eu2qOJw&s
299,4,https://eruzyapi.com/wp-content/uploads/2024/11/iskele-batisin-kahvesi201712251459326aa9.jpg
299,5,https://images.trvl-media.com/lodging/76000000/75840000/75830300/75830211/a2ad7ce0.jpg?impolicy=resizecrop&rw=575&rh=575&ra=fill
299,6,https://encrypted-tbn0.gstatic.com/images?q=tbn:ANd9GcTQUgpqDWLyJcsDUqNN6WNvVtVa9iceK73aDw&s
299,7,https://cdn.kulturenvanteri.com/wp-content/uploads/2021/10/IMG_20211004_122611_compress40-scaled.jpg
299,8,https://cdn.kulturenvanteri.com/wp-content/uploads/2021/10/IMG_20211004_122531_compress90-scaled.jpg
299,9,https://encrypted-tbn0.gstatic.com/images?q=tbn:ANd9GcQlMqiUUk-kSso_VcQ-Q2XQDKMe0yOi9XqRaw&s
299,10,https://www.egeligezginege.com/wp-content/uploads/2019/02/urla-iskele.jpg
300,1,https://cdn.villacim.com.tr/uploads/3840/676_cesmegezilecekyerler.jpg
300,2,https://dynamic-media-cdn.tripadvisor.com/media/photo-o/1b/92/fe/ab/cesme-marina.jpg?w=1200&h=-1&s=1
300,3,https://i0.wp.com/marinalar.com/wp-content/uploads/2020/05/cesme-marina-02.jpg?fit=1024%2C682&ssl=1
300,4,https://yoldaolmak.com/wp-content/uploads/2023/07/cesme-izmir.webp
300,5,https://encrypted-tbn0.gstatic.com/images?q=tbn:ANd9GcSAh85RiUsaAwRfxgvFUcsanQS7qq-cN6lf5A&s
300,6,https://www.birdakikadageziyorum.com/wp-content/uploads/2021/06/cityscape-of-cesme-2021-11-11-20-06-10-utc.jpg
300,7,https://encrypted-tbn0.gstatic.com/images?q=tbn:ANd9GcT4Uw_2xhtC7P2B6tirkvsHVoh5Ik4gxzbgxA&s
300,8,https://www.icholding.com.tr/Upload/ProjeGalery/foto1-12v-1v.jpg
300,9,https://trthaberstatic.cdn.wp.trt.com.tr/resimler/2068000/izmir-cesme-iha-2069259.jpg
300,10,https://cdn.renticar.com/cms/Izmir_Cesme_Gezilecek_Yerler_1500x1000px_blog_goersel_cesme_marina_baa7fead07.jpg
301,1,https://blog.jollytur.com/wp-content/uploads/2018/09/shutterstock_658721314-1.jpg
301,2,https://media-cdn.tripadvisor.com/media/photo-m/1280/25/80/e4/5e/sitamrat-otel.jpg
301,3,https://bunny-wp-pullzone-nfqzsydbnl.b-cdn.net/wp-content/uploads/2020/10/halfeti-batik-cami-scaled.jpg
301,4,https://mediap.flypgs.com/awh/2500/1731//files/Sehirler-long-tail/Urfa/halfeti-cami.jpg
301,5,https://cdn2.enuygun.com/media/lib/500x300/uploads/image/halfeti-gerdani-50458.webp
301,6,https://www.seyahatimgeldi.com/wp-content/uploads/2022/02/savasan-koyu-halfeti-644x429.jpg
301,7,https://cdnuploads.aa.com.tr/uploads/Contents/2020/09/03/thumbs_b_c_a7bb31268b98337f7766a6a8e3839559.jpg?v=125826
301,8,https://images.gezinomi.com/fit-in/1200x800/filters:quality(100)/filters:format(webp)/assets/blog/sanliurfa-halfeti_1333072148-10.11.2021155745.jpg
301,9,https://blog.tatildukkani.com/wp-content/uploads/2018/07/halfeti-rumkale-scaled.jpg
301,10,https://upload.wikimedia.org/wikipedia/commons/f/f2/Halfeti_on_the_Euphrates.jpg
303,1,https://www.gezi-yorum.net/wp-content/uploads/2012/08/%C3%B6zveren-k%C3%B6y%C3%BC.0.jpg
303,2,https://gezilecekgorulecek.com/uploads/images/202412/image_870x580_6755ab4934698.jpg
303,3,https://dynamic-media-cdn.tripadvisor.com/media/photo-o/13/f4/ae/28/sehrazat-konagi.jpg?w=600&h=400&s=1
303,4,https://dynamic-media-cdn.tripadvisor.com/media/photo-o/0e/d9/8d/6b/elci-konagi.jpg?w=600&h=400&s=1
303,5,https://hilvan.meb.gov.tr/meb_iys_dosyalar/2019_11/07131437_inik_magarasY.jpg
303,6,https://www.fumefly.com/assets/gallery/webp/1x/neval-i-cori.webp
303,7,https://www.gezi-yorum.net/wp-content/uploads/2012/08/%C3%B6zveren-k%C3%B6y%C3%BC.1.jpg
303,8,https://encrypted-tbn0.gstatic.com/images?q=tbn:ANd9GcR6FyBuLDgp-Ydc9bqMOD-Xbd-oJurVz-XLzw&s
303,9,https://dynamic-media-cdn.tripadvisor.com/media/photo-o/0f/a6/33/b6/photo4jpg.jpg?w=600&h=400&s=1
303,10,https://dynamic-media-cdn.tripadvisor.com/media/photo-o/0f/a6/33/b6/photo4jpg.jpg?w=600&h=400&s=1
304,1,https://encrypted-tbn0.gstatic.com/images?q=tbn:ANd9GcS98oIGOvBG5plRhXhZmXvoxHsJXNxdZdR6jQ&s
304,2,https://www.kulturportali.gov.tr/repoKulturPortali/large/SehirRehberi//GezilecekYer/20171012101722559_2S.UrfaBalikliGolServetUYGUN_20170613141640931.jpg?format=jpg&quality=50
304,3,https://trthaberstatic.cdn.wp.trt.com.tr/resimler/2086000/balikligol-sanliurfa-aa-2087978.jpg
304,4,https://www.sanliurfa.bel.tr/photos/1/5899b52986b23.jpg
304,5,https://www.kulturportali.gov.tr/contents/images/20171012101847595_TTC_08%20Living%20history.jpg
304,6,https://gezimanya.com/sites/default/files/styles/800x600_/public/gezilecek-yerler/2019-12/c0e50e8cc25c4.jpg
304,7,https://gapturlari.com.tr/uploads/2025/06/balikligol.jpg
304,8,https://encrypted-tbn0.gstatic.com/images?q=tbn:ANd9GcQkvuHYpfk4jocyAcZV7kDu2EhKorWpaEQaNg&s
304,9,https://encrypted-tbn0.gstatic.com/images?q=tbn:ANd9GcRIZ2D37X3yjfbfWpQ_w-vfrSjDNV0D0JGWKQ&s
304,10,https://gencsanliurfa.com/storage/arena/places/balikligol.jpg
