yapim_id,yapim_adi,yapim_turu,tur,yonetmen,yapimci,yapim_yili,produksiyon_sirketi,oyuncular
1,120 (film),Film,Aksiyon,Murat Saraçoğlu,Özhan Eren,2008,Posta Film,"Cansel Elçin, Özge Özberk"
2,155 Polis İmdat,Dizi,Gerilim/Suç,Şahin Gök (Yönetmen),Nazmi Özer (Yapımcı),1994,Emek Film,Necla Nazır Bülent Bilgiç Murat Soydan Yusuf Sezgin
3,155 Polis İmdat (dizi),Dizi,Gerilim/Suç,Şahin Gök,Nazmi Özer,1994,Emek Film,"Necla Nazır, Bülent Bilgiç, Murat Soydan"
4,20 Dakika,Dizi,Aksiyon,Serdar Işık (1-5) Ali Bilgin (6-25) (Yönetmen),Kerem Çatay (Yapımcı),2013,Ay Yapım,"Tuba Büyüküstün, İlker Aksum, Fırat Çelik, Bülent Emin Yarar, Müjde Uzman, İpek Bilgin, Ayten Uncuoğlu, Cihat Tamer, Metin Çekmez"
5,46 Yok Olan,Dizi,Gerilim/Suç,Serdar Akar (Yönetmen),Kürşat Kayaoğlu (Yapımcı),2016,Nunova Film,Erdal Beşikçioğlu Melis Birkan Yasemin Allen
6,49 (film),Film,Aksiyon,Hakan İnan,Mehmet Canpolat,2022,CNP Film,"İsmail Hacıoğlu, Hande Doğandemir"
7,"7 Kocalı Hürmüz (film, 2009)",Film,Komedi,Ezel Akay (Ezop),Sami Dündar,2009,5. Boyut Stüdyoları ve Muhteşem Film,"Nurgül Yeşilçay, Gülse Birsel, Haluk Bilginer, Erkan Can, Memet Ali Alabora, Cengiz Küçükayvaz, Sarp Apak, Öner Erkan, Cem Karakaya, Ezel Akay, Müjdat Gezen, Erol Günaydın, Zihni Göktay, Halit Akçatepe, Pınar Çağlar Gençtürk, Betül Arım, Nihal Menzil, Dilek Yorulmaz, Selen Görgüzel, Görkem Ece Ercan, Çetin Sarıkartal, Selahattin Taşdöğen, Aral Seskır, Emrah Bozkurt, Vokaliz"
8,7. Koğuştaki Mucize,Film,Dram,Mehmet Ada Öztekin,Hakan Karamahmutoğlu,2019,Lanistar Medya,"Aras Bulut İynemli, Nisa Sofiya Aksongur"
9,8. Gün,Dizi,Aksiyon,Çağrı Vila LostuvalıEnder Mıhlar (Yönetmen),Kerem Çatay (Yapımcı),2018,Ay Yapım,"Burcu Biricik, Musa Uzunlar, Buğra Gülsoy, Ceyda Düvenci, Cem Davran, Yiğit Kirazcı, Hakan Kurtaş, Gökçe Yanardağ, Sermet Yeşil"
10,9 Kere Leyla,Film,Komedi,Ezel Akay,Necati Akpınar,2020,BKM Film,"Demet Akbağ, Haluk Bilginer, Elçin Sangu, Fırat Tanış, Alican Yücesoy"
11,A.Ş.K.,Dizi,Romantik,Ömür Atay (Yönetmen),Faruk Turgut (Yapımcı),2013,Gold Film,"Nebahat Çehre, Hazal Kaya, Hakan Kurtaş, Kaan Urgancıoğlu, Aslı Tandoğan, Erkan Can"
12,Abuzer Kadayıf,Film,Dram,Tunç Başaran,Hüseyin Apaydın,2000,dağıtıcı =,"Metin Akpınar, Talat Bulut, Sibel Turnagöl"
13,Acayip Hikayeler,Dizi,Bilim Kurgu,Soykut TuranVeli ÇelikMustafa Altıoklar (Yönetmen),Metin Kalkavan (Yapımcı),2012,Acayip Medya,"'''Serinin herhangi bir filminde rol alan oyuncular'''Haluk Bilginer, Şevval Sam, Altan Erkekli, Begüm Akkaya, Cem Özer, Fatih Dönmez, Irmak Ünal, Kaan Urgancıoğlu, Tamer Karadağlı, Gülşah Şahin, Levent Üzümcü, Yeşim Büber, İdil Fırat, Jess Molho, Sermet Yeşil, Ayşegül Akdemir, Beril Kayar, Ayla Arslancan, Ferdi Sancar, Bülent Polat, Murat Çekem, Özlem Tekin"
14,Acemi Cadı,Dizi,Fantastik,Feride Kaytan (Yönetmen),Elif A. Durmaz (Yapımcı),2006,D Productions,"Merve Boluğur, Şenay Gürler, Nergis Kumbasar Çağkan Çulha"
15,Acil Aşk Aranıyor,Dizi,Komedi,Hakan İnan (Yönetmen),Fatih Aksoy (Yapımcı),2015,Medyapım,"Serhat Teoman, Duygu Yetiş"
16,"Acı (film, 1971)",Film,Dram,Yılmaz Güney,Üveyiz Molu,1971,Özleyiş Film,"Yılmaz Güney, Fatma Girik"
17,Acı Aşk,Dizi,Romantik,Çağatay Tosun (Yönetmen),Erol Avcı (Yapımcı),2015,TMC Film,"Seçkin Özdemir, Selin Şekerci, Sezgi Sena Akay, Alperen Duymaz, Hüseyin Avni Danyal, Neriman Uğur, Erkan Can"
18,Acı Aşk (dizi),Dizi,Romantik,Çağatay Tosun,Erol Avcı,2015,TMC Film,"Seçkin Özdemir, Selin Şekerci"
19,Acı Hayat,Dizi,Aksiyon,Abdülkadir Ceylan Ede (Yönetmen),Osman Sınav (Yapımcı),2001,Sinegraf,Kenan İmirzalıoğlu Selin Demiratar Oğuz Galeli Ebru Kocaağa Ferdi Merter Anta Toros Ahmet Yenilmez Murat Soydan
20,Acılar Paylaşılmaz,Film,Dram,Eser Zorlu,Mahmut Tezcan,1989,dağıtıcı = Tezcan Film,"Kadir İnanır, Kerem Tunaboylu, Betül Aytaç, Osman Gidişoğlu, Günay Güner, Kaçar Korkmaz"
21,Ada Masalı,Dizi,Komedi,Ali Bilgin,Kerem Çatay,2021,Ay Yapım,"Ayça Ayşin Turan, Alp Navruz"
22,Ada: Zombilerin Düğünü,Film,Korku,"Talip Ertürk, Murat Emir Eren","Cem Öztüfekçi, Murat Emir Eren, Çiçek Kahraman, Talip Ertürk",2009,Beyin Film,"Ozan Ayhan, Esra Ruşan, Onur Buldu, Rüya Önal, Kaan Keskin, Gülüm Baltacıgil, Canan Güven, Biğkem Karavus, Tülay Bekret, Taner Birsel, Cansel Elçin, Nihat İleri, Sırrı Süreyya Önder"
23,Adanalı,Dizi,Gerilim/Suç,Tarık Çidamlı Tayfun Güneyer Bora Onur Adnan Güler (Yönetmen),Ali Gündoğdu İnci Kırhan Gündoğdu Mehmet Yiğit Alp (Yapımcı),2007,Kuzey Prodüksiyon,"Oktay Kaynarca, Mehmet Akif Alakurt, Ekin Türkmen, Cemal Hünal, Selin Demiratar, Serenay Sarıkaya, Çağkan Çulha, Eda Özerkan, Umut Oğuz"
24,Adı Efsane,Dizi,Romantik,Devrim Yalçın (Yönetmen),Müge TuralıElif Ayşe Durmaz (Yapımcı),2017,D Productions,"Erdal Beşikçioğlu, Rojda Demirer, Gökçe Bahadır"
25,Adı Mutluluk,Dizi,Dram,Ersoy Özlevi,Ali Gündoğdu,2015,Süreç Film,"Ezgi Eyüboğlu, Kaan Yıldırım"
26,Adını Anmayacağım,Film,Müzikal,Orhan Elmas,Türker İnanoğlu,1971,Erler Film,"Hülya Koçyiğit, Cüneyt Arkın, Cihangir Gaffari, Fatma Karanfil, Sedef Ecer, Fatma Karanfil, Nubar Terziyan, Muammer Gözalan, Ali Demir, Mürrüvet İşsever"
27,Adını Feriha Koydum,Dizi,Romantik,Merve Girgin (1-24)Tolga Kutluay (25-26)Barış Yöş (27-67) (Yönetmen),Fatih Aksoy (Yapımcı),2011,Medyapım,"Vahide Perçin, Hazal Kaya, Çağatay Ulusoy Metin Çekmez, Deniz Uğur, Yusuf Akgün, Ceyda Ateş, Barış Kılıç"
28,Adını Sen Koy,Dizi,Romantik,Gül GüzelkayaAtilla CengizIrmak ÇengelFulya YavuzoğluMahir Aktaş (Yönetmen),Sevgi Birsel(1. sezon)Nazmiye Yılmaz(1-4. sezon) (Yapımcı),2016,Birsel Film(1. sezon)Karamel Yapım(1-4. sezon),{{Yalın liste|
29,Afili Aşk,Dizi,Komedi,Serdar Gözelekli (Yönetmen),Fatih Enes Ömeroğlu (Yapımcı),2019,ARC Film,"Çağlar Ertuğrul, Burcu Özberk"
30,"Ah Güzel İstanbul (film, 1966)",Film,Komedi,Atıf Yılmaz,Nusret İkbal,1966,Be-Ya Film,"Sadri Alışık, Ayla Algan"
31,Aile (dizi),Dizi,Dram,Ahmet Katıksız,Kerem Çatay,2023,Ay Yapım,"Kıvanç Tatlıtuğ, Serenay Sarıkaya"
32,Aile Arasında,Film,Komedi,Ozan Açıktan,Necati Akpınar,2017,BKM Film,"Engin Günaydın, Demet Evgar"
33,Aile İşi,Dizi,Komedi,Jale Atabey (Yönetmen),Mehmet Yiğit Alp (Yapımcı),2016,NTC Medya,"Ufuk Özkan, Pelin Akil, Hasibe Eren, Gülay Baltacı, Sait Genay, Murat Akkoyunlu, Can Bonomo, Özgür Emre Yıldırım, Osman Wöber"
34,Akasya Durağı,Dizi,Dram,Bilinmiyor,Bilinmiyor,1994,Bilinmiyor,Bilinmiyor
35,Akrep,Dizi,Dram,Gökçen Usta (Yönetmen),İrfan Şahin (Yapımcı),2020,1441 Productions,"Demet Akbağ, Evrim Alasya, Bekir Aksoy, Yusuf Çim"
36,Akıncı,Dizi,Aksiyon,Levent Türkan (13-20)Gökhan Erkut (13-20)Veli Çelik (1-12) (Yönetmen),Mehmet Yiğit Alp (Yapımcı),2021,NTC Medya,"Şükrü Özyıldız, Büşra Develi"
37,Al Yazmalım,Dizi,Romantik,Ali Bilgin,Kerem Çatay,2011,Ay Yapım,"Seçkin Özdemir, Özge Özpirinçci, Barış Falay"
38,"Ala Geyik (film, 1969)",Film,Dram,Süreyya Duru,Hürrem Erman,1969,Erman Film,"Cüneyt Arkın, Mine Mutlu"
39,Alacakaranlık,Dizi,Gerilim/Suç,Yağmur TaylanPaxton WintersDurul TaylanAlican Yücel (Yönetmen),Uğur YücelDefne Kayalar (Yapımcı),2003,Paranoya TV,"Uğur Yücel, Kenan İmirzalıoğlu"
40,Alamancının Karısı,Film,Dram,Orhan Elmas,Sezer İnanoğlu,1987,dağıtıcı =,"Hülya Avşar, Korhan Abay"
41,Aldatmak,Dizi,Dram,Murat Saraçoğlu (Yönetmen),Timur SavcıBurak Sağyaşar (Yapımcı),2022,Tims&B Productions,"Vahide Perçin, Ercan Kesal, Mustafa Uğurlu"
42,Aldatmak (dizi),Dizi,Dram,Murat Saraçoğlu,Timur Savcı,2022,Tims&B,"Vahide Perçin, Ercan Kesal, Mustafa Uğurlu"
43,Aldırma Gönül,Dizi,Komedi,Hakan Algül (Yönetmen),Necati Akpınar (Yapımcı),2013,BKM,"Şahin Irmak, Tülin Özen, Nadir Sarıbacak, Çağlar Çorumlu"
44,Alev Alev,Dizi,Dram,Ahmet KatıksızUfuk Hakan ErenÖzgür Sevimli (Yönetmen),Kerem Çatay (Yapımcı),2020,Ay Yapım,"Demet Evgâr, Hazar Ergüçlü, Dilan Çiçek Deniz, Berkay Ateş, Zuhal Olcay, Cihangir Ceyhan"
45,"Ali Baba ve Kırk Haramiler (film, 1971)",Film,Fantastik,O. Nuri Ergün,"Berker İnanoğlu{{,}} Hulki Saner",1971,Er Film,"Sadri Alışık{{,}} Feri Cansel{{,}} Yusuf Sezgin"
46,Aliye,Dizi,Dram,Kudret Sabancı (Yönetmen),Erol Avcı (Yapımcı),2004,TMC Film,"Sanem Çelik, Nejat İşler, Halit Ergenç"
47,Allah Allah (film),Film,Dram,Bilinmiyor,Bilinmiyor,1975,Bilinmiyor,Bilinmiyor
48,Alparslan: Büyük Selçuklu,Dizi,Dram,Sedat İnci (Yönetmen),Emre Konuk (Yapımcı),2021,Akli Film,"Barış Arduç, Fahriye Evcen, Kayra Zabcı, Mehmet Özgür, Yurdaer Okur, Barış Bağcı, Korel Cezayirli, Sarp Levendoğlu, Gizem Karaca, Hande Subaşı, Özgür Çevik, Erdinç Gülener, Uygar Özçelik, Serhat Tutumluer, Devrim Saltoğlu"
49,Altın Yumruk İstanbul'da,Film,Aksiyon,Teddy Chan,"Jackie Chan, Raymond Chow",2001,Golden Harvest Company Ltd.,"Jackie Chan, Eric Tsang, Vivian Hsu, Wu Hsing-kuo"
50,Altınsoylar,Dizi,Komedi,Türkan DeryaMurat Aksu (Yönetmen),Onur Güvenatam (Yapımcı),2016,O3 Medya,"Aras Aydın, Ayça Ayşin Turan, Şebnem Bozoklu, Bennu Yıldırımlar, Burak Sevinç, Cihat Tamer"
51,Alın Yazım,Dizi,Dram,Irmak ÇengelAtilla Cengiz (Yönetmen),Nilgün Sağyaşar (Yapımcı),2014,Düş Gezginleri Film,"Duygu Keser, Ozan Dağgez, Yeşim Gül, Orhan Aydın, Deniz Durmaz, Ayberk Aladar"
52,Aman Doktor (film),Film,Macera,Tony Gatlif,Delphine Mantoulet,2017,Bilinmiyor,"{{Madde işaretsiz liste, Daphné Patakia : Djam, Maryne Cayon : Avril, , Simon Abkarian : Kakourgos, , Kimon Kouris : Pano, , Solon Lekkas : Solon, , Eleftheria Komi : Maria, , Yannis Bostantzoglou : Baba, }}"
53,Anadolu Kartalları,Film,Macera,Ömer Vargı,Murat Akdilek,2011,Fida Film,"Engin Altan Düzyatan, Çağatay Ulusoy, Özge Özpirinçci"
54,Analar ve Anneler,Dizi,Dram,Mehmet Ada Öztekin (Yönetmen),Kerem Çatay (Yapımcı),1993,Ay Yapım,"Hazar Ergüçlü, Binnur Kaya, Okan Yalabık, Sinem Kobal, Nazan Kesal, Ulaş Tuna Astepe, Metin Akdülger"
55,Ankara'nın Dikmen'i,Dizi,Komedi,Osman TaşcıSüleyman Seçik (Yönetmen),Gani Müjde (Yapımcı),2014,Tükenmezkalem Film,"Bülent Emrah Parlak, Burak Kut, Gözde Kansu, Nurseli İdiz"
56,Anlat İstanbul,Film,Dram,"Ümit Ünal, Kudret Sabancı, Selim Demirdelen, Yücel Yolcu, Ömür Atay",Erol Avcı,2004,TMC,"Altan Erkekli, Özgü Namal, Mehmet Günsür, Erkan Can, Azra Akın, Nejat İşler, Vahide Perçin, Şevket Çoruh, Güven Kıraç, İsmail Hacıoğlu, Nurgül Yeşilçay, Erdem Akakçe, İdil Üner, Fikret Kuşkan, Yelda Reynaud"
57,Anne,Dizi,Dram,Merve GirginNadim Güç (Yönetmen),Fatih AksoyFaruk Bayhan (Yapımcı),2016,MedyapımMF Yapım,"Cansu Dere, Vahide Perçin, Beren Gökyıldız"
58,Annem,Dizi,Dram,Faruk Teber (Yönetmen),Faruk Turgut (Yapımcı),2007,Gold Film,"Talat Bulut, Vahide Perçin, Duygu Yetiş, İlhan Şeşen, Emel Göksu"
59,Annemin Şarkısı,Film,Dram,Erol Mintaş,"Aslı Erdem, Erol Mintaş",2013,dağıtıcı = M3 Film,"Feyyaz Duman, Zübeyde Ronahi, Nesrin Cavadzade, Aziz Çapkurt, Ferit Kaya, Ahmet Cüneyt Yalaz"
60,Anons,Film,Komedi,Mahmut Fazıl Coşkun,yazar =,2018,"Filmotto , Chouchkov Brothers , BKM","Ali Seçkiner Alıcı , Tarhan Karagöz , Murat Kılıç , Şencan Güleryüz"
61,Aramızda Kalsın,Dizi,Komedi,Hatice Memiş (1-15) Güzide Balcı (16-52) (Yönetmen),Erol Avcı (Yapımcı),2013,TMC Film,"Uğur Yücel, Binnur Kaya, Gökçe Bahadır, Caner Cindoruk, Cengiz Bozkurt, Ayça Damgacı, Uğur Serhan, Bilge Şen, Hikmet Körmükçü, Gamze Karaduman, Ferit Aktuğ, Ecem Çalık, Mert Kurdal, Mutlu Güney, Tülay Bursa, Melis Mutluç, Aybars Kartal Özson, Özge Özpirinçci, Mesut Özkeçeci"
62,Ararat (film),Film,Dram,Atom Egoyan,Atom Egoyan,2002,Bilinmiyor,"Charles Aznavour, Christopher Plummer"
63,Arif V 216,Film,Bilim Kurgu,Kıvanç Baruönü,"Muzaffer Yıldırım, Cem Yılmaz",2017,"CMYLMZ Fikir Sanat, Nulook Production, UVT-Soho","Cem Yılmaz, Ozan Güven, Seda Bakan, Zafer Algöz, Özkan Uğur"
64,Arka Sokaklar,Dizi,Gerilim/Suç,Orhan Oğuz(2006-2024)Baran Özçaylan(2024-günümüz)Eray Koçak(2025-günümüz) (Yönetmen),Türker İnanoğlu(2006-2022)Ali Cengiz Deveci(2023-günümüz) (Yapımcı),2006,Erler Film(2006-2022)D Media(2023-günümüz),"Zafer Ergin, Şevket Çoruh, Özgür Ozan, Oya Okar, Alp Korkmaz, Ozan Çobanoğlu, Ebru Cündübeyoğlu, Sarp Levendoğlu, Yasemin Allen, Özlem Çınar, İlker İnanoğlu, Uğur Pektaş, Gamze Özçelik, Can Nergis, Müge Boz, Berk Oktay, Çağla Kubat, Gülcan Arslan, Zeynep Beşerler, Beril Kayar"
65,Arka Sokaklar (dizi),Dizi,Gerilim/Suç,Orhan Oğuz,Türker İnanoğlu,2006,Erler Film,"Zafer Ergin, Şevket Çoruh, Özgür Ozan"
66,Arka Sıradakiler,Dizi,Dram,"Hamdi Alkan (1-160, 171-193)Ali Bilgin (161-170) (Yönetmen)",Birol Güven (Yapımcı),2007,MinT ProdüksiyonBest Prodüksiyon,"Bülent Emin Yarar, Bülent Çetinaslan, Sinem Öztürk, Barış Atay, Pelin Akil, Fırat Çöloğlu"
67,Arkadaşlar İyidir,Dizi,Dram,Zeynep Günay (Yönetmen),Onur Güvenatam (Yapımcı),2016,O3 Medya,"Aslı Melisa Uzun, İdris Nebi Taşkan, Su Kutlu, Akın Akınözü, Hayal Köseoğlu"
68,Arkadaşım,Film,Dram,Nazmi Özer,Nazmi Özer,1982,Emek Film,"Tarık Akan, Fikret Hakan, Neşe Aksoy, Turgut Özatay, Zafer Önen, Dursun Ali Sarıoğlu, Kadir Savun"
69,Arkadaşım Şeytan,Film,Fantastik,Atıf Yılmaz Batıbeki,Cengiz Ergun,1988,Odak Film,"Mazhar Alanson, Ali Poyrazoğlu, Yaprak Özdemiroğlu, Özkan Uğur, Ayhan Sicimoğlu, Bülent Kayabaş, Deniz Türkali"
70,Artist Palas,Dizi,Komedi,Mahinur Ergun (Yönetmen),Ali Taygun (Yapımcı),1994,Protel,Zuhal Olcay Lale Mansur Burçin Orhon Füsun Demirel Hakan Tanfer
71,Asla Vazgeçmem,Dizi,Romantik,Nihat Durak Aysun Akyüz Eda Teksöz (Yönetmen),Faruk Turgut (Yapımcı),2015,Gold Film,Tolgahan Sayışman Amine Gülşe Şafak Pekdemir Ümit Yesin Ayşegül Günay Hülya Gülşen Irmak Tugay Mercan Taner Rumeli
72,Aslan Ailem,Dizi,Komedi,Başak Soysal,Yusuf Esenkal,2017,Es Film,"Burcu Özberk, Akın Akınözü"
73,Asmalı Konak,Dizi,Dram,Çağan Irmak,Abdullah Oğuz,2002,ANS Productions,"Özcan Deniz, Nurgül Yeşilçay"
74,Asmalı Konak: Hayat,Film,Romantik,"Çağan Irmak, Abdullah Oğuz","Abdullah Oğuz, Diloy Gülün",2003,Warner Bros.,"Özcan Deniz, Nurgül Yeşilçay, Selda Alkor, Efsun Alper, Burak Altay, Ege Aydan"
75,Ateş Böceği (film),Film,Komedi,Osman Fahir Seden,İrfan Ünal,1975,Akün Film,"Tarık Akan, Necla Nazır, Hulusi Kentmen"
76,Ateş Kuşları,Dizi,Dram,Benal Tairi (1-2)Gökhan Ayiz (3-9)Yıldız Aşanboğa (7-25)Bülent İşbilen (10-54) (Yönetmen),Mehmet Bozdağ (Yapımcı),2023,Bozdağ Film,"İlayda Alişan, Hande Soral, Burak Tozkoparan, Görkem Sevindik"
77,Av Mevsimi,Film,Gerilim/Suç,Yavuz Turgul,"Murat Akdilek, Jeffi Medina",2009,"Fida Film, Profilm, Pana Film","Şener Şen, Cem Yılmaz, Çetin Tekindor, Melisa Sözen, Okan Yalabık"
78,Avlu,Dizi,Gerilim/Suç,Yüksel Aksu (1-44)Hülya Gezer (2-44)Şafak Bal (2-44) (Yönetmen),Hayri Aslan (Yapımcı),2018,Limon Film,"Demet Evgâr, Ceren Moray, Nursel Köse"
79,Avrupa Avrupa,Dizi,Dram,Cevriye Demir (Yönetmen),Banu Akdeniz (Yapımcı),2011,Mia Yapım,"Tarık Ünlüoğlu, Selen Seyven, Burak Serdar Şanal, Bahar Süer, Zuhal Topal, Şehsuvar Aktaş, Kadir Çöpdemir, Günay Karacaoğlu, Ahmet Saraçoğlu, Durukan Çelikkaya"
80,Avrupa Yakası,Dizi,Komedi,Hakan Algül (1-41) Jale Atabey (42-190) (Yönetmen),Sinan Çetin (Yapımcı),2004,Plato Film,Gazanfer Özcan Hümeyra Müşfik Kenter Gönül Ülkü Ata Demirer Gülse Birsel Engin Günaydın Levent Üzümcü Şenay Gürler Bülent Polat Veysel Diker Yıldırım Öcek Yavuz Seçkin Hale Caneroğlu Evrim Akın Vural Çelik Hasibe Eren Tolga Çevik Sarp Apak Peker Açıkalın Binnur Kaya Hakan Yılmaz Ömür Arpacı Rutkay Aziz Suna Keskin ve ''diğerleri''
81,Ay Lav Yu,Film,Komedi,Sermiyan Midyat,"Sinan Çetin, Gülşah Ünder, Ebru Yalçın",2009,Plato Film,"Sermiyan Midyat, Steve Guttenberg, Mariel Hemingway, Katie Gill, Josh Folan, Fadik Sevin Atasoy, Meray Ülgen"
82,Aybüke: Öğretmen Oldum Ben,Film,Dram,Murat Onbul,Bilinmiyor,2023,Bee Yapım,"Nihayet Şahin, Caner Kurtaran"
83,Aynadaki Düşman,Dizi,Aksiyon,Hakan Kurşun (Yönetmen),İsmail Özer (Yapımcı),2009,| dağıtıcı =,"Şafak Sezer, Haluk Piyes, Barış Kılıç, Mine Tugay, Mahir Günşiray, Fadik Sevin Atasoy"
84,Aynalı Tahir,Dizi,Dram,Erhan Baytimur Cankat Ergin Hilal Saral Abdülkadir Ceylan Ede (Yönetmen),Sergin Akyaz (Yapımcı),1998,Base Productions,Alişan Arif Kilisli Erkan Petekkaya Bulut Aras Saruhan Hünel Kayra Şenocak Yeşim Büber Arkın Gelenbe Emine Ün Nihan Özcan
85,Ayrılsak da Beraberiz,Dizi,Komedi,Bora Tekay (Yönetmen),Birol Güven (Yapımcı),2015,Mint Prodüksiyon,"Mete Horozoğlu, Algı Eke, Hatice Aslan, Suzan Kardeş, Bülent Şakrak, Deniz Oral"
86,"Ayrılık (film, 2010)",Film,Dram,Feo Aladağ,senarist = Feo Aladağ,2010,dağıtıcı =,"Sibel Kekilli, Ufuk Bayraktar"
87,Aziz,Dizi,Aksiyon,Recai Karagöz (1-28) (Yönetmen),Saner Ayar (Yapımcı),2021,O3 Medya,"Murat Yıldırım, Damla Sönmez, Simay Barlas"
88,Azize,Dizi,Dram,Volkan Kocatürk (Yönetmen),Ali Gündoğdu (Yapımcı),2019,Süreç Film,"Hande Erçel, Buğra Gülsoy"
89,Azizler (film),Film,Komedi,Taylan Biraderler,"Taylan Biraderler, Müge Kolat",2019,Imaj International,"{{Yalın liste, , * Engin Günaydın, * Haluk Bilginer, * Binnur Kaya, * Öner Erkan, * İrem Sak, * Fatih Artman, * Gülçin Santırcıoğlu, * İlker Aksum, * Hülya Duyar, * Göktuğ Yıldırım, * Helin Kandemir"
90,Ağlama Anne,Dizi,Dram,Feride Kaytan (Yönetmen),İnci Gündoğduİsmail Gündoğdu (Yapımcı),2018,Süreç Film,"Birce Akalay, Cansel Elçin, Özlem Yılmaz"
91,Ağır Roman Yeni Dünya,Dizi,Dram,Metin Balekoğlu (Yönetmen),Timur Savcı (Yapımcı),2012,STAR Yapım,"Onur Saylak, Nesrin Cavadzade, Macit Koper, Sumru Yavrucuk, Murat Daltaban, Özge Özpirinçci, Tamer Tıraşoğlu, Erkan Bektaş, Begüm Birgören"
92,Ağıt (film),Film,Dram,Yılmaz Güney,Yılmaz Güney,1971,Güney Film,Yılmaz Güney
93,Aşağı Yukarı Yemişlililer,Dizi,Komedi,Şahin Altuğ (Yönetmen),Şahin Altuğ (Yapımcı),2011,BKM Mutfak,Şahin Irmak - Sülo Bülent Emrah Parlak - Mikail Murat Eken - Serhat Büşra Pekin - Menekşe Gülhan Tekin - Emine Burcu Gönder - Handan
94,Aşk Ağlatır,Dizi,Dram,Gökçen Usta (Yönetmen),Faruk Bayhan (Yapımcı),2019,MF Yapım,"Deniz Can Aktaş, Hafsanur Sancaktutan, Yağız Can Konyalı, Eda Şölenci"
95,Aşk Ekmek Hayaller,Dizi,Dram,Abdullah Oğuz (Yönetmen),Abdullah Oğuz (Yapımcı),2013,ANS Productions,"Müjde Ar, Burak Hakkı, Berna Laçin, Sinan Tuzcu, İrem Altuğ, Nihal Menzil, Ali İpin, Ayça Eren, Nebil Sayın, Alara Uncu, Deniz Baysal, Alican Özakoğlu, Furkan Andıç, Dilek Demir, Barış Hacıhan, Efe Karaman, Elif Merve Çolak, Begüm Çetinkaya, Sudenaz Akkoyun, Leyla Köse, Pelin Buse Gökçek, Kaan Ürkmez, Aydan Çakır"
96,Aşk Geliyorum Demez,Film,Komedi,Murat Şeker,"Murat Şeker, Timur Savcı, Sugarworkz, Tims Productions",2009,Tim s Productions,"Bergüzar Korel, Tolgahan Sayışman, Zeki Alasya, Altan Erkekli, Sarp Apak, Altan Gördüm, Ömür Arpacı, Müfit Aytekin, Hakan Bilgin, Yılmaz Gruda, Kemal İnci, Yosi Mizrahi"
97,Aşk Laftan Anlamaz,Dizi,Komedi,Müge UğurlarBahadır İnce (Yönetmen),Burak Sağyaşar (Yapımcı),2016,Bi Yapım,Hande Erçel Burak Deniz
98,Aşk Nöbeti,Film,Romantik,"Mohsen Makhmalbaf, yapımcı=Abbas Randjbar, yazar=Mohsen Makhmalbaf, oyuncular=Shiva Gered, Abdurrahman Palay, Menderes Samancilar, Aken Tunj, türü=Dram-Romantik, çıkış=1990 (İran), 7 Eylül 2001 (Türkiye), süre=75 dakika, ülke=İran-Türkiye, dil=Farsça-Türkçe","Abbas Randjbar, yazar=Mohsen Makhmalbaf, oyuncular=Shiva Gered, Abdurrahman Palay, Menderes Samancilar, Aken Tunj, türü=Dram-Romantik, çıkış=1990 (İran), 7 Eylül 2001 (Türkiye), süre=75 dakika, ülke=İran-Türkiye, dil=Farsça-Türkçe",1990,Bilinmiyor,"Shiva Gered, Abdurrahman Palay, Menderes Samancilar, Aken Tunj, türü=Dram-Romantik, çıkış=1990 (İran), 7 Eylül 2001 (Türkiye), süre=75 dakika, ülke=İran-Türkiye, dil=Farsça-Türkçe"
99,Aşk Tesadüfleri Sever (film),Film,Romantik,Ömer Faruk Sorak,Oğuz Peri,2011,Böcek Yapım,"Mehmet Günsür, Belçim Bilgin, Altan Erkekli"
100,Aşk Yeniden,Dizi,Komedi,Ersoy Güler (Yönetmen),İnci Gündoğduİsmail Gündoğdu (Yapımcı),2015,Süreç Film,"Özge Özpirinçci, Buğra Gülsoy"
101,"Aşk Yeniden (dizi, 2015)",Dizi,Komedi,Ersoy Güler,İnci Gündoğdu,2015,Süreç Film,"Özge Özpirinçci, Buğra Gülsoy"
102,Aşk ve Ceza,Dizi,Romantik,Kudret Sabancı (Yönetmen),Erol Avcı (Yapımcı),2010,TMC Film,"Murat Yıldırım, Nurgül Yeşilçay, Feride Çetin, Tomris İncer, Caner Kurtaran"
103,Aşk ve Gurur,Dizi,Romantik,Taner Akvardar (Yönetmen),Hayri Aslan (Yapımcı),2017,Limon Film,"Mert Fırat, Damla Sönmez, Alper Saldıran, Tülin Özen, Ahmet Rıfat Şungar"
104,Aşk ve Mavi,Dizi,Dram,Hakan Arslan,Mehmet Yiğit Alp,2016,NTC Medya,"Emrah, Burcu Kıratlı"
105,Aşk ve Umut,Dizi,Dram,Gürsel Ateş (1-180)Reyhan Usta (1-285)Mahmut Kaptan (181-285) (Yönetmen),Nilgün Sağyaşar (Yapımcı),2022,Focus FilmContent House,"Hakan Dinçkol, İlayda Orkut, Eda Elif Başlamışlı, Furkan Okumuş, Zeynep Melis Girşen, Erdem Adilce"
106,Aşk-ı Memnu,Dizi,Dram,Halit Refiğ (Yönetmen),| yapım_idarecisi = (Yapımcı),1975,| dağıtıcı =,| seslendirenler =
107,Aşk-ı Roman,Dizi,Komedi,Semra Dündar,Oğuz Karali,2017,Global Medya,"Solmaz Çiros, Kaan Güvenilir"
108,Aşka Sürgün,Dizi,Dram,Cemal Şan,Tomris Giritlioğlu,2005,Sis Yapım,"İzzet Günay, Mahsun Kırmızıgül"
109,Aşkın Bedeli,Dizi,Romantik,Canan Evcimen Atilla Cengiz (Yönetmen),Nilgün Sağyaşar (Yapımcı),2013,Düş Gezginleri Film,"Zeynep Aydemir, Arda Öziri, Deniz Bolışık, Mert Ali Yavuzcan"
110,Aşkın Yolculuğu: Hacı Bayram-ı Veli,Dizi,Dram,Kamil Aydın (1-5)Yücel Hüdaverdi (5-26) (Yönetmen),Kemal Tekden (Yapımcı),2022,Tekden Film,Burak Sevinç
111,Aşık Oldum,Film,Komedi,Ertem Eğilmez,"Sungur Esen, İbrahim Mertoğlu",1985,dağıtıcı =,"Şener Şen, Şehnaz Dilan, Nevra Serezli, Ayşen Gruda, Erdal Özyağcılar, Savaş Dinçel, Uğur Yücel, Necati Bilgiç"
112,Baba,Dizi,Dram,Çağrı Bayrak (Yönetmen),Kerem Çatay (Yapımcı),2022,Ay Yapım,Haluk Bilginer Tolga Sarıtaş
113,"Baba (dizi, 2022)",Dizi,Dram,Çağrı Bayrak,Kerem Çatay,2022,Ay Yapım,"Haluk Bilginer, Tolga Sarıtaş"
114,Baba Bizi Eversene,Film,Komedi,Oksal Pekmezoğlu,Hürrem Erman,1975,Erman Film,"Barış Manço, Meral Zeren, Hulusi Kentmen"
115,Baba Candır,Dizi,Komedi,Yusuf Pirhasan,Faruk Bayhan,2015,MF Yapım,"Settar Tanrıöğen, Uraz Kaygılaroğlu"
116,Baba Evi,Dizi,Dram,Yusuf KurçenliOrhan OğuzMahinur ErgunFeyzi TunaErden Kıral (Yönetmen),İrfan Tözüm (Yapımcı),1997,Muhteşem Film,"Halil Ergün, Deniz Gökçer, Sevinç Erbulak, Ayşegül Ünsal, Altan Karındaş, İsmet Ay, İhsan Devrim"
117,Baba Ocağı,Dizi,Komedi,Mustafa Şevki Doğan (Yönetmen),İbrahim Mertoğlu| (Yapımcı),2008,Sinetel Film,"Engin Şenkan, Ali Sürmeli, Ali İpin, Suzan Aksoy, Burak Özçivit, Selim Gülgören, Uğur Demirpehlivan, Gülden Dudarık, Ceren Hindistan, Algı Eke"
118,Baba Ocağı (dizi),Dizi,Komedi,Mustafa Şevki Doğan,İbrahim Mertoğlu,2008,Sinetel Film,"Engin Şenkan, Ali Sürmeli, Burak Özçivit"
119,Babam Sınıfta Kaldı,Dizi,Komedi,Kartal Çidamlı (Yönetmen),Gani MüjdeSelim Aydoğdu (Yapımcı),2013,Tükenmezkalem Film,"Cem Davran, Melis Tüzüngüç, Mesut Yar, Defne Samyeli"
120,Babam ve Oğlum,Film,Dram,Çağan Irmak,Şükrü Avşar,2005,Avşar Film,"Çetin Tekindor, Fikret Kuşkan, Hümeyra"
121,Babil,Dizi,Gerilim/Suç,Uluç Bayraktar (Yönetmen),Kerem Çatay (Yapımcı),2020,Ay Yapım,"Halit Ergenç, Ozan Güven, Aslı Enver, Birce Akalay, Nur Fettahoğlu, Mesut Akusta, Onur Saylak"
122,Bahtiyar Ölmez,Dizi,Aksiyon,Cem TabakUfuk Hakan ErenKartal Çidamlı (Yönetmen),Muharrem Gürer (Yapımcı),2017,Nehir Yapım (1-8)Baba Yapım (9-19),Yetkin Dikinciler Hande Subaşı
123,Bak Yeşil Yeşil,Film,Komedi,Hulki Saner,Hulki Saner,1975,Saner Film,"Ahmet Özhan, Hale Soygazi, Şener Şen"
124,Bal (film),Film,Dram,Semih Kaplanoğlu,Semih Kaplanoğlu,2010,Kaplan Film,"Erdal Beşikçioğlu, Bora Altaş"
125,Bana Baba Dedi,Dizi,Komedi,Bedran Güzel (Yönetmen),Acun Ilıcalı (Yapımcı),2015,Acun Medya,"Oğuzhan Koç, Eser Yenenler, İbrahim Büyükak, Yağmur Tanrısevsin, Ersin Korkut, Cezmi Baskın, Ayşe Tunaboylu"
126,Bana Sevmeyi Anlat,Dizi,Romantik,Mesude Erarslan (Yönetmen),Kerem ÇatayPelin Diştaş (Yapımcı),2016,Ay Yapım,"Kadir Doğulu, Seda Bakan, Mustafa Üstündağ"
127,Bandırma Füze Kulübü (film),Film,Dram,Ömer Faruk Sorak,Mustafa Uslu,2021,Dijital Sanatlar,"Alina Boz, Deniz Can Aktaş, Erkan Kolçak Köstendil"
128,Banker Bilo,Film,Komedi,Ertem Eğilmez,Nahit Ataman,1980,Arzu Film,"İlyas Salman, Meral Zeren, Şener Şen, Ahu Tuğba, Münir Özkul, Ali Şen, Nizam Ergüden"
129,Barbaros Hayreddin: Sultanın Fermanı,Dizi,Aksiyon,Berat Özdoğan,Yusuf Esenkal,2022,Es Film,"Tolgahan Sayışman, Timur Acar"
130,Barbaroslar: Akdeniz'in Kılıcı,Dizi,Aksiyon,Berat Özdoğan,Yusuf Esenkal,2021,Es Film,"Engin Altan Düzyatan, Ulaş Tuna Astepe"
131,Barda,Film,Dram,Serdar Akar,"Serdar Akar, Güner Koralı, Alev Gezer",2007,"Filmakar, Öger Prodüksiyon, Markasokak","Nejat İşler, Hakan Boyav, Serdar Orçin, Erdal Beşikçioğlu, Volga Sorgu, Eray Özbal"
132,Bay Yanlış,Dizi,Komedi,Deniz Yorulmazer,Faruk Turgut,2020,Gold Film,"Can Yaman, Özge Gürel"
133,Baybora'nın Oğlu,Film,Aksiyon,Suat Yalaz,Suat Yalaz,1966,Olcay Prodüksiyon,"Kartal Tibet, Emel Turgut, Reha Yurdakul"
135,Bedel,Dizi,Romantik,Ulaş İnaç (1-3)Feride Kaytan (4-7)Şenol Sönmez (8-15)Tuna Aktaş (16-20)Mücahit Akyoldaş (16-20) (Yönetmen),Mehmet Yiğit Alp (Yapımcı),2015,NTC Medya,"Necip Memili, Sedef Avcı, Berk Erçer"
136,Behzat Ç. Ankara Yanıyor,Film,Aksiyon,Serdar Akar,Tarkan Karlıdağ,2013,Adam Film,"Erdal Beşikçioğlu, Nejat İşler, Sanem Çelik"
137,Behzat Ç. Bir Ankara Polisiyesi,Dizi,Gerilim/Suç,Serdar Akar,Tarkan Karlıdağ,2010,Adam Film,"Erdal Beşikçioğlu, Fatih Artman, İnanç Konukçu"
138,Behzat Ç. Seni Kalbime Gömdüm,Film,Gerilim/Suç,Serdar Akar,Tarkan Karlıdağ,2011,Adam Film,"Erdal Beşikçioğlu, Canan Ergüder, Cansu Dere"
139,Bekçiler Kralı,Film,Macera,Osman F. Seden,"Memduh Ün, Fatma Girik",1979,Uğur Film,"Kemal Sunal, Semra Türel , Reha Yurdakul, Hakkı Kıvanç, Alpay İzer, Yaşar Şener, Mustafa Yavuz, Ahmet Turgutlu, Çetin Tolbas, Baki Tamer"
140,Ben Bu Cihana Sığmazam,Dizi,Aksiyon,Onur Tan,Oktay Kaynarca,2022,Güzel Adamlar,"Oktay Kaynarca, Ebru Özkan"
141,Ben Leman,Dizi,Dram,Semih Bağcı,Mehmet Yiğit Alp,2013,NTC Medya,"Burçin Terzioğlu, Özgür Çevik"
142,Ben O Değilim,Film,Dram,Tayfun Pirselimoğlu,Bilinmiyor,2013,Bilinmiyor,"Ercan Kesal, Maryam Zaree"
143,Ben Olsaydım,Dizi,Komedi,Uğur Erkır (Yönetmen),STR Film (Yapımcı),1991,STR Film,"Gazanfer Özcan, Gönül Ülkü Özcan, Hadi Çaman, Saltuk Kaplangı, Doğu Erkan, Cengiz Keskinkılıç, Osman Gidişoğlu, Erdoğan Dikmen, Aliye Tölak"
144,Ben Onu Çok Sevdim,Dizi,Dram,Mehmet Bahadır ErEylem Koza (Yönetmen),Raci Şaşmaz (Yapımcı),2013,Pana Film,"Mehmet Aslantuğ, İdil Fırat, Birce Akalay, Şemsi İnkaya, Rıza Akın, Erdinç Gülener, Mehmetcan Mincinozlu, Savaş Zafer, Ege Aydan, Kerem Alışık, Devrim Yakut"
145,Ben de Özledim,Dizi,Komedi,Onur ÜnlüErkan Tunç (Yönetmen),Orkun ÜnlüFunda Alp (Yapımcı),2014,Eflatun Film,"Ali Atay, Serkan Keskin, Osman Sonant"
146,Beni Affet,Dizi,Romantik,Gürsel Ateş,Nilgün Sağyaşar,2011,Focus Film,"Nusret Şenay, Ulviye Karaca, Gaye Turgut"
147,Beni Böyle Sev,Dizi,Komedi,Cem TabakLevent Türkan (Yönetmen),Çağrı BingüllerBaşak Bingüller (Yapımcı),2013,BSK Yapım,"Alper Saldıran, Zeynep Çamcı, Burcu Altın, Bala Atabek, Umut Kurt Eda Ece, Ozan Osmanpaşaoğlu, Mert Turak, Burcu Biricik, Yusuf Akgün, Selen Uçer, Fatih Koyunoğlu, Meral Asiltürk, Serkan Çayoğlu, Altan Gördüm, Lale Mansur, Güven Kıraç, Zafer Algöz"
148,Beni Bırakma (dizi),Dizi,Romantik,Gürsel Ateş,Nilgün Sağyaşar,2018,Focus Film,"Gökberk Yıldırım, Eda Nur Gülbudak"
149,Benim Adım Gültepe,Dizi,Dram,Zeynep Günay,Ayşe Durmaz,2014,D Productions,"Mete Horozoğlu, Ayça Bingöl"
150,Benim Adım Melek,Dizi,Dram,Cem Akyoldaş,Süreyya Yaşar Önal,2019,Üs Yapım,"Nehir Erdoğan, Kutsi"
151,Benim Annem Bir Melek,Dizi,Komedi,Hakan Algül (Yönetmen),Elif YakarçelikNecati Akpınar (Yapımcı),2008,BKM Film İmaj (post prodüksiyon),"Oya Başar, Tarık Ünlüoğlu, Dolunay Soysert, Ali Sunal, Şehsuvar Aktaş, Ayçin İnci"
152,Benim Hala Umudum Var,Dizi,Romantik,Nisan Akman (Yönetmen),Faruk Turgut (Yapımcı),2013,Gold Film,"Gizem Karaca, Berk Oktay, Şükrü Özyıldız"
153,Benim Tatlı Yalanım,Dizi,Komedi,Barış Erçetin (Yönetmen),Onur Güvenatam (Yapımcı),2019,O3 Medya,"Furkan Palalı, Aslı Bekiroğlu, Lavinya Ünlüer"
154,Benim Çocuğum,Film,Dram,Can Candan,"Ayşe Çetinbaş, Gökçe İnce",2013,Surela Film Yapım,LİSTAG katılımcıları
155,Benim İçin Üzülme (dizi),Dizi,Dram,Serkan Birinci,Murat Tokat,2012,Boyut Film,"Fulya Zenginer, Tansel Öngel"
156,Bergen (film),Film,Dram,"Mehmet Binay, Caner Alper",Mine Şengöz,2021,Orchestra Content,"Farah Zeynep Abdullah , Erdal Beşikçioğlu, Tilbe Saran, Nergis Öztürk, Şebnem Sönmez, Ahmet Kayakesen, Arif Pişkin, Suzan Kardeş"
157,Berlin Kaplanı,Film,Komedi,Hakan Algül,Necati Akpınar,2011,BKM,"Ata Demirer, Tarık Ünlüoğlu"
158,Beyaz Gelincik,Dizi,Dram,Güzide Balcı,Erol Avcı,2005,TMC,"Altan Erkekli, Erkan Petekkaya"
159,Beyoğlu'nun Arka Yakası,Film,Aksiyon,Şerif Gören,"Kadir Turgut, Ferit Turgut",1986,Uzman Film,"Tarık Akan, Erdal Özyağcılar, Oya Aydoğan, Yavuzer Çetinkaya, Günay Güner, Yadigar Ejder"
160,Bez Bebek,Dizi,Fantastik,Serpil Kurtça (Yönetmen),Nilgün Sağyaşar (Yapımcı),2007,Focus Film,"Evrim Akın, Tan Sağtürk Alpay Kemal Atalan, Fatoş Kabasakal, Reyhan Asena Keskinci, Ege Tanman, Oya Aydoğan, Sibel Kasapoğlu, Mehmet Usta, Sevinç Aktansel"
161,Beş Kardeş,Dizi,Komedi,Onur Ünlü (Yönetmen),Kerem Çatay (Yapımcı),2015,Ay Yapım,"Serkan Keskin, Osman Sonant, Tansu Biçer, Nadir Sarıbacak, Fatih Artman"
162,Bi Küçük Eylül Meselesi,Film,Romantik,Kerem Deren,Kerem Çatay,2014,"Warner Bros., Ay Yapım","Farah Zeynep Abdullah, Engin Akyürek"
164,Binbir Gece,Dizi,Dram,Kudret Sabancı (Yönetmen),Erol Avcı (Yapımcı),2006,TMC,"Halit Ergenç Bergüzar Korel, Tardu Flordun, Ceyda Düvenci, Tomris İncer, Metin Çekmez, Meral Çetinkaya, Yonca Cevher, Ergün Demir"
165,Binbir Gece (dizi),Dizi,Dram,Kudret Sabancı,Erol Avcı,2006,TMC,"Halit Ergenç, Bergüzar Korel, Tardu Flordun"
166,Bir Aile Hikayesi,Dizi,Dram,Merve Girgin,Fatih Aksoy,2019,Medyapım,"Songül Öden, Birkan Sokullu"
167,Bir Aşk Hikayesi,Dizi,Romantik,Barış Yöş (1-22)Murat Onbul (23-36) (Yönetmen),Faruk BayhanFatih Aksoy (Yapımcı),2013,MF Yapım,"Seçkin Özdemir, Damla Sönmez"
168,Bir Aşk İki Hayat,Film,Romantik,Ali Bilgin,"Kerem Çatay, Fatih Aksoy",2018,"Ay Yapım, Medyapım","Bergüzar Korel, Engin Akyürek, İpek Bilgin, Merve Dizdar, Osman Sonant, Serhat Parıl"
169,Bir Bulut Olsam,Dizi,Dram,Ulaş İnaç,Timur Savcı,2009,Tims&B,"Melisa Sözen, Engin Altan Düzyatan"
170,Bir Cumhuriyet Şarkısı,Film,Dram,Yağız Alp Akaydın,Bilinmiyor,2024,BKM,"Salih Bademci, Ertan Saban, Birce Akalay"
171,Bir Deli Rüzgar,Dizi,Dram,Altan Dönmez (Yönetmen),Erol Avcı (Yapımcı),2018,TMC Film,"Pınar Deniz, Berk Cankat, Hatice Aslan, Almila Ada"
172,Bir Deli Sevda,Dizi,Romantik,Hakan İnan (Yönetmen),Yaşar İrvül (Yapımcı),2017,Pastel Film,"Erkan Kolçak Köstendil, Cansu Tosun, Erdinç Gülener, Deniz Uğur, Cankat Aydos, Esra Kızıldoğan, Itır Esen, Zafer Algöz, Erkan Can"
173,Bir Deniz Hikayesi,Dizi,Dram,Aydın Bulut,Türker İnanoğlu,2015,Erler Film,"Emir Berke Zincidi, Begüm Birgören"
174,Bir Dilek Tut,Film,Dram,Meta Akkuş,Meta Akkuş,2021,The Best Films,"Altan Erkekli, Vildan Atasever"
175,Bir Litre Gözyaşı,Dizi,Romantik,Serhan Şahin (Yönetmen),Faruk BayhanFatih Aksoy (Yapımcı),2007,MedyapımMF Yapım,"Sanem Çelik, Miray Daner, Tolga Tekin, Mert Yazıcıoğlu"
176,Bir Mucize Olsun,Dizi,Romantik,Hamdi Alkan (Yönetmen),Yaşar İrvül Efe İrvül (Yapımcı),2018,Pastel Film,"Furkan Palalı, Su Kutlu"
177,Bir Tutam Baharat,Film,Dram,Tassos Boulmetis,"Harry Antonopoulos, Lily Papadopoulos, Abdullah Oğuz",2003,"stüdyo = Village Roadshow Productions, Smallridge, ANS Productions, MC² Productions","Georges Corraface, Ieroklis Michaelidis, Renia Louizidou, Başak Köklükaya, Tamer Karadağlı"
178,Bir Umut Yeter,Dizi,Dram,Yusuf Pirhasan,Fatih Aksoy,2018,MF Yapım,"Tolgahan Sayışman, Esra Bilgiç"
179,"Bir Varmış Bir Yokmuş (dizi, 2008)",Dizi,Dram,Bülent İşbilen,Necati Akpınar,2008,BKM,"Ahmet Mekin, Onur Ünsal, Şahika Koldemir"
180,Bir Zamanlar Osmanlı,Dizi,Dram,Altan Dönmez (Yönetmen),Burhan Özkan (Yapımcı),2012,Herşey Film,"Türkân Şoray, Özcan Deniz Aslı Tandoğan, Cemal Hünal, Fırat Tanış, Hâzım Körmükçü, Tolga Karel"
181,Bir Zamanlar Çukurova,Dizi,Dram,Bilinmiyor,Bilinmiyor,2018,Bilinmiyor,Bilinmiyor
182,Bir Çocuk Sevdim,Dizi,Dram,Cevdet MercanMurat Düzgünoğlu (Yönetmen),Timur Savcı (Yapımcı),2011,TMC,"Bülent İnal, Çetin Tekindor, Hakan Kurtaş, Gülcan Arslan|-"
183,Bir İstanbul Masalı,Dizi,Romantik,Ömür Atay (Yönetmen),Erol Avcı (Yapımcı),2003,TMC,"Mehmet Aslantuğ, Ahu Türkpençe, Çetin Tekindor, Arsen Gürzap, Ozan Güven, Altan Erkekli"
186,Bitmeyen Şarkı (dizi),Dizi,Romantik,Sadullah Celen,Faruk Turgut,2010,Gold Film,"Bergüzar Korel, Bülent İnal"
187,Biz Böyleyiz,Film,Komedi,Caner Özyurtlu,Bilinmiyor,2019,Avşar Film,"Berrak Tüzünataç, Engin Öztürk, Şebnem Bozoklu"
188,Bizi Hatırla,Film,Dram,Çağan Irmak,Şükrü Avşar,2018,Avşar Film,"Altan Erkekli, Tolga Tekin, Özge Özberk"
189,Bizim Aile (film),Film,Komedi,Ergin Orbey,Nahit Ataman,1975,Arzu Film,"Münir Özkul, Tarık Akan, Adile Naşit, Halit Akçatepe, Itır Esen, Şener Şen, Ayşen Gruda, Tuncay Akça, Saim Alpago, Sıtkı Akçatepe"
190,Bizim Büyük Çaresizliğimiz,Film,Komedi,Seyfi Teoman,Yamaç Okur,2011,una film,"İlker Aksum, Fatih Al, Güneş Sayın"
191,Bizim Evin Halleri,Dizi,Komedi,Tülay Eratalay,Osman Baş,2000,TRT,"Beyhan Saran, Meral Niron, Emel Göksu"
192,Bizim Hikaye,Dizi,Komedi,Serdar Gözelekli(1-37)Koray Kerimoğlu(38-70) (Yönetmen),Fatih Aksoy (Yapımcı),2017,Medyapım,"Hazal Kaya Burak Deniz Reha Özcan Yağız Can Konyalı, Mehmet Korhan Fırat, Mehmetcan Mincinozlu Sahra Şaş, Nejat Uygur"
193,Bizim Kuruntu Ailesi,Dizi,Komedi,Bülent Özdural (Yönetmen),Bülent Özdural (Yapımcı),1997,TGRT,"Gazanfer Özcan, Gönül Ülkü Özcan, Doğu Erkan, Gazanfer Ündüz, Fulya Özcan, Doğan Aybay, Şemsay Çankara, Saltuk Kaplangı, Tomris Oğuzalp, Aliye Tölak, Tarık Ündüz, Engin Gürmen, Ferdi Atuner, Şensel Uykal, Reyhan Ayyüzlü"
194,Bizim Okul,Dizi,Komedi,Yaşar Seriner (Yönetmen),Türker İnanoğlu (Yapımcı),2013,Erler Film,Zeki Alasya Cezmi Baskın Levent Ülgen Pınar Aydın Tülin Oral Cem Davran
195,Bizim İçin Şampiyon,Film,Dram,Ahmet Katıksız,"Kerem Çatay, Pelin Diştaş, Fatih Aksoy",2018,"Ay Yapım, Medyapım","Ekin Koç, Farah Zeynep Abdullah, Fikret Kuşkan, Melis Sezen, Ali Seçkiner Alıcı, Serkan Ercan, Erdem Akakçe, Sekvan Serinkaya"
196,Bizum Hoca,Film,Komedi,Serkan Acar,Serap Balkaya,2014,Pinema,"Cezmi Baskın, Levent Ülgen"
197,Bodrum Masalı,Dizi,Romantik,Mehmet Ada Öztekin,Erol Avcı,2016,TMC Film,"Timuçin Esen, Şevval Sam"
198,Bornova Bornova,Film,Dram,İnan Temelkuran,İnan Temelkuran,2009,Temelkuran Film,"Öner Erkan, Kadir Çermik, Damla Sönmez"
199,Boynu Bükükler,Dizi,Komedi,Ömer Uğur (Yönetmen),Ahmet KayımtuMahmut Kayımtu (Yapımcı),2014,Barakuda Film,"Sedef Avcı, Ahmet Saraçoğlu, Murat Akkoyunlu, Ünal Yeter, Barış Başar, Ali Tutal, Mine Teber, Ahmet Olgun Sünear, Çağlar Ertuğrul, Gün Koper, Güven Murat Akpınar, Bora Akkaş, Bensu Soral, Sevilay Şimşek, Özüm Arkan, Öznur Serçeler, Barış Aytaç, Cüneyt Çeliksoy, Bengi İdil Uras, Nihan Tarhan, Anıl Altan, Kadir İlter"
200,Bu Şehir Arkandan Gelecek,Dizi,Aksiyon,Çağrı Vila Lostuvalı (Yönetmen),Kerem Çatay (Yapımcı),2017,Ay Yapım,"Kerem Bürsin, Leyla Lydia Tuğutlu, Gürkan Uygun"
201,Bugünün Saraylısı,Dizi,Dram,Ziya Öztan (Yönetmen),Sacit Doğruyol (Yapımcı),1992,| dağıtıcı =,"Sema Yunak, Ahmet Mekin, Yaman Okay, Ahmet Sezerel, Gülsen Tuncer, Fatoş Sezer"
203,Bursa Bülbülü,Film,Müzikal,Hakan Algül,Necati Akpınar,2022,BKM,"Ata Demirer, Cem Gelinoğlu, Özge Özacar"
204,Böyle Bitmesin,Dizi,Gerilim/Suç,Emre Kabakuşak (Yönetmen),Atalay Taşdiken (Yapımcı),2012,AT Yapım,Yeliz Kuvancı Nergis Öztürk Cemal Toktaş
205,Büyük Yalan,Film,Dram,Yüksel Aksu,Faruk Turgut,2004,Gold Film,"Halil Ergün, Emrah"
206,Büyük Yemin,Film,Macera,Memduh Ün,Memduh Ün,1969,Acar Film,"Cüneyt Arkın, Fatma Girik"
207,Bıçak Sırtı,Dizi,Dram,Selim Demirdelen (Yönetmen),Erol Avcı (Yapımcı),2007,TMC,"Nejat İşler, Melisa Sözen, Fikret Kuşkan, Vildan Atasever, Mehmet Günsür, Mahir Günşiray, Erkan Can, Batuhan Karacakaya"
208,Bıçkın,Film,Komedi,Orhan Aksoy,Memduh Ün,1988,Uğur Film,"Kemal Sunal, Nilgün Belgün, Ayten Erman, Nevzat Okçugil, Hüseyin Kutman"
209,Camdaki Kız,Dizi,Dram,Nadim Güç (Yönetmen),Onur Güvenatam (Yapımcı),2021,OGM Pictures,"Burcu Biricik, Feyyaz Şerifoğlu, Selma Ergeç, Enis Arıkan, Cihangir Ceyhan, Tamer Levent, Nur Sürer"
210,Can Kırıkları,Dizi,Aksiyon,Serkan Birinci (Yönetmen),Mehmet Yiğit Alp (Yapımcı),2018,Bilinmiyor,"Hande Doğandemir, Funda Eryiğit, Seçkin Özdemir, Alican Yücesoy Özgür Çevik"
212,Canan,Dizi,Dram,Bahadır İnce (Yönetmen),Ata Türkoğlu (Yapımcı),2011,Koliba Film,"Gamze Özçelik, Özlem Conker, Ragıp Savaş, Erdinç Gülener, Neriman Uğur, Mehmet Atay"
213,Canevim,Dizi,Dram,Adnan Güler (Yönetmen),Ata Türkoğlu (Yapımcı),2019,Koliba Film,"Aras Aydın, Biran Damla Yılmaz, Özgür Çevik, Burcu Tuna, Ezgi Şenler, Nihan Büyükağaç, Rıza Akın, Bedia Ener"
214,Canım Ailem,Dizi,Komedi,Sadullah Celen (Yönetmen),Erol Avcı (Yapımcı),2008,TMC Film,Uğur Yücel Ozan Güven Şebnem Bozoklu Funda Eryiğit Ezgi Mola İlker Aksum Oktay Gürsoy Sezgi Mengi Deniz Denker Alpay Şayhan Ayçe Abana Bengi Öztürk Hikmet Körmükçü Candan Sabuncu Nejat Birecik Haldun Boysan Onur Ünsal Begüm Kütük Yaşaroğlu Şeyda Şaşmaz
215,Canım Annem,Dizi,Dram,Ece Tahtalıoğlu PertezEmrah Şendur (Yönetmen),İnci Gülen OarrJulia Berköz (Yapımcı),2022,Stellar YapımSaran Studios,"Selin Sezgin, Erol Gedik, Gece Işık Demirel"
216,Canım Kardeşim,Film,Dram,Ertem Eğilmez,Nahit Ataman,1973,Arzu Film,"Tarık Akan, Halit Akçatepe, Kahraman Kıral"
217,Canısı (film),Film,Dram,Temel Gürsu,Faruk Turgut,1997,"dağıtıcı = Gold Film, Ulus Müzik, Uzman Film","İbrahim Erkal, Emine Ün, Murat Soydan, Selen Yıldız, Engin Koç, Müge Oruçkaptan, Yılmaz Köksal, Işık Aras"
218,"Cehennem (film, 2016)",Film,Dram,Ron Howard,"Brian Grazer, Michael De Luca, Andrea Giannetti",2016,"Imagine Entertainment, Skylark Productions","Tom Hanks, Felicity Jones, Omar Sy, Ben Foster, Irrfan Khan, Sidse Babett Knudsen"
219,Cennet Mahallesi,Dizi,Komedi,Serdar Akar (1-6)Yaşar Seriner (7-119) (Yönetmen),Türker İnanoğlu (Yapımcı),2004,Erler Film,"Melek Baykal, Müjdat Gezen, Özkan Uğur, Alişan, Çağla Şıkel, Zeki Alasya"
220,Cennet'in Gözyaşları,Dizi,Dram,Sadullah Celen (Yönetmen),Ali Gündoğdu (Yapımcı),2005,Süreç Film,"Berk Atan, Almila Ada, Esra Ronabar"
221,Cenneti Beklerken,Film,Dram,Derviş Zaim,Bilinmiyor,2005,Marathon,"Serhat Tutumluer, Melisa Sözen"
222,Cesaretin Var Mı Aşka,Dizi,Komedi,Ömer Uğur (Yönetmen),Hayri Aslan (Yapımcı),2008,Limon Film,"Engin Altan Düzyatan, Özge Özpirinçci, Tarık Papuççuoğlu, Ufuk Özkan, İlker Ayrık"
223,Cesur Yürek,Dizi,Aksiyon,Emre Kabakuşak (Yönetmen),Cüneyt Aysan (Yapımcı),2016,Fark Film,"Onur Tuna, Ruveyda Öksüz, Hüseyin Avni Danyal, Hakan Yufkacıgil"
224,Cesur ve Güzel,Dizi,Romantik,Ali Bilgin (Yönetmen),Kerem Çatay Pelin Diştaş Yaşaroğlu (Yapımcı),2016,Ay Yapım,Kıvanç Tatlıtuğ Tuba Büyüküstün
225,"Charlie'nin Melekleri (film, 2019)",Film,Dram,Elizabeth Banks,"{{Yalın liste, , * Doug Belgrad, * Elizabeth Cantillon, * Max Handelman, * Elizabeth Banks",2019,"{{Yalın liste, , * Columbia Pictures, * Perfect World Pictures, * 2.0 Entertainment, * Brownstone Productions, * Cantillon Company","{{Yalın liste, , * Kristen Stewart, * Naomi Scott , * Ella Balinska, * Elizabeth Banks, * Djimon Hounsou, * Sam Claflin, * Noah Centineo, * Nat Faxon, * Patrick Stewart"
226,Cinayet Süsü,Film,Gerilim/Suç,Ali Atay,"Cemal Okan, Timur Savcı",2019,TAFF Pictures,"{{Yalın liste, , * Uğur Yücel , Binnur Kaya , Cengiz Bozkurt , Feyyaz Yiğit , Mert Denizmen , Mehmet Özgür"
227,Daha,Film,Dram,Onur Saylak,Kerem Çatay,2017,Ay Yapım,"Ahmet Mümtaz Taylan, Tuba Büyüküstün"
228,Damat Takımı,Film,Komedi,Doğa Can Anafarta,Kanat Doğramacı,2017,Asteros Film,"Furkan Andıç, Özgürcan Çevik, Pelin Akil, Açelya Topaloğlu, Sarp Can Köroğlu, Ozan Osmanpaşaoğlu, Özgün Aydın, Sadi Celil Cengiz"
230,Darısı Başımıza,Dizi,Dram,Barış Yöş,Faruk Turgut,2018,Gold Film,"Ozan Dolunay, Elif Doğan"
231,Dayan Yüreğim,Dizi,Dram,Deniz Çelebi Dikilitaş (Yönetmen),H. Hakan Eren Gökhan Tatarer (Yapımcı),2017,Endemol Shine Turkey,"Mehmet Küçük, Ece Uslu, Cansel Elçin, Nilay Deniz, Berk Atan"
232,Dayı: Bir Adamın Hikâyesi,Film,Aksiyon,Uğur Bayraktar,"Uğur Bayraktar, Abdurrahman Akpınar",2020,"Ubay Film, Zyef Film","Ufuk Bayraktar , Gizem Karaca, Ahmet Varlı, Timur Ölkebaş, Beste Bereket, Turgut Tunçalp, Ümit Çırak, Murat Akkoyunlu, Cem Kurtoğlu, Recep Çavdar, Efe Cevahir Bayraktar"
233,Dayı: Bir Adamın Hikâyesi 2,Film,Aksiyon,Uğur Bayraktar,Uğur Bayraktar,2025,"Diopter Film, Ubay Film","Ufuk Bayraktar , Ergül Miray Şahin, Reha Özcan"
234,Dedektif Memoli,Dizi,Gerilim/Suç,Tayfun Güneyer (Yönetmen),Ali Gündoğdu (Yapımcı),2011,Süreç Film,"Emre Kızılırmak ''(Memoli)''Burcu Esmersoy ''(Zeynep)''Özlem Yılmaz ''(Ezo)''Demir Karahan, Ünal Yeter, Barış Başar"
235,Dedemin İnsanları,Film,Romantik,Çağan Irmak,Mustafa Oğuz,2011,Most Production,"Çetin Tekindor, Hümeyra, Yiğit Özşener"
236,Deli Aşk,Film,Komedi,Murat Dündar,Muzaffer Yıldırım,2017,Nulook,"Emrah Kaman, Pelin Akil"
237,Deli Deli Olma,Film,Dram,Murat Saraçoğlu,Tolga Aydın,2009,Aydın Film,"Tarık Akan, Şerif Sezer"
238,Deli Gönül,Dizi,Dram,Selim DemirdelenBerat Özdoğan (Yönetmen),Fırat ParlakKoray Şahin (Yapımcı),2017,25 Film,"Murat Ünalmış, Tuvana Türkay, Çiğdem Batur, Ogün Kaptanoğlu"
239,Deli Saraylı,Dizi,Komedi,Aydın Bulut (Yönetmen),Ali Gündoğduİnci Kırhan Gündoğdu (Yapımcı),2010,Süreç Film,"Perran Kutman, Çetin Tekindor, Köksal Engür, Ünal Silver, Öner Erkan, Akın Saatçi, Özge Özpirinçci, Melis Birkan, Tatsyana Tsvikeviç, Kenan Ece, Ani İpekkaya"
240,Deli Yürek,Dizi,Aksiyon,Osman Sınav (Yönetmen),Mustafa Şevki Doğan (Yapımcı),1998,Sinegraf,"Kenan İmirzalıoğlu, Zeynep Tokuş, Ebru Cündübeyoğlu, Demir Karahan, Kürşat Alnıaçık, Ali Sürmeli, Selçuk Yöntem, Emin Gürsoy Melda Bekcan"
241,Deli Yürek: Bumerang Cehennemi,Film,Macera,Osman Sınav,Mustafa Şevki Doğan,2001,Sinegraf,"Kenan İmirzalıoğlu, Melda Bekcan"
243,Deniz Yıldızı (dizi),Dizi,Dram,Ayşe Tügen,Nilgün Sağyaşar,2009,Focus Film,"Begüm Topçu, Cantuğ Turay"
244,Dila Hanım (dizi),Dizi,Romantik,Onur Tan,Faruk Turgut,2012,Gold Film,"Erkan Petekkaya, Hatice Şendil"
245,Dila Hanım (film),Film,Dram,Orhan Aksoy,İrfan Ünal,1977,Akün Film,"Türkan Şoray, Kadir İnanır"
246,Dinle Sevgili,Dizi,Romantik,Mehtap KöroğluFulya YavuzoğluIrmak ÇığÖzgür Pak (Yönetmen),| editör = (Yapımcı),2011,Base Yapım,Cem Kılıç
247,Doksanlar,Dizi,Komedi,Mesude Erarslan (Yönetmen),Birol Güven (Yapımcı),2013,MinT Motion Pictures,"Renan Bilek, Gamze Gözalan, Arif Erkin Güzelbeyoğlu, Beste Bereket, Atılay Uluışık, Açelya Akkoyun, Erkan Köse, Esra Dermancıoğlu, Deniz Oral, Derya Şensoy"
248,Doktorlar,Dizi,Dram,Merve GirginOğuzhan TercanŞenol Sönmez (Yönetmen),Fatih Aksoy (Yapımcı),2006,Medyapım,Kutsi Bekir Aksoy Yasemin Ergene Leyla Göksun Melike Güner Yeşim Ceren Bozoğlu Cüneyt Türel Yağmur Atacan Devrim Nas
249,Dokunmayın Şabanıma,Film,Komedi,Osman Fahir Seden,"Kemal Sunal , Fatma Girik",1979,Can Film,"Kemal Sunal, Ahu Tuğba, Halit Akçatepe, Ercan Yazgan"
250,Dokuz Oğuz,Dizi,Aksiyon,Cem Akyoldaş,Faruk Turgut,2023,Gold Film,"Kubilay Aka, Deniz Işın, Yasemin Allen"
251,Doludizgin Yıllar,Dizi,Dram,Raşit Çelikezer (Yönetmen),Osman Sınav (Yapımcı),2008,Sinegraf,"Yusuf Ömer Sınav, Selen Seyven, Arda Kural Erdal Cindoruk, Damla Debre, Ayşegül İşsever, Mehmet Polat, Suat Güzey, Yılmaz Calayır, Deniz Özpınar, Yağız Bankoğlu, Hüseyin Soysalan|"
252,Dondurmam Gaymak,Film,Komedi,Yüksel Aksu,Yüksel Aksu,2005,Makara film,Turan Özdemir
253,Dostlar Mahallesi,Dizi,Komedi,Ayhan Özen (Yönetmen),Türker İnanoğlu (Yapımcı),2017,Erler Film,"Çağla Şıkel, Alişan, Hande Katipoğlu, Ersin Korkut, Zeynep Eronat"
255,Doğduğun Ev Kaderindir,Dizi,Dram,Çağrı Bayrak (Yönetmen),Onur Güvenatam (Yapımcı),2019,OGM Pictures,"Demet Özdemir, İbrahim Çelikkol, Engin Öztürk"
256,Dudaktan Kalbe,Dizi,Dram,Andaç Haznedaroğlu (Yönetmen),Kerem Çatay (Yapımcı),2007,Ay Yapım,Aslı Tandoğan Burak Hakkı Özge Özder Yiğit Özşener Fadik Sevin Atasoy Köksal Engür
257,Duvar (film),Film,Dram,Yılmaz Güney,Marin Karmitz,1983,Güney Film,"Tuncel Kurtiz, Ayşe Emel Mesçi"
258,Dönence (dizi),Dizi,Romantik,Serdar Gözelekli,Ali Cengiz Deveci,2023,D Media,"Emre Kınay, Caner Topçu"
259,Dünya Yetmez,Film,Aksiyon,Michael Apted,"Barbara Broccoli, Michael G. Wilson",1999,dağıtıcı = Metro-Goldwyn-Mayer,"Pierce Brosnan, Sophie Marceau, Robert Carlyle, Denise Richards"
260,Dünyayı Kurtaran Adam,Film,Bilim Kurgu,Çetin İnanç,Mehmet Karahafız,1982,Anıt Film,"Cüneyt Arkın, Aytekin Akkaya"
261,Dünyayı Kurtaran Adam'ın Oğlu,Film,Aksiyon,Kartal Tibet,Şenol Zencir,2006,Bilinmiyor,"Cüneyt Arkın, Mehmet Ali Erbil"
262,Düttürü Dünya,Film,Komedi,Zeki Ökten,Şerafettin Gür,1988,Şeref Film,"Kemal Sunal, Jale Aylanç, Cezmi Baskın"
263,EGO (dizi),Dizi,Dram,Doğa Can Anafarta,Efe İrvül,2023,Pastel Film,"Alperen Duymaz, Melisa Aslı Pamuk"
264,Ege'nin Hamsisi,Dizi,Komedi,Mustafa Şevki Doğan,Ferhat Eşsiz,2018,Köprü Film,"İclal Aydın, Uğur Çavuşoğlu, Uraz Kaygılaroğlu"
265,Ekmek Teknesi,Dizi,Komedi,Metin Günay (1-36)Osman Sınav (37-71)Gürsel Ateş (45-72)Hasan Kaçan (73-75)Sadullah Şentürk (76-106) (Yönetmen),Osman Sınav(2002-2004)Raci Şaşmaz (2004-2005) (Yapımcı),2002,Sinegraf(2002-2004)Pana Film(2004-2005),"Savaş Dinçel, Sermin Hürmeriç, Hasan Kaçan, Kadir Çöpdemir, Peker Açıkalın"
266,Ekşi Elmalar,Film,Komedi,Yılmaz Erdoğan,Necati Akpınar,2016,BKM,"Yılmaz Erdoğan, Farah Zeynep Abdullah"
267,Elbet Bir Gün,Dizi,Romantik,Gül Oğuz,Gül Oğuz,2021,Most Production,"Sinem Ünsal, Şebnem Bozoklu"
268,Elif,Dizi,Dram,Fulya YavuzoğluCanan Yılmaz (Yönetmen),Özkan İpek (Yapımcı),2014,Bilinmiyor,"Selin Sezgin, Volkan Çolpan, Isabella Damla Güvenilir"
269,Elimi Bırakma,Dizi,Romantik,Sadullah CelenAdnan Güler (Yönetmen),Süreyya Yaşar Önal (Yapımcı),2018,ÜS Yapım,"Alina Boz, Alp Navruz, Dolunay Soysert, Seray Gözler, Nihat Altınkaya, Ebru Aykaç"
270,Elkızı,Dizi,Dram,Feride Kaytan,Mehmet Yiğit Alp,2021,NTC Medya,"Sevda Erginci, Perihan Savaş"
271,Emanet,Dizi,Romantik,Ayhan ÖzenSerkan MutOğuzcan DenizhanNuh Şen (Yönetmen),Nazmiye Yılmaz (Yapımcı),2020,Karamel Yapım,{{Yalın liste|
272,Emret Komutanım,Dizi,Komedi,Mustafa Altıoklar (Proje genel yönetmeni)Kartal TibetÖmer UğurHakan AlgülOğuz YalçınTaner AkvardarHaluk GölTuba GermanSarp LevendoğluMurat Düzgünoğlu (Yönetmen),Emine AltıoklarMehmet Altıoklar (Yapımcı),2010,Altıoklar Film Prodüksiyon,"Sarp Levendoğlu, Demet Evgâr, Seda Akman"
273,Emret Komutanım Yeniden,Dizi,Aksiyon,Sarp LevendoğluÜmit Efekan (Yönetmen),Mehmet AltıoklarEmine Altıoklar (Yapımcı),2013,| dağıtıcı =,"Serdar Özer, Didem Reze, Naci Taşdöğen, Bilal Çatalçekiç"
274,En Son Babalar Duyar,Dizi,Komedi,Sibel KocataşFunda Karagöz (Yönetmen),Birol Güven (Yapımcı),2013,| dağıtıcı =,Ayşegül Atik Ali Erkazan Levent Ülgen Hatice Aslan
275,Entelköy Efeköy'e Karşı,Film,Dram,Bilinmiyor,Bilinmiyor,2010,Bilinmiyor,Bilinmiyor
276,Erkekçe (film),Film,Dram,Bilinmiyor,Bilinmiyor,1984,Bilinmiyor,Bilinmiyor
277,Erkenci Kuş,Dizi,Komedi,Çağrı BayrakAytaç Çiçek (Yönetmen),Faruk Turgut (Yapımcı),2018,Gold Film,"Can Yaman, Demet Özdemir"
278,Esaret,Dizi,Dram,Ayhan ÖzenSerkan Mut (Yönetmen),Nazmiye Yılmaz (Yapımcı),2022,Karamel Yapım,"Cenk Torun, Mahassine Merabet"
279,Esir Şehrin Gözyaşları - Bir Ferhat ile Şirin Hikayesi,Dizi,Dram,Çağatay Tosun (Yönetmen),Ata Türkoğlu (Yapımcı),2012,Koliba Film,"Yiğit Özşener, Sedef Avcı"
280,Eski Hikâye,Dizi,Dram,Bahadır İnce (Yönetmen),Fatih Enes Ömeroğlu (Yapımcı),2013,ARC Film,"Buğra Gülsoy, Funda Eryiğit, Murat Daltaban, Damla Debre, Sermet Yeşil, Ali Barkın, Osman Alkaş, Tayfun Eraslan, Ferda Işıl, Songül Sevdik, Sinan Demirer, Diren Polatoğulları, Mehmet Esen, Sedef Akalın"
281,Ev (film),Film,Gerilim/Suç,"Caner Özyurtlu, Alper Özyurtlu","Caner Özyurtlu, Alper Özyurtlu, Cemre Yeşil",2010,dağıtıcı = Pinema,"Alican Yücesoy, Deniz Celiloğlu, Gülçin Santırcıoğlu, Funda Eryiğit, Ece Çeşmioğlu"
282,Eve Düşen Yıldırım,Dizi,Dram,Mehmet Bahadır Er (1. sezon)Feride Kaytan (2. sezon) (Yönetmen),Fatih Aksoy (Yapımcı),2012,Medyapım,"Murat Han, Gizem Karaca, Seda Akman, Mehmetcan Mincinozlu, Burcu Tuna"
283,Evlat Kokusu,Dizi,Romantik,Erol ÖzleviGökçe Usta (Yönetmen),Gökhan TatarerH. Hakan Ergen (Yapımcı),2017,Endemol Shine Turkey,"Barış Kılıç, Hande Soral, Murat Han, Sedef Avcı, Yeşim Salkım, Nail Kırmızıgül, Selen Uçer"
284,Evlerden Biri,Dizi,Dram,Bahadır İnce (Yönetmen),Ata Türkoğlu (Yapımcı),2012,Koliba Film,"Ceyda Ateş, Özgür Çevik Barış Aytaç, Şemsi İnkaya"
285,Evli ve Öfkeli,Dizi,Dram,| yaratıcı_yönetmen = (Yönetmen),Ali Gündoğdu (Yapımcı),2015,Süreç Film,"Ayça Erturan, Birce Akalay, Yıldız Çağrı Atiksoy, Ebru Cündübeyoğlu, Sarp Akkaya, Burak Sevinç, Serkan Altunorak, Sinan Eroğlu"
286,Eyvah Halam,Dizi,Komedi,Kemal Uzun (Yönetmen),Lale Eren (Yapımcı),2008,| dağıtıcı =,"Rasim Öztekin, Ertuğrul Şakar, Ece Çeşmioğlu, Zeynep Özkaya, Doğaç Yıldız, Akçahan Akça, Defne Yalnız, Sait Genay, Oğuz Oktay"
287,Eyyvah Eyvah,Film,Komedi,Hakan Algül,Necati Akpınar,2009,BKM Film,"Ata Demirer, Demet Akbağ, Salih Kalyon, Meray Ülgen, Bülent Şakrak, Tanju Tuncel, Hande Dane, Şehsuvar Aktaş, Bican Günalan, Özge Borak, Alican Yücesoy, Can Kahraman"
288,Ezel,Dizi,Aksiyon,Uluç Bayraktar (Yönetmen),Kerem Çatay (Yapımcı),2009,Ay Yapım,"Kenan İmirzalıoğlu, Cansu Dere, Yiğit Özşener, Barış Falay, Tuncel Kurtiz, Haluk Bilginer"
289,Ezel (dizi),Dizi,Aksiyon,Uluç Bayraktar,Kerem Çatay,2009,Ay Yapım,"Kenan İmirzalıoğlu, Cansu Dere, Tuncel Kurtiz"
291,Eğreti Gelin Ladik,Film,Dram,"Zaim Güvenç, Deniz Güvenç",Cihan Aydın,2016,Bilinmiyor,"Yeşim Salkım, Hakan Eren, Ali Erkazan"
292,Eşkıya (film),Film,Dram,Yavuz Turgul,Mine Vargı,1996,"Warner Bros. , Filma-Cass","Şener Şen, Uğur Yücel"
293,Eşkıya Dünyaya Hükümdar Olmaz,Dizi,Gerilim/Suç,Onur Tan (1-199) Zübeyr Şaşmaz (140-199) Baran Özçaylan (140-199) (Yönetmen),Raci Şaşmaz (1-123) atv İç Yapımlar (124-199) (Yapımcı),2015,| kanal = atv (2015-2021),"Oktay Kaynarca, Deniz Çakır, Sanem Çelik, Yunus Emre Yıldırımer, Ozan Akbaba, Tarık Ünlüoğlu, Sabina Toziya, Müjde Uzman, Meryem Uzerli, Turgay Tanülkü, Yalçın Hafızoğlu, Hakan Karsak, Savaş Özdemir, Mesut Akusta, Olgun Şimşek, Mustafa Üstündağ, Hüseyin Avni Danyal, Turgut Tunçalp, Emir Benderlioğlu, Ceren Benderlioğlu, Naz Elmas, Burak Sergen, Ali Sürmeli, Engin Benli, Pelin Akil"
294,Eşref Saati,Dizi,Komedi,Ümit Volkan (Yönetmen),| editör = (Yapımcı),1990,| dağıtıcı =,Tuluğ Çizgen Cihat Tamer Suna Yıldızoğlu Suat Sungur Arzu Atalay Hadi Çaman
295,Eşrefpaşalı,Film,Macera,Erdoğan Tokatlı,Kadir Kesemen,1966,Dadaş Film,"Yılmaz Güney, Nebahat Çehre"
296,Eşrefpaşalılar,Film,Komedi,Hüdaverdi Yavuz,M. Yusuf Kulaksız,2010,dağıtıcı = Medya Vizyon,"Sinan Albayrak, Turgay Tanülkü, Deniz Özpınar, Burak Tarık, Ali Yaylı"
297,Fadime,Film,Dram,Türker İnanoğlu,Türker İnanoğlu,1970,Erler Film,"Filiz Akın, Kartal Tibet, Cihangir Gaffari"
298,Familya,Dizi,Komedi,Can Yücel (Yönetmen),Erol Avcı (Yapımcı),2016,TMC Film,"Uğur Yücel, Erkan Kolçak Köstendil, Bülent Emrah Parlak, Murat Ceylan"
299,Fatih,Dizi,Dram,Merve GirginFaruk Teber (Yönetmen),Fatih Aksoy (Yapımcı),2013,Medyapım,"Mehmet Âkif Alakurt, Gamze Özçelik Seda Akman, Dağhan Külegeç, Hande Soral, Birkan Sokullu, Salih Bademci, Müjde Uzman, İbrahim Selim, Furkan Şentürk"
300,Fatih Harbiye,Dizi,Romantik,Sadullah Celen (Yönetmen),Ata Türkoğlu (Yapımcı),2013,Koliba Film,"Kadir Doğulu, Neslihan Atagül, Yunus Emre Yıldırımer"
301,Fatmagül'ün Suçu Ne?,Dizi,Dram,Hilal Saral (Yönetmen),Kerem Çatay (Yapımcı),2010,Ay Yapım,"Beren Saat, Engin Akyürek"
302,Fatmagül'ün Suçu Ne? (dizi),Dizi,Dram,Hilal Saral,Kerem Çatay,2010,Ay Yapım,"Beren Saat, Engin Akyürek"
303,Fazilet Hanım ve Kızları,Dizi,Dram,Murat Saraçoğlu (Yönetmen),Şükrü Avşar (Yapımcı),2017,Avşar Film,"Nazan Kesal, Deniz Baysal, Çağlar Ertuğrul, Mahir Günşiray, Tolga Güleç, Hazal Türesan, Afra Saraçoğlu, İdris Nebi Taşkan, Alp Navruz, Tuğba Melis Türk, Ecem Baltacı"
304,Fedai,Dizi,Dram,Güzide Balcı (Yönetmen),Abdullah Oğuz (Yapımcı),2007,D Productions,"Seda Sayan, Tamer Karadağlı Metin Belgin, Güliz Gençoğlu, İpek Tanrıyar, Enginay Gültekin, Mutlu Güney, Atilla Yiğit, Ergül Coşkun, Selen Uçer, Kaan Olcay, Şeyda Şaşmaz"
305,Ferhunde Hanımlar,Dizi,Dram,Tülay Eratalay,Bilinmiyor,1993,TRT,"Beyhan Saran, Baykal Saran, Güven Hokna"
306,Figüran (film),Film,Komedi,Tolga Çetin,Aytekin Mert,1994,Bosphorus Film,"Ceyhun Fersoy, Serenay Aktaş, Ferdi Kurtuldu, Erdal Cindoruk, Cem Kılıç, Umut Oğuz, Mehtap Bayri, Yıldırım Öcek, Selma Hoşafçı, Veysel Diker, Ümit Yesin, İrfan Kangı, Süleyman Karadağ"
307,Filinta,Dizi,Gerilim/Suç,Osman Kaya (Yönetmen),Yusuf EsenkalSerdar Öğretici (Yapımcı),2014,Es Film,"Onur Tuna, Berrak Tüzünataç, Hakan Kurtaş, Nur Fettahoğlu, Asena Tuğal, Hâzım Körmükçü, Serhat Tutumluer"
308,Firar,Dizi,Gerilim/Suç,Cemal Şan (Yönetmen),Ata Türkoğlu (Yapımcı),2011,Koliba Film,"Caner Cindoruk, Didem Balçın, İsmail Hacıoğlu, Engin Şenkan, Ece Çeşmioğlu, Eda Özerkan, Lilâ Gürmen, Haldun Boysan, Şafak Pekdemir, Yavuz Çetin, Osman Akça, Eser Karabil, Beyza Şekerci, Necip Memili"
309,Firar (dizi),Dizi,Aksiyon,Cemal Şan,Ata Türkoğlu,2011,Koliba Film,"Caner Cindoruk, Didem Balçın"
310,Firar (film),Film,Dram,Şerif Gören,Selim Soydan,1984,Gülşah Film,"Hülya Koçyiğit, Talat Bulut"
311,Fırtına (dizi),Dizi,Komedi,Metin Balekoğlu,Necati Akpınar,2006,BKM,"Burçin Terzioğlu, Murat Yıldırım"
312,Fırıldak Nuri,Dizi,Komedi,| başrol = Mehmet Ali ErbilHamdi AlkanBaykal Kent (Yönetmen),| editör = (Yapımcı),1995,| kanal = Star TV,"Mehmet Ali Erbil, Hamdi Alkan, Baykal Kent"
313,G.O.R.A.,Film,Bilim Kurgu,Ömer Faruk Sorak,Necati Akpınar,2004,BKM,"Cem Yılmaz, Rasim Öztekin"
314,Galip Derviş,Dizi,Gerilim/Suç,Barış PirhasanYusuf PirhasanÇağrı Bayrak (Yönetmen),Ahmet KayımtuMahmut Kayımtu (Yapımcı),2013,Barakuda FilmNBC Universal,"Engin Günaydın, Algı Eke, Ersin Korkut, Orhan Güner"
315,Gece Gündüz,Dizi,Gerilim/Suç,Metin BalekoğluSarp Levendoğlu (Yönetmen),Mehmet Altıoklar (Yapımcı),2008,| yer = İstanbul,Sarp Levendoğlu Settar Tanrıöğen
316,Gece Yaşayan Kadın,Film,Gerilim/Suç,Yavuz Figenli,Necdet Barlık,1979,"Barlık Film, Koç Film","Dilber Ay, Hakan Özer, Ata Saka, Güven Gül"
317,Gecenin Kanatları,Film,Dram,Serdar Akar,Murat Tokat,2009,Boyut Film,"Beren Saat, Murat Ünalmış, Erkan Petekkaya, Yavuz Bingöl"
318,Gecenin Kraliçesi,Dizi,Romantik,Yağmur Taylan (1-2)Durul Taylan (1-2)Osman Taşcı (3-15)Burcu Alptekin (3-15) (Yönetmen),Onur Güvenatam (Yapımcı),2016,O3 Medya,"Murat Yıldırım, Meryem Uzerli"
319,Gel Dese Aşk,Dizi,Dram,Murat Onbul (Yönetmen),Osman Sınav (Yapımcı),2020,Sinegraf,"Erkan Petekkaya, Şebnem Bozoklu, İlayda Çevik"
320,Geniş Aile,Dizi,Komedi,Ömer Uğur (Yönetmen),Ahmet Kayumtu (uygulayıcı) Lale Eren (Yapımcı),2009,D Productions,Ufuk Özkan Rasim Öztekin Mine Teber Fırat Tanış Zuhal Topal Rojda Demirer Azra Akın Emel Çölgeçen Bora Akkaş Bihter Dinçel İlker Ayrık Halit Akçatepe Tanju Tuncel
321,Gençliğim Eyvah,Dizi,Komedi,"Deniz Yılmaz Şayir (1-17)Doğa Can Anafarta (8-9, 11-17) (Yönetmen)",Ali Gündoğduİsmail Gündoğdu (Yapımcı),2020,Süreç Film,"Cengiz Bozkurt, Levent Ülgen, Günay Karacaoğlu, Ulviye Karaca, Ekin Mert Daymaz, Elif Doğan, Burak Tozkoparan, Bahar Süer, Erdem Kaynarca, Zehra Yılmaz, Kemal Uçar, Beyti Engin"
322,Gerzek Şaban,Film,Gerilim/Suç,Natuk Baytan,Yahya Kılıç,1980,dağıtıcı =,"Kemal Sunal, Ülkü Özen, Reha Yurdakul, Esen Güldoğan, Rıza Pekkutsal, Muharrem Gürses, Yadigar Ejder"
323,Gerçek Kesit,Dizi,Gerilim/Suç,Erbay Gül,Cahit Kaşıkçılar,1993,Flash TV,"Cahit Kaşıkçılar, Cevat Dinçer, Mehmet Vanlıoğlu"
324,Gişe Memuru,Film,Fantastik,Tolga Karaçelik,"Tolga Karaçelik, Necati Akpınar, Engin Yenidünya",2010,BKM Film,"Serkan Ercan, Nur Aysan, Zafer Diper, Büşra Pekin"
325,Gomeda,Film,Fantastik,Tan Tolga Demirci,Selay Tozkoparan,2007,Bilinmiyor,"Serkan Altunorak, Bulut Köpük"
326,Gönül,Dizi,Komedi,Faruk Teber (Yönetmen),Ali Gündoğdu (Yapımcı),2006,Masalevi,"Gülben Ergen, Ragıp Savaş, Güven Kıraç, Şevket Çoruh"
327,Gönül Ferman Dinlemiyor,Dizi,Komedi,Şenol Sönmez (Yönetmen),Arzu Yalçınlar (Yapımcı),2010,EBS Production,"Engin Şenkan, Melek Baykal, Oktay Dener, Altan Karındaş, Türkü Turan, Mehmet Ali Kaptanlar, Ceren Soylu, Mehtap Bayri, Nail Kırmızıgül"
328,Gönül Yarası (film),Film,Dram,Yavuz Turgul,Ömer Vargı,2004,Filmacass,"Şener Şen, Meltem Cumbul"
329,Gönülçelen,Dizi,Komedi,Cevdet Mercan Ahmet Katıksız (Yönetmen),Gül Oğuz (Yapımcı),2010,Sis Yapım,"Tuba Büyüküstün Cansel Elçin, Onur Saylak"
330,Görünmeyenler,Film,Korku,Melikşah Altuntaş,"Caner Özyurtlu, Alper Özyurtlu",2012,dağıtıcı = Pinema,"Nihan Okutucu, Duru Ok, Deniz Özmen"
331,Gözleri KaraDeniz,Dizi,Dram,Altan Dönmez Orkun Çatak (Yönetmen),Saner Ayar (Yapımcı),2025,O3 Medya,Halit Özgür Sarı Özge Yağız
332,Gözlerinde Son Gece,Dizi,Dram,Faruk Turgut (Yönetmen),Faruk Turgut (Yapımcı),1996,Gold Film,"Türkan Şoray, Rutkay Aziz, Kaan Girgin, Selen Yıldız, Levent Özdilek, Attila Olgaç, Bülent Bilgiç"
333,Gülbeyaz,Dizi,Macera,Özer Kızıltan (Yönetmen),Bilinmiyor,2002,eyeQ prodiction,"Şevval Sam, Nejat İşler, Meral Çetinkaya, Kamran Usluer, Bora Ayanoğlu, Yeşim Ceren Bozoğlu"
334,Gülcemal (dizi),Dizi,Dram,Yusuf Pirhasan,Asena Bülbüloğlu,2023,MF Yapım,"Murat Ünalmış, Melis Sezen"
335,Gülen Gözler,Film,Komedi,Ertem Eğilmez,Nahit Ataman,1977,Arzu Film,"Münir Özkul, Adile Naşit, Müjde Ar, Şener Şen"
336,Gülizar (dizi),Dizi,Dram,Çağan Irmak,Onur Güvenatam,2018,O3 Medya,"Farah Zeynep Abdullah, Berk Cankat"
337,Güllü Geliyor Güllü,Film,Komedi,Atıf Yılmaz,İrfan Ünal,1973,Akün Film,"Ediz Hun, Türkân Şoray, Kemal Sunal, Saadettin Erbil, İhsan Yüce"
338,Gülperi,Dizi,Dram,Metin Balekoğlu (Yönetmen),Timur SavcıBurak Sağyaşar (Yapımcı),2018,Tims&B Productions,"Nurgül Yeşilçay, Timuçin Esen, Tarık Papuççuoğlu, Ece Sükan, Burak Dakak, Aleyna Özgeçen, Emir Özyakışır, Onur Bilge"
339,Gülperi (dizi),Dizi,Dram,Metin Balekoğlu,Timur Savcı,2018,Tims&B,"Nurgül Yeşilçay, Timuçin Esen"
340,Gülümse Kaderine,Dizi,Dram,Aytaç Çiçek,Şükrü Avşar,2022,Avşar Film,"Bahar Şahin, Sude Zülal Güler"
341,Gülümse Yeter,Dizi,Komedi,Serdar Gözelekli (Yönetmen),Faruk Beyhan (Yapımcı),2017,MF Yapım,"Erdal Özyağcılar, Aslı Bekiroğlu, Yılmaz Kunt, Seray Kaya, Pamir Pekin, Sermet Yeşil"
342,Gülşah (film),Film,Komedi,Orhan Aksoy,Selim Soydan,1975,Gülşah Film,"Gülşah Soydan, Hülya Koçyiğit"
343,Gümüş,Dizi,Romantik,Tarık AlpagutKemal Uzun (Yönetmen),Abdullah Oğuz (Yapımcı),2005,ANS Productions,"Kıvanç Tatlıtuğ, Songül Öden, Ekrem Bora, Güngör Bayrak, Ayça Varlıer, Serdar Orçin"
344,Güneydoğudan Öyküler Önce Vatan,Dizi,Aksiyon,Onur Tan (Yönetmen),Murat Akdilek (Yapımcı),2010,Fida Film,"Melisa Sözen, Serhat Tutumluer, Umut Kurt, Sezai Aydın, İlker Kızmaz, Arsen Gürzap, Yeliz Akkaya, Nihan Okutucu"
345,Güneşi Beklerken,Dizi,Dram,Altan Dönmez (Yönetmen),Ayşe E. Durmaz (Yapımcı),2013,D Productions,"Emre Kınay, Hande Doğandemir, Kerem Bürsin, Yağmur Tanrısevsin, İsmail Ege Şaşmaz, Ebru Aykaç"
346,Güneşi Beklerken (dizi),Dizi,Dram,Altan Dönmez,Ayşe E. Durmaz,2013,D Productions,"Emre Kınay, Hande Doğandemir, Kerem Bürsin"
347,Güneşi Gördüm,Film,Dram,Mahsun Kırmızıgül,Murat Tokat,2009,Boyut Film,"Mahsun Kırmızıgül, Demet Evgar"
348,Güneşin Kızları,Dizi,Komedi,Sadullah Celen (Yönetmen),İnci Gündoğduİsmail Gündoğdu (Yapımcı),2015,Süreç Film,"Emre Kınay, Evrim Alasya, Tolga Sarıtaş, Burcu Özberk, Hande Erçel, Berk Atan"
349,Güvercin (dizi),Dizi,Dram,Altan Dönmez,Yaşar İrvül,2019,Pastel Film,"Mehmet Ali Nuroğlu, Almila Ada"
350,Güvercin (film),Film,Dram,Banu Sıvacı,Banu Sıvacı,2018,Anagraf Film,"Kemal Burak Alper, Ruhi Sarı"
351,Güzel Günler,Dizi,Komedi,Osman Taşcı,Erol Avcı,2022,TMC Film,"Binnur Kaya, Ecem Erkek"
352,Güzel Günler Göreceğiz (film),Film,Dram,Hasan Tolga Pulat,"Hasan Tolga Pulat, Emre Kavuk",2012,Onaltıdokuz Film,"Uğur Polat, Nesrin Cavadzade, Buğra Gülsoy, Feride Çetin, Barış Atay"
353,Güzel Köylü,Dizi,Komedi,Mustafa Şevki Doğan,Faruk Turgut,2014,Gold Film,"Gizem Karaca, Berk Cankat"
354,Güzel Çirkin,Dizi,Gerilim/Suç,Kemal Uzun (Yönetmen),İlker İnanoğlu (Yapımcı),2013,Erler Film,"Naz Elmas, Ali Sunal, Cahit Gök, Mihriban Er, Ali İpin, Nazan Diper, Mehmet Çevik, Pamir Pekin, Gözde Türkpençe, Kâmil Güler"
355,Güzel Şoför,Film,Komedi,"Mehmet Bozkuş, Mahmoud Koushan (İran versiyonu)","Türker İnanoğlu (Türk versiyonu), Esmail Koushan (İran versiyonu)",1970,"Erler Film, Pars Film",kurgu = Metin Miroğlu
356,Gırgıriye'de Büyük Seçim,Film,Komedi,Temel Gürsu,Türker İnanoğlu,1984,Sineray,"Müjdat Gezen, Gülşen Bubikoğlu, Münir Özkul, Perran Kutman, Şemsi İnkaya, Ayşen Gruda, Asuman Arsan, Öztürk Serengil, Sami Hazinses, Yadigar Ejder, Turgut Özatay, , Cevat Kurtuluş"
357,Hacivat Karagöz Neden Öldürüldü?,Film,Komedi,Ezel Akay,"Bahadır Atay, Serkan Çakar, Ezel Akay",2005,İFR A.Ş.,"Haluk Bilginer, Beyazıt Öztürk, Şebnem Dönmez, Güven Kıraç"
358,Hacı,Dizi,Dram,Şahin Gök Ersin Pertan (Yönetmen),Bülent Bilgiç Şerif Gören (Yapımcı),2006,Naz Film,"Tuncel Kurtiz, Fikret Kuşkan, Aytaç Arman, Sevda Ferdağ, Sema Öztürk, Dolunay Soysert, Selçuk Özer"
359,Hacı (dizi),Dizi,Dram,Şahin Gök,Bülent Bilgiç,2006,Naz Film,"Tuncel Kurtiz, Fikret Kuşkan, Dolunay Soysert"
360,Hadi be Oğlum,Film,Dram,Bora Egemen,Koray Şahin,2018,25 Film,"Kıvanç Tatlıtuğ, Alihan Türkdemir"
361,Hadi İnşallah,Film,Komedi,Ali Taner Baltacı,Koray Şahin,2014,25 Film,"Murat Boz, Büşra Pekin, Şinasi Yurtsever"
362,Halka,Dizi,Gerilim/Suç,Volkan KocatürkBaşak SoysalSüleyman Mert Özdemir (Yönetmen),Yusuf EsenkalSerdar Öğretici (Yapımcı),2019,Es Film,"Nazan Kesal, Serkan Çayoğlu, Kaan Yıldırım, Hande Erçel, Hazal Subaşı, Ahmet Mümtaz Taylan"
363,Halıcı Kız,Film,Dram,Muhsin Ertuğrul,Mebrure Sami Alevok,1953,Doğan Kardeş,"Heyecan Başaran, Asuman Korad, Müfit Kiper"
364,Hangimiz Sevmedik,Dizi,Komedi,Metin Balekoğlu (Yönetmen),Çağrı Bingüller (Yapımcı),2016,BSK Yapım,"Can Yaman, Selen Soyder, Yeliz Kuvancı"
365,Hanım Köylü,Dizi,Komedi,Mustafa Şevki Doğan,Faruk Turgut,2016,Gold Film,"Yusuf Çim, Gülsim Ali"
366,"Hanımın Çiftliği (dizi, 2009)",Dizi,Dram,Faruk Teber,Faruk Turgut,2009,Gold Film,"Mehmet Aslantuğ, Özgü Namal"
367,Hareket Sekiz,Film,Gerilim/Suç,Ali Yorgancıoğlu,Levent Cengizhan,2019,Dada Vision,"{{Yalın liste, , * Ali Sunal, * Onur Atilla, * Sarp Bozkurt, * Devrim Yakut, * Gürgen Öz, * Bihter Dinçel, * Hakan Bilgin, * Hande Katipoğlu, * Aykut Taşkın"
368,Harem,Dizi,Komedi,Süleyman Seçik (Yönetmen),Gani Müjde (Yapımcı),1999,Tükenmezkalem Film,"Mehmet Ali Erbil, Levent Üzümcü, Gamze Karaman, Nurseli İdiz, Belma Canciğer, Başak Sayan, Önder Açıkbaş, Hande Katipoğlu, Çiçek Dilligil, Duygu Şen, Zuhal Yalçın, Hatice Pınar Köklü, Uraz Kaygılaroğlu"
369,Hatırla Sevgili,Dizi,Romantik,Ümmü Burhan (Yönetmen),Ilgaz Giritlioğlu (Yapımcı),2006,Sis Yapım,"Cansel Elçin, Beren Saat, Okan Yalabık"
370,Hayal ve Gerçek,Dizi,Fantastik,Gürcan Mete Şener (Yönetmen),İnci Gündoğdu (Yapımcı),2007,Süreç Film,Yasemin Hadivent Cem Kılıç Zuhal Yalçın
371,Hayalet Dayı,Film,Komedi,Ali Yorgancıoğlu,"DCC Film, Ali Yorgancıoğlu, Ömer Abra",2014,dağıtıcı = Chantier Films,"Settar Tanrıöğen, Ozan Özcan, Caner Özyurtlu, Ülkü Duru, Esra Dermancıoğlu, Tuğçe Karabacak"
372,Hayalet Sürücü 2: İntikam Ateşi,Film,Fantastik,"Neveldine, Taylor",Ashok Amritraj,2010,Marvel Knights,"Nicolas Cage, Idris Elba"
373,Hayalet Tetikçi,Film,Dram,Don Michael Paul,"{{Yalın liste, , * Jeffery Beach, * Phillip J. Roth",2016,"{{Yalın liste, , * Destination Films, * UFO International Productions",Bilinmiyor
374,Hayat (film),Film,Dram,Zeki Demirkubuz,"Zeki Demirkubuz, Rossitsa Valkanova",2023,"Mavi Film, TRT, Klas Film","Miray Daner, Burak Dakak, Cem Davran"
375,Hayat Bazen Tatlıdır,Dizi,Komedi,Hamdi Alkan (Yönetmen),İnci Gündoğduİsmail Gündoğdu (Yapımcı),2016,Süreç Film,"Birce Akalay, Ufuk Özkan, Kanbolat Görkem Arslan"
376,Hayat Bilgisi,Dizi,Komedi,Tarkan Karlıdağ (Yönetmen),Ali Gündoğdu (Yapımcı),2011,Süreç Film,Perran Kutman Tarık Papuççuoğlu Kerem Kupacı
377,Hayat Devam Ediyor (dizi),Dizi,Dram,Cemal Şan,Murat Tokat,2011,Boyut Film,"Fikret Kuşkan, Şenay Gürler"
378,Hayat Sevince Güzel (dizi),Dizi,Komedi,Eray Koçak,Hayri Aslan,2016,Limon Film,"Ekin Mert Daymaz, Algı Eke"
379,Hayat Türküsü,Dizi,Dram,Hakan Gürtop,Ata Türkoğlu,2006,Koliba Film,"Devin Özgür Çınar, Melih Görgün"
380,Hayat Şarkısı,Dizi,Romantik,Cem Karcı (Yönetmen),Gül Oğuz (Yapımcı),2016,Most Production,"Burcu Biricik, Birkan Sokullu Ahmet Mümtaz Taylan"
381,Hayati ve Diğerleri,Dizi,Gerilim/Suç,Metin Balekoğlu (Yönetmen),İrfan Şahin (Yapımcı),2017,1441 Productions,"Celil Nalçakan, Günay Karacaoğlu, Levent Ülgen, Bülent Çolak, Bahtiyar Engin, İbrahim Selim, Gökhan Kıraç, Aybike Esin Tumluer, Tolga Deniz, Edip Tepeli"
382,Hayatımın Aşkı,Dizi,Komedi,Hakan Kırvavaç (Yönetmen),Shebnem Askin (Yapımcı),2016,Lucky Red,"Serkan Çayoğlu, Hande Doğandemir"
383,Haziran Gecesi,Dizi,Dram,Andaç Haznedaroğlu (Yönetmen),Faruk Turgut (Yapımcı),2004,Gold Film,"Özcan Deniz, Nebahat Çehre, Naz Elmas, Burcu Kara, Demir Karahan"
384,Hekimoğlu,Dizi,Komedi,Hülya Gezer (1-24)Semih Bağcı (15-24)Emre Aybek (25-51) (Yönetmen),Ömer ÖzgünerÜmmü BurhanKerem Çatay (Yapımcı),2019,Karga Seven PicturesOJO Pictures,"Timuçin Esen, Okan Yalabık, Ebru Özkan, Kaan Yıldırım, Aytaç Şaşmaz, Damla Colbay"
385,Hepimiz Birimiz İçin,Dizi,Komedi,Serkan BirinciSadullah Celen (Yönetmen),Onur Peker (Yapımcı),2008,Artı Film,"Seda Güven, Buğra Gülsoy"
386,Her Yerde Sen,Dizi,Komedi,Ender Mıhlar (Yönetmen),Ömer Özgüner (Yapımcı),2019,Karga Seven Pictures,"Furkan Andıç, Aybüke Pusat"
387,Her Şey Yolunda,Dizi,Gerilim/Suç,Ömer Uğur (Yönetmen),Hayri Aslan (Yapımcı),2013,Limon Film,"İpek Tuzcuoğlu, Bülent Alkış, Aslıhan Güner, Burçin Abdullah, Bora Akkaş, Gökhan Alkan, Aykut Taşkın, Berk Atan, Arzu Oruç, Barış Çelikkol, Emre Büyükpınar, Ferzan Hekimoğlu, Melisa Toros, Cezmi Baskın, Murat Akkoyunlu, Tuğçe Kurşunluoğlu"
388,Hercai,Dizi,Romantik,Cem Karcı,Banu Akdeniz,2019,Mia Yapım,"Akın Akınözü, Ebru Şahin"
389,Hicran,Dizi,Dram,Gürsel AteşNuh ŞenMehtap Köroğlu (Yönetmen),Dilek YorulmazErol DemirKaren Barroeta (Yapımcı),2022,Filmevi YapımInter Medya,"Nisa Sofia Aksongur, Elçin Zehra İrem, Berk Bakioğlu"
390,"Hitman (film, 2007)",Film,Dram,Xavier Gens,"Chuck Gordon, Adrian Askariah, Daniel Alter, Luc Besson",2007,dağıtıcı = 20th Century Fox,"Timothy Olyphant, Dougray Scott, Robert Knepper, Olga Kurylenko"
391,Hizmetçiler,Dizi,Dram,Metin Balekoğlu (Yönetmen),Öner Arslanel (Yapımcı),2020,Fabrika Yapım,"Deniz Baysal, Algı Eke, Selen Domaç, Aleyna Solaker"
392,Hokkabaz (film),Film,Dram,"Cem Yılmaz, Ali Taner Baltacı",Necati Akpınar,2006,dağıtıcı = Beşiktaş Kültür Merkezi,"Cem Yılmaz, Mazhar Alanson, Özlem Tekin, Tuna Orhan"
393,Huzur Sokağı,Dizi,Dram,Şenol Sönmez (Yönetmen),| denetleyici_yapımcılar = (Yapımcı),2012,Set Film (2012-2013) atv İç Yapımlar (2013-2014),"Selin Demiratar, Ahmet Kutsi Karadoğan, Güven Hokna, Sinem Uslu, Gökhan Mete, Yeşim Salkım"
394,Hürrem Sultan,Dizi,Dram,Fatih Aksoy Fatmanur Sevinç (Yönetmen),Faruk Aksoy Fatih Aksoy (Yapımcı),2003,Medyapım,"Gülben Ergen Ali Sürmeli Serdar Deniz Hatice Aslan, Yasemin Kozanoğlu"
395,Hüsnü Bey Amca,Dizi,Komedi,Ülkü Erakalın (Yönetmen),Bülent Özdural (Yapımcı),1994,TRT,"Gazanfer Özcan, Gönül Ülkü, Doğu Erkan, Gazanfer Ündüz, Fulya Özcan, Tarık Ündüz"
396,Hıyanet Sarmalı,Dizi,Aksiyon,Taner Tunç,Mustafa Kartal,2013,Ser Film,"Ali Başar, Emre Taşkıran, Cem Uçan"
397,Hıçkırık,Dizi,Romantik,Fırat GürsoyÖzdemir Göksel Aydın (Yönetmen),Sevgi BirselSinan Akad (Yapımcı),2018,Birsel Yapım,"Sezgi Sena Akay, Barış Arda Hacıoğlu"
398,"Hıçkırık (film, 1953)",Film,Dram,Atıf Yılmaz,"Hürrem Erman, Temel Karamahmut",1953,Erman Film,"müzik = Sadi Işılay, Faruk Yener"
399,"Hıçkırık (film, 1965)",Film,Dram,Orhan Aksoy,Hürrem Erman,1965,dağıtıcı =,müzik = Belkıs Özener
400,Ihlamurlar Altında,Dizi,Dram,Aydın Bulut (Yönetmen),Şükrü Avşar (Yapımcı),2005,Avşar Film,"Bülent İnal, Tuba Büyüküstün, Özge Borak, Sinan Tuzcu"
401,Issız Adam,Film,Romantik,Çağan Irmak,"Mustafa Oğuz, Gül Oğuz",2008,Most Prodüksiyon,"Cemal Hünal, Melis Birkan, Yıldız Kültür, Aslı Aybars, Şerif Bozkurt, Gözde Kansu, Goncagül Sunar"
402,Kabadayı (film),Film,Dram,Ömer Vargı,Mine Vargı,2007,Filmacass ve Fida Film,"Şener Şen , Kenan İmirzalıoğlu , Aslı Tandoğan , İsmail Hacıoğlu , Rasim Öztekin"
403,Kader Bağları,Dizi,Dram,Benal Tairi,Ali Gündoğdu,2023,Süreç Film,"Serkan Çayoğlu, Ayça Ayşin Turan"
404,Kaderimin Yazıldığı Gün,Dizi,Romantik,Ulaş İnaçSadullah ŞentürkHakan İnan (Yönetmen),Onur Güvenatam (Yapımcı),2011,O3 Medya,"Özcan Deniz, Hatice Şendil, Begüm Kütük Yaşaroğlu, Gürbey İleri"
405,Kadın,Dizi,Gerilim/Suç,"Merve Girgin Aytekin (1-2)Nadim Güç (3-81)Ece Erdek Koçoğlu(2. yönetmen, 1-81) (Yönetmen)",Fatih AksoyFaruk Bayhan (Yapımcı),2017,MedyapımMF Yapım,"Özge Özpirinçci, Caner Cindoruk, Bennu Yıldırımlar, Seray Kaya, Feyyaz Duman, Şerif Erol, Hümeyra, Gökçe Eyüboğlu, Ayça Erturan, Ali Semi Sefil, Kübra Süzgün"
406,Kalbim Ege'de Kaldı,Dizi,Komedi,Eray Koçak,Hayri Aslan,2015,Limon Film,"Alper Saldıran, Oya Unustası"
407,Kalbimdeki Deniz,Dizi,Dram,Hakan İnan (Yönetmen),Yaşar İrvülEfe İrvül (Yapımcı),2016,Pastel Film,"Özge Özberk, Kutsi"
408,Kalk Gidelim,Dizi,Komedi,Hatice Memiş,Eyüp Üstün,2017,Staff Film,"Ufuk Özkan, Erkan Sever"
409,Kalp Atışı,Dizi,Romantik,Yusuf Pirhasan,Faruk Bayhan,2017,MF Yapım,"Gökhan Alkan, Öykü Karayel"
410,Kampüsistan,Dizi,Dram,Uluç Bayraktar (Yönetmen),Abdullah Oğuz (Yapımcı),2006,D Productions,"Kaan Urgancıoğlu, Göksun Çam, Burak Altay, Tuğçe Kazaz, İpek Değer, Engin Hepileri, Irmak Ünal, Ekim Mağden, Aylin Kontente, Elif Akşar, İstemihan Tuna"
411,Kanatsız Kuşlar,Dizi,Dram,Kemal Uzun (Yönetmen),Ata Türkoğlu (Yapımcı),2017,Koliba Film,"Melis Tüzüngüç, Ümit Kantarcılar, Ahmet Varlı, Deniz Bolışık, Fatih Al"
412,"Kanlı Nigâr (film, 1981)",Film,Komedi,Memduh Ün,Memduh Ün,1981,Uğur Film,"Kemal Sunal, Fatma Girik, Dinçer Çekmez, Sümer Tilmaç, Bahar Öztan"
413,Kanıt,Dizi,Gerilim/Suç,Biray Dalkıran (Yönetmen),Abdullah Oğuz (Yapımcı),2010,ANS Productions,"Sevil Atasoy, Engin Benli, Deniz Celiloğlu"
414,Kanıt: Ateş Üstünde,Dizi,Gerilim/Suç,Abdullah Oğuz (Yönetmen),Abdullah OğuzMuzaffer Yıldırım (Yapımcı),2016,ANS Productions,"Tansel Öngel, Başak Güröz, Ahmet Olgun Sünear, Gurur Aydoğan, Okday Korunan, Müge Mertson, Ebru Aytemur, Mustafa Açılan, Hayati Akbaş"
415,Kapalıçarşı,Dizi,Dram,Yasin Uslu (Yönetmen),Erol Avcı (Yapımcı),2009,TMC,Nejat İşler Olgun Şimşek Aslı Tandoğan Tülin Özen Mert Fırat Erkan Can Selen Seyven Engin Altan Düzyatan Zeynep Eronat
416,"Kapan (film, 2019)",Film,Aksiyon,Kudret Sabancı,Muharrem Gürer,2019,Nehir Yapım,"Erkan Petekkaya, Kemal Uçar, Öykü Çelik, Ali Gürer, Başak Akbay, Ruhi Sarı, Neslihan Acar"
417,Kaplanlar Ağlamaz,Film,Macera,Remzi Jöntürk,Hürrem Erman,1978,Erman Film,Bilinmiyor
418,Kara Melek,Dizi,Macera,Uğur Erkır,Ertuğrul Karslıoğlu,1997,Eylül TV,"Sanem Çelik, Ece Uslu, Mustafa Alabora"
419,Kara Para Aşk,Dizi,Gerilim/Suç,Ahmet Katıksız,Kerem Çatay,2014,Ay Yapım,"Engin Akyürek, Tuba Büyüküstün"
420,Kara Sevda,Dizi,Romantik,Hilal Saral (Yönetmen),Kerem ÇatayPelin Diştaş (Yapımcı),2015,Ay Yapım,"Burak Özçivit, Neslihan Atagül, Kaan Urgancıoğlu"
421,Kara Yazı,Dizi,Dram,Neslihan Yeşilyurt (Yönetmen),Sema ErgenekonEylem Canpolat (Yapımcı),2017,Bilinmiyor,"Haluk Bilginer, Emre Kınay, Ushan Çakır, Gülper Özdemir Zeynep Çamcı, Burak Çelik, Ahmet Tansu Taşanlar, Zehra Yılmaz"
422,Karadayı,Dizi,Aksiyon,Uluç BayraktarCem Karcı (Yönetmen),Kerem Çatay (Yapımcı),2012,Ay Yapım,"Kenan İmirzalıoğlu, Bergüzar Korel, Çetin Tekindor Yurdaer Okur"
423,Karadayı (dizi),Dizi,Aksiyon,Uluç Bayraktar,Kerem Çatay,2012,Ay Yapım,"Kenan İmirzalıoğlu, Bergüzar Korel"
424,Karagül,Dizi,Gerilim/Suç,Murat SaraçoğluGünay Günaydın (Yönetmen),Şükrü Avşar (Yapımcı),2013,Avşar Film,"Ece Uslu, Mesut Akusta, Yavuz Bingöl, Özlem Conker, Ogün Kaptanoğlu, Hilal Altınbilek, Şerif Sezer, Saruhan Hünel"
425,Karaoğlan,Dizi,Aksiyon,Abdullah OğuzCem AkyoldaşÇetin İnançErdoğan Engin (Yönetmen),Abdullah Oğuz (Yapımcı),1966,ANS Production,"Kaan Urgancıoğlu, Tuba Ünsal Serdar Gökhan, Özlem Tekin, İpek Tanrıyar, Sümer Tilmaç, İştar Gökseven, Hasan Yalnızoğlu, Evrim Solmaz, Fatoş Silan, Ayşen Gürler, Haldun Boysan, Sinemis Candemir, Nihat Nikerel, Ökkeş Avgın, Şevval Sam, Yılmaz Köksal"
426,Karayılan,Dizi,Dram,Cem AkyoldaşFeride Kaytan (Yönetmen),Fatmanur Sevinç (Yapımcı),2007,| dağıtıcı =,"Bülent İnal, Begüm Birgören, Engin Akyürek"
427,Karayılan (dizi),Dizi,Dram,Cem Akyoldaş,Fatmanur Sevinç,2007,Bilinmiyor,"Bülent İnal, Begüm Birgören"
428,Kardeş Payı,Dizi,Komedi,Selçuk Aydemir (Yönetmen),Mehmet Yiğit Alp (Yapımcı),2013,NTC Medya,Ahmet Kural Murat Cemcir Seda Bakan
429,Kardeş Çocukları,Dizi,Dram,Faruk Teber (Yönetmen),Faruk Turgut (Yapımcı),2019,Gold Film,"Mehmet Aslantuğ, Ayça Bingöl, Nur Fettahoğlu, Afra Saraçoğlu, Alara Turan, Furkan Andıç, Berkay Hardal, Murat Daltaban"
430,"Kardeşler (film, 2018)",Film,Dram,Ömür Atay,Funda Ödemiş,2018,"Atay Film, Chouchkov Brothers, Fiction 2.0, Off Film","Yiğit Ege Yazar, Caner Şahin, Gözde Mutluer, Cem Zeynel Kılıç, Ozan Çelik"
431,Kardeşlerim,Dizi,Romantik,Serkan Birinci (Yönetmen),Nazlı HeptürkUğur TürkmenGökhan Erkal (Yapımcı),2021,NGM,"Celil Nalçakan, Cüneyt Mete, Simge Selçuk, Yiğit Koçak, Halit Özgür Sarı, Onur Seyit Yaran, Fadik Sevin Atasoy, Ahu Yağtu, Su Burcu Yazgı Coşkun"
432,Kasaba Doktoru,Dizi,Romantik,Arda Sarıgün (1-21)Bahadır İnce (22-32) (Yönetmen),Fatih Enes Ömeroğlu (Yapımcı),2022,ARC Film,"Ozan Akbaba, Deniz Can Aktaş, Hazal Subaşı"
433,Kasap Havası,Film,Dram,Çiğdem Sezgin,"Çiğdem Sezgin, 1 Mart Filmcilik",2015,dağıtıcı = MC Film,"İnanç Konukçu , Şenay Gürler , Levent Ülgen , Özay Fecht , Hakan Karahan , Özay Fecht , Reha Özcan"
434,Kategori:Tarkan (film),Film,Dram,Bilinmiyor,Bilinmiyor,1963,Bilinmiyor,Bilinmiyor
435,Kavak Yelleri,Dizi,Dram,Jale İncekolKerem ÇakıroğluA. Taner Elhan (Yönetmen),Timur Savcı (Yapımcı),2007,Tims&B Productions,Pelin Karahan Dağhan Külegeç İbrahim Kendirci Aslı Enver Sarp Apak Ceren Moray Cemil Büyükdöğerli Ferit Aktuğ Lale Mansur
436,"Kavak Yelleri (dizi, 2007)",Dizi,Dram,Jale İncekol,Timur Savcı,2007,Tims Productions,"Pelin Karahan, Dağhan Külegeç, Aslı Enver"
437,Kavgamız,Film,Dram,Melih Gülgen,Sezer İnanoğlu,1989,Sezer Film,"Kadir İnanır , Nil Ünal , Salih Kırmızı , Nuri Alço, Yıldırım Gencer , Aliye Rona, Baki Tamer"
438,Kaybedenler Kulübü Yolda,Film,Komedi,Mehmet Ada Öztekin,Erol Avcı,2017,TMC Film,"Nejat İşler, Yiğit Özşener, Hande Doğandemir"
439,Kaygısızlar,Dizi,Komedi,Oğuz YalçınAyhan ÖnalCankat ErginSamim DeğerTemel GürsuUğur Erkır (Yönetmen),İlksen Fırat (Yapımcı),1994,3 Nokta Film,"Ercan Yazgan, Halit Akçatepe, Ayşen Gruda, Gülçin Hatıhan, Çiçek Dilligil, Yılmaz Köksal, Sibel Seyhan, Şoray Uzun, Damla Özen, Yalçın Avşar, Ülkü Duru"
440,Kayhan (film),Film,Dram,Togan Gökbakar,"Şahan Gökbakar, Togan Gökbakar",2021,Çamaşırhane Film,"Şahan Gökbakar, İrfan Kangı, Gökçe Eyüboğlu"
441,Kaynanalar,Dizi,Dram,Tekin AkmansoyArzu Akmansoy (Yönetmen),| senaryo yazarı = Tekin Akmansoy (Yapımcı),1974,| dağıtıcı =,"Tekin Akmansoy Leman Çıdamlı, Defne Yalnız Sevda Aydan, Ege Aydan, Münir Caner, Sermin Hürmeriç, Sezai Aydın|Bahadır Tokmak|Gültekin Gülkan"
442,Kayıp,Dizi,Gerilim/Suç,Zeynep Günay (Yönetmen),Ayşe Durmaz (Yapımcı),2013,D Productions,Mete Horozoğlu Aslı Enver İlker Kaleli Kaan Taşaner Dolunay Soysert
443,Kayıp Kral,Film,Dram,"Peter Brosens, Jessica Woodworth","Peter Brosens, Jessica Woodworth",2014,"ülke = Belçika, Hollanda, Bulgaristan",Peter Van den Begin
444,Kayıp Şehir,Dizi,Gerilim/Suç,Cevdet MercanOsman Taşcı (Yönetmen),Ayşe Durmaz (Yapımcı),2012,D Productions,"Gökçe Bahadır, Nik Xhelilaj, İlker Kaleli, Nazan Kesal, Uğur Polat, Cansu Tosun Tugay Mercan, Ahmet Mekin, Ayta Sözeri"
445,Kayıtdışı,Dizi,Aksiyon,Cevdet Mercan (Yönetmen),Özer SataTamer ÜnerKelly McphersenTracy BacalEmre ŞahinSarah Wetherbee (Yapımcı),2017,Karga Seven Pictures,"Erkan Petekkaya, Songül Öden, Dolunay Soysert, İsmail Hacıoğlu, Ahmet Mekin, Bahar Şahin, Serdar Orçin, Rutkay Aziz"
446,Kaçak Gelinler,Dizi,Komedi,İnci Balabanoğlu,Mehmet Yiğit Alp,2014,NTC Medya,"Selin Şekerci, Açelya Topaloğlu"
447,Kaçakçılar,Film,Gerilim/Suç,Muhsin Ertuğrul,yönetmen = Muhsin Ertuğrul,1932,İpek Film,anlatıcı =
448,Kaçma Birader,Film,Macera,"Defne Deliormanlı , Murat Kaman","H. Hakan Eren , İpek Sorak , Gökhan Tatarer , Oğuz Peri",2016,"Böcek Yapım , Endemol Prodüksiyon , Endemol Shine Turkey","Zafer Algöz, Melek Baykal, Emrah Kaman, Algı Eke, Cihan Ercan, Necip Memili, Nursel Köse"
449,Kaçın Kurası,Dizi,Komedi,İnci BalbanoğluElmas Balbanoğlu (Yönetmen),Yeşim AlpNazlı Heptürk (Yapımcı),2016,NTC Medya,"Selin Şekerci, Serhat Teoman, İbrahim Kendirci, Açelya Devrim Yılhan, Burak Tamdoğan, Burcu Altın, Köksal Engür"
450,Kelebekler (film),Film,Dram,Tolga Karaçelik,"Tolga Karaçelik, Metin Anter, Diloy Gülün",2018,Karaçelik Film Yapım,"Tolga Tekin, Bartu Küçükçağlayan, Tuğçe Altuğ"
451,Kelebeğin Rüyası,Film,Romantik,Yılmaz Erdoğan,"Necati Akpınar, Can Yılmaz",2013,"BKM Film, Böcek Yapım","Kıvanç Tatlıtuğ , Mert Fırat , Yılmaz Erdoğan , Belçim Erdoğan , Farah Zeynep Abdullah"
452,Kesişme: İyi ki Varsın Eren,Film,Dram,Özer Feyzioğlu,Mustafa Uslu,2021,TRT,"İsmail Hacıoğlu, Rahman Beşel"
453,Kezban Yenge,Dizi,Dram,Bilinmiyor,Bilinmiyor,1993,Bilinmiyor,Bilinmiyor
454,Keşanlı Ali Destanı,Dizi,Dram,Çağan Irmak (Yönetmen),| editör = Banu Yılmaz Gürdal (Yapımcı),2011,D Productions,"Nejat İşler, Belçim Bilgin"
455,Kibar Feyzo,Film,Komedi,Atıf Yılmaz,Nahit Ataman,1978,"Arzu Film, stüdyo =","Kemal Sunal, Müjde Ar, Adile Naşit, Şener Şen, İhsan Yüce, İlyas Salman, Erdal Özyağcılar, Bahri Ateş, Reşit Çıldam"
456,Kimse Bilmez,Dizi,Aksiyon,U. Hakan Eren (1-27)Kartal Çidamlı (1-17)Reyhan Pekar (18-27) (Yönetmen),| editör = (Yapımcı),2019,Baba Yapım,"Keremcem, Özgü Kaya, Engin Hepileri, Burak Serdar Şanal"
457,"Kin (film, 1974)",Film,Gerilim/Suç,Natuk Baytan,Hürrem Erman,1974,Erman Film,"Cüneyt Arkın, Erol Taş, Ahmet Mekin"
458,Kiracı (film),Film,Komedi,Orhan Aksoy,Memduh Ün,1987,Uğur Film,"Kemal Sunal, Füsun Demirel, Özlem Onursal, Baykal Kent, Arap Celal"
459,Kiralık Aşk,Dizi,Komedi,Metin Balekoğlu (1-20)Barış Yöş (21-43)Şenol Sönmez (44-69) (Yönetmen),Müge Turalı PakMelda Perahya YalçınMehmetcan Yüksel (Yapımcı),2015,Ortaks Yapım,"Barış Arduç, Elçin Sangu, Salih Bademci, Müjde Uzman, Seçkin Özdemir, Sinem Uslu, Onur Büyüktopçu, Nergis Kumbasar, Levent Ülgen"
460,Klavye Delikanlıları,Dizi,Komedi,Yahya Samancı (Yönetmen),İnci Gündoğduİsmail Gündoğdu (Yapımcı),2017,Süreç Film,"Rasim Öztekin, Kaan Yıldırım, Uraz Kaygılaroğlu, Vildan Atasever, Ali Barkın, Sinan Çalışkanoğlu, Filiz Taçbaş, Cengiz Küçükayvaz, İpek Tenolcay, Gül Onat, Onur Dilber"
461,Koca Koca Yalanlar,Dizi,Komedi,Osman TaşcıBurcu Alptekin (Yönetmen),Hayri Aslan (Yapımcı),2018,Limon Film,"Hakan Yılmaz, Evrim Alasya, Selen Uçer, Pelin Öztekin"
462,Kocaman Ailem,Dizi,Komedi,Sadullah Şentürk (Yönetmen),Banu Akdeniz (Yapımcı),2018,Mia Yapım,"Levent Ülgen, Emre Karayel, Özlem Türkad, Çağla Demir, Necmi Yapıcı, Berkay Tulumbacı, Çağrı Çıtanak, Zeynep Gülmez"
463,Kocamın Ailesi,Dizi,Komedi,Kemal Uzun (Yönetmen),Banu Akdeniz (Yapımcı),2014,Mia Yapım,"Gökhan Alkan, Yeliz Kuvancı, Selen Seyven"
464,Kod Adı,Dizi,Gerilim/Suç,Çağatay Tosun,Fikri Sağlar,2006,Serap Artistik,"Gerçek Sağlar, Özgür Özberk, Korel Cezayirli"
465,Kollama,Dizi,Gerilim/Suç,Cemile Kırmızı Karadaş Ercan Durmuş Gül Güzelkaya Ömer Gökhan Erkut Cem Akyoldaş Taner Tunç Barış Yöş (Yönetmen),Melih Sezgin Mustafa Kartal (Yapımcı),2017,Ser Film,"Mehmet Özgür, Orhan Bıyıklı Eşref Kolçak Serhan Süsler Ertan Kılıç, Osman Kot Okay Şenol Enis Yıldız Cevher Hikmet Güzey Hüseyin Köroğlu Reha Taşman Ali Başar Gökçer Genç"
466,Kolpaçino 4 4'lük,Film,Komedi,Kamil Çetin,Polat Yağcı,2023,Poll Films,"Şafak Sezer, Aydemir Akbaş"
467,Kolpaçino: Bir Şehir Efsanesi,Film,Aksiyon,Atıl İnaç,Şenol Zencir ve Selin Altınel,2009,İyi Seyirler Film,"Şafak Sezer, Aydemir Akbaş, Ali Çatalbaş, Ebubekir Öztürk, Serkan Şengül, Ali Sürmeli, Hakan Ural, Hüseyin Elmalıpınar, Abidin Yerebakan, Kemal İnci, Güzin Usta, Eriş Akman"
468,Kolpaçino: Bomba,Film,Komedi,Şafak Sezer,Su Filmcilik,2011,dağıtıcı = Warner Bros.,"Aydemir Akbaş, Şafak Sezer, Ali Çatalbaş, Arzu Yanardağ, Kubilay Penbeklioğlu, Tuğba Melis Türk"
469,Koltuk Belası,Film,Komedi,Kartal Tibet,Yahya Kılıç,1990,Cem Film,"Kemal Sunal, Sema Çeyrekbaşı"
470,Korkusuz Korkak,Film,Macera,Natuk Baytan,Yahya Kılıç,1979,Cumhur Film,"Kemal Sunal, Turgut Özatay, Ayşin Atav, Nejat Gürçen, Zafer Önen, Hikmet Taşdemir, Rıza Pekkutsal, Belkıs Dilligil, Hakkı Kıvanç, Renan Fosforoğlu"
471,Kosmos,Film,Dram,Reha Erdem,Ömer Atay,2009,Atlantik Film,"Sermet Yeşil, Türkü Turan"
472,Koyu Kırmızı,Dizi,Aksiyon,Atıl İnaçUlaş İnaç (Yönetmen),Erol Avcı (Yapımcı),2012,TMC,"Özgü Namal, Ozan Güven Muhammet Uzuner, İpek Bilgin, Zeynep Özder, Engin Hepileri, Çağlar Çorumlu, Ceren Soylu, Mustafa Uzunyılmaz, İdil Yener, Tuğçe Akiş, Esme Madra, Şebnem Köstem, Sinem İslamoğlu, Mehmet Bozdoğan, Arzu Oş, Sevda Erginci, Tuğba Çom, Sevda Erginci, Metin Belgin, Elif Sönmez"
473,Koçum Benim,Dizi,Komedi,Vecihi EnerSerdar Akar (Yönetmen),Hüseyin Apaydın (Yapımcı),2002,Replik Ajans,"Tarık Akan, Ebru Cündübeyoğlu, Engin Altan, Sevil Üstekin, Zihni Göktay, Ozan Güven, Yunus Günçe"
474,"Kuma (film, 1974)",Film,Dram,Atıf Yılmaz,Hürrem Erman,1974,Erman Film,"Fatma Girik, Hakan Balamir"
475,Kurt Seyit ve Şura,Dizi,Dram,Hilal Saral (Yönetmen),Kerem Çatay (Yapımcı),2014,Ay Yapım,"Kıvanç Tatlıtuğ, Farah Zeynep Abdullah, Birkan Sokullu, Fahriye Evcen, Ushan Çakır, Elçin Sangu"
476,Kurtlar Vadisi Irak,Film,Aksiyon,Serdar Akar,Raci Şaşmaz,2006,Pana Film,"Necati Şaşmaz, Billy Zane"
477,Kurtlar Vadisi Pusu,Dizi,Aksiyon,"Sadullah Şentürk (1-51, 71-93) Zeynep Günay (52-57, 59-62) Zübeyr Şaşmaz (58, 63-70) Ali Can Gebeş (94-99, 162-171) Selahattin Sancaklı (100-128) Onur Tan (129-161, 172-229) Doğan Ümit Karaca (230-300) (Yönetmen)",Raci Şaşmaz (2007-2013) Necati Şaşmaz (2013-2016) (Yapımcı),2007,Pana Film,"Necati Şaşmaz, Cahit Kayaoğlu, Erhan Ufak, Ertuğrul Şakar, Gaye Gürsel, Defne Samyeli, Gürkan Uygun Kenan Çoban, Musa Uzunlar, Sönmez Atasoy, Mustafa Üstündağ, Hüseyin Avni Danyal, Hatice Şendil, Hakan Boyav, Ertan Saban, Ali Sürmeli, Ümit Acar, Çiğdem Batur, Nefise Karatay"
478,Kurtlar Vadisi Terör,Dizi,Aksiyon,Sadullah Şentürk (Yönetmen),Raci Şaşmaz (Yapımcı),2007,Pana Film,"Necati Şaşmaz, Gürkan Uygun, Sönmez Atasoy, Kenan Çoban"
479,Kurtuluş,Dizi,Dram,Ziya Öztan (Yönetmen),Sinan YakaMustafa Şen (Yapımcı),1994,| dağıtıcı =,"Rutkay Aziz, Mahmut Cevher, Savaş Dinçel, Altan Erkekli, Ayda Aksel, Macide Tanır"
480,Kuruluş Osman,Dizi,Aksiyon,Metin Günay (1-64)Ahmet Yılmaz (65-194) (Yönetmen),Mehmet Bozdağ (Yapımcı),2019,Bozdağ Film,"Burak Özçivit, Özge Törer, Nurettin Sönmez, Ragıp Savaş, Emre Basalak, Saruhan Hünel, Didem Balçın, Erkan Avcı, Serhat Kılıç, Yıldıray Şahinler, Yeşim Ceren Bozoğlu, Kanbolat Görkem Arslan, Seray Kaya, Seçkin Özdemir, Teoman Kumbaracıbaşı, Burak Çelik, Hakan Yılmaz, Nihat Altınkaya, İpek Karapınar, Rüzgar Aksoy, Seda Yıldız, Yıldız Çağrı Atiksoy, Emre Bey, Çağrı Şensoy, Yiğit Uçan, Cengiz Coşkun"
481,Kuruntu Ailesi,Dizi,Komedi,Uğur Erkır (Yönetmen),Uğur Erkır (Yapımcı),1985,TRT,"Gazanfer Özcan, Gönül Ülkü, Doğu Erkan, Gazanfer Ündüz, Fulya Özcan, Zihni Göktay, Can Kolukısa"
482,Kurşun Bilal,Dizi,Gerilim/Suç,Hasan Karacadağ (Yönetmen),Hasan Karacadağ (Yapımcı),2011,J Plan,"Gökhan Mumcu, Arda Kural, Leyla Göksun, Sefa Zengin, Levent Sülün, Barkın Bayoğlu, Cem Kurtoğlu, Koray Kadirağa, Umut Demirdelen, Sevinç Erol, Kahraman Sivri, Bertan Ceylan, Müge Uyar, Uğur Taşdemir, Önder Keskin, Fatma Kabasakal, Nevzat Yılmaz, Hakan Gökhan Erdil, Hande Kaptan, Burak Orhan Yüzüak"
483,Kuzey Güney,Dizi,Gerilim/Suç,Mehmet Ada ÖztekinHilal Saral (Yönetmen),Kerem Çatay (Yapımcı),2011,Ay Yapım,"Kıvanç Tatlıtuğ, Buğra Gülsoy, Öykü Karayel"
484,Kuzey Rüzgârı,Dizi,Aksiyon,Mustafa Şevki Doğan (Yönetmen),İbrahim Mertoğlu (Yapımcı),2007,Duka Film,"Kadir İnanır, Oktay Kaynarca, Ebru Kocaağa, Çağla Kubat, Selçuk Yöntem"
485,Kuzgun,Dizi,Dram,Ali Bilgin (Yönetmen),Kerem ÇatayPelin Diştaş (Yapımcı),2019,Ay Yapım,"Barış Arduç, Burcu Biricik"
486,"Kuzgun (dizi, 2019)",Dizi,Dram,Ali Bilgin,Kerem Çatay,2019,Ay Yapım,"Barış Arduç, Burcu Biricik"
487,Kuş Bakışı Dünya,Film,Dram,Bilinmiyor,"Robert Pilley, Philip Dalton, John Downer (Seri)",2021,Bilinmiyor,anlatan = David Tennant
488,Köprü,Dizi,Macera,Sadullah Şentürk (1-6) Çağatay Tosun (7-65) (Yönetmen),Ata Türkoğlu (Yapımcı),2006,Koliba Film,"Erdal Beşikçioğlu, Ayşegül Ünsal, İpek Karapınar"
489,Kördüğüm,Dizi,Romantik,Gökçen Usta Çaylar (Yönetmen),H. Hakan Eren Gökhan Tatarer (Yapımcı),2016,Endemol Shine Turkey,"İbrahim Çelikkol, Alican Yücesoy, Saadet Işıl Aksoy, Belçim Bilgin"
490,Kördüğüm (dizi),Dizi,Romantik,Gökçen Usta,Hakan Eren,2016,Endemol Shine,"İbrahim Çelikkol, Belçim Bilgin"
491,Körfez (film),Film,Dram,Emre Yeksan,Anna Maria Aslanoğlu,2017,Bir Film,"Ulaş Tuna Astepe, Ahmet Melih Yılmaz"
492,Kötü Yol,Dizi,Dram,Nisan Akman (Yönetmen),Faruk Turgut (Yapımcı),2012,Gold Film,"Cansel Elçin, Şükran Ovalı, İlker Aksum"
493,Köyden İndim Şehire,Film,Komedi,Ertem Eğilmez,Nahit Ataman,1974,Arzu Film,"Kemal Sunal, Zeki Alasya, Metin Akpınar"
494,Küf (film),Film,Dram,Ali Aydın,Cengiz Keten,2012,Beleza Film,"Ercan Kesal, Muhammet Uzuner"
495,Kül (film),Film,Dram,Erdem Tepegöz,Kerem Çatay,2022,Ay Yapım,"Funda Eryiğit, Alperen Duymaz, Mehmet Günsür"
496,Kül Masalı,Dizi,Dram,Metin Balekoğlu,Cemil Cengiz,2024,Vernant Yapım,"Gökhan Alkan, Sevda Erginci"
497,Küstüm Çiçeği,Dizi,Komedi,Kemal Uzun (Yönetmen),Medya Skala (Yapımcı),2010,| dağıtıcı =,"Salih Kalyon, Füsun Demirel, Ali Erkazan, Esra Ronabar, Engin Hepileri, Sezin Akbaşoğulları, Sezgi Mengi, Ayşenur Yazıcı, Sevim Gelenbe, Murat Cemcir, Aydoğan Oflu, Erdal Tosun, Nalan Gücüpek, Ayfer Dönmez, Emin Gürsoy, Zeynep Evrim Aydın, Kaya Akarsu"
498,Küçük Ağa,Dizi,Komedi,Aysun AkyüzErol Özlevi (Yönetmen),Türker İnanoğlu (Yapımcı),2004,Erler Film,Birce Akalay Emir Berke Zincidi Sarp Levendoğlu Zeki Alasya
499,"Küçük Ağa (dizi, 2014)",Dizi,Komedi,Aysun Akyüz,Türker İnanoğlu,2014,Erler Film,"Birce Akalay, Sarp Levendoğlu"
500,Küçük Besleme,Dizi,Dram,Tunca Yönder (Yönetmen),Tunca Yönder (Yapımcı),1999,"Yeni Yapımlar Yönder Ltd, Şti.","Tomris Oğuzalp, Nur Kulakoğlu, Esmeray, Gökhan Eğilmezbaş, Kuzey Vargın"
501,Küçük Gelin,Dizi,Dram,Naci Çelik Berksoy (Yönetmen),Murat KesginAdem Tan (Yapımcı),2013,Ser Film,"Çağla Şimşek, Gözde Mukavelat, Orhan Şimşek, Bengi Öztürk Akkaya, Arda Esen, Ufuk Şen, Sema Aybars, Ali Çakalgöz, Arif Selçuk, Ece Okay, Melda Arat, Devrim Atmaca, Melissa Yıldırımer, Gökhan Şahin, Yağmur Kar, Burcu Yüce, Burcu Adal Köse, Helin Melike Çal, Sabri Özmener, Onurcan Kırşan, Tayfun Sav, Ece Baykal, Elif Verit"
502,Küçük Kadınlar,Dizi,Dram,Hakan Arslan (Yönetmen),Ayşe Durmaz (Yapımcı),2008,D Productions,"Özge Borak, Hande Soral, Fulya Zenginer, Ekin Türkmen, Elit İşcan, Selin Ilgar, Ali İl, Birsen Dürülü, Ahmet Tansu Taşanlar, Nur Hayat Boz, Kıvanç Kasabalı, Ahmet Levendoğlu, Burak Sağyaşar, Simge Selçuk, Hülya Şen, Cevdet Arıcılar Ayşegül Günay, Duygu Keser, Emre Tetikel, Kemal Pekser"
503,Küçük Kovboy,Film,Western,Guido Zurli,Türker İnanoğlu,1973,Erler Film,"Cüneyt Arkın, İlker İnanoğlu"
504,Küçük Sırlar,Dizi,Dram,Cevriye Demir (Yönetmen),Timur Savcı (Yapımcı),2010,Tims&B Productions,Sinem Kobal Burak Özçivit Merve Boluğur Birkan Sokullu İpek Karapınar Kadir Doğulu
505,Kıbrıs: Zafere Doğru,Dizi,Aksiyon,Hakan İnan,Erol Avcı,2021,TMC Film,"Ahmet Kural, Serkan Çayoğlu, Pelin Karahan"
506,Kılıbık,Film,Komedi,Uğur İnan,Memduh Ün,1983,türü = Komedi,"Kemal Sunal, Nevra Serezli, Sümer Tilmaç, Ali Şen, Günay Girik, Billur Emre, Reha Yurdakul"
507,Kınalı Hanzo,Film,Macera,Yılmaz Atadeniz,"Behçet Nacar, Çengiz Nacaroğlu",1989,Bizim Film,"İlyas Salman, Behçet Nacar"
508,Kınalı Kar,Dizi,Dram,Taner Akvardar,Osman Yağmurdereli,2002,Yağmur Ajans,"Emrah, Özlem Conker, Engin Şenkan"
509,Kırgın Çiçekler,Dizi,Dram,Serkan Birinci (Yönetmen),Bilinmiyor,2015,NTC Medya,"İpek Karapınar, Özgür Çevik, Biran Damla Yılmaz, Gökçe Akyıldız, Hazar Motan, Naz Çağla Irmak, Aleyna Solaker"
510,Kırlangıçlar Susamışsa,Film,Dram,Bilinmiyor,Bilinmiyor,1998,Bilinmiyor,Bilinmiyor
511,Kırmızı Oda,Dizi,Dram,Cem Karcı (1-32)Benal Tairi (29-42)Ali Balcı (34-42)Başak Soysal (43-61) (Yönetmen),Onur Güvenatam (Yapımcı),2020,OGM Pictures,"Binnur Kaya, Tülin Özen, Meriç Aral, Burak Sevinç, Gülçin Kültür Şahin"
512,Kırık Ayna,Dizi,Dram,Şerif Gören,Faruk Turgut,2002,Gold Film,"Kadir İnanır, Yeşim Büber"
513,"Kırık Hayatlar (dizi, 2021)",Dizi,Dram,İlknur Uğuz Arslan,Berna Akpınar,2021,Nöbetçi Yapım,"Meltem Akçöl, Erdem Yılmaz"
514,Kızlar Sınıfı,Dizi,Komedi,Orhan Elmas,Oğuz Can Turan,1984,Burç Film,"İlyas Salman, Ayşen Gruda"
515,Kızlar Yurdu,Dizi,Komedi,Kartal Tibet(1-19)Taner Akvardar(20-26) (Yönetmen),Güner Namlı (Yapımcı),1992,Arajans,"Perran Kutman, Alev Emre, Ali Berge, Özdemir Han, Ali Karagöz, Anıl Dalgıç"
516,Kızlarım İçin,Dizi,Dram,Mesude Tekin Erarslan (Yönetmen),İnci Gündoğduİsmail Gündoğdu (Yapımcı),2017,Süreç Film,"Fikret Kuşkan, Tuvana Türkay, Elifcan Ongurlar, Sanem Yeles, Ahsen Eroğlu"
517,Kızıl Elma,Dizi,Aksiyon,Mustafa Şevki Doğan (Yönetmen),Osman Sınav (Yapımcı),2014,Sinegraf,"Furkan Palalı, Pelin Akil, Aslıhan Güner, Burak Sergen, Zeynep Eronat, Erdal Cindoruk"
518,Kızılcık Şerbeti,Dizi,Dram,Hakan Kırvavaç (1-91)Aydın Bulut (92-103)Özgür Sevimli (104-) (Yönetmen),Faruk Turgut (Yapımcı),2022,Gold Film,"Barış Kılıç, Evrim Alasya, Ahmet Mümtaz Taylan, Seray Kaya, Erkan Avcı, Emre Dinler, Özge Borak, Settar Tanrıöğen, Sibel Taşçıoğlu, Müjde Uzman, Sıla Türkoğlu, Doğukan Güngör"
519,Kızım,Dizi,Dram,Gökçen Usta (Yönetmen),Fatih Aksoy (Yapımcı),2018,Medyapım,"Buğra Gülsoy, Leyla Lydia Tuğutlu, Beren Gökyıldız"
520,Kızım Gibi Kokuyorsun,Film,Dram,Olgun Özdemir,Olgun Özdemir,2019,Sargona Film,"Clémence Verniau, Çağlar Ertuğrul"
521,Kızım Nerede?,Dizi,Gerilim/Suç,Ersoy GülerAtilla Cengiz (Yönetmen),Fatih Oflaz Ahmet Öncül (Yapımcı),2010,Medya Vizyon,Ece Uslu Hüseyin Avni Danyal Özge Gürel Burak Hakkı Tolga Savacı Özgül Kavruk
522,Kızım İçin,Film,Dram,Hakan Haksun,"Hanefi Haras, Kemal Seden",2013,Avşar film,"Yetkin Dikinciler, Eda Ece, İnci Türkay"
523,Kış Güneşi,Dizi,Romantik,Murat Onbul (1-5)Deniz Koloş (6-18)Serhan Şahin (6-18) (Yönetmen),Gökhan TatarerHakan Eren (Yapımcı),2016,Endemol Shine Turkey,"Şükrü Özyıldız, Aslı Enver, Şenay Gürler, Mahir Günşiray, Başak Parlak, Hakan Gerçek, Berrak Kuş, Mehmet Esen, Hakan Boyav"
524,LCV (Lütfen Cevap Veriniz),Film,Dram,"İsmet Kurtuluş , Kaan Arıcı","İsmet Kurtuluş , Kaan Arıcı, Feri Baycu Güler , Ftesa Hazrolli",2022,Mam’Art Productions,"Ushan Çakır , Cem Yiğit Üzümoğlu , Melisa Şenolsun"
525,La Route d'Istanbul,Film,Dram,Rachid Bouchareb,yazar =,2016,stüdyo =,Astrid Whettnall
526,"Labirent (film, 2011)",Film,Aksiyon,Tolga Örnek,Tolga Örnek,2011,Tiglon,"Timuçin Esen, Meltem Cumbul"
527,Lale Devri,Dizi,Dram,Murat Düzgünoğlu (Yönetmen),Şükrü Avşar (Yapımcı),2010,Avşar Film,"Tolgahan Sayışman, Selen Soyder, Emina Sandal, Serenay Sarıkaya, Hatice Aslan, Gül Onat, Kenan Bal, Ayşegül Günay"
529,Leyla ile Mecnun,Dizi,Komedi,"Onur Ünlü (1-16, 24-29, 39-41, 47-61, 71-72, 75, 84, 94, 103, 105-144)Murat Onbul (17-23, 62-70, 73-74, 76-93, 95-102, 104)Eyüp Boz (30-31, 35-38, 42-61)Yüksel Aksu (32-34) (Yönetmen)",Onur ÜnlüFunda Alp (Yapımcı),2011,Eflatun Film (2011-2013) Paradox Film (2021-2023),"Ali Atay, Ezgi Asaroğlu, Zeynep Çamcı, Müge Boz, Melis Birkan, Deniz Işın, Köksal Engür, Serkan Keskin, Cengiz Bozkurt, Ahmet Mümtaz Taylan, Osman Sonant"
530,Leyla ile Mecnun (dizi),Dizi,Komedi,Onur Ünlü,Onur Ünlü,2011,Eflatun Film,"Ali Atay, Serkan Keskin, Osman Sonant"
531,Lise Defteri,Dizi,Komedi,Mustafa Altıoklar (Yönetmen),Mustafa Altıoklar (Yapımcı),2004,| dağıtıcı =,"Ece Erken, Emre Altuğ, Arda Kural, Selin Demiratar"
532,Mahallenin Muhtarları,Dizi,Dram,Oğuz Yalçın Filiz KaynakAvni KütükoğluNursan Esenboğa (Yönetmen),Hüseyin Apaydın (Yapımcı),2004,Replik Yapım,"Aydan Burhan, Erkan Can Cihat Tamer, Işık Aras, Goncagül Sunar, Esra Akkaya, Nedret Özbek, Leman Çıdamlı, Filiz Taçbaş"
533,Mahkum,Dizi,Aksiyon,Volkan Kocatürk(1-24)Özgür Sevimli(25-31) (Yönetmen),Asena Bülbüloğlu (Yapımcı),2021,MF Yapım,"Onur Tuna, İsmail Hacıoğlu, Seray Kaya, Melike İpek Yalova, Gökçe Eyüboğlu"
534,"Mahkûm (film, 1972)",Film,Gerilim/Suç,Osman F. Seden,Osman F. Seden,1972,Kemal Film,"Cüneyt Arkın, Hale Soygazi, Seyyal Taner, Kerem Bozbay"
535,Mahpus (film),Film,Dram,Nejat Saydam,Murat Köseoğlu,1973,Acar Film,"Türkân Şoray, Hakan Balamir"
536,Makber,Dizi,Romantik,Kemal Uzun (Yönetmen),Bilinmiyor,2009,Pana Film,"Seda Bakan, Devrim Nas, Gamze Karaman, Murat Başoğlu, Gaye Gürsel, Soydan Soydaş"
537,Malkoçoğlu Cem Sultan,Film,Aksiyon,Remzi Jöntürk,Naci Duru,1969,Duru Film,"Cüneyt Arkın, Gülnaz Huri"
538,Maral: En Güzel Hikayem,Dizi,Romantik,Bahadar İnce (Yönetmen),Arzu Eğmir (Yapımcı),2015,Medyapım,"Hazal Kaya, Aras Bulut İynemli, Can Nergis"
539,Maria ile Mustafa,Dizi,Romantik,Faruk Teber,Mehmet Yiğit Alp,2020,NTC Medya,"Jessica May, Hilmi Cem İntepe"
540,Maskeli Beşler İntikam Peşinde,Film,Macera,Murat Aslan,Murat Aslan,2005,"Arzu Film, Fida Film","Şafak Sezer , Memet Ali Alabora , Peker Açıkalın , Cengiz Küçükayvaz , Melih Ekener , Ceyhun Yılmaz , Dost Elver , Sümer Tilmaç , Nejat Birecik"
541,Masum Değiliz,Dizi,Dram,Serkan İpekören (Yönetmen),Ata Türkoğlu (Yapımcı),2018,Koliba Film,"Uraz Kaygılaroğlu, Damla Sönmez, Ushan Çakır, Aras Aydın, Sercan Badur"
542,Masumiyet (film),Film,Dram,Zeki Demirkubuz,Zeki Demirkubuz,1997,Mavi Film,"Derya Alabora, Haluk Bilginer, Güven Kıraç"
543,Masumlar Apartmanı,Dizi,Dram,Çağrı Vila Lostuvalı (1-71)Ender Mıhlar (7-9)Çiğdem Bozali (10-71) (Yönetmen),Onur Güvenatam (Yapımcı),2020,OGM Pictures,"Birkan Sokullu, Ezgi Mola, Merve Dizdar, Farah Zeynep Abdullah, Aslıhan Gürbüz"
544,Maviye Sürgün,Dizi,Dram,Nezaket Coşkun,Saner Ayar,2023,O3 Medya,"Caner Cindoruk, Damla Sönmez"
545,Medcezir,Dizi,Dram,Ali BilginDeniz Yorulmazer (Yönetmen),Kerem Çatay (Yapımcı),2013,Ay Yapım,"Çağatay Ulusoy, Serenay Sarıkaya"
546,Medcezir (dizi),Dizi,Dram,"Ali Bilgin, Deniz Yorulmazer",Kerem Çatay,2013,Ay Yapım,"Çağatay Ulusoy, Serenay Sarıkaya"
547,"Medea (film, 1969)",Film,Fantastik,Pier Paolo Pasolini,Franco Rossellini,1969,San Marco,"Maria Callas, Massimo Girotti"
548,Mehmed: Bir Cihan Fatihi,Dizi,Dram,Cevdet Mercan (Yönetmen),Onur Güvenatam (Yapımcı),2018,O3 Medya,"Kenan İmirzalıoğlu, Çetin Tekindor, Gürkan Uygun, Büşra Develi, Hazal Filiz Küçükköse"
549,Mehmetçik Kut'ül Amare,Dizi,Aksiyon,Mustafa Şevki DoğanKamil Aydın (Yönetmen),Mehmet Bozdağ (Yapımcı),2018,Bozdağ Film,"Kaan Taşaner, İsmail Hacıoğlu, İsmail Ege Şaşmaz, Cansu Tosun, Özgü Kaya, İlker Aksum, Serdar Gökhan"
550,Melekler Korusun,Dizi,Dram,Cevriye Demir Kerem Çakıroğlu (Yönetmen),Timur Savcı (Yapımcı),2009,Tims&B Productions,Özge Özpirinçci Selin Şekerci Rojda Demirer Hümeyra Avni Yalçın Serkan Altunorak Mahperi Mertoğlu Yıldız Kültür Alper Saldıran Ömer Köse Taner Barlas Cem Aktaş Şebnem Gürsoy Şamil Kafkas Zeynep Köse Ceylan Dizdar Cansın Özyosun
551,Meleklerin Aşkı,Dizi,Komedi,Hamdi Alkan (Yönetmen),İnci Gündoğduİsmail Gündoğdu (Yapımcı),2018,Süreç Film,"Oya Başar, Berkay Hardal, Gülper Özdemir, Didem Balçın, Toygan Avanoğlu"
554,Menekşe ile Halil,Dizi,Romantik,Uluç Bayraktar (Yönetmen),Kerem Çatay (Yapımcı),2007,Ay Yapım,"Kıvanç Tatlıtuğ, Sedef Avcı"
555,Merhaba Güzel Vatanım,Film,Dram,Cengiz Özkarabekir,"Ahmet Ümit, Cengiz Özkarabekir",2019,Batı İstanbul Vakfı,"{{Yalın liste, , * Yetkin Dikinciler, * Serkan Altıntaş, * Berna Laçin, * Pelin Batu, * Umut Başkırma, * Levent Üzümcü, * İskender Bağcılar, * Alper Türedi, * Erdal Agcicek, *Umed Shatakov}}"
556,Merhaba Hayat,Dizi,Dram,Hülya Bilban (Yönetmen),Fatih Aksoy (Yapımcı),2012,Medyapım ABC Studios,"Vahide Perçin, Yetkin Dikinciler"
557,Merhamet,Dizi,Dram,Çağatay Tosun (Yönetmen),Gül Oğuz (Yapımcı),2013,Most Production,"Özgü Namal, İbrahim Çelikkol, Mustafa Üstündağ, Burçin Terzioğlu, Yasemin Allen"
559,Mert ile Gert,Dizi,Komedi,Hakan Algün (Yönetmen),Sinan Çetin (Yapımcı),2008,Plato Film,Emre Altuğ Ragga Oktay Begüm Birgören Ayşen Gruda Zihni Göktay Aşkın Şenol Işılay Gül Eylem Yıldız Serkan Keskin
560,Meryem,Dizi,Romantik,Barış Erçetin (Yönetmen),Erol Avcı (Yapımcı),2017,TMC Film,Furkan Andıç Ayça Ayşin Turan Cemal Toktaş
562,Moskova'nın Şifresi: Temel,Film,Macera,Adem Kılıç,Adem Kılıç,2012,Pinema,"Alper Kul, Aslıhan Güner"
563,Mucize (film),Film,Komedi,Mahsun Kırmızıgül,Murat Tokat,2014,Boyut Film,"Mahsun Kırmızıgül, Talat Bulut, Mert Turak"
564,Mucize 2: Aşk,Film,Dram,Mahsun Kırmızıgül,Murat Tokat,2019,Boyut Film,"Mert Turak, Fikret Kuşkan, Biran Damla Yılmaz"
565,Mucize Doktor,Dizi,Dram,"Yusuf Pirhasan (1-48, 64)Aytaç Çiçek (2-28, 30-53)Volkan Keskin (53)Yağız Alp Akaydın (54-60)Altan Dönmez (61-64) (Yönetmen)",Asena Bülbüloğlu (Yapımcı),2019,MF Yapım,"Taner Ölmez, Onur Tuna, Sinem Ünsal"
566,Muhammed Kasım,Dizi,Dram,Ali Ayyıldız,Zeki Sincar,2021,Sincar Medya,"Tolga Yüce, Cansu Kanlıkaya"
567,Muhteşem Yüzyıl,Dizi,Dram,Taylan Biraderler (1-103)Yağız Alp Akaydın (104-139)Mert Baykal (104-139) (Yönetmen),Timur Savcı (Yapımcı),2011,Tims&B Productions,Halit Ergenç Meryem Uzerli Vahide Perçin Nebahat Çehre Okan Yalabık Pelin Karahan Nur Fettahoğlu Selma Ergeç Ozan Güven Mehmet Günsür
568,Muhteşem Yüzyıl Kösem,Dizi,Aksiyon,Çağatay TosunZeynep Günay (Yönetmen),Timur Savcı (Yapımcı),2015,Tims&B Productions,{{Yalın liste|
569,Muhteşem İkili,Dizi,Gerilim/Suç,Çağatay Tosun (Yönetmen),Erol Avcı (Yapımcı),2018,TMC Film,"İbrahim Çelikkol, Kerem Bürsin, Özge Gürel, Öykü Karayel"
570,Mutlu Aile Defteri,Film,Komedi,Nihat Durak,Timur Savcı,2012,Tims Productions,"Tuncel Kurtiz, İlker Aksum, Binnur Kaya"
571,Mutluluk (film),Film,Dram,Abdullah Oğuz,Abdullah Oğuz,2007,ANS Productions,"Talat Bulut , Özgü Namal , Murat Han , Lale Mansur"
572,Müjdemi İsterim,Film,Komedi,Ömer Faruk Yardımcı,Erol Avcı,2022,TMC,"Ahmet Kural, Ecem Erkek, Mehmet Özgür, İlker Aksum, Bestemsu Özdemir, Levent Özdilek, Hakan Bilgin, Lale Başar, Şencan Güleryüz, İştar Gökseven"
573,Mükemmel Eşleşme,Dizi,Komedi,Emre Kavuk (Yönetmen),Birol Güven (Yapımcı),2022,MinT Motion Pictures,"Ahmet Kayakesen, Gizem Sevim"
574,Müthiş Bir Tren (film),Film,Dram,Metin Erksan,Ömer Serim,1975,dağıtıcı = TRT,"Ahmet Arkan, Zerrin Arbaş, Bahri Ateş, Sabahat Işık, Şener Gezgen, Defne Toppare, Fürüzan Kebari"
575,N'olur Ayrılalım,Dizi,Komedi,Yusuf Ömer Sınav (Yönetmen),Osman Sınav (Yapımcı),2016,Sinegraf,"Nilay Duru, Aras Aydın, Gürgen Öz, Nilperi Şahinkaya"
576,Nadide Hayat,Film,Dram,Bilinmiyor,Bilinmiyor,2021,Bilinmiyor,Bilinmiyor
577,Ne Olacak Şimdi,Film,Komedi,Atıf Yılmaz,Nahit Ataman,1979,Arzu Film,"Nevra Serezli, Şener Şen, Levent Kırca, Perran Kutman"
578,Nefes Nefese (dizi),Dizi,Aksiyon,Aydın Bulut,Erol Avcı,2018,TMC Film,"Şükrü Özyıldız, Melisa Şenolsun"
579,Nefes: Vatan Sağolsun,Film,Aksiyon,Levent Semerci,Levent Semerci,2009,Fida Film,"Mete Horozoğlu, İlker Kızmaz"
580,Nerdesin Birader,Dizi,Komedi,Emre Kabakuşak (Yönetmen),Erol DemirDilek Yorulmaz (Yapımcı),2017,Film Evi Yapım,"Timur Acar, Gonca Sarıyıldız, Hakan Bilgin, Ruhi Sarı, Seren Deniz Yalçın, Deniz Can Aktaş"
581,Nergis Hanım,Film,Dram,Görkem Şarkan,Caner Özyurtlu,2014,dağıtıcı = M3 Film,"Zerrin Sümer, Settar Tanrıöğen, Begüm Akkaya, Faruk Barman"
583,New York'ta Beş Minare,Film,Macera,Mahsun Kırmızıgül,"{{Madde işaretsiz liste, Murat Tokat, Mevlüt Akkaya}}",2010,Boyut Film,"{{Madde işaretsiz liste, Mahsun Kırmızıgül, Haluk Bilginer, Mustafa Sandal, Danny Glover, Gina Gershon, Robert Patrick}}"
584,"Neşeli Günler (film, 1978)",Film,Komedi,Orhan Aksoy,Nahit Ataman,1978,Arzu Film,"Münir Özkul, Adile Naşit, Şener Şen, Ayşen Gruda, Oya Aydoğan, Ahmet Sezerel"
585,Neşeli Hayat,Film,Komedi,Yılmaz Erdoğan,Necati Akpınar,2009,BKM,"Yılmaz Erdoğan , Büşra Pekin, Ersin Korkut , Burcu Gönder , Cezmi Baskın , Erdal Tosun , Rıza Akın , BKM Mutfak oyuncuları"
586,Niyazi Gül Dörtnala,Film,Komedi,Hakan Algül,Necati Akpınar,2015,BKM,"Ata Demirer, Demet Akbağ, Şebnem Bozoklu"
587,No 309,Dizi,Komedi,Hasan Tolga PulatEmre Kavuk (Yönetmen),Faruk TurgutŞenay Abacı Turgut (Yapımcı),2016,Gold Film,"Demet Özdemir, Furkan Palalı"
588,Not Defteri,Dizi,Dram,Ilgaz Giritlioğlu (Yönetmen),Şükrü Avşar (Yapımcı),2019,Avşar Film,Fatih Al Ebru Özkan Ekin Mert Daymaz Tarık Özcan Ündüz Beste Kökdemir
590,Nöbet (dizi),Dizi,Aksiyon,Ömer Gökhan Erkut,Necati Şaşmaz,2019,Pana Film,"Yurdaer Okur, Saygın Soysal"
591,O Hayat Benim,Dizi,Dram,Bilinmiyor,Bilinmiyor,2013,Bilinmiyor,Bilinmiyor
592,O da Bir Şey mi,Film,Dram,Pelin Esmer,"{{Yalın liste, , *Kerem Çatay, *Pelin Esmer, *Dilde Mahalli",2016,"{{Yalın liste, , *SineFilm, *Rosa Film, *Ay Yapım","{{Yalın liste, , *Timuçin Esen, *Merve Asya Özgür, *İpek Bilgin, *Nur Sürer, *Mehmet Kurtuluş, *Şebnem Hassanisoughi, *Asiye Dinçsoy"
593,OHA: Oflu Hoca'yı Aramak,Film,Komedi,Levent Soyarslan,Zeynep Kesler,2014,Mars Dağıtım,"Yaşar Kalyoncu, Taies Farzan"
594,Oflu Hoca'nın Şifresi,Film,Komedi,Adem Kılıç,Adem Kılıç,2014,Pinema,"Çetin Altay, Ahmet Varlı"
595,Oflu Hoca'nın Şifresi 2,Film,Komedi,Adem Kılıç,Adem Kılıç,2016,TAFF Pictures,"Çetin Altay, Ahmet Varlı"
596,Olanlar Oldu,Film,Komedi,Hakan Algül,Necati Akpınar,2017,BKM,"Ata Demirer, Tuvana Türkay"
597,Operasyon: Argo,Film,Gerilim/Suç,Ben Affleck,"Grant Heslov, Ben Affleck, George Clooney",2012,"GK Films, Smokehouse Pictures","Ben Affleck, Bryan Cranston, Alan Arkin, John Goodman"
598,Organik Aşk,Film,Komedi,Kamil Çetin,Berna Akpınar,2018,UIP Türkiye,"Gizem Karaca, Mustafa Mert Koç"
599,Organize İşler Sazan Sarmalı,Film,Aksiyon,Yılmaz Erdoğan,Necati Akpınar,2018,BKM Film,"Yılmaz Erdoğan, Kıvanç Tatlıtuğ, Bensu Soral, Okan Çabalar, Ezgi Mola, Rıza Kocaoğlu, Mahir İpek, Ekin Türkmen, Ata Demirer"
600,Ortadirek Şaban,Film,Macera,Kartal Tibet,Memduh Ün,1984,Uğur Film,"Kemal Sunal, Bahar Öztan, Yalçın Tülpar, Ergun Köknar, Yavuzer Çetinkaya, Reha Yurdakul, Renan Fosforoğlu, Memduh Ün, Oktar Durukan"
601,Osman Pazarlama,Film,Komedi,Togan Gökbakar,Şahan Gökbakar,2015,Çamaşırhane Film,"Şahan Gökbakar, Selim Akgül , Liberat Niyoyandika , Feriştah Senem Yıldırım , Yurtşen Fidan , Tahsin Yıldırım , Esra Balıkçı , Şükran Çağman, Demet Akalın"
603,"Paralı Askerler (Birleşik Krallık filmi, 1970)",Film,Aksiyon,Peter Collinson,Harold Buck,1970,Bilinmiyor,"Tony Curtis, Charles Bronson"
604,Paramparça,Dizi,Dram,Cevdet Mercan (1-31) Altan Dönmez (32-97) (Yönetmen),Gökhan Tatarer H. Hakan Eren (Yapımcı),2014,Endemol Shine Turkey,"Nurgül Yeşilçay (1-52)Erkan Petekkaya, Ebru Özkan, Barış Falay, Civan Canova, Nursel Köse, Tolga Tekin, Burak Tozkoparan, Alina Boz, Leyla Tanlar"
605,Pars: Kiraz Operasyonu,Film,Gerilim/Suç,Osman Sınav,Osman Sınav,2007,Sinegraf,"Mehmet Kurtuluş , Nida Şafak , Selçuk Yöntem , Uğur Polat , Haluk Piyes"
606,Payitaht Abdülhamid,Dizi,Aksiyon,Serdar AkarEmre KonukDoğan Ümit Karacahttps:,/www.imdb.com/title/tt6536562/fullcredits/?ref_=tt_ov_st_sm (Yönetmen) / Yusuf EsenkalSerdar Öğretici (Yapımcı),2017,Es Film,"Bülent İnal, Özlem Conker, Saygın Soysal, Ezgi Eyüboğlu, Akın Akınözü, Hakan Boyav, Selen Öztürk, Eren Hacısalihoğlu, Bahadır Yenişehirlioğlu, Vildan Atasever, Erkan Avcı, Gürkan Uygun, İsmail Hakkı Ürün"
607,Pazarları Hiç Sevmem,Film,Romantik,Rezzan Tanyeli,Ayşe Hassas,2012,Shark Film,"Melisa Sözen, Edhem Dirvana, Ezgi Mola"
608,Pek Yakında,Film,Komedi,Cem Yılmaz,"Muzaffer Yıldırım, Can Yılmaz, Cem Yılmaz",2014,"CMYLMZ Fikirsanat, Nulook Production","Cem Yılmaz, Tülin Özen, Ozan Güven, Özkan Uğur, Zafer Algöz, Çağlar Çorumlu"
609,Peri (film),Film,Fantastik,Can Evrenol,"Müge Büyüktalaş, Can Evrenol, Caner Özyurtlu, Müge Özen",2019,dağıtıcı = TME Films,"Denizhan Akbaba, Elif Sevinç, Özgür Civelek, Kaan Alpdayı"
610,Peri Tozu,Film,Romantik,Ela Alyamaç,Nermin Alyamaç,2007,Kara Kedi Film,"İpek Değer, Mehmet Ali Nuroğlu"
611,Perihan Abla,Dizi,Komedi,Yalçın Yelence (Yönetmen),Umur BugayGüner Namlı (Yapımcı),1986,İstanbul TVBugay Film,Perran Kutman Şevket Altuğ Tuluğ Çizgen Ercan Yazgan Cihat Tamer
612,Petrol Kralları,Film,Dram,Zeki Alasya,Hürrem Erman,1978,dağıtıcı =,"Zeki Alasya, Metin Akpınar, Perran Kutman, Suna Yıldızoğlu, Ali Şen"
613,Peşpeşe,Film,Dram,"Ertan Velimatti Alagöz, Suvi Elif Alagöz",Banu Alagöz,2011,dağıtıcı =,"Okan Yalabık, Azra Akın, Anıl Altınöz, Begüm Kütük Yaşaroğlu, Cemal Hünal"
614,Pis Yedili,Dizi,Komedi,Haluk Bener (1)Süleyman Seçik (2-26)Kartal Çidamlı (27-66)Doğan Ümit Karaca (67-71)Osman Taşcı (72-101) (Yönetmen),| denetleyici_yapımcı = (Yapımcı),2011,Tükenmezkalem Film,"Kadir Doğulu, Eda Ece, Melis Babadağ, Uraz Kaygılaroğlu, Burak Alkaş, Halil Babür, Ayşegül Aldinç, Hazal Şenel, Sezer Arıçay, Ümit Kantarcılar, Bükre Atala, Ahmet Yıldırım, Melih Selçuk, Ümit Erlim, Güneş Zavrak, Ecem Karavus"
615,Pis Yedili (dizi),Dizi,Komedi,Haluk Bener,Bilinmiyor,2011,Tükenmezkalem,"Kadir Doğulu, Eda Ece"
616,Polis (film),Film,Dram,Onur Ünlü,"A. Taner Elhan, Funda Alp, Onur Ünlü",2007,Eflatun Film,"Haluk Bilginer, Özgü Namal, Ragıp Savaş, Sermiyan Midyat, Settar Tanrıöğen"
617,Polyxeni,Film,Dram,Dora Masklavanou,Fenia Cossovitsa,2017,stüdyo =,Katia Goulioni
618,"Postacı (film, 1984)",Film,Komedi,Memduh Ün,Memduh Ün,1984,Uğur Film,"Kemal Sunal, Fatma Girik, Erdal Özyağcılar, Gülümser Gülhan, İhsan Yüce, Nezahat Tanyeri"
619,Poyraz Karayel,Dizi,Gerilim/Suç,Çağrı Vila Lostuvalı (1-62)Osman Taşcı (63-82) (Yönetmen),Hayri Aslan (Yapımcı),2015,Limon Film,"İlker Kaleli, Burçin Terzioğlu, Musa Uzunlar"
620,Prestij Meselesi,Film,Müzikal,Mahsun Kırmızıgül,Murat Tokat,2022,Boyut Film,"Mahmut Kırmızıgül, Onur Gözeten, Ali Erkin, Engin Hepileri, Eser Yenenler, Aslıhan Güner, Biran Damla Yılmaz, Şebnem Bozoklu"
621,Propaganda (film),Film,Komedi,Sinan Çetin,Sinan Çetin,1999,Plato Film,"Kemal Sunal, Metin Akpınar"
622,Racon: Ailem İçin,Dizi,Aksiyon,Mehmet Ada Öztekin (Yönetmen),Erol Avcı (Yapımcı),2015,TMC,"Mehmet Aslantuğ, Hande Doğandemir, Seçkin Özdemir, Barış Arduç, Ekin Türkmen, Sarp Akkaya, Sezin Akbaşoğulları, Emir Benderlioğlu, Çağkan Çulha"
623,Ramo,Dizi,Aksiyon,Yağız Alp Akaydın,Necati Akpınar,2020,BKM,"Murat Yıldırım, Esra Bilgiç"
624,Rauf (film),Film,Dram,Barış Kaya,Bilinmiyor,2016,Aslanyürek Film,Alen Hüseyin Gürsoy
625,Reaksiyon,Dizi,Aksiyon,Onur Tan (Yönetmen),Ozan AksungurEmre ÖzdürBaşar Başaran (Yapımcı),2014,Reaksiyon Film,Erdal Beşikçioğlu İbrahim Çelikkol Nehir Erdoğan Selen Soyder Yurdaer Okur İsmail Demirci
626,Recep İvedik (film),Film,Komedi,Togan Gökbakar,Faruk Aksoy,2007,Özen Film,"Şahan Gökbakar, Fatma Toptaş"
627,Recep İvedik 4,Film,Komedi,Togan Gökbakar,Emrah Çoban,2013,Çamaşırhane Film,"Şahan Gökbakar, Nurullah Çelebi, Ali İhsan Varol, İrfan Kangı, Arda Hacıoğlu, Gülşah Yanaş, Caner Tanrıverdi, Ece İncebay, Cem Korkmaz, Ekrem Aral Tuna, Berna Üçkaleler, Barış Gül, Aziz Karakaya, Halil İbrahim Yılmaz, Serkan Sağdıç, Çağlar Salman"
628,Recep İvedik 5,Film,Komedi,Togan Gökbakar,Şahan Gökbakar,2016,Çamaşırhane Film,"Şahan Gökbakar, Orkan Varan"
629,Recep İvedik 6,Film,Komedi,Togan Gökbakar,"Şahan Gökbakar, Togan Gökbakar",2019,Çamaşırhane Film,"Şahan Gökbakar, Nurullah Çelebi"
630,Recep İvedik 7,Film,Komedi,Togan Gökbakar,Şahan Gökbakar,2022,Cielo Medya,"Şahan Gökbakar, Öznur Serçeler"
631,Reis,Dizi,Romantik,Sadullah Celen (Yönetmen),Gül Oğuz (Yapımcı),2011,Most Production,"Mehmet Âkif Alakurt, Melisa Sözen, Şükran Ovalı"
632,Rengarenk,Dizi,Komedi,Kerem Çakıroğlu (Yönetmen),Mehmet Yiğit Alp (Yapımcı),2016,NTC Medya,"Selin Şekerci, Kaan Taşaner, Ümit Kantarcılar, Merve Oflaz, İnci Türkay, Ferdi Sancar, İbrahim Kendirci, Serenay Aktaş, Sait Genay"
633,Rengarenk (dizi),Dizi,Komedi,Kerem Çakıroğlu,Mehmet Yiğit Alp,2016,NTC Medya,"Selin Şekerci, Kaan Taşaner"
634,Ringo Kazım,Film,Macera,Türker İnanoğlu,Türker İnanoğlu,1967,Erler Film,müzik =
635,Ruhsar,Dizi,Fantastik,Ümmü Burhan Samim Değer Ömür Atay (Yönetmen),Abdullah Oğuz (Yapımcı),1999,ANS Productions,Hande Ataizi Cem Davran
636,Ruhumun Aynası,Dizi,Komedi,Bülent İşbilen (Yönetmen),Müge Turalı ve Mehmet N. Karaca (Yapımcı),2014,Bando Yapım,"Tuba Ünsal, Filiz Ahmet, Özgürcan Çevik, Engin Alkan, Suzan Aksoy, Murat Akkoyunlu, Barış Yalçın, Bora Akkaş, Ayşen Gruda, Aliye Uzunatağan, Rıza Akın, Haktan Pak, Mihrace Yekenkülüğ, Alpay Şayhan, Funda Güray, Belit Özükan"
637,Rüya,Dizi,Romantik,Cemal Şan (Yönetmen),Faruk Turgut (Yapımcı),2017,Gold Film,"Hazal Filiz Küçükköse, Ceyhun Mengiroğlu"
638,Rüzgarlar (film),Film,Dram,Selim Evci,Selim Evci,2012,Evci Film,"Mediha Didem Türemen , Yusuf Nejat Buluz , Rüçhan Çalışkur, Zeynep Gülmez"
639,Rüzgarın Kalbi,Dizi,Romantik,Filiz Gülmez Pakman (Yönetmen),Erol Demir (Yapımcı),2016,Filmevi Yapım,"Burak Serdar Şanal, Deniz Baysal"
640,Rüzgâr (film),Film,Macera,Cüneyt Arkın,Abdurrahman Keskiner,1980,Umut Film,"Cüneyt Arkın, Emel Sayın"
641,Sadakatsiz,Dizi,Gerilim/Suç,Neslihan Yeşilyurt,Fatih Aksoy,2020,Medyapım,"Cansu Dere, Caner Cindoruk, Melis Sezen"
642,"Sadi, tarih = 13 Nisan 2014, yayıncı = sadibey.com, arşivurl = https:, , web.archive.org, web, 20151117173755, http:, , www.sadibey.com, 2014, 04, 13, ben-o-degilim, , arşivtarihi = 17 Kasım 2015, ölüurl =evet}}",Film,Dram,Tayfun Pirselimoğlu,"Veysel İpek, Nikos Moustakas , Guillaume de Seille , Konstantina Stavrianou , İnci Demirkol , İrfan Demirkol",2013,dağıtıcı =,"Ercan Kesal , Maryam Zaree"
643,Safir (dizi),Dizi,Dram,Semih Bağcı,Fatih Aksoy,2023,NTC Medya,"İlhan Şen, Özge Yağız"
644,Sahipsizler (dizi),Dizi,Dram,Cem Karcı,Onur Güvenatam,2024,OGM Pictures,"Hazal Subaşı, Kaan Mirac Sezen"
645,Salak Milyoner,Film,Komedi,Ertem Eğilmez,Nahit Ataman,1974,Arzu Film,"Metin Akpınar, Zeki Alasya, Kemal Sunal, Münir Özkul, Adile Naşit, Halit Akçatepe, Perran Kutman, Hulusi Kentmen, Meral Zeren, Ali Şen, Oya Alasya, Arap Celal"
646,Salih Kuşu,Dizi,Komedi,Ersoy Güler (Yönetmen),Ali Gündoğdu (Yapımcı),1997,Süreç Film,"Levent Ülgen, Ayçin İnci, Goncagül Sunar, Bekir Aksoy, Murat Eken"
647,Salkım Hanımın Taneleri (film),Film,Dram,Tomris Giritlioğlu,Cafer Özgül,1999,Avşar Film,"Hülya Avşar, Kamran Usluer"
648,Sandık Kokusu,Dizi,Dram,Nezaket Coşkun,Saner Ayar,2023,O3 Medya,"Demet Akbağ, Özge Özpirinçci"
649,Savaşçı (dizi),Dizi,Aksiyon,Volkan Kocatürk,Hayri Aslan,2017,Limon Film,"Berk Oktay, Sarp Levendoğlu, Murat Serezli"
650,Saygılar Bizden,Dizi,Komedi,Zeki Ökten (Yönetmen),Bilinmiyor,1992,Bugay Yapım,"Kemal Sunal, Jülide Kural, Selma Tarcan, Yaman Tarcan, Nur Gürkan, Alev Oraloğlu, Tuncer Necmioğlu, Zafer Algöz Yaman Okay, Güler Ökten, Ozan Bilen, Orhan Çağman, Kutay Köktürk, Erdinç Dinçer"
651,Sağır Oda,Dizi,Aksiyon,Serdar Akar (1-6)Onur Tan (6-34) (Yönetmen),Timur Savcı Cüneyt Özdemir (Yapımcı),2006,Tims&B Productions,Orhan Kılıç Çağla Kubat Engin Cezzar Mahir Günşiray Arsen Gürzap
652,Sefirin Kızı,Dizi,Dram,Emre Kabakuşak,Saner Ayar,2019,O3 Medya,"Engin Akyürek, Neslihan Atagül"
653,Seksenler,Dizi,Romantik,"Birol Güven(2012)Müfit Can Saçıntı(2012-2016)Bora Tekay(2016-2017, 2019-2021, 2022)Mustafa Uğur Yağcıoğlu(2021-2022) (Yönetmen)",Birol Güven (Yapımcı),2012,MinT Motion Pictures,"Özlem Türkad, Şoray Uzun, Ayşe Tolga, İlker Ayrık, Zeynep Sever, Rasim Öztekin, Yasemin Baştan, Serhat Kılıç, Ceyhun Fersoy"
654,Selena,Dizi,Fantastik,Bora Onur (Yönetmen),Ali Gündoğduİnci Kırhan Gündoğdu (Yapımcı),2005,Süreç Film,"Sinem Kobal Gökhan Keser, Cansu Demirci, Gizem Güven, Dilara Kurtulmuş, Sinan Çalışkanoğlu, Zuhal Topal"
655,Selvi Boylum Al Yazmalım,Film,Dram,Atıf Yılmaz,Arif Keskiner,1977,Yeşilçam Film,"Türkan Şoray, Kadir İnanır"
656,Sen Anlat Karadeniz,Dizi,Dram,Murat Onbul,Osman Sınav,2018,Sinegraf,"Ulaş Tuna Astepe, İrem Helvacıoğlu"
657,Sen Ağlama İstanbul,Dizi,Dram,Çağrı Vila Lostuvalı (Yönetmen),Onur Güvenatam (Yapımcı),2024,OGM Pictures,"Simay Barlas, İsmail Hacıoğlu, Aytaç Şaşmaz"
658,Sen de Gitme,Dizi,Dram,Türkan Derya (Yönetmen),Mehmet Yiğit Alp (Yapımcı),2011,NTC Medya,"Sinan Albayrak, Sezin Akbaşoğulları, Alican Yücesoy, Didem İnselel, Miraç Eronat, Batuhan Karacakaya"
659,Sen Çal Kapımı,Dizi,Komedi,Altan Dönmez,Asena Bülbüloğlu,2020,MF Yapım,"Hande Erçel, Kerem Bürsin"
660,Senden Daha Güzel,Dizi,Komedi,Deniz Koloş (1)Hakan Kırvavaç (2-11)Ersoy Güler (12-14) (Yönetmen),Faruk Turgut (Yapımcı),2022,Gold Film,"Cemre Baysel, Burak Çelik"
661,Seni Kimler Aldı,Dizi,Dram,Sadullah Şentürk (Yönetmen),Yaşar İrvülEfe İrvül (Yapımcı),2017,Pastel Film,"Merve Anlağan, Yunus Günçe, Fulya Zenginer, Duygu Yetiş, Serhan Yavaş, Yiğit Kirazcı"
662,Seni Çok Bekledim,Dizi,Dram,Şahin Altuğ (1-6)Yasemin Türkmeli (7-13) (Yönetmen),Özcan Deniz (Yapımcı),2021,Skala Yapım DNZ Film,"Özcan Deniz, İrem Helvacıoğlu"
663,Seni Çok Özledim,Dizi,Dram,Dilek Gökçin (Yönetmen),Serdar Temizkan (Yapımcı),2005,| dağıtıcı =,"Zuhal Olcay, Tuba Ünsal Kaan Urgancıoğlu, Ege Aydan, Emre Kınay, Mahir Günşiray, Ali Düşenkalkar, Erdal Beşikçioğlu, Rıza Kocaoğlu, Sezgi Mengi, Bilge Şen, Avni Yalçın, Kürşat Alnıaçık, Saydam Yeniay"
664,Seninki Kaç Para?,Film,Aksiyon,Hakkı Görgülü,Fırat Boran - Fatih Toka,2011,Fono Film,"Vatan Şaşmaz, Fulden Akyürek, Melih Oğuzhan, Azer Bülbül, Mustafa Tunay, Gamze Özyol, Hüseyin Akşen, Süleyman Kabaali, Hande Çubuklu, Erdal Hedef, Taner Cindoruk, Mertcan Savcı, Gürkan Demir, , Cemilin Asker Arkadaşi Ayaz Ayazoğlu , , Korkmaz Yalınnkılıç, Kenan Civelek, Uğur Baloğlu"
665,Sensiz Olmuyor,Dizi,Dram,Taner AkvardarHakan Arslan (Yönetmen),Osman Yağmurdereli (Yapımcı),2004,Yağmur Ajans,"Özlem Conker, Yeliz Şar, Emre Altuğ, Okan Yalabık, İpek Tanrıyar, Ebru Gürsoy, Tayfun Çorağan, Zeynep Eronat, Mehmet Ali Kaptanlar, Ayşegül Uygurer, Kâmil Sönmez, Bülent Şakrak, Durul Bazan, Mahir İpek, Onuryay Evrentan, Gülsüm Kamu, Aslan Altın"
666,Servet,Dizi,Dram,Emir Khalilzadeh (Yönetmen),Müge Turalı PakMelda Perahya YalçınMehmetcan Yüksel (Yapımcı),2010,Ortaks Yapım,"Yusuf Çim, Bahar Şahin"
667,Serçe Sarayı,Dizi,Romantik,Mesude Erarslan Tekin (1-5)Ömür Atay (6-13) (Yönetmen),Kemal KurçerGökhan TatarerSoysal DemirHakan Eren (Yapımcı),2012,Endemol Shine TurkeyBazıfilmler,"Songül Öden, Mert Fırat, Alican Yücesoy, Esra Dermancıoğlu, Selen Öztürk, Serkan Ercan, Erkan Bektaş, Turgay Kantürk"
669,Sevda Kuşun Kanadında,Dizi,Romantik,Ayhan Özen (Yönetmen),Mesut Uçakan (Yapımcı),2016,Sonart Medya,"Sevtap Özaltun, Murat Ünalmış"
670,Sevda Çiçeği,Dizi,Komedi,Tevfik Şenol (1-6)Kartal Çidamlı (7-24) (Yönetmen),İnci KırhanAli Gündoğdu (Yapımcı),2006,Süreç Film,"Gökhan Özen, Yasemin Hadivent, Savaş Dinçel, Halit Akçatepe, Gül Onat, Ebru Karanfilci, Meral Kaplan, Pakize Suda, Ercü Turan, Serdal Genç, Engin Günay, Başak Koç, İbrahim Gündoğan, Elif Burgaz"
671,Sevda'nın Bahçesi,Dizi,Romantik,Emir Khalilzadeh (Yönetmen),Faruk Turgut (Yapımcı),2017,Gold Film,"Sibel Can, Emre Kınay, Begüm Kütük, Mehmet Bozdoğan"
672,Sevdam Alabora,Dizi,Dram,Aydın Bulut,Gökhan Tatarer,2015,Endemol Shine,"Kadir Doğulu, Elçin Sangu"
673,Sevdim Seni Bir Kere,Dizi,Romantik,Bergüzar Demiroğlu,Nilgün Sağyaşar,2019,Focus Film,"Yağmur Çokgenç, Oğuzhan Kayra Koç"
674,Seven Ne Yapmaz,Dizi,Romantik,Bora Onur (Yönetmen),Faruk Bayhan (Yapımcı),2004,MF Yapım,"Yusuf Çim, Seren Şirince"
675,Sevgi Oyunu,Dizi,Komedi,Oksal Pekmezoğlu,Erdal Eriş,2005,Bop Ajans,"Aydan Şener, Zehra Alptürk"
676,Sevgili Dayım,Film,Dram,Zeki Ökten,Enver Özer,1977,dağıtıcı =,"Tarık Akan, Hale Soygazi, Süleyman Turan, Neriman Köksal, Murat Erton, Ali Cağaloğlu, Perran Kutman, Şaziye Moral"
677,Sevgili Geçmiş,Dizi,Dram,Aydın Bulut,İnci Gündoğdu,2019,Süreç Film,"Ece Uslu, Emre Kınay, Sevda Erginci"
678,Seviyor Sevmiyor,Dizi,Komedi,Yusuf Pirhasan (Yönetmen),Faruk Bayhan (Yapımcı),2016,MF Yapım,"Zeynep Çamcı, Gökhan Alkan, Gonca Sarıyıldız, Yiğit Kirazcı"
680,Sihirbazlık Okulunda Bir Türk,Film,Komedi,Erdi Dikmen,Engin Yıldırım,2015,dağıtıcı = Pinema,"Barbaros Dikmen, Selen Seyven , Sadi Celil Cengiz , Ayçe Abana , Yakup Yavru, Enes Atış"
681,Sihirli Annem,Dizi,Fantastik,Ersoy Güler (2003)Tülay Kocatürk (2004-2005)Kartal Çidamlı (2006-2012) (Yönetmen),İnci Kırhan Gündoğdu (Yapımcı),2003,Süreç Film (2003-2012),"İnci Türkay, Şahap Sayılgan, Defne Joy Foster, Zuhal Topal, Nevra Serezli, Ebru Karanfilci, Metin Serezli, Gül Onat"
682,Sihirli Safiye,Dizi,Fantastik,Yavuz Figenli (Yönetmen),Rönan Çırpıcı (Yapımcı),1990,| dağıtıcı =,Seden Kızıltunç Oğuz Oktay Ayben Erman Şerif Arslan Fatoş Kara
683,Sipahi,Dizi,Aksiyon,Hakan İnan(1-6)Doğan Ümit Karaca(7-8) (Yönetmen),Mehmet CanpolatSadi Canpolat (Yapımcı),2022,CNP Film,"Kaan Yıldırım, Özge Gürel, Kerem Alışık"
684,Sipahi (dizi),Dizi,Aksiyon,Hakan İnan,Mehmet Canpolat,2022,CNP Film,"Kaan Yıldırım, Özge Gürel"
685,Sivri Akıllılar,Film,Komedi,Zeki Alasya,Hürrem Erman,1977,Erman Film,"Zeki Alasya, Metin Akpınar, Gönül Yazar"
686,"Siyah Beyaz (film, 2010)",Film,Dram,Ahmet Boyacıoğlu,Ali Akman,2010,Akman Film,"Tuncel Kurtiz, Erkan Can, Nejat İşler"
687,Siyah Beyaz Aşk,Dizi,Romantik,Yasin Uslu (Yönetmen),Lale ErenAyşe Elif Durmaz (Yapımcı),2017,D Productions,"İbrahim Çelikkol, Birce Akalay"
688,Siyah İnci,Dizi,Romantik,Cem KarcıBenal Tairi (Yönetmen),Faruk Turgut (Yapımcı),2017,Gold Film,"Tolgahan Sayışman, Hande Erçel"
689,Siyah İnci (dizi),Dizi,Romantik,Cem Karcı,Faruk Turgut,2017,Gold Film,"Tolgahan Sayışman, Hande Erçel"
690,Skyfall,Film,Gerilim/Suç,Sam Mendes,Michael G. Wilson,2012,Goldwyn-Mayer,"Daniel Craig, Javier Bardem"
691,Sokak Şarkıcıları (dizi),Dizi,Dram,Nazmi Özer,Bilinmiyor,2001,Yeni Stüdyo,"Ali Poyrazoğlu, Oya Başar"
692,Son,Dizi,Dram,Uluç Bayraktar (Yönetmen),Kerem Çatay (Yapımcı),2012,Ay Yapım,"Engin Altan Düzyatan, Nehir Erdoğan, Erkan Can, Berrak Tüzünataç, Yiğit Özşener"
693,"Son Darbe (film, 1985)",Film,Dram,Halit Refiğ,Yaşar Tunalı,1985,Topkapı Film,"Tarık Akan, Nilgün Akçaoğlu"
694,Son Yaz,Dizi,Gerilim/Suç,Burak Arlıel,Saner Ayar,2021,O3 Medya,"Alperen Duymaz, Ali Atay, Hafsanur Sancaktutan"
695,Sonbahar (film),Film,Dram,Özcan Alper,Serkan Acar,2007,Bilinmiyor,"Onur Saylak, Megi Kobaladze"
696,Soğuk (film),Film,Dram,Uğur Yücel,Erol Avcı,2013,TMC,"Cenk Medet Alibeyoğlu, Ahmet Rıfat Şungar"
697,"Sultan (film, 1978)",Film,Komedi,Kartal Tibet,Nahit Ataman,1978,Arzu Film,"Türkan Şoray, Bulut Aras, Şener Şen, Adile Naşit, İhsan Yüce, İlyas Salman, Erdal Özyağcılar, Tuncer Sevi, Hikmet Gül, Tuncer Sevi"
698,Sultan Makamı,Dizi,Dram,Aydın Bulut (Yönetmen),Bahadır Atay (Yapımcı),2003,Avşar Film,"Şevket Çoruh, Başak Köklükaya, Uğur Polat, Dolunay Soysert, Kerem Atabeyoğlu, Suzan Elif Kılınç"
699,Suskunlar,Dizi,Gerilim/Suç,Umur Turagay (1) Çağatay Tosun (2-16) Çağrı Vila Lostuvalı (17-28)Hatice Memiş (17-28) (Yönetmen),Timur Savcı (Yapımcı),2012,Tims&B Productions,"Murat Yıldırım, Sarp Akkaya, Güven Murat Akpınar, Aslı Enver Berk Hakman, Pelin Akil"
700,Susuz Yaz,Film,Dram,Metin Erksan,Ulvi Doğan,1963,Hitit Film,"Ulvi Doğan, Erol Taş, Hülya Koçyiğit"
701,Söz,Dizi,Aksiyon,Yağız Alp Akaydın (Yönetmen),Timur SavcıBurak Sağyaşar (Yapımcı),2017,Tims&B Productions,"Tolga Sarıtaş, Aybüke Pusat, Deniz Baysal, Serhat Kılıç, Sarp Akkaya, Nihat Altınkaya, Aytaç Şaşmaz, Mehmet Özgür, Meriç Aral, Burak Sevinç, Görkem Sevindik, Eren Vurdem, Mustafa Yıldıran, Doğukan Polat, Çağan Atakan Arslan"
702,Sümela'nın Şifresi: Temel,Film,Macera,Adem Kılıç,Adem Kılıç,2011,Üçgen Yapım,"Alper Kul, Aslıhan Güner"
703,Süper Baba,Dizi,Dram,Osman Sınav Tunca Yönder Orhan OğuzKartal Tibet Feyzi Tuna (Yönetmen),Şevket Altuğ Jale Altuğ (Yapımcı),1993,Kare Ajans,"Şevket Altuğ, Jülide Kural Seray Gözler, Sümer Tilmaç İsmet Ay Şevval Sam Bennu Yıldırımlar"
704,Süper Babaanne,Dizi,Fantastik,Serkan KızıldağTemel Gürsu (Yönetmen),Şükrü Avşar (Yapımcı),2008,TRTAvşar Film,"Murat Kubilay, Asuman Dabak, Mustafa Uzunyılmaz, Ceren Soylu, Yılmaz Köksal, Zuhal Yalçın, Nedret Özbek"
705,Süpermenler,Film,Bilim Kurgu,Italo Martinenghi,"Türker İnanoğlu, Italo Martinenghi, Aldo Sambrell",1979,"Erler Film , Cinesecolo , Asbrell Productions , Barbatoja Film",müzik = Ennio Morricone
706,Sürgün İnek,Film,Komedi,Ayhan Özen,Ali Tokul,2013,Tiglon,"Hasan Kaçan, Şebnem Sönmez"
707,Sürü (film),Film,Dram,Zeki Ökten,Yılmaz Güney,1978,Güney Film,"Tarık Akan, Melike Demirağ, Tuncel Kurtiz"
708,Süt (film),Film,Dram,Semih Kaplanoğlu,Semih Kaplanoğlu,2008,Kaplan Film,"Melih Selçuk, Başak Köklükaya"
709,Süt Kardeşler,Film,Macera,Ertem Eğilmez,Nahit Ataman,1976,Arzu Film,"Kemal Sunal, Şener Şen, Adile Naşit, Halit Akçatepe, Hale Soygazi, Ayşen Gruda, Ergin Orbey"
710,Sıdıka,Dizi,Komedi,Mahinur Ergun Fatmanur Sevinç (Yönetmen),Atıf Yılmaz Sadık Deveci Metin Erarabacı Hayri Aslan (Yapımcı),1997,Delta Film Limon Film,Hasibe Eren Füsun Demirel Ali Erkazan Hakan Tanfer
711,Sıla,Dizi,Aksiyon,Yasin UsluGül Oğuz (Yönetmen),Nezihe Dikilitaş (Yapımcı),2006,Fm YapımMost Production,"Cansu Dere, Mehmet Âkif Alakurt, Zeynep Eronat, Menderes Samancılar, Devrim Saltoğlu"
712,Sıla (dizi),Dizi,Aksiyon,Yasin Uslu,Nezihe Dikilitaş,2006,Fm Yapım,"Cansu Dere, Mehmet Âkif Alakurt"
713,Sınav (film),Film,Komedi,Ömer Faruk Sorak,Murat Akdilek,2006,"Böcek Yapım, Fida Film","Hümeyra, Altan Erkekli, Güven Kıraç, Zafer Algöz, Kadir Çöpdemir, İsmail Hacıoğlu, Caner Özyurtlu, Itır Esen, Rüya Önal, Tuba Büyüküstün, Jean-Claude Van Damme, Yağmur Atacan, Ayda Aksel, Volkan Demirok, Özge Özder, Okan Bayülgen, Candaş Çetinkaya"
714,Tabutta Rövaşata,Film,Dram,Derviş Zaim,Ezel Akay,1996,İ.F.R.,"Ahmet Uğurlu, Tuncel Kurtiz, Ayşen Aydemir"
715,Takip: İstanbul,Film,Dram,Olivier Megaton,Luc Besson,2012,dağıtıcı = 20th Century Fox,"Liam Neeson, Famke Janssen, Maggie Grace, Rade Šerbedžija"
716,Talihli Amele,Film,Komedi,Atıf Yılmaz,Atıf Yılmaz,1980,dağıtıcı =,"İlyas Salman, Hümeyra, Metin Serezli"
717,Tatar Ramazan,Dizi,Gerilim/Suç,Cevdet Mercan (Yönetmen),Erol Avcı (Yapımcı),2013,TMC Film,"Bülent İnal, Burak Yamantürk, Burcu Kara, Özge Özpirinçci, Osman Soykut, Umut Karadağ, Şebnem Hassanisoughi, Demir Karahan, Ahmet Mekin, Vedat Erincin, Ayla Arslancan, Nur Sürer, Türkü Turan, Umut Kurt, Volga Sorgu, Taner Ölmez, Tugay Mercan, Sezai Altekin, Mehmet Ali Nuroğlu, Saygın Soysal, Cemal Hünal, Emre Melemez, Hikmet Karagöz, Turgay Kantürk, Kanbolat Görkem Arslan, Serdal Genç, Kadim Yaşar, Erol Gedik, Görkem Türkeş, Bekir Hakan Ünverdi, Hasan Say, Recep Yener, Tamer Yiğit, Hande Erçel"
718,Tatar Ramazan (dizi),Dizi,Dram,Cevdet Mercan,Erol Avcı,2013,TMC Film,"Bülent İnal, Burak Yamantürk, Burcu Kara"
719,Tatlı Bela Fadime,Dizi,Komedi,Cankat Ergin,Türker İnanoğlu,2007,Erler Film,"Nehir Erdoğan, Berk Oktay"
720,Tatlı Dillim,Film,Komedi,Ertem Eğilmez,Nahit Ataman,1972,Arzu Film,"Tarık Akan, Filiz Akın, Halit Akçatepe, Metin Akpınar, Zeki Alasya, Hulusi Kentmen, Münir Özkul, Kemal Sunal, Cemil Can Bıçakçı"
721,Tatlı Hayat,Dizi,Komedi,Bora Tekay (Yönetmen),Sibel Tuna (Yapımcı),2005,Medyapım,"Türkan Şoray, Haluk Bilginer, Asuman Dabak, Çolpan İlhan, Neco, Celal Kadri Kınoğlu, Gamze Özçelik, Emre Altuğ, Veysel Diker, Sevinç Aktansel, Sedat Kalkavan, Levent Sülün"
722,Tatlı İntikam,Dizi,Komedi,Barış Erçetin (Yönetmen),Ayşe Durmaz (Yapımcı),2016,D Productions,"Leyla Lydia Tuğutlu, Furkan Andıç"
723,Taçsız Kral,Film,Dram,Atıf Yılmaz,Ertem Eğilmez,1965,Arzu Film,"Metin Oktay, Gönül Yazar, Ayten Gökçer"
724,Taş Mektep (film),Film,Dram,Altan Dönmez,"Elin Ecealp , Galip Güner",2012,dağıtıcı = Medyavizyon,"Orhan Kılıç , Ayça Varlıer , Feride Çetin , Hazım Körmükçü, Bora Akkaş, Elit İşcan , Itır Esen"
725,Taşacak Bu Deniz,Dizi,Dram,Çağrı Bayrak,Onur Güvenatam,2019,OGM Pictures,"Ulaş Tuna Astepe, Deniz Baysal"
726,Taşı Toprağı Altın Şehir,Film,Dram,Orhan Aksoy,Türker İnanoğlu,1978,Erler Film,"Levent Kırca , Ayşegül Atik, Mahmut Gürses, Asım Par, Erol Taş, Hüseyin Baradan"
727,Tehlikeli Karım,Dizi,Romantik,Çağrı Bayrak (Yönetmen),Faruk Bayhan (Yapımcı),2018,MF Yapım,"Gonca Vuslateri, Seçkin Özdemir, Mustafa Üstündağ, Bige Önal"
728,Tek Yürek,Dizi,Aksiyon,Mehmet Ada Öztekin (1)Nezaket Coşkun (2-22) (Yönetmen),Ahmet Kayımtu (Yapımcı),2019,Degas Film,"Tayanç Ayaydın, Vildan Atasever, Hilmi Cem İntepe, Anıl Tetik, Alpay Kemal Atalan, Eslem Akar, Tugay Bahşi, Arda Anarat, Atakan Yılmaz, Kaan Altay Köprülü"
729,Temmuz'da,Film,Komedi,Fatih Akın,senarist = Fatih Akın,2012,dağıtıcı =,"Christiane Paul (Juli), Mehmet Kurtuluş (İsa), Moritz Bleibtreu (Daniel), İdil Üner (Melek)"
730,Tenten ve Altın Post,Film,Macera,Jean-Jacques Vierne,André Barret,1961,"Alliance de Production , Téléfrance","Jean-Pierre Talbot , Georges Wilson"
731,Tepe'nin Uşakları (film),Film,Komedi,İsmet Eraydın,Bilinmiyor,2013,Hamsi Medya,Samet Karahasanoğlu
732,Terkedilmiş,Film,Dram,Korhan Uğur,Mustafa Saygın,2015,Saygın Film,"Levent Ülgen, Hakan Vanlı, Sema Şimşek"
733,Tetikçinin Oğlu,Dizi,Aksiyon,Yağız Alp Akaydın,Saner Ayar,2023,O3 Medya,"Şevket Çoruh, Timuçin Esen"
734,Teşkilat,Dizi,Aksiyon,Yağız Alp Akaydın (1-4)Hakan Kırvavaç (5-14)Burak Arlıel (15-) (Yönetmen),Timur SavcıBurak Sağyaşar (Yapımcı),2021,TİMSBİ Productions,"Tolga Sarıtaş, Rabia Soytürk, Yunus Emre Yıldırımer, Buçe Buse Kahraman, Erkan Bektaş, Serdar Yeğin, Murat Han, Erkan Petekkaya, Murat Yıldırım, Deniz Baysal, Çağlar Ertuğrul, Aybüke Pusat, Mesut Akusta, Gürkan Uygun, Turgut Tunçalp, Tuncer Salman, Ezgi Şenler, Nihat Altınkaya, Ezgi Eyüboğlu, Levent Can, Mehmet Usta, Ahmet Uğur Say, Ceyhun Mengiroğlu, Cengiz Bozkurt, Sarp Levendoğlu, Murat Aygen, Adnan Biricik, Tuvana Türkay"
735,Teşkilat (dizi),Dizi,Aksiyon,Yağız Alp Akaydın,Timur Savcı,2021,Tims&B,"Tolga Sarıtaş, Deniz Baysal, Murat Yıldırım"
736,The Ministry of Ungentlemanly Warfare,Film,Dram,Guy Ritchie,Jerry Bruckheimer,2024,Bilinmiyor,Henry Cavill
737,The Net 2.0,Film,Dram,Charles Winkler,senarist = Rob Cowan,2005,"dağıtıcı = Columbia Pictures Corporation , '''ABD'''","Nikki Deloach, Cengiz Bozkurt, Şebnem Dönmez, Demet Akbağ, Neil Hopkins, Güven Kıraç, Osman Soykut"
738,The Swimmers,Film,Dram,Sally El Hosaini,Eric Fellner,2022,Working Title,"Nathalie Issa, Manal Issa"
739,Topal (film),Film,Macera,Orhan Elmas,İrfan Atasoy,1973,İrfan Film,"İrfan Atasoy, Meral Orhonsay"
740,Topkapı (film),Film,Gerilim/Suç,Jules Dassin,Jules Dassin,1964,Filmways Pictures,"Melina Mercouri, Peter Ustinov, Maximilian Schell, Ege Ernart"
741,Toprak ile Fidan,Dizi,Dram,Eray KoçakAtilla Cengiz (Yönetmen),İnci Gülen Oarr (Yapımcı),2022,OGM PicturesStellar Yapım,"Hazal Adıyaman, Osman Aydın"
742,Tozkoparan,Dizi,Macera,Şevki Es (Yönetmen),Can Özcanlı (Yapımcı),2018,Veya Yapım (1-10)Fotoroman Film Yapım (11-55),"Özgür Ege Nalcı, Yusuf Gökhan Atalay, Burak Kut, Burcu Altın, Tuana Naz Tiryaki, Leya Kırşan, Yağız Kılınç, Deniz Erayvaz, Alara Kardak"
743,Tozkoparan İskender,Dizi,Fantastik,Hakan Şahin (1-5)Bora Onur (5-26)Kudret Sabancı (27-46) (Yönetmen),Elif Hamamcı (Yapımcı),2021,Fotoroman Film,"Çağan Efe Ak, Tuana Naz Tiryaki, Yağız Kılınç, Leya Kırşan, Deniz Erayvaz, Berat Efe Parlar, Alperen Efe Esmer, Zeynep Doğangün"
744,Turist Ömer Uzay Yolunda,Film,Bilim Kurgu,Hulki Saner,Hulki Saner,1973,Saner Film,"Sadri Alışık, Cemil Şahbaz, Erol Amaç"
745,Tutsak,Dizi,Dram,Serhan Şahin (Yönetmen),İrfan Şahin (Yapımcı),2017,1441 Prodüksiyon,"Pamir Pekin, Gülper Özdemir, Caner Şahin"
746,Tutunamayanlar,Dizi,Komedi,Murad ZaloğluOsman Nail Doğan (Yönetmen),Ahmet Tarık GüvenOgün Şanlıer (Yapımcı),2020,İstanbul Medya AkademisiNeden Film,"Doğu Demirkol, Ece Çeşmioğlu, Zafer Algöz, Barış Yıldız, Bora Akkaş"
747,Tövbeler Tövbesi,Dizi,Komedi,Aydın BulutSeben Delice (Yönetmen),Hayri Aslan (Yapımcı),2011,Limon Film,"Tuba Ünsal, Cemal Toktaş, Fulya Zenginer, Keremcem, Füsun Demirel, Rıza Akın, Cihat Tamer, Pınar Dikici"
748,Türk Malı,Dizi,Komedi,Tayfun Güneyer (Yönetmen),Ali Gündoğdu Mehmet Yiğit Alp (Yapımcı),2010,Kuzey Production,"Şafak Sezer, Binnur Kaya, Hazal Şenel, Barış Çelikkol, Özkan Uğur, Melek Baykal, Bekir Aksoy, Devin Özgür Çınar, Sinan Çalışkanoğlu"
750,Türk'ün Uzayla İmtihanı,Dizi,Bilim Kurgu,Uğur Yağcıoğlu (Yönetmen),Ali Gündoğduİnci Gündoğdu (Yapımcı),2012,Süreç Film,"Ufuk Özkan, Peker Açıkalın, Sinan Çalışkanoğlu, Özge Ulusoy, Veysel Diker, Bala Atabek, Ayşe Melike Çerçi, Bülend Çolak, Yonca Oskay, Haki Biçici"
751,Türkiye'nin Kalbi Ankara,Film,Belgesel,Sergey Yutkeviç,Lev Arnstam,1934,Bilinmiyor,Bilinmiyor
752,Ufak Tefek Cinayetler,Dizi,Gerilim/Suç,Ali BilginDeniz Yorulmazer (Yönetmen),Kerem ÇatayPelin Diştaş (Yapımcı),2017,Ay Yapım,"Gökçe Bahadır, Aslıhan Gürbüz, Bade İşçil, Tülin Özen, Mert Fırat"
753,Ulan İstanbul,Dizi,Aksiyon,Murat Onbul (Yönetmen),Elif Ayşe Durmaz (Yapımcı),2014,D Productions,"Uğur Polat, Şebnem Bozoklu, Erkan Kolçak Köstendil, Kaan Yıldırım, Sevtap Özaltun, Salih Bademci"
754,Uluslararası (film),Film,Gerilim/Suç,Tom Tykwer,"Charles Roven, Richard Suckle, Lloyd Phillips",2009,Relativity Media,"Clive Owen, Naomi Watts, Armin Mueller-Stahl, Brian F. O'Byrne, Ulrich Thomsen, Haluk Bilginer"
755,Umuda Kelepçe Vurulmaz,Dizi,Dram,Cemal Şan (Yönetmen),Burak Sağyaşar (Yapımcı),2010,Bi Yapım Prodüksiyon,"Begüm Birgören, Özge Özder, Mert Yazıcıoğlu, Melisa Şenolsun, Burak Dakak"
756,Umut Sokağı,Film,Dram,Şerif Gören,Abdurrahman Keskiner,1986,dağıtıcı =,"Kadir İnanır , Bülent Bilgiç"
757,Umut Taksi,Dizi,Dram,Yusuf Kurçenli (8 bölüm) Avni Kütükoğlu (44 bölüm) (Yönetmen),Sami GünayHümmet Lale (Yapımcı),1992,Bilinmiyor,"Dilaver Uyanık Yılmaz Erdoğan Ferdi Akarnur Necati Bilgiç Tayfun Çorağan, Nüvit Özdoğru, Ayla Algan"
758,Umut Yolcuları,Dizi,Gerilim/Suç,Ümmü Burhan (Yönetmen),Türker İnanoğlu (Yapımcı),2010,Erler Film,"Zuhal Olcay, Yetkin Dikinciler, Haluk Piyes, Sedef Avcı, Bülent Alkış, Zafer Alpat"
759,Unutma Beni,Dizi,Dram,Bilinmiyor,Nilgün Sağyaşar,2008,Focus Film,"Didem Özkavukçu, Osman Karakoç"
760,Unutulmaz,Dizi,Dram,Ersoy GülerCem TabakŞenol Sönmez (Yönetmen),Ahmet Bayram (Yapımcı),2009,Stil Medya,"Serhan Yavaş, Sinem Öztufan, Özlem Yılmaz, Nihat Altınkaya, Deniz Gökçer Fikret Hakan"
761,Ustura Kemal,Dizi,Dram,Mustafa Şevki Doğan (Yönetmen),Ali Gündoğduİnci Gündoğdu (Yapımcı),2012,Süreç Film,"Oktay Kaynarca, Naz Elmas, Emre Kınay"
762,Uyanık Gazeteci,Film,Komedi,Kartal Tibet,Yahya Kılıç,1988,Cem Film,"Kemal Sunal, Kutay Köktürk, Nesrin Akkoç"
763,Uyanık Kardeşler,Film,Komedi,Hulki Saner,Hulki Saner,1974,Saner Film,"Kadir İnanır, Müjdat Gezen, Arzu Okay"
764,Uyanış: Büyük Selçuklu,Dizi,Aksiyon,Sedat İnci (Yönetmen),Emre Konuk (Yapımcı),2020,Akli Film,"Buğra Gülsoy, Ekin Koç, Hatice Şendil, Gürkan Uygun, Sezin Akbaşoğulları, Sevda Erginci, Mehmet Özgür, Leyla Lydia Tuğutlu, Cemal Toktaş, İlker Kızmaz, Ali Gözüşirin, Leyla Feray, Pınar Töre, Bülent Alkış"
765,Uykucu,Film,Aksiyon,Can Ulkay,Polat Yağcı,2025,Poll Films,"Çağatay Ulusoy, Elçin Sangu"
766,"Uzak (film, 2002)",Film,Dram,Nuri Bilge Ceylan,Nuri Bilge Ceylan,2002,NBC Film,"Mehmet Emin Toprak, Muzaffer Özdemir, Zuhal Gencer, Nazan Kırılmış, Feridun Koç, Fatma Ceylan"
767,Uzak Şehir,Dizi,Dram,Yıldız Aşanboğa,Kerem Çatay,2024,Ay Yapım,"Ozan Akbaba, Sinem Ünsal"
768,Uzak Şehrin Masalı,Dizi,Dram,Mustafa Şevki Doğan,Fırat Parlak,2021,25 Film,"Aslıhan Güner, Barış Kılıç"
769,"Uzun Hikâye (film, 2012)",Film,Macera,Osman Sınav,"Suat Kapkı, Osman Sınav",2012,"Sinegraf, Şafak Film","Kenan İmirzalıoğlu, Tuğçe Kazaz, Altan Erkekli, Güven Kıraç"
770,Uçurtmayı Vurmasınlar,Film,Dram,Tunç Başaran,Tunç Başaran,1989,Magnum Film,"Ozan Bilen, Nur Sürer, Füsun Demirel"
771,Uğurlugiller,Dizi,Komedi,Gürol Gökçe (1-3)Uğur Erkır (4-55)Aram Gülyüz (56-68) (Yönetmen),Uğur Erkır (Yapımcı),1988,STR,Bilinmiyor
772,Vali (film),Film,Dram,M. Çağatay Tosun,Ata Türkoğlu,2008,Koliba Film,"Erdal Beşikçioğlu, Uğur Polat, İsmail Hacıoğlu"
773,Vatanım Sensin,Dizi,Dram,Taylan Biraderler,Saner Ayar,2016,O3 Medya,"Halit Ergenç, Bergüzar Korel"
774,Vay Anam Vay,Dizi,Komedi,Erdoğan Engin (Yönetmen),Abdullah Oğuz (Yapımcı),1999,ANS Productions,"Nevra Serezli Attila Olgaç Sıdıka Şenkan Ayhan Kavas Gülen Karaman Hakan Vanlı Burçak Işımer Metin Zakoğlu Saydam Yeniay, Melike Güner Alev Cınbarcı Rüyam Olunçay Parkan Özturan Kaya Gürel Ezgim Kılınç Mustafa Uzunyılmaz Nesrin İşçi Nihal Menzil"
775,Veda,Dizi,Romantik,Merve Girgin (Yönetmen),Fatih Aksoy (Yapımcı),2012,Medyapım,"Mehmet Aslantuğ, Fahriye Evcen, Maral Üner, Jale Arıkan, Sevda Erginci, Ahmet Tansu Taşanlar"
776,Veda (film),Film,Dram,Zülfü Livaneli,Özkan İpek,2010,Kamera Film,"Sinan Tuzcu, Dolunay Soysert, Özge Özpirinçci"
777,Veliaht,Dizi,Aksiyon,Sinan Öztürk (Yönetmen),Yamaç OkurFaruk TurgutMehmet Eryılmaz (Yapımcı),2025,Faro YapımGold Film,"Akın Akınözü, Serra Arıtürk"
778,Ver Elini Aşk,Dizi,Komedi,Bora Onur,Ayça Aral Sarangil,2017,Salacak Yapım,"Ali İl, Sevda Erginci"
779,Vicdan (film),Film,Dram,Erden Kıral,Turan Tokel,2008,Deniz Film,"Nurgül Yeşilçay, Murat Han, Tülin Özen"
780,Vizontele,Film,Komedi,Yılmaz Erdoğan,Necati Akpınar,2000,BKM,"Yılmaz Erdoğan, Demet Akbağ"
781,Vizontele Tuuba,Film,Komedi,Yılmaz Erdoğan,Necati Akpınar,2003,BKM,"Yılmaz Erdoğan, Tarık Akan"
782,Vurgun,Dizi,Dram,Altan DönmezOrkun ÇatakHilal Saral (Yönetmen),Faruk Turgut (Yapımcı),2021,Gold Film,"Erkan Petekkaya, Deniz Çakır, Emre Kınay, Begüm Birgören, Cemal Toktaş, Aliye Uzunatağan, Altan Erkekli, İnanç Konukçu"
783,Vuslat,Dizi,Aksiyon,Murat Onbul (1-2)Barış Yöş (3-44) (Yönetmen),Uğur VeliRaif İnan (Yapımcı),2019,A23 Medya,"Kadir Doğulu, Devrim Özkan, Mehmet Özgür, Ümit Kantarcılar"
784,Ya İstiklal Ya Ölüm,Dizi,Dram,Yasin Uslu (Yönetmen),| editör = (Yapımcı),2020,Kirli Kedi,"İlker Kızmaz, Birkan Sokullu, Dolunay Soysert, Osman Sonant, Mehmet Özgür, Rıza Kocaoğlu, Hilmi Cem İntepe, Melis Sezen"
785,Ya İstiklal Ya Ölüm (dizi),Dizi,Dram,Yasin Uslu,Bilinmiyor,2020,Kirli Kedi,"İlker Kızmaz, Birkan Sokullu"
786,Yabancı Damat,Dizi,Komedi,Yağmur Taylan,Türker İnanoğlu,2004,Erler Film,"Erdal Özyağcılar, Sumru Yavrucuk"
787,Yahşi Batı,Film,Western,Ömer Faruk Sorak,"Can Yılmaz, Cem Yılmaz, Murat Akdilek",2009,"Böcek Yapım, CMYLMZ Fikir Sanat, Fida Film","Cem Yılmaz , Ozan Güven , Demet Evgar , Özkan Uğur , Zafer Algöz"
788,Yahşi Cazibe,Dizi,Komedi,Bora Onur (Yönetmen),| editör = (Yapımcı),2010,Süreç Film,"Hakan Yılmaz, Aslıhan Gürbüz, Gökçe Özyol, Hande Katipoğlu, Ege Kökenli, Bekir Aksoy, Sezai Aydın, Serhan Arslan"
789,Yakışıklı,Film,Komedi,Orhan Aksoy,Memduh Ün,1987,Uğur Film,"Kemal Sunal, Renan Fosforoğlu, Hüseyin Kutman, Ayşegül Uygurer"
790,Yalan Dünya,Dizi,Komedi,Jale Atabey Özberk (Yönetmen),Ayşe E. Durmaz (Yapımcı),2012,D Productions,"Altan Erkekli Füsun Demirel Olgun Şimşek, Beyazıt Öztürk, Gülse Birsel Hasibe Eren, Sarp Apak, Öner Erkan"
791,Yalancı Yarim (dizi),Dizi,Romantik,Özer Kızıltan,Bilinmiyor,2006,FM Yapım,"Barış Akarsu, Merve Sevi"
792,Yalnız Kurt,Dizi,Aksiyon,Çağatay Tosun (Yönetmen),Osman Sınav (Yapımcı),2022,Sinegraf,{{Yalın liste|
793,Yalı Çapkını,Dizi,Romantik,Burcu Alptekin,Onur Güvenatam,2022,OGM Pictures,"Afra Saraçoğlu, Mert Ramazan Demir"
794,Yan Yana,Film,Komedi,Mert Baykal,"Muzaffer Yıldırım, Tamer Başaran, Berent Baytekin",2025,NuLook Production,"Haluk Bilginer, Feyyaz Yiğit"
795,Yanık Koza,Dizi,Dram,Murat Saraçoğlu,Hayri Aslan,2005,Limon Film,"Yavuz Bingöl, Başak Köklükaya, Çolpan İlhan"
796,Yaprak Dökümü,Dizi,Dram,Mesude Erarslan (Yönetmen),Kerem Çatay (Yapımcı),2006,Ay Yapım,"Halil Ergün Güven Hokna Bennu Yıldırımlar Deniz Çakır Tolga Karel Caner Kurtaran Hasan Küçükçetin Gökçe Bahadır Fahriye Evcen Bedia Ener, Seda Demir"
797,"Yaprak Dökümü (dizi, 2006)",Dizi,Dram,Mesude Erarslan,Kerem Çatay,2006,Ay Yapım,"Halil Ergün, Güven Hokna, Deniz Çakır"
798,Yaralı Kuşlar,Dizi,Dram,Yasemin ErkulEce Tahtalıoğlu Pertez (Yönetmen),İnal Gülen Oarr (Yapımcı),2019,Stellar Yapım,"Gizem Arıkan, Emre Mete Sönmez, Ali Yasin Özegemen, Ayşen İnci, Özgür Özberk, Elif Erol, Melis Cemre Çınar"
799,Yargı,Dizi,Gerilim/Suç,Ali Bilgin (1-95)Beste Sultan Kasapoğulları (20-95) (Yönetmen),Kerem Çatay (Yapımcı),2021,Ay Yapım,"Kaan Urgancıoğlu, Pınar Deniz"
800,Yargı (dizi),Dizi,Gerilim/Suç,Ali Bilgin,Kerem Çatay,2021,Ay Yapım,"Kaan Urgancıoğlu, Pınar Deniz"
801,Yarım Elma,Dizi,Komedi,Deniz Akçay Katıksız Ömer Uğur (Yönetmen),Bahadır Atay (Yapımcı),2014,Sis Yapım,Janset Paçal Günay Karacaoğlu
802,Yarım Kalan Saadet,Film,Dram,Türker İnanoğlu,Türker İnanoğlu,1970,Erler Film,"Cüneyt Arkın, Filiz Akın"
803,Yarına Tek Bilet,Film,Romantik,Ozan Açıktan,Bilinmiyor,2020,OGM Pictures,"Metin Akdülger, Dilan Çiçek Deniz"
805,Yaz Şarkısı,Dizi,Komedi,Doğa Can Anafarta,Yaşar İrvül,2023,Pastel Film,"Nilsu Berfin Aktaş, Mustafa Mert Koç"
806,Yaz'ın Öyküsü,Dizi,Romantik,Yağız Alp Akaydın (Yönetmen),Elif Ayşe Durmaz (Yapımcı),2016,D Productions,"Ece Çeşmioğlu Vildan Atasever Tansel Öngel Çağdaş Onur Öztürk, Tarık Özcan Ündüz"
807,Yazı Tura (film),Film,Dram,Uğur Yücel,Uğur Yücel,2004,Cinegram,"Kenan İmirzalıoğlu, Olgun Şimşek"
808,"Yaşamın Kıyısında (film, 2007)",Film,Dram,Fatih Akın,Bilinmiyor,2007,Anka Film,"Nurgül Yeşilçay, Baki Davrak"
809,Yedi Numara,Dizi,Komedi,Haluk Bener Sadullah Celen (Yönetmen),Oya Yüce (Yapımcı),2005,Bilinmiyor,"Şebnem Sönmez Engin Alkan Tuba Erdem, Okan Selvi, Ayça Mutlugil, Nuray Uslu, Gülden Güney, Volkan Girgin"
810,Yemin,Dizi,Dram,Hakan ArslanReyhan Pekar (Yönetmen),| denetleyici_yapımcılar = (Yapımcı),2019,Karamel Yapım,"Gökberk Demirci, Özge Yağız, Cansu Tuman, Setenay Süer, Can Verel, Yağmur Şahbazova"
811,Yeni Gelin,Dizi,Komedi,Ersoy Güler,İnci Gündoğdu,2017,Süreç Film,"Jessica May, Tolga Mendi"
812,Yeni Hayat,Dizi,Aksiyon,Başak SoysalCem Özüduru (Yönetmen),Ömer ÖzgünerÜmmü Burhan (Yapımcı),2020,OJO Pictures,"Serkan Çayoğlu, Melisa Aslı Pamuk, Tayanç Ayaydın, Nilperi Şahinkaya"
813,Yer Gök Aşk,Dizi,Dram,Canan Çelik,Şükrü Avşar,2010,Avşar Film,"Birce Akalay, Burak Hakkı"
814,Yeter,Dizi,Dram,Tarkan KarlıdağCemal ŞanKemal Uzun (Yönetmen),Ata Türkoğlu (Yapımcı),2015,Koliba Film,"Pelin Karahan, Yurdaer Okur, Ekin Türkmen, Wilma Elles, Rüçhan Çalışkur, Hazım Körmükçü, Mustafa Mert Koç"
815,Yetim Gönüller,Dizi,Romantik,Yıldız Aşanboğa (Yönetmen),Sevim Gündoğdu Çalgan (Yapımcı),2012,Ser Film,"Yağmur Ün, Gürkan Günal"
816,Yeşil Deniz,Dizi,Komedi,Yahya Samancı,Ayfer Özgürel,2014,TFT Yapım,"Burak Serdar Şanal, Mert Turak"
817,Yok Artık 2,Film,Komedi,Caner Özyurtlu,"AC Film, Yıldırım Film, Şebnem Bozoklu",2016,dağıtıcı = TME Films,"Zafer Algöz, Şebnem Bozoklu, Onur Buldu, Cem Gelinoğlu"
818,Yok Artık!,Film,Komedi,Caner Özyurtlu,"AC Film, Yıldırım Film, Şebnem Bozoklu",2015,dağıtıcı = Bir Film,"Şebnem Bozoklu, Demet Evgar, Çağlar Çorumlu, Erkan Kolçak Köstendil"
819,Yol Ayrımı (film),Film,Dram,Yavuz Turgul,Erol Avcı,2017,Turkish Media Corporation,"Şener Şen, Rutkay Aziz, Mert Fırat, Nihal Yalçın"
820,Yol Kenarı,Film,Dram,Tayfun Pirselimoğlu,Tayfun Pirselimoğlu,2014,Mitra Filmcilik,"Tansu Biçer, Nalan Kuruçim"
821,Yolunda A.Ş: Çinçin Bağları Hikayesi,Film,Komedi,Emre Budak,Han Yapım,2015,Han Yapım,"Erdağ Yenel, İbrahim Aymergen"
822,Yumurta (film),Film,Dram,Semih Kaplanoğlu,Semih Kaplanoğlu,2007,Kaplan Film,"Nejat İşler, Saadet Işıl Aksoy"
823,Yunus Emre Aşkın Yolculuğu,Dizi,Dram,Kamil Aydın (1. sezon)Emre Konuk (2. sezon) (Yönetmen),| denetleyici_yapımcılar = (Yapımcı),2015,Tekden Film,"Yusuf Gökhan Atalay, Payidar Tüfekçioğlu, Baran Akbulut"
824,Yusuf Yusuf (film),Film,Komedi,Ersoy Güler,Ali Gündoğdu,2014,Süreç Film,"Ali Sunal, Burak Satıbol, Oya Başar"
825,Yuvamdaki Düşman,Dizi,Dram,Bilinmiyor,Bilinmiyor,2011,Bilinmiyor,Bilinmiyor
826,Yüksek Sosyete,Dizi,Komedi,Metin Balekoğlu(1-8. bölüm)Feride Kaytan(8-26. bölüm) (Yönetmen),Burak Sağyaşar (Yapımcı),2016,Bi Yapım,"Hazar Ergüçlü, Engin Öztürk, Meriç Aral, Ozan Dolunay, Zuhal Olcay"
827,Yüz Lira ile Evlenilmez,Film,Komedi,Osman Fahir Seden,İrfan Ünal,1975,Akün Film,"{{Yalın liste, , * Ediz Hun, * Gülşen Bubikoğlu, * Ahu Tuğbay, * Bülent Kayabaş , * Hulusi Kentmen, * Adile Naşit, * Suzan Avcı, * Mete İnselel}}"
828,Yüz Yüze,Dizi,Aksiyon,Osman Taşcı (Yönetmen),Timur SavcıBurak Sağyaşar (Yapımcı),2017,Tims&B Productions,"Birkan Sokullu, Sinem Kobal, Taner Ölmez"
829,Yüz Yıllık Mucize,Dizi,Fantastik,Hilal Saral,Onur Güvenatam,2023,OGM Pictures,"Birkan Sokullu, Ebru Şahin"
830,Yüzleşme (dizi),Dizi,Gerilim/Suç,Ömer Faruk Sorak,Bülent Turgut,2019,T Company,"Hande Doğandemir, Uğur Yücel"
831,Yüzyıllık Mühür,Dizi,Dram,Mehmet Bahadır Er,Bilinmiyor,2016,Galibarda,"Serkan Kuru, Ali Akdal, Yiğit Özşener"
832,Yılan Hikâyesi,Dizi,Gerilim/Suç,Nihat Durak (Yönetmen),Osman Yağmurdereli (Yapımcı),1999,Yağmur Ajans,"Meltem Cumbul, Memet Ali Alabora, Çetin Tekindor, Ayten Gökçer, Süleyman Turan, Emre Kınay"
833,Yılanların Öcü,Dizi,Dram,Cemal Şan (Yönetmen),Ata Türkoğlu (Yapımcı),2014,Koliba Film,"Cemal Toktaş, Hande Soral, Ahmet Varlı, Gözde Çığacı, Nail Kırmızıgül, Mehmet Atay, Gonca Yakut, Rüçhan Çalışkur, Şebnem Dilligil, Servet Pandur, Hande Kaptan, Nalan Örgüt, Süleyman Karaahmet, Burak Can, Sibel Şişman Ceyda Kasabalı"
834,Yılanların Öcü (dizi),Dizi,Dram,Cemal Şan,Ata Türkoğlu,2014,Koliba Film,"Cemal Toktaş, Hande Soral"
835,Yıldızlar Şahidim,Dizi,Romantik,Yıldız Hülya Bilban(1-3)Serhat Çakıroğlu (4) (Yönetmen),Ali GündoğduAsena Bülbüloğlu (Yapımcı),2022,Süreç Film,"Canan Ergüder, Mesut Akusta, Berk Cankat, Özge Gürel"
836,Zalim İstanbul,Dizi,Dram,Cevdet Mercan (1-25) Gökçen Usta (26-32) Şenol Sönmez (33-39) (Yönetmen),Şükrü Avşar (Yapımcı),2019,Avşar Film,"Fikret Kuşkan, Deniz Uğur, Mine Tugay, Ozan Dolunay, Sera Kutlubey, Berker Güven, Simay Barlas, Bahar Şahin İdris Nebi Taşkan"
837,Zapping Ailesi,Dizi,Dram,Bilinmiyor,Bilinmiyor,2001,Bilinmiyor,Bilinmiyor
838,Zengin Kız Fakir Oğlan,Dizi,Dram,Bilinmiyor,Bilinmiyor,2006,Bilinmiyor,Bilinmiyor
839,Zengin ve Yoksul,Dizi,Romantik,Deniz Yorulmazer (Yönetmen),Mehmet Yiğit Alp (Yapımcı),2019,Bilinmiyor,"Binnur Kaya, Gökhan Alkan, Osman Sonant, Evrim Solmaz Damla Colbay, Gülcan Arslan"
840,Zerda,Dizi,Dram,Kudret Sabancı,Erol Avcı,2002,TMC,"Yavuz Bingöl, Ece Uslu"
841,Zübük (film),Film,Komedi,Kartal Tibet,Türker İnanoğlu,1981,Erler Film,"Kemal Sunal, Nevra Serezli, Bülent Kayabaş"
842,Zümrüdüanka (dizi),Dizi,Dram,Cemal Şan,Yaşar İrvül,2020,Pastel Film,"Alp Navruz, Ceren Yılmaz"
843,Çakallarla Dans (film),Film,Komedi,Murat Şeker,"Murat Şeker, Uğur Şeker",2010,SugarWorkz,"Şevket Çoruh, İlker Ayrık, Timur Acar, Murat Akkoyunlu, Tuba Ünsal, Kemal Uçar"
844,Çakallarla Dans 2: Hastasıyız Dede,Film,Komedi,Murat Şeker,"Murat Şeker, Uğur Şeker",2012,SugarWorkz,"Şevket Çoruh , İlker Ayrık , Timur Acar , Murat Akkoyunlu"
845,Çakallarla Dans 3: Sıfır Sıkıntı,Film,Gerilim/Suç,Murat Şeker,"Murat Şeker, Uğur Şeker",2014,"SugarWorkz, TAFF Pictures","Şevket Çoruh, İlker Ayrık, Timur Acar, Murat Akkoyunlu, Bülent Çolak"
846,Çakallarla Dans 7,Film,Komedi,Murat Şeker,Timur Savcı,2024,SugarWorkz,"Şevket Çoruh, Timur Acar, Murat Akkoyunlu"
847,Çalgı Çengi,Film,Macera,Selçuk Aydemir,"Erol Yildirim, Onur Yıldız, Can Yılmaz, Cem Yılmaz, Salih Özsarı",2010,PRA Films,"Murat Cemcir, Ahmet Kural, Erdal Tosun, Tuna Orhan, Cahit Gök, Aykut Köseler, Şinasi Yurtsever, Hazal Kaya, Bora Akkaş"
848,Çalıkuşu,Dizi,Dram,Çağan IrmakDoğan Ümit Karaca (Yönetmen),Timur Savcı (Yapımcı),2013,Tims&B Productions,"Fahriye Evcen, Burak Özçivit"
849,Çapkın,Dizi,Komedi,Bora Onur (Yönetmen),Ali Gündoğdu (Yapımcı),2012,Süreç Film,Okan Yalabık Özlem Conker Ahmet Mümtaz Taylan Nergis Kumbasar Suna Pekuysal Bartu Küçükçağlayan Melis Birkan Nergis Kumbasar Nilüfer Silsüpür Burçin Üçüncüoğlu Volga Sorgu Zuhal Yalçın Aslı Orcan Süheyla Gözde Soley Mustafa Uzunyılmaz Seval İşgören Güngör Varlı Hasan Mullaoğlu
850,Çarli,Dizi,Komedi,Bülent Özdural (1-9)Yavuz Boztepe (10-24) (Yönetmen),Burçin Özdemir (Yapımcı),1998,| dağıtıcı =,"Çarli, Ercan Diler, Berrin Arısoy, Melodi Bağcı, İlker Aksum, Okan Sanlıtop"
851,Çarpışma,Dizi,Gerilim/Suç,"Uluç Bayraktar (1-6, 10-24)Ahmet Katıksız (7-9)Ufuk Hakan Eren (7-9) (Yönetmen)",Kerem ÇatayPelin Diştaş (Yapımcı),2018,Ay Yapım,"Kıvanç Tatlıtuğ, Elçin Sangu, Onur Saylak, Melisa Aslı Pamuk, Alperen Duymaz"
853,Çemberimde Gül Oya,Dizi,Dram,Çağan Irmak (Yönetmen),Şükrü AvşarBahadır Atay (Yapımcı),2004,Avşar Film,"Selda Alkor, Özge Özberk, Mehmet Ali Nuroğlu, Tuba Büyüküstün, Melisa Sözen, Suzan Aksoy, Şerif Sezer, Kenan Bal, Işıl Yücesoy"
854,Çifte Saadet,Dizi,Komedi,Bora Tekay (Yönetmen),Yaşar İrvül Efe İrvül (Yapımcı),2016,Pastel Film,"Fikret Kuşkan, Şebnem Bozoklu, Dolunay Soysert, Bora Akkaş, Dila Danışman, Bedia Ener"
855,Çilek Kokusu,Dizi,Romantik,Filiz Gülmez Pakman,Faruk Turgut,2015,Gold Film,"Demet Özdemir, Yusuf Çim"
856,Çiçek Abbas,Film,Komedi,Sinan Çetin,Engin Karadağ,1982,Kök Film,"İlyas Salman, Şener Şen, Pembe Mutlu, Ayşen Gruda, İhsan Yüce, Ahmet Mekin"
857,Çiçek Taksi,Dizi,Komedi,Yaşar SerinerÜmit EfekanMehmet BozkuşErdoğan Tokatlı (Yönetmen),Türker İnanoğlu (Yapımcı),1995,Ulusal Radyo TelevizyonErler Film,"Erol Günaydın, Tamer Yiğit, Mahmut Cevher, Eşref Kolçak, Ümit Yesin, Bekir Aksoy, Cengiz Küçükayvaz, Civan Canova, Gül Gölge, Tuna Arman"
858,Çiçero (film),Film,Dram,Serdar Akar,Mustafa Uslu,2019,Dijital Sanatlar,"Erdal Beşikçioğlu, Burcu Biricik"
859,Çoban Yıldızı,Dizi,Romantik,Gül OğuzKader Bayraktar (Yönetmen),Gül Oğuz (Yapımcı),2017,Most Production,"Şükrü Özyıldız, Selin Şekerci, Serhat Özcan, Menderes Samancılar, Selim Bayraktar, Özkan Uğur"
860,Çoban Yıldızı (dizi),Dizi,Romantik,Gül Oğuz,Gül Oğuz,2017,Most Production,"Şükrü Özyıldız, Selin Şekerci"
861,Çocuk,Dizi,Dram,Serkan Birinci (Yönetmen),İrfan ŞahinCengiz Deveci (Yapımcı),2019,1441 Productions,"Nazan Kesal, İsmail Hacıoğlu, Serhat Teoman, Merve Çağıran, Ceyda Ateş Toplusoy, Kenan Acar, Mehmet Emin Güney"
862,Çocuklar Duymasın,Dizi,Komedi,"Bora Tekay (2010-2014, 2017-2019)Raşit Çelikezer (2002-2005)Günay Köker (2010-2012) (Yönetmen)",Birol GüvenSüleyman Nebioğlu (2002) (Yapımcı),2002,Protel Yapım (2002)MinT Motion Pictures (2002-2019),"Tamer Karadağlı, Pınar Altuğ, Volkan Severcan, Zeyno Günenç, Öykü Güven, Alp Eren Khamis, Mehmet Baran Erdoğan, Buse Sinem İren'''Eski başrol'''Ayşecan Tatari, Furkan Kızılay, Özgür Ozan, Hayal Kahraman Özalp, Bengisu Özenel"
863,Çukur,Dizi,Aksiyon,Sinan Öztürk(1-4. sezon)Özgür Sevimli(2. sezon) (Yönetmen),Kerem Çatay (1-4. sezon) Pelin Diştaş (1-2. sezon) (Yapımcı),2017,Ay Yapım,"Aras Bulut İynemli, Dilan Çiçek Deniz, Ercan Kesal Perihan Savaş, Şenay Gürler Erkan Kolçak Köstendil, Öner Erkan, Rıza Kocaoğlu, Necip Memili, Damla Sönmez, Burak Sergen, Berkay Ateş, Erkan Avcı, Salih Kalyon, Nur Sürer, Mustafa Avkıran, Nejat İşler, Barış Arduç, Müfit Kayacan ve ''diğerleri''"
864,Çukur (dizi),Dizi,Aksiyon,Sinan Öztürk,Kerem Çatay,2017,Ay Yapım,"Aras Bulut İynemli, Dilan Çiçek Deniz"
865,Çöpçüler Kralı,Film,Macera,Zeki Ökten,Nahit Ataman,1977,Arzu Film,"Kemal Sunal, Şener Şen, Ayşen Gruda, İhsan Yüce, Erdal Özyağcılar, Türker Tekin, İlyas Salman"
866,Çılgın Bediş,Dizi,Komedi,Turgut Yasalar (1-5)Yavuz Figenli (6-53)Çetin İnanç (54-65)Ömer Uğur (66-70) (Yönetmen),Ayhan Aybek (Yapımcı),1996,Bilinmiyor,"Yonca Evcimik, Cenk Torun, Çiçek Dilligil, Selahattin Taşdöğen"
867,Çılgın Dersane Kampta,Film,Dram,Faruk Aksoy,"Faruk Aksoy, Ayşe Germen",2008,dağıtıcı = Özen Film,"Paşhan Yılmazel, Alp Kırşan, Berksan, Simge Tertemiz, Okan Karacan, Sevil Uyar, Ceyda Ateş , Ulaş Özer, Ozan Aydemir, Mustafa Topaloğlu, Sibel Tüzün"
868,Çıplak Vatandaş,Film,Komedi,Başar Sabuncu,Başar Sabuncu,1985,Uzman Filmcilik,"Şener Şen, Nilgün Akçaoğlu"
869,"Çırak (film, 2014)",Film,Dram,Tayfun Belet,Tayfun Belet,2014,Tabu Film,Hüsnü Şenlendirici
870,"Öksüzler (film, 1973)",Film,Dram,Ertem Göreç,Berker İnanoğlu,1973,dağıtıcı =,seslendiren =
871,Ölene Kadar,Dizi,Romantik,Umur Turagay,Timur Savcı,2017,Tims Productions,"Engin Akyürek, Fahriye Evcen, Sarp Levendoğlu"
872,Ölmüş Bir Koyunu Değerlendirmenin 37 Yolu,Film,Belgesel,Ben Hopkins,Bilinmiyor,2006,Bilinmiyor,"Sereban Aslan, Süleyman Atanisev"
873,Ölü Bir Deniz,Film,Dram,Atıf Yılmaz,Cengiz Ergun,1989,Yeşilçam Film,"Türkan Şoray, Rutkay Aziz, Özdemir İnce, Turgay Betil, Tarık Günersel, Dursun Ali Sarıoğlu, Sermin Karaali"
874,Ölüm Fermanı,Film,Dram,Bilinmiyor,Bilinmiyor,1987,Bilinmiyor,Bilinmiyor
875,Ölüm Görevi,Film,Gerilim/Suç,Cüneyt Arkın,Berker İnanoğlu,1978,Bilinmiyor,"Cüneyt Arkın, Perihan Savaş, Eşref Kolçak"
876,"Ölümlü Dünya (film, 2018)",Film,Aksiyon,Ali Atay,Timur Savcı,2017,TAFF Pictures,"Ahmet Mümtaz Taylan, Alper Kul, Sarp Apak, İrem Sak, Doğu Demirkol, Feyyaz Yiğit, Meltem Kaptan, Mehmet Özgür, Özgür Emre Yıldırım"
878,Öyle Bir Geçer Zaman ki,Dizi,Dram,Zeynep Günay (Yönetmen),Cengiz Deveci (Yapımcı),2010,D Productions,{{Yalın liste|
880,Özür Dilerim,Film,Komedi,İbrahim Büyükak,Fırat Parlak,2022,25 Film,"İbrahim Büyükak, Oğuzhan Koç, Gizem Karaca"
881,Öğretmen (film),Film,Komedi,Kartal Tibet,Memduh Ün,1988,Uğur Film,"Kemal Sunal, Selma Sonat, Kartal Tibet, Renan Fosforoğlu, İhsan Yüce, Reha Yurdakul, Ekrem Dümer, Kudret Karadağ, Ferdi Akarnur, Selahattin Fırat"
882,Öğretmen Kemal,Dizi,Komedi,Hamdi Alkan (Yönetmen),Birol Güven (Yapımcı),2010,Mint Prodüksiyon,"Bülent Emin Yarar, Asena Tuğal, Kerem Arslanoğlu, Aras Aydın, Yalçın Seyhan, Ayşegül Erus, Burcu Altın, Can Sipahi, Ege Kökenli"
883,Üsküdar'a Giderken,Dizi,Komedi,Selçuk Aydemir (Yönetmen),| yardımcı_yapımcı = (Yapımcı),2011,Kerki Production,Erkan Can Öner Erkan Tülin Özen Murat Cemcir
884,Üvey Baba,Dizi,Dram,Tunca Yönder (Yönetmen),Tunca Yönder (Yapımcı),1998,Yeni Yapımlar Yönder TV & Film Ltd. Şti.,Şemsi İnkaya Betül Aşçıoğlu Burçin Abdullah Seda Çetin Tunca Yönder
885,Üç Kuruş,Dizi,Gerilim/Suç,Sinan Öztürk (Yönetmen),Kerem Çatay (Yapımcı),2021,Ay Yapım,"Uraz Kaygılaroğlu, Ekin Koç Diren Polatoğulları Nesrin Cavadzade Aslıhan Malbora Civan Canova Nursel Köse Zafer Algöz Kadir Çermik Bora Akkaş Necip Memili"
886,Üç Kız Kardeş,Dizi,Romantik,Eda Teksöz (Yönetmen),Ali Gündoğduİnci Gündoğdu (Yapımcı),2022,Süreç Film,"İclal Aydın, Reha Özcan, Özgü Kaya, Almila Ada, Melisa Berberoğlu, Berker Güven, Gökberk Demirci"
887,İbreti Ailem,Dizi,Komedi,Ömer Uğur (Yönetmen),Mehmet Yiğit Alp (Yapımcı),2012,NTC Medya,Müjdat Gezen Şebnem Sönmez Zafer Algöz
888,İffet,Dizi,Dram,Faruk Teber (Yönetmen),Faruk Turgut (Yapımcı),2011,Gold Film,"Deniz Çakır, İbrahim Çelikkol, Mahir Günşiray"
889,İki Yalancı,Dizi,Komedi,Eda Teksöz,Gani Müjde,2017,Tükenmezkalem,"Keremcem, Yağmur Tanrısevsin"
890,İkinci Bahar,Dizi,Dram,Uğur YücelOrhan OğuzTürkan Derya (Yönetmen),Mustafa Oğuz (Yapımcı),1998,Erler FilmMost Production,"Türkan Şoray, Şener Şen, Tarık Papuççuoğlu, Güven Hokna, Nedim Saban, Özkan Uğur, Nurgül Yeşilçay, Ozan Güven"
891,İkisini de Sevdim,Dizi,Romantik,Cem Tabak (Yönetmen),Türker İnanoğlu (Yapımcı),2017,Erler Film,"Amine Gülşe, Burak Serdar Şanal, Oktay Gürsoy"
892,İkizler Memo-Can,Dizi,Komedi,Erol Özlevi (Yönetmen),Türker İnanoğlu (Yapımcı),2018,Erler Film,"Nehir Erdoğan, Özgürcan Çevik, Emir Berke Zincidi, Burak Hakkı, Atilla Saral, Tuğba Çınar"
894,İlişki Durumu: Karışık,Dizi,Komedi,Bülent İşbilen (Yönetmen),Faruk Bayhan (Yapımcı),2015,MF Yapım,"Seren Şirince, Berk Oktay, Eda Ece, Pamir Pekin, Nurseli İdiz"
895,"İlk Aşk (film, 2006)",Film,Dram,Nihat Durak,Timur Savcı,2006,Bilinmiyor,"Çetin Tekindor, Vahide Perçin, Halit Ergenç"
896,İnadına Aşk,Dizi,Komedi,Osman Sınav,Osman Sınav,2015,Sinegraf,"Can Yaman, Açelya Topaloğlu"
897,İnadına Yaşamak,Dizi,Romantik,Serdar Akar (Yönetmen),Ali Gündoğduİnci Gündoğdu (Yapımcı),2013,Süreç Film,"Sanem Çelik, Oktay Kaynarca, Murat Ünalmış"
898,İnadına Yaşamak (dizi),Dizi,Dram,Serdar Akar,Ali Gündoğdu,2013,Süreç Film,"Sanem Çelik, Oktay Kaynarca"
899,İnci Taneleri,Dizi,Dram,Şenol Sönmez,Necati Akpınar,2024,BKM,"Yılmaz Erdoğan, Hazar Ergüçlü"
900,İnsanlık Suçu,Dizi,Dram,Reyhan PekerOzan Uzunoğlu (Yönetmen),Efe İrvül (Yapımcı),2019,Pastel Film,"Kaan Yıldırım, Gizem Karaca, Melike İpek Yalova, Laçin Ceylan, Deniz Uğur, Serkay Tütüncü, Ahmet Mümtaz Taylan"
902,İsimsizler,Dizi,Gerilim/Suç,Osman Kaya (1-2)Emre Konuk (3-13)Volkan Kocatürk(14-27) (Yönetmen),Yusuf EsenkalAhmet KayımtuSerdar Öğretici (Yapımcı),2013,Es FilmBarakuda Film,{{Yalın liste|
903,İstanbul (film),Film,Dram,Joseph Pevney,Albert J. Cohen,1957,dağıtıcı = Universal Studios,"Errol Flynn, Cornell Borchers, John Bentley, Nat King Cole, Torin Thatcher, Roland Varno"
904,İstanbul Hatırası: Köprüyü Geçmek,Film,Dram,Fatih Akın,"Fatih Akın, Klaus Maeck, Andreas Thiel, Sandra Harzer-Kux, Christian Kux",2005,dağıtıcı = r film,müzik =
905,İstanbul Sokakları,Dizi,Romantik,Adnan Güler (Yönetmen),Faruk Turgut (Yapımcı),2016,Gold Film,"Caner Cindoruk, Gizem Karaca, Rıza Kocaoğlu, Naz Elmas, Derya Alabora, Mine Şenhuy Teber, Sitare Akbaş, Güven Murat Akpınar, Berkay Ateş"
906,İstanbul İçin Son Çağrı,Film,Romantik,Gönenç Uyanık,"Onur Güvenatam, Şebnem Kitiş, Tunay Vural",2022,"OGM Pictures, PTOT Film","Beren Saat, Kıvanç Tatlıtuğ"
907,İstanbul'un Altınları,Dizi,Komedi,Yonca Güzelpınar (Yönetmen),Mine Öztürk (Yapımcı),2011,İCA Production,"Haluk Bilginer, Demet Akbağ, Salih Kalyon"
908,İstanbullu Gelin,Dizi,Dram,Zeynep Günay,Onur Güvenatam,2017,O3 Medya,"Özcan Deniz, Aslı Enver"
909,"İtiraf (film, 2001)",Film,Dram,Zeki Demirkubuz,Zeki Demirkubuz,2001,Mavi Film,"Taner Birsel, Başak Köklükaya"
910,İtirazım Var,Film,Gerilim/Suç,Onur Ünlü,Onur Ünlü,2014,"U10 Film, stüdyo =","Serkan Keskin, Hazal Kaya, Öner Erkan, Büşra Pekin, Osman Sonant, Erkan Kolçak Köstendil"
911,İyilik,Dizi,Romantik,Murat Öztürk (Yönetmen),Merve GirginDirenç Aksoy (Yapımcı),2022,Medyapım,"Hatice Şendil, İsmail Demirci, Sera Kutlubey"
912,İzmir Çetesi,Dizi,Komedi,Murat Şeker,Yaşar İrvül,2011,Pastel Film,"Kadir İnanır, Kenan Ece, Mustafa Üstündağ"
913,İçerde,Dizi,Gerilim/Suç,Uluç Bayraktar (Yönetmen),Kerem ÇatayPelin Diştaş (Yapımcı),2016,Ay Yapım,"Çağatay Ulusoy, Aras Bulut İynemli, Çetin Tekindor, Mustafa Uğurlu, Bensu Soral"
914,İçimdeki Fırtına,Dizi,Aksiyon,Doğan Ümit Karaca (Yönetmen),Kazım Uğur KızılaslanSelman Kızılaslan (Yapımcı),2012,Aslan Yapım,"Merve Boluğur, Yusuf Çim, Gizem Karaca, Burak Yamantürk, Tarık Papuççuoğlu, Mehmet Özgür, Hatice Aslan"
915,İçimizden Biri,Dizi,Komedi,Ersoy Güler,İnci Gündoğdu,2021,Süreç Film,"Bora Akkaş, Özge Yağız"
916,İşe Yarar Bir Şey,Film,Dram,Pelin Esmer,Pelin Esmer,2017,Sinefilm,"Başak Köklükaya, Öykü Karayel, Yiğit Özşener"
917,İşler Güçler,Dizi,Komedi,Selçuk Aydemir (Yönetmen),Hayri Aslan (Yapımcı),2012,Limon Film,"Ahmet Kural, Murat Cemcir Sadi Celil Cengiz"
918,İşportacı Kız,Film,Müzikal,Türker İnanoğlu,"Türker İnanoğlu, Esmail Kushan",1970,Erler Film,"Kartal Tibet, Filiz Akın"
919,Şabaniye,Film,Komedi,Kartal Tibet,Kartal Tibet,1984,Tibet Film,"Kemal Sunal, Çiğdem Tunç, Adile Naşit"
920,"Şafakta Buluşalım (film, 1975)",Film,Gerilim/Suç,Orhan Aksoy,Türker İnanoğlu,1975,Erler Film,seslendiren =
921,Şahane Damat,Dizi,Komedi,Raşit Çelikezer (Yönetmen),Osman Sınav (Yapımcı),2016,Sinegraf,"Burcu Özberk, Ali Ersan Duru, Nükhet Duru, Erhan Yazıcıoğlu, Mesut Yılmaz, Hande Kaptan, Anıl İlter, Leyla Göksun, Köksal Engür, Selen Uçer, Mert Carim, Binnur Şerbetçioğlu"
922,Şahane Hayatım,Dizi,Dram,Çağrı Bayrak,Kerem Çatay,2023,Ay Yapım,"Hilal Altınbilek, Onur Tuna, Yiğit Özşener"
923,Şahin Tepesi,Dizi,Romantik,Hilal Saral (Yönetmen),Kerem ÇatayPelin Diştaş (Yapımcı),2018,Ay Yapım,"Zerrin Tekindor, Ebru Özkan, Boran Kuzum, Aybüke Pusat, Murat Aygen, Esra Dermancıoğlu, Kaan Taşaner, Leyla Tanlar"
924,Şaka Yapma,Film,Dram,Osman F. Seden,Enver Özer,1981,dağıtıcı =,"Zeki Alasya, Metin Akpınar, Adile Naşit, Serpil Çakmaklı, Pembe Mutlu, Süleyman Turan, Neriman Köksal, Ali Şen"
925,Şampiyon,Dizi,Aksiyon,KetcheDevrim Yalçın (Yönetmen),Çağrı Bingüller (Yapımcı),2019,BSK Yapım,"Tolgahan Sayışman, Yıldız Çağrı Atiksoy, Erdal Özyağcılar, Erkan Avcı"
926,"Şark Ekspresinde Cinayet (film, 1974)",Film,Gerilim/Suç,Sidney Lumet,"John Brabourne , Richard B. Goodwin",1974,"G.W. Films , EMI Films","Albert Finney, Lauren Bacall, Ingrid Bergman, Sean Connery"
927,Şaşkın Bakkal 216,Dizi,Komedi,Bedran Güzel (Yönetmen),Acun Ilıcalı (Yapımcı),2020,Acun Medya,"Önder Açıkbaş, Zihni Göktay, Zuhal Yalçın, Levent Akkök, Ceylan Yılmaz, İsa Telci, Ayça Bildik, Mustafa Çelik, Buse Narcı, Gülten Çelik, Yaşar Mahmutoğlu"
928,Şaşkın Damat,Film,Komedi,Zeki Ökten,Yılmaz Kuzgun,1975,Örnek Film,"Kemal Sunal, Meral Zeren, Bülent Kayabaş, Ayfer Feray, Adile Naşit, Ali Şen"
929,Şehnaz Tango,Dizi,Komedi,Taner AkvardarSemih Kaplanoğlu Sadullah Celen Nursan Esenboğa Hüdaverdi Yavuz (Yönetmen),Güner Namlı (Yapımcı),1994,Ar Ajans,"Perran Kutman, Erdal Özyağcılar"
930,Şehrin Melekleri,Dizi,Gerilim/Suç,| yaratıcı_yönetmen = (Yönetmen),Boyut Film (Yapımcı),2015,| dağıtıcı =,"Ümit Kantarcılar, Yiğit Dikmen, Cenk Ertan, Nilay Cafer, Fırat Tanış, Buse Varol, Arda Hacıoğlu"
931,Şekerpare (film),Film,Komedi,Atıf Yılmaz,Nahit Ataman,1983,Arzu Film,"İlyas Salman, Şener Şen, Yaprak Özdemiroğlu, Nazan Ayas, Şevket Altuğ, Berrin Koper"
932,Şen Yuva,Dizi,Komedi,Hakan Algül (Yönetmen),Bilinmiyor,2010,BKM,"Ceyda Düvenci Levent Üzümcü, Ayşegül Atik Altan Erkekli, Alper Kul"
933,Şendul Şaban,Film,Komedi,Kartal Tibet,Yahya Kılıç,1985,Cem Film,"Kemal Sunal, Nevra Serezli, Halit Akçatepe, Ayşen Gruda, Ayten Erman, Ayben Erman, Hikmet Gül, Hikmet Karagöz, Hüseyin Kutman, Renan Fosforoğlu"
934,Şeref Meselesi,Dizi,Dram,Altan Dönmez (Yönetmen),Elif Ayşe Durmaz (Yapımcı),2014,D Productions,"Kerem Bürsin, Şükrü Özyıldız"
935,Şevkat Yerimdar,Dizi,Komedi,Bülent İşbilenSelin Kılıçaslan (Yönetmen),Hayri Aslan (Yapımcı),2017,Limon Film,"Özgürcan Çevik, Başak Parlak"
936,Şevkat Yerimdar 2,Film,Komedi,Bülent İşbilen,Bilinmiyor,2015,Uğur Film,"Özgürcan Çevik, Başak Parlak"
937,Şeytan Ayrıntıda Gizlidir,Dizi,Gerilim/Suç,Cevdet Mercan (Yönetmen),Bilinmiyor,2004,Renkli Türkçe Film Yapım,"Çetin Tekindor Nejat İşler İrem Altuğ Meral Çetinkaya Fırat Tanış Ali Sürmeli Ümit Acar Engin Cezzar Erol Keskin Fatih Koyunoğlu Levend Yılmaz Gazanfer Ündüz Mete Horozoğlu Aytekin Özen Mert Turak Ayşen İnci Erkan Kolçak Köstendil Hasan Küçükçetin Fulya Ündüz İnan Ulaş Torun Umut Sinem Tuncer Ayhan Taş Halil İbrahim Aras İhsan Devrim, Ayhan Eroğlu"
938,Şimdi Onlar Düşünsün,Dizi,Komedi,Süleyman SeçikBora Onur (Yönetmen),Çağrı Gedikoğlu (Yapımcı),2014,Medyalab Yapım,"Şafak Sezer, Açalya Samyeli Danoğlu, Gökçe Özyol"
940,Şubat,Dizi,Dram,Volkan Kocatürk (Yönetmen),Orkun ÜnlüFunda Alp (Yapımcı),2012,| dağıtıcı = Eflatun Film,"Alican Yücesoy, Melisa Sözen, Musa Uzunlar, Serkan Ercan, Özkan Uğur"
941,Şöhret,Dizi,Dram,Bahadır İnce (Yönetmen),Faruk Turgut (Yapımcı),2005,Gold Film,"Atilla Saral, Ahu Türkpençe, Murat Ünalmış, Nurseli İdiz Şebnem Dilligil, Türkan Kılıç, Onur Bayraktar, Burak Altay, Yalçın Dümer"
