yapim_id,lokasyon_id,sahne_bilgisi
258,301,Gizlenen geçmişin yaşandığı sahil kasabası (Flashback)
258,170,Karakterlerin yeni hayatlarını kurduğu mahalle
258,286,Şehirler arası geçiş sahneleri
837,134,Dizinin başladığı masalsı atmosfer
837,135,Ana konak ve aile evinin bulunduğu köy
837,170,İstanbul sahneleri ve kaçış rotası
528,134,Maria ve Mustafa'nın ilk tanıştığı vadiler
528,135,Candemir ailesinin tarihi taş konağı
528,74,Dış çekimler ve kaçış sahneleri
104,134,Görele ve Ürgüp genelindeki açık hava çekimleri
104,135,Mavi ve Ali'nin ana çekim platosu olan konak
104,74,Duygusal geçiş sahnelerindeki doğa manzaraları
367,97,Hikayenin başladığı töre temalı Mardin evleri
367,170,Ailenin İstanbul'a göç ettikten sonra yerleştiği semt
367,286,Kentsel dönüşüm temalı dış çekimler
791,138,Hancıoğlu ailesinin yaşadığı ana merkez konak
791,134,Havva ve Toprak karakterlerinin dertleştiği vadiler
791,135,Kasaba merkezi ve genel dış çekimler
73,136,Seymen Ağa ve Bahar'ın yaşadığı efsanevi konak
73,134,Kapadokya genel manzaraları ve dış çekimler
73,135,Köy sahneleri ve yerel halkın toplandığı meydanlar
872,260,Ana karakterlerin deniz kenarındaki hesaplaşma sahneleri
872,257,İstanbul'daki lüks yaşam ve entrikaların döndüğü villalar
872,286,İzmir bağlantılı geçmiş sahneleri ve liman
841,171,Çukur mahallesinin kalbi olan sokaklar ve kahvehane
841,170,Yan mahalle çatışmaları ve genel Haliç çevresi
841,257,Koçovalı ailesinin gizli buluşma ve sığınma noktaları
115,260,Salih Usta'nın fırınının bulunduğu mahalle atmosferi
115,219,Kuzguncuk'taki samimi mahalle ve komşu ilişkileri
115,170,Karakterlerin iş yerleri ve şehir içindeki komik maceraları
502,134,Candan Ağa ve ailesinin hikayesinin geçtiği Kapadokya platosu
502,135,Dönemin kırsal sahneleri ve kasaba yaşantısı
502,138,Dizideki ana çekim merkezlerinden biri olan tarihi taş yapılar
347,56,Bursa Orhaneli ve çevresindeki tarihi atmosfer sahneleri
347,61,Bursa şehir merkezindeki eski han ve hamam çekimleri
347,217,Beykoz platolarında kurulan 14. yüzyıl Bursa sokakları
353,75,Gül'ün Isparta Eğirdir'deki halı dokuma ve köy sahneleri
353,87,Isparta-İstanbul arası tren yolculuğu sahneleri
353,170,İstanbul'daki tekstil atölyeleri ve şehir hayatı çekimleri
133,134,Karaoğlan'ın Bizans ve Moğol ordularıyla Kapadokya vadilerindeki savaş sahneleri
133,133,Avanos ve çevresindeki tarihi kale ve mağara çekimleri
133,140,Genel dış mekan ve Orta Asya atmosferini yansıtan bozkır sahneleri
179,10,Yamanlar Çiftliği ve Adana Çukurova'nın uçsuz bucaksız pamuk tarlaları
179,2,Adana şehir merkezi ve 1970'lerin atmosferini yansıtan çarşı sahneleri
179,9,İkonik tren ve köprü sahneleri (Varda Köprüsü)
561,129,Nadide Hanım'ın üniversite sonrası katıldığı Dalyan mavi tur sahneleri
561,128,Fethiye ve Ölüdeniz çevresindeki sualtı ve tekne çekimleri
561,173,İstanbul sahneleri ve başlangıç sekansları
266,46,Aydın Söke Doğanbey köyündeki termal santral protestosu ve köy sahneleri
266,273,Muğla-Aydın hattındaki Ege kasabası atmosferi çekimleri
266,296,Doğal tarım ve çevre bilinci temalı dış mekan çekimleri
443,279,İzmir Ödemiş/Birgi çevresindeki köy hayatı ve komedi sahneleri
443,286,İzmir genelindeki dış çekimler ve çarşı sahneleri
443,33,Yol ve ulaşım sekansları
851,170,Cüneyt Arkın'ın İstanbul sokaklarındaki intikam ve dövüş sahneleri
851,264,Liman ve depo bölgelerindeki aksiyon çekimleri
851,266,Mahkeme ve cezaevi atmosferi sahneleri
47,2,İbrahim Tatlıses'in Adana konser ve şehir içi macera sahneleri
47,4,Adana mahalle kültürü ve dostluk sahneleri
47,170,İstanbul bağlantılı stüdyo ve müzik dünyası çekimleri
267,170,İstanbul'un gece hayatı ve polisiye aksiyon sahneleri
267,173,Sahil şeridindeki takip ve çatışma sekansları
267,222,Modern ofis ve holding binaları çekimleri
500,146,Rize Fırtına Deresi ve çevresindeki su mücadelesi sahneleri
500,148,Karadeniz yayla evleri ve doğal yaşam sahneleri
500,154,Genel dış mekan ve çevre aktivizmi temalı çekimler
140,185,Leman'ın Beyoğlu'ndaki dramatik yaşamı ve mahalle sahneleri
140,170,İstanbul'un tarihi semtlerinde geçen dış çekimler
140,173,Sahil şeridi ve modern İstanbul silüeti sahneleri
671,196,Ali Poyrazoğlu ve Oya Başar'ın İstanbul sokaklarındaki müzikal ve dramatik sahneleri
671,170,Beyoğlu ve İstiklal Caddesi çevresindeki dış çekimler
671,239,Sirkeci ve Eminönü hattındaki nostaljik sahneler
551,301,Güneydoğu Anadolu atmosferini yansıtan dış mekan sahneleri
551,97,Karakterlerin yaşadığı tarihi taş ev ve sokak çekimleri
551,140,Genel dış mekan ve kasaba merkezi sahneleri
200,116,Vardar ailesinin Muğla merkezdeki tarihi konağı ve şehir içi sahneleri
200,123,Marmaris ve çevresindeki lüks yaşam ve sahil çekimleri
200,126,Dizinin dramatik yapısını destekleyen Muğla kırsalı ve zeytinlik sahneleri
686,126,Muğla Yatağan/Bozüyük (Güzelköy) çevresinde geçen komik olaylar ve köy meydanı sahneleri
686,116,Resmi daireler ve kasaba merkezi için kullanılan Muğla sahneleri
686,296,Ege'nin doğal dokusunu yansıtan dış mekan çekimleri
127,51,Umut ve arkadaşlarının füze denemeleri yaptığı Bandırma sahili ve okul çevresi
127,170,İstanbul bağlantılı resmi kurum ve mühendislik sahneleri
127,140,Genel dış çekimler ve dönem atmosferini yansıtan kasaba sahneleri
198,58,Cengiz Sezen'in 80'li yıllardaki Bursa/Mudanya sahneleri ve sahil çekimleri
198,61,Bursa şehir merkezindeki tarihi çay bahçesi ve kasetçi sahneleri
198,60,Dönem atmosferini yansıtan tarihi sokak çekimleri
611,31,Karacaören Köyü (Bursa/Karacabey) çevresinde kurulan Kenya platosu sahneleri
611,170,Filmin başlangıcındaki İstanbul şehir hayatı ve havalimanı sahneleri
611,32,Bazı dış mekan sahil çekimleri için kullanılan bölgeler
748,76,Bulgar Ali ve ailesinin yerleştiği tarihi kasaba ve istasyon sahneleri
748,73,Kütahya ve çevresindeki demiryolu hattı ve doğa çekimleri
748,140,Genel dış mekan ve 1950'li yılların atmosfer çekimleri
622,170,Cüneyt Arkın ve Emel Sayın'ın İstanbul sahneleri ve villa çekimleri
622,173,Sahil şeridi ve romantik/macera dolu dış mekan sahneleri
622,264,Karakterlerin kaçış ve aksiyon dolu takip sahneleri
562,170,Şener Şen ve Levent Kırca'nın İstanbul mahalle ve iş hayatı sahneleri
562,219,Samimi mahalle kültürü ve dönemin sosyal yaşamını yansıtan çekimler
562,239,Sirkeci ve Eminönü hattındaki seyahat ve ayrılık sahneleri
336,170,Karakterlerin yaşadığı Kanlıca/Beykoz hattındaki lüks ev sahneleri
336,222,Sayer Koleji ve çevresindeki modern okul sahneleri
336,216,Karakterlerin sahil şeridi ve dış mekan sosyal yaşam çekimleri
313,61,"Dizinin meşhur Bursa sokakları, mahalleleri ve iç mekan çekimleri"
313,58,Mudanya çevresindeki dramatik olay sahneleri
313,60,Bursa genelindeki farklı mahalle ve park sahneleri
535,248,Yaman ve Selim Serez ailesinin Tuzla'daki lüks site ve sahil sahneleri
535,173,Boğaz hattındaki sosyal etkinlik ve üniversite sahneleri
535,222,İş dünyası ve modern İstanbul silüeti çekimleri
37,227,Asiye ve İlyas'ın İstanbul Beykoz/Paşabahçe çevresindeki motor sahneleri
37,170,Eski cam fabrikası platosu ve mahalle atmosferi sahneleri
37,173,Boğaz kıyısındaki duygusal ve romantik dış çekimler
177,61,Karakterlerin Bursa Tophane çevresindeki dramatik aile sahneleri
177,60,Geleneksel yaşamı yansıtan tarihi köy ve konak çekimleri
177,286,Dizinin İzmir bağlantılı bazı dış çekimleri
65,249,Rıza Baba ve ekibinin Vatan Caddesi Emniyet binası sahneleri
65,170,"İstanbul'un hemen her semtinde (Balat, Beyoğlu) geçen suç mahalleri"
65,173,Sahil şeridindeki devriye ve kovalamaca sahneleri
881,61,Boran ailesinin Bursa'daki meşhur konağı ve bahçe sahneleri
881,170,Süreyya'nın İstanbul'daki eski hayatı ve Nişantaşı sahneleri
881,173,Boğaz hattındaki romantik ve dramatik buluşmalar
498,60,Ali öğretmen ve Nazar'ın Cumalıkızık köyündeki unutulmaz aşk sahneleri
498,61,Bursa şehir merkezindeki çarşı ve han sahneleri
498,59,Dizinin dış çekimlerinde kullanılan Mudanya kıyıları
774,61,Bursa'nın köklü tekstilci ailelerinin villa ve fabrika sahneleri
774,59,Mudanya ve çevresindeki deniz manzaralı dış çekimler
774,170,İstanbul bağlantılı iş dünyası ve ticaret sahneleri
324,61,Gülcemal ve Deva'nın Bursa'daki tarihi konak ve atmosfer sahneleri
324,59,Modern Bursa sahneleri ve Mudanya yolu üzerindeki çekimler
324,173,İstanbul'daki holding ve lüks yaşam sahneleri
330,59,Bursa Mudanya'daki yetimhane ve başlangıç sahneleri
330,170,Karakterlerin İstanbul'a geldikten sonra yaşadıkları lüks villalar
330,222,Şehir merkezi sahneleri ve modern dış çekimler
730,18,Cumhuriyetin 10. yılı kutlamaları ve Eski Meclis önündeki tarihi törenler
730,16,1930'ların Ankara şehir merkezi ve bozkır atmosferi
730,19,Ulus Meydanı ve çevresindeki ilk kamu binalarının inşası
882,16,Zeki Demirkubuz'un Ankara sokaklarındaki klostrofobik ve dramatik çekimleri
882,27,Karakterlerin içsel hesaplaşmalarını yansıtan Ankara gece sahneleri
882,21,Şehir içi günlük akış ve ev sahneleri
281,237,"Denizli ve çevresindeki geleneksel ""Eğreti Gelin"" kültürü sahneleri"
281,140,Kastamonu benzeri taşra kasabası atmosferi çekimleri
281,170,İstanbul'daki tiyatro ve sanat çevreleri sahneleri
186,23,Ender ve Çetin'in Tunalı/Kuğulu Park çevresindeki hüzünlü ve samimi yürüyüşleri
186,16,Ankara'nın kış atmosferindeki ev ve sokak sahneleri
186,27,Karakterlerin sosyal hayatı ve Ankara geceleri sahneleri
852,170,Cüneyt Arkın'ın İstanbul sokaklarındaki aksiyon ve kovalamaca sahneleri
852,264,Liman ve depo bölgelerindeki çatışma sekansları
852,211,Eminönü ve Kapalıçarşı çevresindeki tarihi doku çekimleri
168,19,Cumhuriyet'in ilk yıllarının Ankara atmosferi ve Meclis sahneleri
168,217,Opera ve konser sahneleri için kullanılan tarihi Beykoz platoları
168,170,İstanbul bağlantılı sanat ve bürokrasi sahneleri
802,16,Dolmuşçu Yusuf'un Ankara trafiğindeki komik maceraları
802,24,Karakterlerin Ankara kırsalındaki yol ve kaçış sahneleri
802,21,Şehir içi günlük akış ve dış mekan kentsel çekimler
483,16,Dört kardeşin Ankara'ya ilk gelişleri ve Anıtkabir/Meclis sahneleri
483,19,Altınları bozdurmaya çalıştıkları tarihi Ulus ve çarşı sahneleri
483,170,Bazı iç mekan ve stüdyo çekimleri için kullanılan İstanbul sahneleri
99,16,Deniz ve Özgür'ün çocukluk yıllarının geçtiği Ankara sokakları
99,27,Karakterlerin Ankara'daki nostaljik ve modern buluşma noktaları
99,170,Dizinin İstanbul ayağındaki sanat ve sergi sahneleri
137,16,Amirim ve ekibinin Ankara emniyet binası ve şehir içi operasyonları
137,28,Hapishane ve sorgu sahneleri için kullanılan Ulucanlar sahneleri
137,27,Ankara Kızılay ve çevresindeki aksiyon sekansları
687,149,Karakterlerin Siirt ve Pervari'den yola çıktıkları sarp doğa sahneleri
687,16,Ankara tren garı ve hayvancılık pazarı sahneleri
687,87,Yolculuğun geçtiği demiryolu hattı ve tren çekimleri
751,24,Vali Recep Yazıcıoğlu'nun Ankara Mamak ve çevresindeki bürokratik sahneleri
751,16,Şehir merkezindeki hükümet binaları ve resmi makam çekimleri
751,140,Bazı dış mekan ve kasaba sahneleri için kullanılan taşra bölgeleri
82,54,Aybüke öğretmenin Batman Kozluk'taki görev yeri ve okul sahneleri
82,286,Karakterin üniversite yılları ve Ankara/Konak sahneleri
82,16,Ankara genelindeki aile ve geçmişe dair sahneler
666,23,Karakterlerin Tunalı Hilmi ve Kuğulu Park çevresindeki entelektüel sohbetleri
666,16,Ankara'nın kalbinde geçen sanat ve dostluk sahneleri
666,27,Karakterlerin gittiği tarihi Ankara barları ve sosyal alanları
248,28,Yılmaz Güney'in cezaevi isyanını anlatan sarsıcı hapishane sahneleri
248,170,Dizinin İstanbul bağlantılı bazı iç mekan ve flashback çekimleri
248,266,Mahkeme ve resmi süreçleri yansıtan tarihi binalar
819,140,İbrahim Zübükzade'nin kurgusal taşra kasabasındaki siyasi şov sahneleri
819,16,Karakterin Ankara'ya meclise gidiş ve bürokrasi sahneleri
819,286,Şehir merkezi sahneleri ve miting alanları
253,16,Dütdüt Mehmet'in Ankara sokaklarında klarnet çaldığı sahneler
253,25,Karakterin yaşadığı Mamak ve Boğaziçi çevresindeki gecekondu sahneleri
253,27,Eski Ankara pavyonları ve gece hayatı atmosferi çekimleri
909,170,Şevkat'in Balat ve çevresindeki mahalle delikanlısı maceraları
909,16,Ankara sahneleri ve Başkent'ten İstanbul'a uzanan yol hikayesi
909,173,Sahil şeridi ve dış mekan komedi sekansları
799,30,Dizinin kalbi olan Çinçin Bağları mahalle kültürü ve sokak sahneleri
799,16,Ankara genelindeki kentsel dönüşüm ve değişim bölgeleri
799,27,Şehir merkezi sahneleri ve karakterlerin Ankara maceraları
135,16,Amirim ve ekibinin Ankara emniyet binası ve şehir içi operasyonları
135,27,Kızılay ve Çankaya hattındaki aksiyon ve protesto sahneleri
135,30,Çinçin ve kenar mahallelerde geçen kovalamaca sahneleri
749,28,Küçük Barış ve İnci'nin Ulucanlar Cezaevi avlusundaki duygusal sahneleri
749,266,Dönemin hapishane ve adliye atmosferini yansıtan iç mekanlar
749,170,Flashback sahneleri ve İstanbul bağlantılı dış çekimler
835,16,İlyas Bazna'nın Ankara'daki büyükelçilikler ve casusluk sahneleri
835,217,2. Dünya Savaşı dönemi Ankara ve İstanbul atmosferi için platolar
835,170,İstanbul'daki operasyonel ve tarihi dış mekan çekimleri
145,16,Osman Kozan ve ailesinin Ankara'daki günlük mahalle yaşantısı
145,268,Kozan ailesinin bazı çekimleri için kullanılan İstanbul sahneleri
145,21,"Ankara genelindeki hastane, ofis ve okul çevresi sahneleri"
280,229,Ramiz Dayı ve Ezel'in Pierre Loti'deki meşhur manzaralı sohbetleri
280,170,Balat ve çevresindeki eski mahalle sahneleri (Eyşan'ın evi ve sokaklar)
280,222,Ezel Bayraktar'ın oteli ve lüks kumarhane sahneleri (Levent/Maslak)
454,16,Ankara'daki siyasi kulisler ve emniyet birimi sahneleri
454,27,Karakterlerin şehir merkezi ve bürokrasi çevresindeki takipleri
454,170,Suç dünyasının İstanbul ayağındaki gizli buluşma noktaları
147,26,Sayar ailesinin Ankara Gölbaşı'ndaki malikanesi ve bahçe sahneleri
147,16,Şehir merkezi sahneleri ve karakterlerin sosyal alan çekimleri
147,21,Hastaneler ve ofisler için kullanılan Ankara mekanları
654,26,Gölbaşı ve çevresindeki modern ev yaşamı ve park sahneleri
654,16,Ankara genelindeki restoran ve cafe buluşma çekimleri
654,21,Şehir içi günlük akış ve dış mekan kentsel çekimler
480,269,Ali Nejat'ın lüks yalı yaşamı ve modern ofis sahneleri
480,173,Boğaz hattındaki tekne ve sahil sürüş sahneleri
480,222,Otomotiv holdingi ve iş dünyası çekimleri (Maslak)
764,242,Milli Mücadele döneminin Sultanahmet mitingleri ve tarihi meydan sahneleri
764,217,Meclis-i Mebusan ve gizli toplantılar için kullanılan dönem platoları
764,170,İşgal altındaki İstanbul'un tarihi yarımada sahneleri
349,81,Hayrullah Bey ve ailesinin Kayseri'deki muhafazakar yaşamı ve fabrika sahneleri
349,16,Ankara'daki politik pazarlıklar ve bürokrasi sahneleri
349,170,Dizinin İstanbul bağlantılı ticaret ve aile sahneleri
163,269,Onur ve Şehrazat'ın mimarlık ofisi ve Yeniköy'deki yalı sahneleri
163,173,Boğaz üzerindeki köprü geçişleri ve akşam yemeği sahneleri
163,170,Tarihi binalarda geçen restorasyon ve şantiye sahneleri
42,173,Hakime Güzide'nin İstanbul'daki aile evi ve sahil yürüyüşleri
65,266,Mahkeme salonları ve adliye koridorları sahneleri
42,222,Modern hukuk büroları ve iş dünyası çekimleri
738,16,İlkay ve Ali'nin Ankara'daki günlük mahalle yaşantısı sahneleri
738,26,Karakterlerin dinlenme alanları ve dış mekan sahil (Gölbaşı) çekimleri
738,21,Ankara genelindeki hastane ve okul çevresi sahneleri
136,27,Amirim ve ekibinin Sakarya Caddesi'ndeki meyhane ve sokak sahneleri
136,21,Cinayet büro ekiplerinin emniyet binası ve Gazi Mahallesi çevresindeki devriye sahneleri
136,16,Ankara genelindeki raylı sistemler ve tren garı çevresi çekimleri
631,64,Kılıç Timi'nin operasyon sahneleri için kullanılan Eskişehir kırsalı
631,86,Askeri üs ve iç mekan çekimleri için kullanılan özel platolar
631,16,Birliklerin Ankara'daki genel merkez ve resmi tören sahneleri
519,216,Mecnun'un denize karşı oturduğu Kireçburnu sahili ve Erdal Bakkal sahneleri
519,170,Kireçburnu'nun arka sokaklarındaki mahalle ve ev sahneleri
519,173,Boğaz hattındaki absürt yolculuk ve dış mekan çekimleri
386,170,İstanbul'un karmaşık suç dünyasını yansıtan dar sokak sahneleri
386,264,Deniz kenarı ve liman bölgelerindeki gizli buluşmalar
386,222,İş dünyası ve operasyon merkezleri için kullanılan plazalar
495,91,Dizinin geçtiği tarihi Gazimağusa sokakları ve Maraş bölgesi sahneleri
495,170,Türkiye ayağındaki diplomatik ve askeri karar alma sahneleri
495,86,Savaş sahneleri için kurulan özel açık hava platoları
187,16,Misket ve ailesinin Ankara'daki günlük yaşamı ve mahalle sahneleri
187,286,İzmir bağlantılı bazı flashback ve tatil sahneleri
187,21,Ankara genelindeki sosyal alan ve park çekimleri
295,16,Ankara'nın yerleşik aile kültürünü yansıtan ev ve sokak sahneleri
295,27,Karakterlerin şehir merkezi gezintileri ve alışveriş sahneleri
295,21,Yenimahalle çevresindeki sakin mahalle atmosferi çekimleri
235,16,Üniversite öğrencilerinin Ankara'daki kampüs ve sosyal yaşam sahneleri
235,222,İstanbul bağlantılı iş ve aile ziyaret sahneleri
235,21,Gençlik dramını yansıtan kafe ve dış mekan çekimleri
715,16,MİT binası ve Ankara genelindeki istihbarat operasyonu sahneleri
715,170,Operasyonların İstanbul ayağındaki gizli takip ve aksiyon sahneleri
715,64,Sınır ötesi operasyon atmosferi için kullanılan kırsal alanlar
242,64,Timin operasyon yaptığı karlı ve dağlık araziler için Sivrihisar çekimleri
242,16,Ankara'daki karargah ve resmi kabul sahneleri
242,86,Teknolojik merkez ve üs sahneleri için kullanılan kapalı setler
589,295,Oğuz ve Deniz'in Tire sokaklarındaki cenaze ve yolculuk sahneleri
589,299,İzmir Urla çevresindeki doğal ve sakin dış çekimler
589,286,İzmir şehir merkezi ile bağlantılı duygusal sekanslar
141,286,Nihat'ın çalıştığı İzmir'deki yemekhane ve hastane sahneleri
141,277,"Basmane ve çevresindeki kasvetli, dramatik sokak çekimleri"
141,33,İzmir-İstanbul hattındaki yol ve seyahat sahneleri
869,285,Arifoğlu ailesinin Çeşme Ildır'daki büyük malikanesi ve sahil sahneleri
869,273,Alaçatı ve çevresindeki 90'lar atmosferini yansıtan sokak çekimleri
869,286,İzmir şehir merkezindeki nostaljik aile sahneleri
184,273,Eşref Bey'in Alaçatı'daki evi ve sakin yaşam sahneleri
184,173,Kaan'ın İstanbul'daki modern ve kaotik iş hayatı sahneleri
184,287,İzmir-İstanbul arası duygusal yolculuk ve mola sahneleri
194,280,"Hakan, Salih ve Özkan'ın Bornova sokaklarındaki gençlik ve bunalım sahneleri"
194,286,İzmir genelindeki banliyö ve mahalle atmosferi çekimleri
194,289,Karakterlerin Kordon boyundaki akşam gezintileri
428,128,Kaan ve Mete'nin Fethiye/Ölüdeniz hattındaki tatil ve başlangıç sahneleri
428,273,Antalya-İzmir arası yolculuğun Alaçatı ve Çeşme durakları
428,170,İstanbul bağlantılı radyo stüdyosu ve gece hayatı sahneleri
612,53,Recep'in babaannesinden kalan eve yerleştiği Ayvalık/Kozak Yaylası sahneleri
612,52,Ayvalık ilçe merkezi ve pazar yeri çekimleri
612,170,Filmin başlangıcındaki İstanbul şehir hayatı sahneleri
892,286,Şaban'ın İzmir Fuarı'ndaki konser ve sahne maceraları
892,287,İzmir Kordon ve Pasaport çevresindeki komik kovalamaca sahneleri
892,170,İstanbul bağlantılı gazino ve ev sahneleri
688,295,Yusuf ve annesinin Tire'deki süt satma ve kasaba yaşamı sahneleri
688,299,Urla ve çevresindeki doğal tarım alanları ve dere çekimleri
688,286,Şehir merkezindeki sınav ve gelecek arayışı sahneleri
228,113,Mehmet Bey'in Milas'taki evi ve mübadele hikayesinin geçtiği sokaklar
228,286,Dizinin İzmir Güzelyalı ve sahil şeridindeki çekimleri
228,285,Karakterlerin çocukluk anıları ve sahil sahneleri
75,170,Tarık ve Necla'nın taksiyle gezdiği tarihi İstanbul semtleri
75,173,Boğaz hattındaki romantik ve komik kovalamaca sahneleri
75,190,Karakterlerin yaşadığı samimi mahalle atmosferi sahneleri
210,170,Murat ve Halit'in Kahraman için İstanbul sokaklarındaki çabaları
210,239,Sirkeci Garı ve çevresindeki dramatik sahneler
210,190,Cankurtaran mahallesindeki yoksul ama sıcak ev sahneleri
183,298,Eski dostların buluştuğu Urla/Çeşmealtı'ndaki yazlık ev sahneleri
183,296,Urla bağ yolları ve dış mekan doğa çekimleri
183,299,Karakterlerin sahil kasabası içindeki duygusal yüzleşmeleri
114,170,Barış Manço'nun İstanbul sokaklarındaki neşeli sahneleri
114,173,Beşiktaş-Ortaköy hattındaki sahil çekimleri
114,219,Mahalle kültürü ve aile içi komik olayların geçtiği mekanlar
855,292,Erkin ve kardeşi Koray'ın Sığacık sokaklarındaki maceraları
855,291,Seferihisar ve çevresindeki yol ve kaçış sahneleri
855,286,İzmir şehir merkezi ile bağlantılı komedi sekansları
481,277,Selim'in yangın sonrası döndüğü Basmane ve Alsancak sahneleri
481,287,İzmir Kordon hattındaki dumanlı ve melankolik dış çekimler
481,286,Şehir merkezi ve sanayi bölgesi atmosfer çekimleri
824,31,Ekibin İzmir ve çevresindeki yeni maceraları ve plaj sahneleri
824,286,İzmir Konak meydanı ve şehir içi aksiyon sahneleri
824,170,İstanbul bağlantılı başlangıç ve final sahneleri
120,294,Sadık'ın ailesinin yanına döndüğü Seferihisar/Sığacık sahneleri
120,292,Karakterlerin köy meydanı ve pazar yeri etkileşimleri
120,286,İzmir şehir merkezi ve 80'ler atmosferindeki hastane çekimleri
123,286,Ahmet Özhan'ın İzmir Fuarı ve Kordon boyundaki sahneleri
123,287,Alsancak çevresindeki müzikal ve romantik sekanslar
123,173,İstanbul bağlantılı konser ve stüdyo sahneleri
718,170,Mülteci kız kardeşlerin İstanbul sahneleri ve Avrupa'ya geçiş hazırlıkları
718,173,Boğaz hattı ve deniz kenarındaki dramatik sahneler
718,71,Suriye-Türkiye sınır geçiş atmosferi için kullanılan Hatay/Antep hattı
755,163,Atatürk'ün Çanakkale Savaşı sahneleri ve tarihi alan çekimleri
755,170,Osmanlı'nın son dönemi İstanbul sahneleri ve saray çekimleri
755,286,İzmir'in kurtuluş dönemini yansıtan tarihi doku çekimleri
549,294,Karakterlerin İzmir'e göç ettikten sonra yaşadıkları samimi mahalle sahneleri
549,281,İzmir Karşıyaka ve çevresindeki sosyal yaşam alanları
549,82,Karakterlerin geçmişine dair sarp vadi ve köy sahneleri
889,90,Leyla ve Canan'ın tüm filmin merkezinde olan tren yolculuğu sahneleri
889,286,Yolculuğun son durağı olan İzmir şehir merkezi ve sahil şeridi
889,87,Tren istasyonları ve raylar üzerindeki duygusal geçiş sahneleri
724,131,Uzay gemisinin indiği gezegen olarak kullanılan Göreme vadileri
724,134,Karakterlerin yaratıklarla karşılaştığı Kapadokya peri bacaları
724,32,İç mekan gemi sahneleri için kullanılan Antalya/İstanbul stüdyoları
53,88,Genç pilotların eğitim aldığı Konya Hava Üssü ve gökyüzü sahneleri
53,286,Karakterlerin izin günlerindeki İzmir ve çevresi sahneleri
53,163,Dramatik yapı için kullanılan Çanakkale dış çekimleri
531,286,Bekir ve Uğur'un İzmir'deki kasvetli otel ve kenar mahalle sahneleri
531,287,Alsancak ve çevresindeki gece çekimleri
531,281,Dizinin ikonik ve hüzünlü dış mekan kentsel çekimleri
800,296,Yusuf'un annesinin ölümüyle döndüğü Urla bağ yolları ve ev sahneleri
800,299,"Urla iskelesi ve çevresindeki sakin, dramatik sahneler"
800,286,İzmir şehir merkezi ile bağlantılı sahneler
579,294,Zafer Kaptan ve ailesinin Sığacık'taki tekne ve mahalle maceraları
579,291,Sığacık kalesi içindeki eğlenceli ve komik sahneler
579,273,Çeşme ve Alaçatı çevresindeki turistik dış çekimler
548,82,Mahir öğretmenin atandığı ve hikayenin başladığı sarp köy sahneleri
548,286,Karakterlerin şehir merkezi ve hastane sahneleri için kullanılan bölgeler
548,140,Genel dış çekimler ve dramatik vadi görüntüleri
782,87,Leyla ve Ali'nin trende tanıştığı başlangıç sahneleri (Ankara-İzmir hattı)
782,287,İzmir Kordon ve Alsancak hattındaki duygusal final sahneleri
782,286,Şehir içi geçiş ve yolculuk sekansları
742,287,Futbolcu Doğan ve müzisyen Erkan'ın İzmir Kordon'daki maceraları
742,286,Baba evinin bulunduğu İzmir Konak ve çevresi
758,94,Karakterlerin Manisa'daki fabrika ve iş sahneleri
758,94,Dizinin geçtiği Manisa fabrikalar bölgesi ve işçi mahalleleri
758,286,Karakterlerin İzmir bağlantılı sosyal yaşam sahneleri
758,281,İzmir Karşıyaka ve çevresindeki dış çekimler
680,275,Köyün susuzluk mücadelesinin geçtiği İzmir/Bademler köyü ve arazileri
680,299,Urla ve çevresindeki doğal tarım alanları ve dere yatakları
680,286,Şehir merkezi sahneleri ve hukuki süreç çekimleri
459,286,Zühtü Kaya'nın İzmir'de yanlışlıkla aday olduğu belediye ve meydan sahneleri
459,287,Kordon'daki miting ve kampanya sahneleri
459,281,Şehir içindeki politik çekişme ve ev sahneleri
285,283,Yılmaz Güney'in İzmir/Eşrefpaşa mahallesindeki kabadayı sahneleri
285,286,Basmane ve Konak çevresindeki eski İzmir sokakları
285,287,Liman ve sahil kenarındaki macera sahneleri
712,286,İzmir'in arka sokaklarındaki dramatik yaşam ve mücadele sahneleri
712,287,Şehir merkezi ve dış mekan kentsel çekimler
712,281,Bazı iç mekan ve hastane atmosferi sahneleri
665,300,Zeki ve Metin'in çalıştığı İzmir Çeşme'deki devasa otel sahneleri
665,273,Alaçatı ve çevresindeki komik hırsızlık takibi sahneleri
665,286,İzmir şehir merkezindeki yol ve liman sahneleri
351,286,Pucca ve Sirkeci'nin İzmir şehir merkezi ve Kordon sahneleri
351,281,Karakterlerin Karşıyaka/Bostanlı tarafındaki romantik yürüyüşleri
351,173,İstanbul bağlantılı yayıncılık ve iş dünyası sahneleri
703,274,Metin Oktay'ın İzmir'deki ilk futbol yıllarını temsil eden stadyum sahneleri
703,286,Karakterlerin İzmir Konak ve çevresindeki sosyal yaşamı
703,170,Galatasaray transferi sonrası İstanbul'daki yaşam ve başarı sahneleri
570,286,Niyazi Gül'ün veterinerlik yaptığı ve maceralara atıldığı İzmir kırsalı
570,281,At yarışı ve hipodrom sahneleri için kullanılan bölgeler
570,31,Muğla/Fethiye çevresindeki bazı doğa çekimleri
846,279,Hüsnü Şenlendirici'nin Ödemiş/Birgi'deki çıraklık ve müzik sahneleri
846,286,İzmir'in yerel mahalle kültürü ve esnaf sahneleri
846,299,Urla ve çevresindeki kıyı şeridi çekimleri
555,286,Emekli Albay Yıldırım ve ailesinin İzmir'deki müstakil evi ve bahçesi
555,287,Alsancak Kordon ve şehir içi aile gezintileri
555,281,Karşıyaka sahilindeki duygusal ve komik aile sahneleri
885,286,Cemal ve Ateş'in Konak/Kemeraltı çevresindeki dolandırıcılık sahneleri
885,287,Kordon'daki balıkçı restoranları ve akşam yemekleri
885,281,Karşıyaka sahilindeki operasyonel ve komik sahneler
3,170,90'lı yılların İstanbul polisiyesi sahneleri ve dar sokaklar
3,251,Vefa ve çevresindeki tarihi mahalle baskın sahneleri
3,173,Polis ekiplerinin sahil devriyesi ve kovalamaca sahneleri
113,279,Saruhanlı ailesinin Ödemiş/Birgi'deki kökleri ve aile konağı
113,251,İstanbul Reşitpaşa ve Vefa çevresindeki yeni yaşam alanı sahneleri
113,222,Levent/Maslak hattındaki holding ve iş dünyası çekimleri
426,293,"Aslı, Efe, Deniz ve Mine'nin Seferihisar/Sığacık'taki lise yılları"
426,173,Karakterlerin üniversite için geldikleri İstanbul Bebek ve kampüs sahneleri
426,170,İstanbul'daki ilk ev ve mahalle yaşantısı çekimleri
674,297,Savcı Selim ve Akgün'ün İzmir Çeşme'deki adalet sitesi sahneleri
674,273,Alaçatı sokaklarındaki romantik ve gerilimli sahneler
674,173,Dizinin İstanbul sahneleri ve adliye çekimleri
698,86,İzmit Sekapark platosunda kurulan tarihi hapishane sahneleri
698,170,İstanbul'un tarihi semtlerinde geçen 1930'lu yılların atmosferi
698,266,Mahkeme ve resmi daire sahneleri için kullanılan tarihi binalar
848,170,Dağıstanlı ailesinin yaşadığı lüks köşk ve İstanbul sahneleri
848,266,Ilgaz'ın müebbet hapis yattığı ve serbest kaldığı adliye sahneleri
848,173,Boğaz hattındaki modern şehir ve kaçış sahneleri
895,173,Şebnem'in Gümüşsuyu ve Bebek hattındaki lüks yaşam sahneleri
895,222,Şehir merkezi sahneleri ve modern İstanbul silüeti
895,170,Karakterlerin geçmişine dair flashback sahneleri
752,86,İşgal altındaki İzmir kenti için İzmit'te kurulan devasa plato
752,217,İç mekan çekimleri ve kordon boyu atmosferi için kullanılan stüdyolar
752,170,Dönemin İstanbul bağlantılı siyasi ve askeri sahneleri
809,86,Çanakkale Savaşı atmosferi için kullanılan özel dış mekan platoları
809,217,Dönem kostümlü iç mekan çekimleri ve hastane sahneleri
809,170,Tarihi İstanbul mahalleleri ve cepheye gidiş sahneleri
615,297,Dizinin Ege sahillerindeki renkli ve romantik sahneleri
615,287,İzmir Kordon boyu ve şehir merkezi sosyal yaşam çekimleri
615,173,İstanbul'daki dizi seti ve medya dünyası sahneleri
223,52,Dizinin başlangıç sahneleri olan Cunda Adası ve Ayvalık sokakları
223,173,Ailenin İstanbul'daki samimi mahallesi ve dış çekimler
223,170,İstanbul genelindeki romantik komedi unsurlarının geçtiği semtler
18,287,Bulut ve Melek'in İzmir sahneleri ve liman çevresi çekimleri
18,170,İstanbul'daki holding ve zengin aile villası sahneleri
18,173,Karakterlerin İstanbul içindeki duygusal yüzleşme sahneleri
326,273,Gülizar'ın Çeşme/Alaçatı çevresindeki lüks çiftlik yaşamı
326,173,İstanbul'daki müzik dünyası ve modern stüdyo sahneleri
326,286,İzmir şehir merkezindeki nostaljik dış çekimler
255,291,Melahat'ın Sığacık'taki restoranı ve meşhur pazar sahneleri
255,146,Şevket Reis'in Rize'den Ege'ye uzanan Karadeniz sahneleri
255,33,Karakterlerin İzmir ve bölge arası seyahat rotaları
396,285,Zeliş ve Mustafa'nın Ildır köyündeki maceraları
396,273,Alaçatı ve çevresindeki komedi ve aşk sahneleri
396,299,İzmir Urla çevresindeki dış mekan çekimleri
393,296,Kerem ve Sevda'nın Urla bağ yollarındaki karşılaşma sahneleri
393,173,Korhan ailesinin İstanbul'daki lüks köşk ve holding sahneleri
393,222,İstanbul'un modern silüetinde geçen iş dünyası sahneleri
605,2,Ramo'nun Adana/Seyhan'daki mahalle ve taşra sahneleri
605,9,Varda Köprüsü çevresindeki aksiyon ve pusu sahneleri
605,170,Dizinin İstanbul'a taşınmasıyla kullanılan tarihi semtler
794,278,Dizinin geçtiği kurgusal Yeşilova kasabası (Ödemiş/Birgi) sahneleri
794,286,İzmir genelindeki 90'lar atmosferini yansıtan sokak çekimleri
794,276,Doğal köy yaşantısı ve tarla çekimleri
249,282,Gece ve Özgür'ün Eski Foça'daki sahil ve tekne sahneleri
249,173,İstanbul'dan İzmir'e taşınma süreci ve vedalaşma çekimleri
249,286,Foça-İzmir arası yol ve manzara sahneleri
21,291,Kurgusal Kırlangıç Adası sahneleri için kullanılan Sığacık sokakları
21,173,Haziran'ın İstanbul'daki iş dünyası ve modern ofis yaşamı
21,273,İzmir Çeşme çevresindeki bazı plaj ve eğlence çekimleri
408,170,Yasemin'in İstanbul'daki entrika dolu yalı ve holding sahneleri
408,219,90'ların İstanbul mahalle atmosferini yansıtan dış çekimler
408,173,Boğaz hattındaki lüks mekan ve restoran buluşmaları
182,299,Feraye'nin Urla'daki pavyon ve sahil sahneleri
182,286,İzmir şehir merkezi ve kordon boyu çekimleri
182,273,Karakterlerin Çeşme/Alaçatı çevresindeki lüks yaşam sahneleri
504,170,İstanbul'daki tarihi okul binası ve çevresindeki mahalle sahneleri
504,173,Gençlik grubunun Beşiktaş/Bebek sahilindeki eğlenceli anları
504,219,Samimi mahalle kültürü ve okul çıkışı çekimleri
658,296,Üç kız kardeşin bir araya geldiği Urla bağ evleri ve çiftlik sahneleri
658,299,Urla limanı ve kasaba merkezi çekimleri
658,273,Dizinin İzmir genelindeki modern dış çekimleri
31,231,Soykan ailesinin yaşadığı Sarıyer/Reşitpaşa'daki devasa çiftlik evi
31,222,Aslan'ın gece kulübü ve Beşiktaş çevresindeki modern ofis sahneleri
31,170,Karakterlerin gizli buluşma noktaları ve çatışma sahneleri
292,285,Fatmagül'ün yaşadığı Ildır köyü ve meşhur sahil sahneleri
292,170,Karakterlerin İstanbul'a taşındıktan sonra yerleştikleri Göksu Deresi/Anadolu Hisarı sahneleri
292,173,Yeniköy ve Tarabya hattındaki hukuki mücadele ve dış çekimler
148,284,1980'lerin İzmir Gültepe mahalle atmosferi ve dar sokak sahneleri
148,286,Konak meydanı ve tarihi İzmir çarşı sahneleri
148,299,İzmir'in kıyı bölgelerindeki dramatik dış çekimler
503,273,İzmir ve çevresindeki lüks konaklar ve entrika dolu iç mekanlar
503,286,Şehir merkezi sahneleri ve karakterlerin sosyal alanları
503,173,Bazı İstanbul bağlantılı iş dünyası çekimleri
669,285,Hazal ve Kenan'ın aşkının başladığı Ildır/Çeşme sahneleri
669,123,Dizinin lüks tatil beldesi ve tekne çekimlerinin yapıldığı Marmaris/Selimiye hattı
669,170,İstanbul'daki holding ve villa sahneleri
436,273,Gelinlerin İzmir Çeşme havalimanı ve otoyoldaki kaçış sahneleri
436,173,Karakterlerin İstanbul'da yerleştikleri mahalle ve cafe sahneleri
436,222,Moda ve medya dünyasını temsil eden Şişli/Beşiktaş çekimleri
623,150,Asya ve Volkan'ın Tekirdağ'daki evi ve hastane sahneleri
623,170,İstanbul'daki vakıf ve sosyal çevre etkinlikleri
623,173,Boğaz hattındaki romantik ve gerilimli sahneler
25,273,Kumsal ve Batu'nun İzmir Çeşme'de başlayan gençlik hikayesi
25,173,Üniversite hayatı için taşındıkları İstanbul sahil semtleri
25,222,İstanbul'daki modern kampüs ve sosyal yaşam alanları
368,161,Dizinin geçtiği kurgusal köy atmosferi ve Çanakkale kırsalı
368,286,Liman ve kasaba merkezi çekimleri
368,117,Doğa ile iç içe olan piknik ve aşk sahneleri
641,173,Eda'nın çiçekçisi ve Serkan Bolat'ın holding binası çevresi
641,222,Modern İstanbul ofis yaşantısı ve lüks mekan sahneleri
641,170,Karakterlerin sosyal etkinlikleri ve dış çekimleri
362,131,Johnny Blaze'in Kapadokya'daki mağara manastırları ve vadilerdeki aksiyon sahneleri
362,133,Motosikletli kovalamaca sahneleri için kullanılan Avanos yolları
362,139,Fantastik atmosferi destekleyen peri bacaları çekimleri
536,131,"Medea'nın vatanı ""Colchis"" olarak gösterilen Göreme vadileri"
92,134,Tarihi ve mistik atmosfer için kullanılan mağara kiliseleri
92,13,Ihlara Vadisi çevresindeki epik dış çekimler
92,69,Yılmaz Güney'in kaçakçıların hikayesini anlattığı sarp dağ sahneleri
92,301,Fırat nehri ve çevresindeki dramatik geçiş sahneleri
92,97,Güneydoğu'nun sert doğasını yansıtan kırsal çekimler
237,5,Barazoğlu ailesinin çiftliği ve Adana/Kozan çevresindeki ovalar
237,8,Dila Hanım ve Karadağlı Rıza'nın karşılaştığı dış çekimler
237,2,Şehir merkezi sahneleri ve istasyon buluşmaları
585,14,Aksaray Sultanhanı'nda çekilen tarihi kervansaray ve çatışma sahneleri
585,134,Kapadokya'nın genel vadi manzaralarında geçen savaş sahneleri
585,239,İstanbul Sirkeci Garı ve liman çevresindeki tarihi çekimler
464,97,Güneydoğu Anadolu'nun sert töre atmosferini yansıtan Mardin sokakları
464,102,Kuma olarak gelen karakterin yaşadığı tarihi ev sahneleri
464,140,Kasaba merkezi ve genel dış çekimler
785,134,Hayalet Cevher'in hikayesinin geçtiği Kapadokya/Göreme sahneleri
785,264,Rıdvan'ın hikayesinin geçtiği İstanbul/Üsküdar ve Boğaz hattı
785,170,Karakterlerin psikolojik durumlarını yansıtan şehir içi çekimler
719,2,Adana ve çevresindeki aksiyon ve macera sahneleri
719,301,Halfeti ve nehir kenarındaki takip sekansları
719,31,Kıyı şeridi ve doğa ile iç içe olan dış çekimler
300,170,Ayşe'nin cezaevinden kaçışı ve İstanbul'daki saklanma sahneleri
300,266,Mahkeme ve hapishane atmosferi için kullanılan tarihi mekanlar
300,173,Deniz kenarındaki duygusal sahneler ve hesaplaşmalar
524,170,İstanbul'un dar sokaklarındaki dramatik kaçış ve yaşam sahneleri
524,266,Dizinin adliye ve hapishane odaklı ana mekanları
524,239,Sirkeci çevresindeki seyahat ve ayrılık çekimleri
252,134,Uzay üssü ve fantastik gezegen atmosferi için kullanılan vadiler
252,139,Dizinin komedi ve aksiyon unsurlarının geçtiği ilginç kaya oluşumları
252,32,Görsel efektli sahneler için kullanılan Antalya stüdyo platoları
493,134,"Kapadokya'nın ""Wild West"" atmosferi için kullanılan düzlükleri"
493,13,Ihlara Vadisi içindeki kovboy çatışma ve kamp sahneleri
493,133,Karakterlerin at bindiği peri bacaları ve vadi yolları
215,134,Minyatür sanatçısı Eflatun'un Kapadokya'daki yolculuğu
215,170,Osmanlı dönemi İstanbul atmosferi ve saray çekimleri
215,140,Genel dış mekan ve vadi manzaraları
16,69,Yılmaz Güney'in intikam ve dram dolu karlı dağ sahneleri
16,2,Karakterlerin kasaba içi etkileşim sahneleri
16,301,Güneydoğu Anadolu'nun sert coğrafyasını yansıtan çekimler
592,31,Karakterlerin huzuru aradığı sahil kasabası sahneleri
592,173,İstanbul'un modern yüzünü yansıtan Bebek ve çevresi
592,170,Dramatik şehir içi sekanslar
603,71,Köyün ortasından geçen tel örgüler ve gümrük kapısı sahneleri
603,97,Mardin benzeri taş yapıların kullanıldığı sınır köyü atmosferi
603,286,Kasaba merkezi ve pazar yeri çekimleri
315,130,Dizinin ana mekanı olan ve ismini aldığı Gomeda Vadisi mağaraları
315,134,Kapadokya'nın gizemli ve fantastik dış çekimleri
315,133,Karakterlerin kaybolduğu ıssız vadi sahneleri
251,134,Uzay gemisinin düştüğü gezegen olarak kullanılan Kapadokya vadileri
251,133,Cüneyt Arkın'ın dev kayalarla antrenman yaptığı sahneler
251,135,Mağara içi savaş ve aksiyon sahneleri
1,157,Van'da 120 kahraman çocuğun karlı dağlardaki yürüyüş sahneleri
1,156,Van Gölü çevresindeki dramatik ordu ve halk çekimleri
1,79,Lojistik ve sevkiyat sahneleri için kullanılan bölgeler
760,157,Van/Gevaş'ta kurulan dev vizontele kasaba platosu
760,156,Karakterlerin göl kenarındaki ve vapur iskelesindeki sahneleri
760,2,Diziye yeni gelenlerin şehre giriş sahneleri
759,157,Televizyonun köye geldiği o meşhur meydan ve Belediye binası sahneleri
759,156,Deli Emin'in tamirat yaptığı ve göl manzaralı dış mekanlar
759,2,Belediye Başkanı ve halkın kasaba içi etkileşimleri
849,80,Kars'ın köylerindeki yerel yaşamı anlatan belgesel çekimleri
849,78,Kentsel doku ve kış atmosferi sahneleri
849,77,Bölgenin tarihi derinliğini yansıtan dış çekimler
62,47,Ağrı Dağı manzaralı dramatik ve tarihi sahneler
62,48,Tarihi arka plan için kullanılan saray çevresi çekimleri
62,156,Doğu Anadolu'nun dini ve kültürel sembolleri
409,175,Ömer ve Elif'in Bebek sahilindeki buluşma ve yürüyüş sahneleri
409,170,Polisiye operasyonların geçtiği tarihi yarımada ve Balat sokakları
409,173,Van'daki ilk sahneler ve İstanbul'daki lüks villa çekimleri
369,80,Öğretmen Hayat'ın atandığı Kars sokakları ve okul çevresi
369,78,Kars'ın tarihi evlerindeki yaşam sahneleri
369,79,Şehre varış ve ayrılışlarda kullanılan gar sahneleri
341,156,Selma'nın Van'dan İstanbul'a uzanan hikayesinin başlangıç noktası
341,170,İstanbul Balat'taki samimi mahalle ve restoran sahneleri
341,173,Boğaz hattındaki aile ve eğlence çekimleri
337,80,Altun ailesinin zorunlu göç öncesi Kars/Doğu Anadolu sahneleri
337,239,İstanbul'a varış ve Sirkeci çevresindeki ilk yabancılaşma sahneleri
337,170,Şehir hayatına tutunma çabaları ve dramatik dış çekimler
230,78,Mişka ve Popuç'un Kars'ın karlı sokaklarındaki hesaplaşmaları
230,77,Ani Harabeleri çevresindeki epik ve tarihi manzaralar
230,79,Tren hattı boyunca geçen hüzünlü yolculuk sahneleri
461,80,Kosmos'un Kars kalesi ve çevresindeki gizemli sahneleri
461,78,Kars'ın eski sokaklarındaki metafizik ve kış çekimleri
461,77,Sınır hattındaki ıssız ve dramatik harabe görüntüleri
606,78,Rauf'un Kars köylerindeki çocukluk ve marangoz çıraklığı sahneleri
606,79,Bölgenin kış doğasını yansıtan bembeyaz dış çekimler
606,80,İlçe merkezi ve pazar yerindeki samimi sahneler
676,79,Demiryolu çalışanlarının kış atmosferindeki sahneleri
676,78,Kars'ın dondurucu sokaklarında geçen dramatik yürüyüşler
676,140,Genel şehir merkezi ve kasaba yaşantısı çekimleri
107,170,İstanbul Balat çevresindeki neşeli mahalle sahneleri
107,173,Karakterlerin sahil boyu gezintileri ve eğlenceli anları
107,219,Samimi mahalle kültürü ve komşuluk sahneleri
747,78,Kars'ın tarihi dokusunda geçen kaçış ve dram sahneleri
747,79,Şehre varış ve ayrılışlarda kullanılan ikonik mekanlar
747,82,Doğal vadi ve açık hava çekimleri
154,45,Hopa ve çevresindeki çay tarlaları ile deniz sahneleri
154,42,Artvin sınır hattındaki dramatik buluşma noktaları
154,146,Rize/Fırtına Deresi çevresindeki dış mekan çekimleri
164,173,Ailenin İstanbul sahil semtlerindeki sıcak yaşam alanları
164,222,Karakterlerin modern iş hayatı ve plaza sahneleri
164,170,Flashback sahneleri için kullanılan eski mahalle dokuları
673,170,1980'lerin İstanbul'unda geçen siyasi ve dramatik sahneler
673,266,Tarihi mahkeme binaları ve resmi kurum çekimleri
673,239,Sirkeci ve Eminönü hattındaki dönem atmosferi
516,170,İstihbarat operasyonlarının geçtiği Beyoğlu ve çevresi
516,239,Eminönü ve Sirkeci'deki aksiyon/kovalamaca sahneleri
516,264,Deniz kenarı ve liman bölgelerindeki gizli buluşmalar
629,239,Sirkeci Garı'ndaki sürgün ve vedalaşma sahneleri
629,181,Dönemin iç mekan atmosferini yansıtan Beykoz stüdyoları
629,170,Varlık Vergisi döneminin İstanbul sokakları ve ticaret merkezleri
234,62,Yusuf Miroğlu'nun Diyarbakır ve çevresindeki operasyon sahneleri
234,96,Mardin Dara Antik Kenti ve çevresindeki çatışma sahneleri
234,102,Güneydoğu'nun tarihi dokusunda geçen politik ve aksiyon sekansları
172,102,Karakterlerin dilek dilediği ve masalsı sahnelerin geçtiği Mardin sokakları
172,100,Geleneksel ev yaşamını yansıtan tarihi mekan çekimleri
172,82,Açık hava çekimleri ve doğal vadi manzaraları
318,102,Dünya ve Nazım'ın hikayesinin başladığı Mardin sahneleri
318,184,Nazım'ın taksicilik yaptığı ve Dünya'yı koruduğu Beyoğlu sokakları
779,264,Dizinin gerilimli ve duygusal dış mekan çekimleri
318,239,Karakterlerin buluşma ve ayrılma noktası olan Sirkeci-Eminönü hattı
746,99,Boran ve Alya ailesinin Mardin'deki ana yerleşkesi
746,102,Karakterlerin çatışma ve pusu sahnelerinin geçtiği dar sokaklar
746,98,Şehre geliş ve kaçış rotalarındaki yol sahneleri
108,102,Azizoğlu ve Şahvar ailelerinin Mardin'deki köklü geçmişi
108,173,Hazar ve Zilan'ın İstanbul'daki lüks yaşam ve iş çevreleri
108,170,Zorunlu göç ve şehir hayatına adaptasyon sahneleri
597,262,Yoksul mahalleden gelen gençlerin okuduğu özel kolej binası
597,170,Karakterlerin yaşadığı samimi İstanbul mahallesi ve dükkanlar
597,187,Beşiktaş ve çevresindeki gençlik buluşma mekanları
299,102,Nadir ve ailesinin kaçış hikayesinin geçtiği Mardin kırsalı
299,170,Karakterlerin İstanbul'daki saklanma ve mücadele sahneleri
299,266,Adliye ve hapishane atmosferini yansıtan çekimler
167,102,Mustafa Bulut'un saplantılı aşkını yaşadığı Mardin konağı ve çevresi
167,96,Dara Antik Kenti ve çevresindeki mistik dış çekimler
167,98,Mayınlı arazi ve sınır hattı atmosferini yansıtan yol sahneleri
692,99,Genco ailesinin yaşadığı ve dizinin simgesi haline gelen Sıla Konağı
692,101,Töre ve aşiret toplantılarının geçtiği tarihi çarşı sahneleri
692,173,Sıla'nın İstanbul'daki modern hayatı ve iş dünyası sahneleri
378,100,Şadoğlu ve Aslanbey ailelerinin yaşadığı meşhur Midyat Konağı
378,96,Reyyan ve Miran'ın buluştuğu tarihi harabeler ve dış çekimler
378,102,Karakterlerin at bindiği ve dertleştiği tarihi Mardin sokakları
626,170,İstanbul'un kenar mahallelerinde hayata tutunmaya çalışan kardeşlerin sahneleri
626,173,Dizinin dramatik yapısını destekleyen deniz kenarı ve sahil hattı
626,222,Şehir merkezi sahneleri ve karakterlerin mücadele alanları
6,83,Musul operasyonu sahneleri için kullanılan Kilis sınır platosu
6,66,Gaziantep çevresindeki aksiyon ve çatışma sekansları
6,266,Karar alma mekanizmalarının geçtiği Ankara/İstanbul resmi bina çekimleri
510,67,Gaziantep Bakırcılar Çarşısı ve yerel yaşam sahneleri
510,304,Şanlıurfa'nın manevi atmosferinde geçen hüzünlü sahneler
510,301,Halfeti sahneleri ve nehir üzerindeki dramatik çekimler
466,66,Kuzey Irak sahneleri için kullanılan Gaziantep Kalesi ve çevresi
466,83,Sınır ötesi operasyon ve kamp sahnelerinin çekildiği Kilis/Antep platosu
466,2,Lojistik ve askeri intikal sahneleri için kullanılan bölgeler
329,66,Gülperi'nin çocukları için mücadele ettiği Gaziantep mahalleleri
329,67,Antep çarşı sahneleri ve yerel halkla olan etkileşimler
329,173,Hikayenin İstanbul ayağında geçen adliye ve modern şehir sahneleri
339,66,Kenan ve Zülüf'ün aşkının başladığı tarihi Gaziantep kalesi ve evleri
339,67,Aşiretler arası görüşmelerin yapıldığı çarşı ve han sahneleri
339,8,Dramatik yapıyı destekleyen Adana/Antep sınırındaki kırsal alanlar
818,66,Ece Uslu ve Yavuz Bingöl'ün başrolünde olduğu dizinin ana kalesi ve konağı
818,8,Sıcak Adana/Antep ovalarında geçen tarla ve at binme sahneleri
818,170,Karakterlerin İstanbul maceraları ve hastane sahneleri
417,66,Fransız işgaline karşı direnişin geçtiği tarihi Gaziantep platosu
417,67,Dönemin atmosferini yansıtmak için kullanılan eski çarşılar
417,301,Nehir kenarı ve stratejik geçiş noktalarındaki savaş sahneleri
149,66,Melek ve ailesinin yaşadığı tarihi Antep konağı ve sokakları
149,67,Karakterlerin çarşıdaki dükkanları ve mutfak kültürü sahneleri
149,173,Melek'in geçmişindeki İstanbul sahneleri ve hastane çekimleri
765,67,Baklavacı Kahraman Usta'nın dükkanı ve çarşı sahneleri
765,66,Memik Dede ve ailesinin Antep'teki tarihi evi
765,173,Niko ve Nazlı'nın İstanbul'daki yaşamları ve Boğaz sahneleri
664,222,İstihbarat operasyonlarının merkezi olan modern İstanbul plazaları
664,170,Kovalamaca ve aksiyon sahnelerinin geçtiği tarihi yarımada
664,32,Yurt dışı atmosferi için kullanılan Antalya plato çekimleri
757,66,Kaan'ın Antep'teki aile evi ve yöresel sahneler
757,173,Ayperi'nin İstanbul'da bebek bakıcılığı yaptığı modern villa
757,170,İstanbul sokaklarındaki komedi ve aşk sahneleri
772,66,Korhan ailesinin köklerinin bulunduğu Gaziantep sahneleri
772,170,Ferit ve Seyran'ın yaşadığı İstanbul'daki ihtişamlı yalı (Beylerbeyi/Yeniköy)
772,173,Boğaz hattındaki sosyal yaşam ve gece hayatı sahneleri
576,146,Fırtına Deresi çevresindeki ekolojik ve politik tartışma sahneleri
576,153,Sümela Manastırı yolu ve Karadeniz'in turistik bölgeleri
576,264,İstanbul'daki belgesel çekimi ve röportaj sahneleri
124,43,Yusuf ve babasının arıcılık yaptığı Maçahel'in derin ormanları
124,44,"Borçka ve çevresindeki sisli, dramatik doğa çekimleri"
124,148,Bölgedeki eski ahşap yayla evleri ve okul sahneleri
675,45,Yusuf'un cezaevinden döndüğü Hopa sahil sahneleri
675,43,Artvin'in sarp yaylalarındaki hüzünlü ve karlı kış çekimleri
675,146,Rize-Artvin hattındaki doğa ve yol sahneleri
139,170,Cezayir Türk'ün İstanbul'daki yeraltı dünyası ve aile sahneleri
139,264,Deniz kenarındaki gizli buluşma ve operasyon noktaları
139,31,Muğla ve çevresindeki bazı dış mekan aksiyon çekimleri
101,148,Zeynep ve Fatih'in Rize'deki kaçış ve aile sahneleri
101,173,Şekercizade ailesinin İstanbul'daki lüks köşkü ve Boğaz sahneleri
101,170,Karakterlerin İstanbul'daki mahalle ve çarşı maceraları
638,146,Nefes ve Tahir'in Fırtına Deresi kenarındaki aksiyon ve dram sahneleri
638,148,Kaleli ailesinin yaşadığı tarihi Karadeniz konağı ve yaylalar
638,147,Şehir merkezi sahneleri ve Rize sahil şeridi
783,143,Gül'ün memleketi olan Ordu sahneleri ve Boztepe manzaraları
783,173,İstanbul'daki müzik prodüksiyon merkezi ve modern şehir hayatı
783,222,Plaza ve ofis sahnelerinin çekildiği Beşiktaş-Levent hattı
192,146,HES karşıtı protestoların ve nehir kenarındaki komik sahnelerin geçtiği vadi
192,148,Köy meydanı ve yerel halkın toplandığı tarihi mekanlar
192,145,Yayladaki hayvancılık ve doğa yaşamı kesitleri
798,16,Kasvetli ve zamansız bir atmosfer için seçilen Ankara/İç Anadolu tren yolları
798,73,"Isparta ve çevresindeki ıssız, dramatik doğa çekimleri"
798,97,Mardin ve çevresindeki taş yapıların dış mekan görüntüleri
577,154,Oflu Hoca'nın başkanlık yarışı ve Trabzon sokaklarındaki maceraları
577,153,Sümela Manastırı çevresindeki turistik ve komik sahneler
577,140,Şehir içi çarşı ve pazar çekimleri
442,151,Eren Bülbül'ün gerçek yaşam alanı olan Maçka ve çatışma sahneleri
442,155,Bölgenin sarp ve engebeli arazisindeki operasyon sahneleri
442,153,Trabzon genelindeki dramatik ve biyografik dış çekimler
711,154,Trabzon köylerindeki yerel halkın samimi hikayeleri ve tarla sahneleri
711,140,Ürgüp benzeri taşra kasabası sahneleri ve sokak çekimleri
711,146,Doğa ile iç içe geçen çocukluk ve gençlik sahneleri
682,153,Temel'in define aradığı Sümela Manastırı ve gizli geçit sahneleri
682,154,Trabzonspor ve taraftar sahnelerinin geçtiği şehir içi noktalar
682,146,Rize ve çevresindeki nehir kenarı komedi sekansları
578,154,Oflu Hoca'nın maceralarının geçtiği Sürmene ve Trabzon köyleri
578,140,Karakterlerin şehirler arası yolculuk ve dış çekim sahneleri
578,170,İstanbul bağlantılı komedi sekansları
786,239,Karakterlerin Almanya-Türkiye arası geçiş noktası olan Sirkeci ve çevresi
786,264,İstanbul'un kaotik ve duygusal atmosferini yansıtan sokak çekimleri
786,35,Antalya sahneleri ve deniz kenarı hesaplaşmaları
547,154,Temel'in Trabzon'daki evi ve mahalle sahneleri
547,2,Rusya yolculuğu öncesi ulaşım ve hazırlık çekimleri
547,170,Şehir içi aksiyon ve komedi sahneleri
705,170,Dizinin ana merkezi olan tarihi İstanbul mahalleleri
705,173,Boğaz hattı ve deniz kenarındaki dramatik sahneler
705,222,Karakterlerin iş hayatı ve modern şehir sahneleri
413,178,Mahir Kara'nın mahallesini temsil eden Beykoz ve çevresi
413,266,Dönemin adliye atmosferini yansıtan tarihi binalar
413,170,1970'lerin İstanbul'unu yansıtan Balat ve Beyoğlu arka sokakları
699,146,Fadime'nin Rize'den İstanbul'a uzanan hikayesinin Karadeniz sahneleri
699,219,Fadime ve ailesinin İstanbul'da yerleştiği samimi mahalle
699,173,Beşiktaş ve çevresindeki romantik komedi sahneleri
301,148,Ali ve Zeynep'in aşkının geçtiği Çamlıhemşin ve Fırtına Deresi
301,146,Rafting ve nehir kenarındaki eğlenceli atışma sahneleri
301,154,Genel Karadeniz doğası ve yayla çekimleri
870,173,Aras Teknoloji ofisi ve modern İstanbul manzaralı çekimler
870,222,Şehir içindeki plazalar ve lüks mekan sahneleri
870,148,Karakterlerin memleketlerine yaptıkları Karadeniz yolculukları
776,220,Tekin ailesinin yaşadığı ve dizinin kalbi olan ikonik köşk (Kuzguncuk)
776,173,Hayriye Hanım ve kızlarının alışveriş ve gezi sahneleri (Beyoğlu-Beşiktaş)
776,239,Ali Rıza Bey'in emeklilik sonrası İstanbul'a ilk geldiği tren garı çevresi
8,34,Memo'nun kızıyla yaşadığı köy atmosferi için kullanılan mağara ve çevresi
8,31,Muğla/Yatağan çevresinde kurulan plato ve köy sahneleri
8,82,Karakterlerin doğa içindeki duygusal geçiş sahneleri
244,120,Ali Usta'nın dondurma motoruyla gezdiği Muğla şehir içi sokakları
244,127,Dizinin geçtiği doğal köy atmosferi ve komşuluk sahneleri
244,112,Muğla çevre yolu ve kasaba giriş sahneleri
581,127,Köy hayatına alışmaya çalışan karakterlerin tarla ve çiftlik sahneleri
581,112,Marmaris sahil şeridi ve romantik sahneler
581,173,Karakterlerin İstanbul bağlantılı başlangıç sahneleri
72,179,Aslan ailesinin yaşadığı geniş çiftlik evi ve bahçesi
72,173,Modern İstanbul sahneleri ve üniversite çevresi
72,222,İş dünyası ve ofis çekimlerinin yapıldığı plazalar
398,127,Dal ailesinin İstanbul'dan kaçıp yerleştiği Yeşilyurt köyü meydanı
398,120,Muğla şehir merkezi ve adliye sahneleri
398,173,Ailenin İstanbul'daki lüks hayatına dair flashback sahneleri
873,170,Azem'in kaldığı otelin bulunduğu tarihi mahalle ve Balat sokakları
873,187,Beşiktaş ve çevresindeki günlük yaşam sahneleri
873,173,Dizinin ikonik pavyon sahnelerinin çekildiği kapalı setler ve sahil hattı
129,85,Riva'da kurulan devasa gemi ve liman platosu sahneleri
129,179,Tarihi çarşı ve iç mekan çekimleri için kullanılan Beykoz stüdyoları
129,170,Saray ve zindan sahneleri için kullanılan tarihi yapılar
399,173,Hastanenin bulunduğu lüks semt ve sahil yürüyüş yolları
399,222,Modern tıp merkezi çekimleri ve dış mekan şehir görüntüleri
399,170,Eylül'ün çocukluğunun geçtiği mahalle ve okul sahneleri
193,105,Ergüven ailesinin Bodrum'a döndükten sonraki sahil ve liman sahneleri
193,106,Bitez ve çevresindeki sörf okulu ve gençlik temalı çekimler
193,173,Ailenin İstanbul'daki eski zengin hayatını temsil eden yalı sahneleri
533,122,Ali ve ailesinin sığındığı sakin Selimiye koyu ve liman sahneleri
533,112,Marmaris ilçe merkezi ve operasyonel sahneler
533,38,Dizinin dramatik yapısını destekleyen deniz ve kıyı çekimleri
864,105,Serkan ve Duygu'nun tanıştığı Bodrum lüks otel sahneleri
864,170,Karakterlerin İstanbul'daki gerçek hayatlarını sürdürdükleri mahalleler
864,173,Beşiktaş-Bebek hattındaki tesadüfi karşılaşma sahneleri
118,115,Halil Efe ve oğullarının yaşadığı Muğla Bozüyük (Güzelköy) sokakları
118,118,Köyceğiz gölü kenarındaki tarla ve doğa çekimleri
118,110,Muğla kırsalındaki sığla ormanları ve yayla sahneleri
770,105,Tarık ve Naz'ın Bodrum sahneleri ve tekne çekimleri
770,173,Merve Sevi ve Barış Akarsu'nun İstanbul sahneleri ve villa çekimleri
770,170,Karakterlerin sosyal çevre ve arkadaş grubu sahneleri
634,107,Sancar Efe'nin kulübesinin ve geçmişin geçtiği Kayaköy bölgesi
634,105,Bodrum limanı ve Sancar ile Nare'nin modern zaman sahneleri
634,114,Dizinin meşhur sahil ve koy çekimlerinin yapıldığı Milas hattı
713,105,İskender ve Korkmaz'ın Bodrum sokaklarındaki aksiyon sahneleri
713,106,Bitez ve çevresindeki operasyon ve hesaplaşma sahneleri
713,173,İstanbul bağlantılı geçmiş ve suç dünyası sahneleri
261,118,Ezo'nun yaşadığı ve intikam planları kurduğu Köyceğiz sahneleri
261,110,Dizinin ormanlık alanlardaki dramatik ve gizemli çekimleri
261,112,Muğla şehir merkezi ve adliye sahneleri
132,173,Özgür'ün teras barı ve İstanbul manzaralı çekimleri
132,222,Levent ve Maslak bölgesindeki modern ofis sahneleri
132,107,Karakterlerin tatil ve kaçış bölgesi olarak gittikleri Fethiye sahneleri
176,118,Yılmaz ve Elif'in yaşadığı Köyceğiz kıyıları ve fener sahneleri
176,110,Göl çevresindeki duygusal ve sakin sahneler
176,173,İstanbul flashbackleri ve hastane sahneleri
130,85,Gemi savaşları ve liman sahneleri için kurulan devasa Riva platosu
130,170,İç mekan çekimleri ve saray atmosferi stüdyoları
130,32,Antalya bölgesinde yapılan bazı dış mekan sahil çekimleri
343,125,Gül'ün İstanbul'dan kaçıp yerleştiği Güzelköy (Bozüyük) meydanı
343,118,Köyceğiz gölü kıyısındaki romantik sahneler
343,114,Muğla'nın bakir koylarında yapılan piknik ve eğlence çekimleri
888,112,Marmaris sokaklarındaki eğlenceli ve romantik sahneler
888,119,Adam ve Havva'nın buluştuğu Saklıgöl ve çevresi
888,105,Muğla genelindeki turistik noktaların dış çekimleri
171,114,Deniz ve babasının yaşadığı sakin sahil kasabası sahneleri
171,105,Bodrum çarşı ve limanındaki günlük yaşam çekimleri
171,173,Deniz'in annesiyle olan İstanbul bağlantılı sahneleri
807,170,Karakterlerin yaşadığı Boğaz manzaralı tarihi yalı ve Balat
807,173,Bebek sahilindeki yürüyüş ve geçmişe dönüş sahneleri
807,222,Modern İstanbul iş hayatı ve ofis çekimleri
832,112,Aslı ve Burak'ın tanıştığı lüks otel ve Bodrum-Marmaris sahil şeridi
832,173,Karakterlerin İstanbul'daki evleri ve okul çevresi
832,170,Zengin ailelerin yaşadığı lüks villalar ve sokaklar
653,118,Köyceğiz gölü kenarındaki ana çiftlik ve doğa sahneleri
653,119,At biniş sahneleri ve karakterlerin buluşma noktaları
653,112,Muğla genelindeki dış çekimler ve kasaba merkezi
489,16,Mehmetcan'ın dedesinin yanına gittiği Ankara ve tren sahneleri
489,173,Ailenin İstanbul'daki modern yaşam alanı ve okul sahneleri
489,170,Sokak oyunları ve mahalle kültürü çekimleri
355,119,Muğla'nın kurgusal Saklıgöl köyü sahneleri ve doğal şelaleler
355,118,Karakterlerin tarım yaptığı ve yaşadığı yayla evleri
355,112,İlçe merkezi ve pazaryeri çekimleri
670,9,Bond'un trenden düştüğü ikonik dövüş sahneleri (Varda Köprüsü)
670,239,Sirkeci ve Eminönü çevresindeki motosiklet kovalamaca sahneleri
670,2,Adana tren garı çevresindeki hazırlık ve aksiyon sekansları
229,2,Maraş dondurmacısı Ekrem'in Adana sokaklarındaki maceraları
229,6,Adana'nın modern semtlerindeki romantik ve komik anlar
229,170,Hikayenin İstanbul'a uzanan bölümleri ve sahil şeridi
484,16,Demiryolu bekçisi Basri'nin çalıştığı ıssız tren yolları ve Ankara bozkırı
484,97,Dramatik atmosferi destekleyen taşra sahneleri
484,73,Filmin kasvetli havasına uygun doğal arazi çekimleri
32,6,Fikret'in Adana'ya gelişi ve aile evindeki meşhur yemek sahneleri
32,31,Düğün hazırlıkları ve Alanya-Adana arası geçiş sahneleri
32,173,Solmaz'ın İstanbul Cihangir'deki evi ve mahalle sahneleri
340,4,Yusuf'un güvercin beslediği Adana damları ve kenar mahalleler
340,2,Karakterlerin şehir içindeki günlük rotaları ve sanayi bölgesi
340,8,Dış mekan çekimleri ve Adana kırsalındaki dramatik sahneler
637,144,İlyas'ın kamyonuyla geçtiği yollar ve Asya ile tanıştığı baraj bölgesi
637,170,Filmin post-prodüksiyon ve final kurgu bağlantılı mekanları
637,40,Irmak kenarı ve şantiye sahneleri
630,4,Karsu ve ailesinin Adana'daki yaşamları ve hastane sahneleri
630,6,Karakterlerin Adana içindeki sosyal yaşam alanları
630,173,Hikayenin İstanbul'a taşınmasıyla kullanılan Bebek ve sahil hattı
236,5,Barazoğlu ailesinin ihtişamlı çiftliği ve Adana kırsalı
236,8,Arazi anlaşmazlıklarının ve at binme sahnelerinin geçtiği ovalar
236,2,Şehir merkezi sahneleri ve istasyon buluşmaları
157,8,Aslanbaş ailesinin holding ve tarım arazilerinin kalbi olan çiftlik
157,3,Dizinin simgesi olan uçsuz bucaksız pamuk tarlaları
157,2,Karakterlerin seyahat ve karşılanma sahneleri
563,2,Suriye sınır hattı geçişlerini temsil eden Adana tren hattı sahneleri
563,5,Sınır kasabası atmosferi için kullanılan Adana dış ilçeleri
563,173,Rüya'nın Berlin'den gelip İstanbul'da babasıyla karşılaştığı sahneler
356,3,"Güllü ve Kemal'in çalıştığı, hikayenin kalbi olan pamuk tarlaları"
356,5,Muzaffer Bey'in çiftliği ve Adana şehir merkezi sahneleri
356,170,Karakterlerin İstanbul yolculukları ve flashback sekansları
789,5,Bozok Konağı olarak kullanılan tarihi konak ve çevresi
789,40,Dizinin doğal dış çekimleri ve piknik sahneleri
789,33,Bella'nın şehre ilk gelişi ve ayrılış sahneleri
303,32,Uzay gemisi içi ve GORA gezegeni sahnelerinin kurulduğu dev stüdyolar
303,34,Gezegen yüzeyi sahneleri için kullanılan doğal mağara ve kayalıklar
303,31,Arif Işık'ın halı dükkanının bulunduğu Antalya çarşı sahneleri
221,105,Gaza ve babasının insan kaçakçılığı yaptığı kıyı şeridi ve depolar
221,38,Kaş ve çevresindeki ıssız koylar ve yol sahneleri
221,271,Deniz sahneleri ve teknelerin beklediği gizli noktalar
257,118,Belediye Başkanı Aziz Özay'ın muazzam elma bahçesi
257,264,Karakterlerin yıllar sonra İstanbul'daki buluşma sahneleri
257,31,Hakkari atmosferini yansıtmak için kullanılan Antalya yaylaları
350,38,Balıkçı Ali ve oğlu Efe'nin yaşadığı ana sahil kasabası
350,286,Karakterlerin hastane ve şehir merkezi sahneleri
350,173,İstanbul ile bağlantılı flashback sahneleri
407,40,Cüneyt Arkın'ın aksiyon sahnelerinin geçtiği nehir ve köprü çevresi
407,39,Ormanlık alandaki takip ve çatışma sahneleri
407,170,Dönemin İstanbul sokaklarındaki yeraltı dünyası çekimleri
156,222,Ayhan Kaplan'ın Almanya dönüşü İstanbul'daki sahneleri
156,286,Antalya bölgesindeki antrenman ve hazırlık kampı sahneleri
156,38,Dizinin komedi unsurlarının arttığı sahil ve çarşı bölgeleri
564,73,Kurgusal Karabal Jandarma Karakolu sahnelerinin çekildiği sarp dağlar
564,74,Operasyon hazırlıklarının geçtiği göl çevresi ve düzlükler
564,33,İntikal ve lojistik geçiş sahneleri
332,173,Gülşah ve ailesinin yaşadığı köşk ve Bebek çevresi
332,170,Küçük Gülşah'ın İstanbul sokaklarındaki maceraları
332,219,Nostaljik İstanbul mahallesi ve komşuluk sahneleri
201,39,Ahmet ve Hatice'nin dağlardaki kaçış ve intikam sahneleri
201,288,Geniş plato sahneleri ve yayla görselleri
201,36,Köy merkezi ve hesaplaşma meydanı sahneleri
38,288,Halil'in geyik avı için çıktığı efsanevi dağ sahneleri
38,39,Orman içi takip ve avlanma sekansları
38,36,Geleneksel köy yaşantısının geçtiği dış mekanlar
716,32,Filmin büyük bir kısmının çekildiği devasa kapalı stüdyo setleri
716,35,Liman ve gemi sahnelerinin çekildiği tarihi liman bölgesi
716,31,Kıyı şeridindeki aksiyon ve patlama sahneleri
610,32,Milli sporcuların kamp yaptığı ve müsabakaların geçtiği spor tesisleri
610,33,Kafile ile birlikte yapılan yolculuk ve havalimanı sahneleri
610,173,Recep'in İstanbul'daki hazırlık süreci sahneleri
608,31,Recep'in çocukluk aşkını bulmak için gittiği lüks otel ve plaj sahneleri
608,265,Recep'in İstanbul'daki evi ve mahalle hayatı
608,173,Yolculuk öncesi İstanbul içi trafik ve sahil sahneleri
573,36,Jandarma karakolunun ve kasaba hayatının geçtiği ana merkez
573,33,Operasyon sahneleri ve lojistik geçiş noktaları
573,31,Bölgeye yakın dış mekan operasyon çekimleri
486,140,Arat Giraylı ve ailesinin köklerinin bulunduğu Kapadokya sahneleri
486,136,Giraylı ailesinin ihtişamlı yaşamının geçtiği konak
486,173,İstanbul sahneleri ve lüks restoran buluşmaları
808,31,Dizinin geçtiği kurgusal Kalender kasabasının (Alanya) çiçek bahçeleri
808,286,Liman ve şehir merkezi aksiyon sahneleri
808,33,Karakterlerin kasabaya dönüş ve ayrılış sahneleri
254,271,Elif ve Erhan karakterlerinin inziva ve gerilim sahneleri
254,173,Sibel'in lüks ofisi ve modern İstanbul hayatı
254,257,Karakterlerin aile evleri ve özel yaşam alanları
656,237,Samimi bir mahalle komedisi olan dizinin geçtiği kıyı şeridi
656,219,Eski İstanbul evleri ve komşuluk sahneleri
656,170,Çarşı ve pazar gibi genel sosyal alan çekimleri
625,140,Gülsoy ailesinin yaşadığı ana konak ve çevresi
625,134,Karakterlerin duygusal yüzleşmelerinin geçtiği Kapadokya vadileri
625,132,Dizinin ikonik dış mekan ve mağara çekimleri
476,82,Kuzgun'un çocukluğunun geçtiği ve hikayenin başladığı Kayseri sahneleri
476,170,Kuzgun'un İstanbul'a dönüşünde yerleştiği mahalle
476,264,Dila ve Kuzgun'un deniz kenarındaki kritik görüşmeleri
779,266,Ilgaz ve Ceylin'in mesai harcadığı ana adliye koridorları
779,166,Şehir merkezi sahneleri ve karakterlerin sosyal buluşma noktaları
812,82,Köy yaşantısının ve toprak kavgalarının geçtiği ana çekim alanları
812,134,Nevşehir-Kayseri hattındaki kırsal bölgeler
812,140,Kasaba merkezi ve pazar sahneleri
820,140,Zümrüt'ün yaşadığı mahalle ve Ürgüp sokakları
820,134,Demirkan malikanesinin bulunduğu bölge ve vadi manzaraları
820,132,Dizinin masalsı atmosferini destekleyen doğal oluşumlar
64,267,Arka Sokaklar dizisinin ana çekim mekanlarından biri İstiklal Caddesi ve çevresidir.
765,250,Yabancı Damat dizisinin ana çekim mekanlarından biri Vefa ve çevresidir.
73,202,Asmalı Konak dizisinin ana çekim mekanlarından biri Göktürk ve çevresidir.
136,246,Behzat Ç. Bir Ankara Polisiyesi dizisinin ana çekim mekanlarından biri Tarlabaşı ve çevresidir.
752,180,Vatanım Sensin dizisinin ana çekim mekanlarından biri Beykoz Kundura Fabrikası ve çevresidir.
778,176,Yargı dizisinin ana çekim mekanlarından biri Belgrad Ormanı ve çevresidir.
840,169,Çukur dizisinin ana çekim mekanlarından biri Balat ve çevresidir.
162,194,Binbir Gece dizisinin ana çekim mekanlarından biri Emirgan Korusu ve çevresidir.
416,203,Karayılan dizisinin ana çekim mekanlarından biri Gülhane Parkı ve çevresidir.
588,198,Payitaht Abdülhamid dizisinin ana çekim mekanlarından biri Fener ve çevresidir.
861,213,Üç Kız Kardeş dizisinin ana çekim mekanlarından biri Kemerburgaz ve çevresidir.
479,202,Kördüğüm dizisinin ana çekim mekanlarından biri Göktürk ve çevresidir.
663,215,Sipahi dizisinin ana çekim mekanlarından biri Kilyos Sahili ve çevresidir.
488,259,Küçük Ağa dizisinin ana çekim mekanlarından biri Çengelköy ve çevresidir.
279,169,Ezel dizisinin ana çekim mekanlarından biri Balat ve çevresidir.
763,203,Ya İstiklal Ya Ölüm dizisinin ana çekim mekanlarından biri Gülhane Parkı ve çevresidir.
836,194,Çoban Yıldızı dizisinin ana çekim mekanlarından biri Emirgan Korusu ve çevresidir.
328,165,Gülperi dizisinin ana çekim mekanlarından biri Arnavutköy Sahili ve çevresidir.
518,180,Leyla ile Mecnun dizisinin ana çekim mekanlarından biri Beykoz Kundura Fabrikası ve çevresidir.
871,213,İnadına Yaşamak dizisinin ana çekim mekanlarından biri Kemerburgaz ve çevresidir.
105,202,Aşk ve Umut dizisinin ana çekim mekanlarından biri Göktürk ve çevresidir.
478,254,Köprü dizisinin ana çekim mekanlarından biri Yeniköy ve çevresidir.
475,174,Kuzgun dizisinin ana çekim mekanlarından biri Bebek Sahili ve çevresidir.
714,176,Teşkilat dizisinin ana çekim mekanlarından biri Belgrad Ormanı ve çevresidir.
757,225,Ver Elini Aşk dizisinin ana çekim mekanlarından biri Ortaköy ve çevresidir.
811,194,Yılanların Öcü dizisinin ana çekim mekanlarından biri Emirgan Korusu ve çevresidir.
814,165,Zalim İstanbul dizisinin ana çekim mekanlarından biri Arnavutköy Sahili ve çevresidir.
544,224,Merhamet dizisinin ana çekim mekanlarından biri Nişantaşı ve çevresidir.
839,169,Çocuklar Duymasın dizisinin ana çekim mekanlarından biri Balat ve çevresidir.
355,259,Hanım Köylü dizisinin ana çekim mekanlarından biri Çengelköy ve çevresidir.
35,254,Akrep dizisinin ana çekim mekanlarından biri Yeniköy ve çevresidir.
130,180,Barbaroslar: Akdeniz'in Kılıcı dizisinin ana çekim mekanlarından biri Beykoz Kundura Fabrikası ve çevresidir.
864,225,İki Yalancı dizisinin ana çekim mekanlarından biri Ortaköy ve çevresidir.
41,180,Aldatmak dizisinin ana çekim mekanlarından biri Beykoz Kundura Fabrikası ve çevresidir.
399,194,Kalp Atışı dizisinin ana çekim mekanlarından biri Emirgan Korusu ve çevresidir.
875,176,İsimsizler dizisinin ana çekim mekanlarından biri Belgrad Ormanı ve çevresidir.
832,169,Çilek Kokusu dizisinin ana çekim mekanlarından biri Balat ve çevresidir.
132,259,Bay Yanlış dizisinin ana çekim mekanlarından biri Çengelköy ve çevresidir.
623,202,Sadakatsiz dizisinin ana çekim mekanlarından biri Göktürk ve çevresidir.
283,246,Eşkıya Dünyaya Hükümdar Olmaz dizisinin ana çekim mekanlarından biri Tarlabaşı ve çevresidir.
558,225,Mükemmel Eşleşme dizisinin ana çekim mekanlarından biri Ortaköy ve çevresidir.
181,245,Bir İstanbul Masalı dizisinin ana çekim mekanlarından biri Tarabya ve çevresidir.
908,180,Şevkat Yerimdar dizisinin ana çekim mekanlarından biri Beykoz Kundura Fabrikası ve çevresidir.
164,218,Bir Aile Hikayesi dizisinin ana çekim mekanlarından biri Kuzguncuk ve çevresidir.
647,165,Sensiz Olmuyor dizisinin ana çekim mekanlarından biri Arnavutköy Sahili ve çevresidir.
463,259,Koçum Benim dizisinin ana çekim mekanlarından biri Çengelköy ve çevresidir.
116,213,Baba Evi dizisinin ana çekim mekanlarından biri Kemerburgaz ve çevresidir.
100,223,Aşk Yeniden dizisinin ana çekim mekanlarından biri Moda Sahili ve çevresidir.
72,225,Aslan Ailem dizisinin ana çekim mekanlarından biri Ortaköy ve çevresidir.
818,174,Zerda dizisinin ana çekim mekanlarından biri Bebek Sahili ve çevresidir.
792,245,Yeter dizisinin ana çekim mekanlarından biri Tarabya ve çevresidir.
204,180,Camdaki Kız dizisinin ana çekim mekanlarından biri Beykoz Kundura Fabrikası ve çevresidir.
747,194,Uzak Şehrin Masalı dizisinin ana çekim mekanlarından biri Emirgan Korusu ve çevresidir.
753,259,Vay Anam Vay dizisinin ana çekim mekanlarından biri Çengelköy ve çevresidir.
772,254,Yalı Çapkını dizisinin ana çekim mekanlarından biri Yeniköy ve çevresidir.
907,213,Şeref Meselesi dizisinin ana çekim mekanlarından biri Kemerburgaz ve çevresidir.
258,202,Elbet Bir Gün dizisinin ana çekim mekanlarından biri Göktürk ve çevresidir.
359,203,Hatırla Sevgili dizisinin ana çekim mekanlarından biri Gülhane Parkı ve çevresidir.
227,212,Dedektif Memoli dizisinin ana çekim mekanlarından biri Karaköy ve çevresidir.
310,212,Geniş Aile dizisinin ana çekim mekanlarından biri Karaköy ve çevresidir.
431,218,Kaynanalar dizisinin ana çekim mekanlarından biri Kuzguncuk ve çevresidir.
343,259,Güzel Köylü dizisinin ana çekim mekanlarından biri Çengelköy ve çevresidir.
865,165,İkinci Bahar dizisinin ana çekim mekanlarından biri Arnavutköy Sahili ve çevresidir.
106,254,Aşk-ı Memnu dizisinin ana çekim mekanlarından biri Yeniköy ve çevresidir.
149,213,Benim Adım Melek dizisinin ana çekim mekanlarından biri Kemerburgaz ve çevresidir.
188,250,Bizim Hikaye dizisinin ana çekim mekanlarından biri Vefa ve çevresidir.
439,180,Kaçın Kurası dizisinin ana çekim mekanlarından biri Beykoz Kundura Fabrikası ve çevresidir.
107,218,Aşk-ı Roman dizisinin ana çekim mekanlarından biri Kuzguncuk ve çevresidir.
379,245,Hicran dizisinin ana çekim mekanlarından biri Tarabya ve çevresidir.
384,243,Hürrem Sultan dizisinin ana çekim mekanlarından biri Süleymaniye ve çevresidir.
848,194,Ölene Kadar dizisinin ana çekim mekanlarından biri Emirgan Korusu ve çevresidir.
390,165,Ihlamurlar Altında dizisinin ana çekim mekanlarından biri Arnavutköy Sahili ve çevresidir.
890,225,İşler Güçler dizisinin ana çekim mekanlarından biri Ortaköy ve çevresidir.
771,267,Yalnız Kurt dizisinin ana çekim mekanlarından biri İstiklal Caddesi ve çevresidir.
878,202,İstanbul Sokakları dizisinin ana çekim mekanlarından biri Göktürk ve çevresidir.
102,254,Aşk ve Ceza dizisinin ana çekim mekanlarından biri Yeniköy ve çevresidir.
209,245,Canım Annem dizisinin ana çekim mekanlarından biri Tarabya ve çevresidir.
604,215,Racon: Ailem İçin dizisinin ana çekim mekanlarından biri Kilyos Sahili ve çevresidir.
405,259,Kapalıçarşı dizisinin ana çekim mekanlarından biri Çengelköy ve çevresidir.
305,180,Gece Gündüz dizisinin ana çekim mekanlarından biri Beykoz Kundura Fabrikası ve çevresidir.
112,224,Baba dizisinin ana çekim mekanlarından biri Nişantaşı ve çevresidir.
374,180,Hekimoğlu dizisinin ana çekim mekanlarından biri Beykoz Kundura Fabrikası ve çevresidir.
403,176,Kanıt dizisinin ana çekim mekanlarından biri Belgrad Ormanı ve çevresidir.
291,254,Fatmagül'ün Suçu Ne? dizisinin ana çekim mekanlarından biri Yeniköy ve çevresidir.
199,267,Böyle Bitmesin dizisinin ana çekim mekanlarından biri İstiklal Caddesi ve çevresidir.
678,245,Sultan Makamı dizisinin ana çekim mekanlarından biri Tarabya ve çevresidir.
652,180,Sevda'nın Bahçesi dizisinin ana çekim mekanlarından biri Beykoz Kundura Fabrikası ve çevresidir.
117,225,Baba Ocağı dizisinin ana çekim mekanlarından biri Ortaköy ve çevresidir.
829,176,Çarpışma dizisinin ana çekim mekanlarından biri Belgrad Ormanı ve çevresidir.
701,180,Tatlı Hayat dizisinin ana çekim mekanlarından biri Beykoz Kundura Fabrikası ve çevresidir.
358,218,Harem dizisinin ana çekim mekanlarından biri Kuzguncuk ve çevresidir.
115,169,Baba Candır dizisinin ana çekim mekanlarından biri Balat ve çevresidir.
613,259,Reis dizisinin ana çekim mekanlarından biri Çengelköy ve çevresidir.
134,174,Bedel dizisinin ana çekim mekanlarından biri Bebek Sahili ve çevresidir.
444,245,Keşanlı Ali Destanı dizisinin ana çekim mekanlarından biri Tarabya ve çevresidir.
470,240,Kuruluş Osman dizisinin ana çekim mekanlarından biri Sultanahmet ve çevresidir.
550,194,Mucize Doktor dizisinin ana çekim mekanlarından biri Emirgan Korusu ve çevresidir.
601,180,Poyraz Karayel dizisinin ana çekim mekanlarından biri Beykoz Kundura Fabrikası ve çevresidir.
708,246,Tek Yürek dizisinin ana çekim mekanlarından biri Tarlabaşı ve çevresidir.
596,169,Pis Yedili dizisinin ana çekim mekanlarından biri Balat ve çevresidir.
469,180,Kurtuluş dizisinin ana çekim mekanlarından biri Beykoz Kundura Fabrikası ve çevresidir.
232,199,Deli Saraylı dizisinin ana çekim mekanlarından biri Galata Kulesi ve çevresidir.
46,174,Aliye dizisinin ana çekim mekanlarından biri Bebek Sahili ve çevresidir.
473,180,Kuzey Güney dizisinin ana çekim mekanlarından biri Beykoz Kundura Fabrikası ve çevresidir.
90,180,Ağlama Anne dizisinin ana çekim mekanlarından biri Beykoz Kundura Fabrikası ve çevresidir.
522,212,Mahkum dizisinin ana çekim mekanlarından biri Karaköy ve çevresidir.
418,218,Kardeş Payı dizisinin ana çekim mekanlarından biri Kuzguncuk ve çevresidir.
614,169,Rengarenk dizisinin ana çekim mekanlarından biri Balat ve çevresidir.
87,199,Aziz dizisinin ana çekim mekanlarından biri Galata Kulesi ve çevresidir.
193,202,Bodrum Masalı dizisinin ana çekim mekanlarından biri Göktürk ve çevresidir.
434,254,Kayıp Şehir dizisinin ana çekim mekanlarından biri Yeniköy ve çevresidir.
532,174,Masumlar Apartmanı dizisinin ana çekim mekanlarından biri Bebek Sahili ve çevresidir.
372,250,Hayatımın Aşkı dizisinin ana çekim mekanlarından biri Vefa ve çevresidir.
263,180,Emret Komutanım dizisinin ana çekim mekanlarından biri Beykoz Kundura Fabrikası ve çevresidir.
298,267,Firar dizisinin ana çekim mekanlarından biri İstiklal Caddesi ve çevresidir.
775,218,Yaprak Dökümü dizisinin ana çekim mekanlarından biri Kuzguncuk ve çevresidir.
830,224,Çemberimde Gül Oya dizisinin ana çekim mekanlarından biri Nişantaşı ve çevresidir.
17,213,Acı Aşk dizisinin ana çekim mekanlarından biri Kemerburgaz ve çevresidir.
834,223,Çiçek Taksi dizisinin ana çekim mekanlarından biri Moda Sahili ve çevresidir.
319,225,Gönülçelen dizisinin ana çekim mekanlarından biri Ortaköy ve çevresidir.
860,267,Üç Kuruş dizisinin ana çekim mekanlarından biri İstiklal Caddesi ve çevresidir.
912,245,Şubat dizisinin ana çekim mekanlarından biri Tarabya ve çevresidir.
507,246,Kızıl Elma dizisinin ana çekim mekanlarından biri Tarlabaşı ve çevresidir.
108,194,Aşka Sürgün dizisinin ana çekim mekanlarından biri Emirgan Korusu ve çevresidir.
668,165,Siyah İnci dizisinin ana çekim mekanlarından biri Arnavutköy Sahili ve çevresidir.
810,215,Yılan Hikâyesi dizisinin ana çekim mekanlarından biri Kilyos Sahili ve çevresidir.
754,203,Veda dizisinin ana çekim mekanlarından biri Gülhane Parkı ve çevresidir.
27,174,Adını Feriha Koydum dizisinin ana çekim mekanlarından biri Bebek Sahili ve çevresidir.
412,246,Karadayı dizisinin ana çekim mekanlarından biri Tarlabaşı ve çevresidir.
553,199,Muhteşem Yüzyıl Kösem dizisinin ana çekim mekanlarından biri Galata Kulesi ve çevresidir.
289,240,Fatih dizisinin ana çekim mekanlarından biri Sultanahmet ve çevresidir.
740,243,Ustura Kemal dizisinin ana çekim mekanlarından biri Süleymaniye ve çevresidir.
880,259,İstanbul'un Altınları dizisinin ana çekim mekanlarından biri Çengelköy ve çevresidir.
732,180,Ulan İstanbul dizisinin ana çekim mekanlarından biri Beykoz Kundura Fabrikası ve çevresidir.
727,223,Tövbeler Tövbesi dizisinin ana çekim mekanlarından biri Moda Sahili ve çevresidir.
858,225,Üsküdar'a Giderken dizisinin ana çekim mekanlarından biri Ortaköy ve çevresidir.
467,176,Kurtlar Vadisi Pusu dizisinin ana çekim mekanlarından biri Belgrad Ormanı ve çevresidir.
54,254,Analar ve Anneler dizisinin ana çekim mekanlarından biri Yeniköy ve çevresidir.
415,243,Karaoğlan dizisinin ana çekim mekanlarından biri Süleymaniye ve çevresidir.
205,180,Can Kırıkları dizisinin ana çekim mekanlarından biri Beykoz Kundura Fabrikası ve çevresidir.
520,259,Lise Defteri dizisinin ana çekim mekanlarından biri Çengelköy ve çevresidir.
383,194,Huzur Sokağı dizisinin ana çekim mekanlarından biri Emirgan Korusu ve çevresidir.
725,165,Tutsak dizisinin ana çekim mekanlarından biri Arnavutköy Sahili ve çevresidir.
884,224,İyilik dizisinin ana çekim mekanlarından biri Nişantaşı ve çevresidir.
504,250,Kızlar Sınıfı dizisinin ana çekim mekanlarından biri Vefa ve çevresidir.
468,180,Kurtlar Vadisi Terör dizisinin ana çekim mekanlarından biri Beykoz Kundura Fabrikası ve çevresidir.
648,254,Servet dizisinin ana çekim mekanlarından biri Yeniköy ve çevresidir.
501,174,Kırmızı Oda dizisinin ana çekim mekanlarından biri Bebek Sahili ve çevresidir.
780,259,Yarım Elma dizisinin ana çekim mekanlarından biri Çengelköy ve çevresidir.
494,180,Küçük Sırlar dizisinin ana çekim mekanlarından biri Beykoz Kundura Fabrikası ve çevresidir.
316,223,Gönül dizisinin ana çekim mekanlarından biri Moda Sahili ve çevresidir.
787,225,Yedi Numara dizisinin ana çekim mekanlarından biri Ortaköy ve çevresidir.
297,243,Filinta dizisinin ana çekim mekanlarından biri Süleymaniye ve çevresidir.
414,212,Karagül dizisinin ana çekim mekanlarından biri Karaköy ve çevresidir.
48,203,Alparslan: Büyük Selçuklu dizisinin ana çekim mekanlarından biri Gülhane Parkı ve çevresidir.
36,215,Akıncı dizisinin ana çekim mekanlarından biri Kilyos Sahili ve çevresidir.
29,259,Afili Aşk dizisinin ana çekim mekanlarından biri Çengelköy ve çevresidir.
401,245,Kanatsız Kuşlar dizisinin ana çekim mekanlarından biri Tarabya ve çevresidir.
103,180,Aşk ve Gurur dizisinin ana çekim mekanlarından biri Beykoz Kundura Fabrikası ve çevresidir.
537,243,Mehmed: Bir Cihan Fatihi dizisinin ana çekim mekanlarından biri Süleymaniye ve çevresidir.
817,165,Zengin ve Yoksul dizisinin ana çekim mekanlarından biri Arnavutköy Sahili ve çevresidir.
863,224,İffet dizisinin ana çekim mekanlarından biri Nişantaşı ve çevresidir.
913,213,Şöhret dizisinin ana çekim mekanlarından biri Kemerburgaz ve çevresidir.
385,169,Hüsnü Bey Amca dizisinin ana çekim mekanlarından biri Balat ve çevresidir.
365,259,Hayat Bazen Tatlıdır dizisinin ana çekim mekanlarından biri Çengelköy ve çevresidir.
726,209,Tutunamayanlar dizisinin ana çekim mekanlarından biri Kandilli ve çevresidir.
641,223,Sen Çal Kapımı dizisinin ana çekim mekanlarından biri Moda Sahili ve çevresidir.
645,180,Seni Çok Özledim dizisinin ana çekim mekanlarından biri Beykoz Kundura Fabrikası ve çevresidir.
545,250,Mert ile Gert dizisinin ana çekim mekanlarından biri Vefa ve çevresidir.
39,180,Alacakaranlık dizisinin ana çekim mekanlarından biri Beykoz Kundura Fabrikası ve çevresidir.
217,246,Cesur Yürek dizisinin ana çekim mekanlarından biri Tarlabaşı ve çevresidir.
14,169,Acemi Cadı dizisinin ana çekim mekanlarından biri Balat ve çevresidir.
910,176,Şeytan Ayrıntıda Gizlidir dizisinin ana çekim mekanlarından biri Belgrad Ormanı ve çevresidir.
621,254,Rüzgarın Kalbi dizisinin ana çekim mekanlarından biri Yeniköy ve çevresidir.
672,174,Son dizisinin ana çekim mekanlarından biri Bebek Sahili ve çevresidir.
57,225,Anne dizisinin ana çekim mekanlarından biri Ortaköy ve çevresidir.
288,250,Familya dizisinin ana çekim mekanlarından biri Vefa ve çevresidir.
208,180,Canım Ailem dizisinin ana çekim mekanlarından biri Beykoz Kundura Fabrikası ve çevresidir.
121,165,Babil dizisinin ana çekim mekanlarından biri Arnavutköy Sahili ve çevresidir.
238,224,Dinle Sevgili dizisinin ana çekim mekanlarından biri Nişantaşı ve çevresidir.
195,259,Boynu Bükükler dizisinin ana çekim mekanlarından biri Çengelköy ve çevresidir.
862,209,İbreti Ailem dizisinin ana çekim mekanlarından biri Kandilli ve çevresidir.
761,223,Vurgun dizisinin ana çekim mekanlarından biri Moda Sahili ve çevresidir.
898,212,Şampiyon dizisinin ana çekim mekanlarından biri Karaköy ve çevresidir.
530,245,Masum Değiliz dizisinin ana çekim mekanlarından biri Tarabya ve çevresidir.
723,199,Tozkoparan İskender dizisinin ana çekim mekanlarından biri Galata Kulesi ve çevresidir.
487,218,Küstüm Çiçeği dizisinin ana çekim mekanlarından biri Kuzguncuk ve çevresidir.
144,169,Ben de Özledim dizisinin ana çekim mekanlarından biri Balat ve çevresidir.
826,224,Çalıkuşu dizisinin ana çekim mekanlarından biri Nişantaşı ve çevresidir.
462,212,Koyu Kırmızı dizisinin ana çekim mekanlarından biri Karaköy ve çevresidir.
400,202,Kampüsistan dizisinin ana çekim mekanlarından biri Göktürk ve çevresidir.
571,225,No 309 dizisinin ana çekim mekanlarından biri Ortaköy ve çevresidir.
731,267,Ufak Tefek Cinayetler dizisinin ana çekim mekanlarından biri İstiklal Caddesi ve çevresidir.
554,180,Muhteşem İkili dizisinin ana çekim mekanlarından biri Beykoz Kundura Fabrikası ve çevresidir.
43,218,Aldırma Gönül dizisinin ana çekim mekanlarından biri Kuzguncuk ve çevresidir.
422,194,Kasaba Doktoru dizisinin ana çekim mekanlarından biri Emirgan Korusu ve çevresidir.
607,176,Reaksiyon dizisinin ana çekim mekanlarından biri Belgrad Ormanı ve çevresidir.
11,224,A.Ş.K. dizisinin ana çekim mekanlarından biri Nişantaşı ve çevresidir.
269,213,Esaret dizisinin ana çekim mekanlarından biri Kemerburgaz ve çevresidir.
13,223,Acayip Hikayeler dizisinin ana çekim mekanlarından biri Moda Sahili ve çevresidir.
896,254,Şahin Tepesi dizisinin ana çekim mekanlarından biri Yeniköy ve çevresidir.
354,180,Hangimiz Sevmedik dizisinin ana çekim mekanlarından biri Beykoz Kundura Fabrikası ve çevresidir.
304,176,Galip Derviş dizisinin ana çekim mekanlarından biri Belgrad Ormanı ve çevresidir.
276,180,Evli ve Öfkeli dizisinin ana çekim mekanlarından biri Beykoz Kundura Fabrikası ve çevresidir.
859,194,Üvey Baba dizisinin ana çekim mekanlarından biri Emirgan Korusu ve çevresidir.
546,165,Meryem dizisinin ana çekim mekanlarından biri Arnavutköy Sahili ve çevresidir.
619,224,Rüya dizisinin ana çekim mekanlarından biri Nişantaşı ve çevresidir.
381,213,Hizmetçiler dizisinin ana çekim mekanlarından biri Kemerburgaz ve çevresidir.
247,202,Dudaktan Kalbe dizisinin ana çekim mekanlarından biri Göktürk ve çevresidir.
455,215,Kollama dizisinin ana çekim mekanlarından biri Kilyos Sahili ve çevresidir.
338,218,Güneşin Kızları dizisinin ana çekim mekanlarından biri Kuzguncuk ve çevresidir.
521,169,Mahallenin Muhtarları dizisinin ana çekim mekanlarından biri Balat ve çevresidir.
886,246,İçerde dizisinin ana çekim mekanlarından biri Tarlabaşı ve çevresidir.
435,212,Kayıtdışı dizisinin ana çekim mekanlarından biri Karaköy ve çevresidir.
411,165,Kara Yazı dizisinin ana çekim mekanlarından biri Arnavutköy Sahili ve çevresidir.
790,215,Yeni Hayat dizisinin ana çekim mekanlarından biri Kilyos Sahili ve çevresidir.
806,267,Yüz Yüze dizisinin ana çekim mekanlarından biri İstiklal Caddesi ve çevresidir.
649,202,Serçe Sarayı dizisinin ana çekim mekanlarından biri Göktürk ve çevresidir.
28,254,Adını Sen Koy dizisinin ana çekim mekanlarından biri Yeniköy ve çevresidir.
586,209,Paramparça dizisinin ana çekim mekanlarından biri Kandilli ve çevresidir.
736,245,Umut Taksi dizisinin ana çekim mekanlarından biri Tarabya ve çevresidir.
640,180,Sen de Gitme dizisinin ana çekim mekanlarından biri Beykoz Kundura Fabrikası ve çevresidir.
697,243,Tatar Ramazan dizisinin ana çekim mekanlarından biri Süleymaniye ve çevresidir.
9,180,8. Gün dizisinin ana çekim mekanlarından biri Beykoz Kundura Fabrikası ve çevresidir.
333,224,Gümüş dizisinin ana çekim mekanlarından biri Nişantaşı ve çevresidir.
308,213,Gecenin Kraliçesi dizisinin ana çekim mekanlarından biri Kemerburgaz ve çevresidir.
94,202,Aşk Ağlatır dizisinin ana çekim mekanlarından biri Göktürk ve çevresidir.
900,169,Şaşkın Bakkal 216 dizisinin ana çekim mekanlarından biri Balat ve çevresidir.
565,259,Nerdesin Birader dizisinin ana çekim mekanlarından biri Çengelköy ve çevresidir.
174,245,Bir Mucize Olsun dizisinin ana çekim mekanlarından biri Tarabya ve çevresidir.
831,223,Çifte Saadet dizisinin ana çekim mekanlarından biri Moda Sahili ve çevresidir.
274,194,Evlat Kokusu dizisinin ana çekim mekanlarından biri Emirgan Korusu ve çevresidir.
429,250,Kaygısızlar dizisinin ana çekim mekanlarından biri Vefa ve çevresidir.
294,224,Fedai dizisinin ana çekim mekanlarından biri Nişantaşı ve çevresidir.
874,213,İnsanlık Suçu dizisinin ana çekim mekanlarından biri Kemerburgaz ve çevresidir.
737,180,Umut Yolcuları dizisinin ana çekim mekanlarından biri Beykoz Kundura Fabrikası ve çevresidir.
769,191,Yalan Dünya dizisinin ana çekim mekanlarından biri Cihangir ve çevresidir.
165,174,Bir Aşk Hikayesi dizisinin ana çekim mekanlarından biri Bebek Sahili ve çevresidir.
216,223,Cesaretin Var Mı Aşka dizisinin ana çekim mekanlarından biri Moda Sahili ve çevresidir.
202,245,Bıçak Sırtı dizisinin ana çekim mekanlarından biri Tarabya ve çevresidir.
643,194,Seni Kimler Aldı dizisinin ana çekim mekanlarından biri Emirgan Korusu ve çevresidir.
88,165,Azize dizisinin ana çekim mekanlarından biri Arnavutköy Sahili ve çevresidir.
290,224,Fatih Harbiye dizisinin ana çekim mekanlarından biri Nişantaşı ve çevresidir.
397,213,Kalbimdeki Deniz dizisinin ana çekim mekanlarından biri Kemerburgaz ve çevresidir.
55,259,Ankara'nın Dikmen'i dizisinin ana çekim mekanlarından biri Çengelköy ve çevresidir.
525,254,Makber dizisinin ana çekim mekanlarından biri Yeniköy ve çevresidir.
122,267,Bahtiyar Ölmez dizisinin ana çekim mekanlarından biri İstiklal Caddesi ve çevresidir.
317,225,Gönül Ferman Dinlemiyor dizisinin ana çekim mekanlarından biri Ortaköy ve çevresidir.
683,180,Süper Baba dizisinin ana çekim mekanlarından biri Beykoz Kundura Fabrikası ve çevresidir.
870,180,İnadına Aşk dizisinin ana çekim mekanlarından biri Beykoz Kundura Fabrikası ve çevresidir.
170,218,Bir Deli Sevda dizisinin ana çekim mekanlarından biri Kuzguncuk ve çevresidir.
277,169,Eyvah Halam dizisinin ana çekim mekanlarından biri Balat ve çevresidir.
506,213,Kızlarım İçin dizisinin ana çekim mekanlarından biri Kemerburgaz ve çevresidir.
387,202,Hıçkırık dizisinin ana çekim mekanlarından biri Göktürk ve çevresidir.
83,246,Aynadaki Düşman dizisinin ana çekim mekanlarından biri Tarlabaşı ve çevresidir.
465,199,Kurt Seyit ve Şura dizisinin ana çekim mekanlarından biri Galata Kulesi ve çevresidir.
644,245,Seni Çok Bekledim dizisinin ana çekim mekanlarından biri Tarabya ve çevresidir.
838,180,Çocuk dizisinin ana çekim mekanlarından biri Beykoz Kundura Fabrikası ve çevresidir.
348,194,Hacı dizisinin ana çekim mekanlarından biri Emirgan Korusu ve çevresidir.
784,165,Yaz'ın Öyküsü dizisinin ana çekim mekanlarından biri Arnavutköy Sahili ve çevresidir.
275,224,Evlerden Biri dizisinin ana çekim mekanlarından biri Nişantaşı ve çevresidir.
23,212,Adanalı dizisinin ana çekim mekanlarından biri Karaköy ve çevresidir.
482,202,Kötü Yol dizisinin ana çekim mekanlarından biri Göktürk ve çevresidir.
633,215,Sağır Oda dizisinin ana çekim mekanlarından biri Kilyos Sahili ve çevresidir.
659,250,Seviyor Sevmiyor dizisinin ana çekim mekanlarından biri Vefa ve çevresidir.
245,180,Dostlar Mahallesi dizisinin ana çekim mekanlarından biri Beykoz Kundura Fabrikası ve çevresidir.
93,218,Aşağı Yukarı Yemişlililer dizisinin ana çekim mekanlarından biri Kuzguncuk ve çevresidir.
762,212,Vuslat dizisinin ana çekim mekanlarından biri Karaköy ve çevresidir.
240,165,Doktorlar dizisinin ana çekim mekanlarından biri Arnavutköy Sahili ve çevresidir.
206,224,Canan dizisinin ana çekim mekanlarından biri Nişantaşı ve çevresidir.
311,223,Gençliğim Eyvah dizisinin ana çekim mekanlarından biri Moda Sahili ve çevresidir.
905,225,Şen Yuva dizisinin ana çekim mekanlarından biri Ortaköy ve çevresidir.
197,253,Bugünün Saraylısı dizisinin ana çekim mekanlarından biri Yedikule Zindanları ve çevresidir.
828,180,Çarli dizisinin ana çekim mekanlarından biri Beykoz Kundura Fabrikası ve çevresidir.
739,245,Unutulmaz dizisinin ana çekim mekanlarından biri Tarabya ve çevresidir.
370,169,Hayat Şarkısı dizisinin ana çekim mekanlarından biri Balat ve çevresidir.
560,259,N'olur Ayrılalım dizisinin ana çekim mekanlarından biri Çengelköy ve çevresidir.
655,165,Seven Ne Yapmaz dizisinin ana çekim mekanlarından biri Arnavutköy Sahili ve çevresidir.
425,223,Kavak Yelleri dizisinin ana çekim mekanlarından biri Moda Sahili ve çevresidir.
207,225,Canevim dizisinin ana çekim mekanlarından biri Ortaköy ve çevresidir.
894,250,Şahane Damat dizisinin ana çekim mekanlarından biri Vefa ve çevresidir.
628,180,Salih Kuşu dizisinin ana çekim mekanlarından biri Beykoz Kundura Fabrikası ve çevresidir.
224,174,Dayan Yüreğim dizisinin ana çekim mekanlarından biri Bebek Sahili ve çevresidir.
691,180,Sıla dizisinin ana çekim mekanlarından biri Beykoz Kundura Fabrikası ve çevresidir.
777,180,Yaralı Kuşlar dizisinin ana çekim mekanlarından biri Beykoz Kundura Fabrikası ve çevresidir.
451,209,Koca Koca Yalanlar dizisinin ana çekim mekanlarından biri Kandilli ve çevresidir.
474,176,Kuzey Rüzgârı dizisinin ana çekim mekanlarından biri Belgrad Ormanı ve çevresidir.
543,224,Merhaba Hayat dizisinin ana çekim mekanlarından biri Nişantaşı ve çevresidir.
839,250,Çocuklar Duymasın dizisinin ana çekim mekanlarından biri Vefa ve çevresidir.
352,180,Halka dizisinin ana çekim mekanlarından biri Beykoz Kundura Fabrikası ve çevresidir.
843,218,Çılgın Bediş dizisinin ana çekim mekanlarından biri Kuzguncuk ve çevresidir.
256,218,Ekmek Teknesi dizisinin ana çekim mekanlarından biri Kuzguncuk ve çevresidir.
421,245,Kardeşlerim dizisinin ana çekim mekanlarından biri Tarabya ve çevresidir.
734,180,Umuda Kelepçe Vurulmaz dizisinin ana çekim mekanlarından biri Beykoz Kundura Fabrikası ve çevresidir.
911,223,Şimdi Onlar Düşünsün dizisinin ana çekim mekanlarından biri Moda Sahili ve çevresidir.
827,225,Çapkın dizisinin ana çekim mekanlarından biri Ortaköy ve çevresidir.
783,250,Yaz Şarkısı dizisinin ana çekim mekanlarından biri Vefa ve çevresidir.
707,213,Tehlikeli Karım dizisinin ana çekim mekanlarından biri Kemerburgaz ve çevresidir.
360,218,Hayal ve Gerçek dizisinin ana çekim mekanlarından biri Kuzguncuk ve çevresidir.
756,215,Veliaht dizisinin ana çekim mekanlarından biri Kilyos Sahili ve çevresidir.
887,180,İçimdeki Fırtına dizisinin ana çekim mekanlarından biri Beykoz Kundura Fabrikası ve çevresidir.
323,180,Gülbeyaz dizisinin ana çekim mekanlarından biri Beykoz Kundura Fabrikası ve çevresidir.
169,194,Bir Deli Rüzgar dizisinin ana çekim mekanlarından biri Emirgan Korusu ve çevresidir.
125,250,Bana Baba Dedi dizisinin ana çekim mekanlarından biri Vefa ve çevresidir.
902,180,Şehnaz Tango dizisinin ana çekim mekanlarından biri Beykoz Kundura Fabrikası ve çevresidir.
667,213,Siyah Beyaz Aşk dizisinin ana çekim mekanlarından biri Kemerburgaz ve çevresidir.
419,202,Kardeş Çocukları dizisinin ana çekim mekanlarından biri Göktürk ve çevresidir.
371,246,Hayati ve Diğerleri dizisinin ana çekim mekanlarından biri Tarlabaşı ve çevresidir.
58,174,Annem dizisinin ana çekim mekanlarından biri Bebek Sahili ve çevresidir.
490,245,Küçük Besleme dizisinin ana çekim mekanlarından biri Tarabya ve çevresidir.
334,180,Güneydoğudan Öyküler Önce Vatan dizisinin ana çekim mekanlarından biri Beykoz Kundura Fabrikası ve çevresidir.
539,194,Melekler Korusun dizisinin ana çekim mekanlarından biri Emirgan Korusu ve çevresidir.
449,225,Kiralık Aşk dizisinin ana çekim mekanlarından biri Ortaköy ve çevresidir.
398,218,Kalk Gidelim dizisinin ana çekim mekanlarından biri Kuzguncuk ve çevresidir.
867,169,İkizler Memo-Can dizisinin ana çekim mekanlarından biri Balat ve çevresidir.
5,176,46 Yok Olan dizisinin ana çekim mekanlarından biri Belgrad Ormanı ve çevresidir.
642,209,Senden Daha Güzel dizisinin ana çekim mekanlarından biri Kandilli ve çevresidir.
268,223,Erkenci Kuş dizisinin ana çekim mekanlarından biri Moda Sahili ve çevresidir.
71,245,Asla Vazgeçmem dizisinin ana çekim mekanlarından biri Tarabya ve çevresidir.
126,180,Bana Sevmeyi Anlat dizisinin ana çekim mekanlarından biri Beykoz Kundura Fabrikası ve çevresidir.
180,180,Bir Çocuk Sevdim dizisinin ana çekim mekanlarından biri Beykoz Kundura Fabrikası ve çevresidir.
702,218,Tatlı İntikam dizisinin ana çekim mekanlarından biri Kuzguncuk ve çevresidir.
393,224,Kader Bağları dizisinin ana çekim mekanlarından biri Nişantaşı ve çevresidir.
67,259,Arkadaşlar İyidir dizisinin ana çekim mekanlarından biri Çengelköy ve çevresidir.
813,202,Yıldızlar Şahidim dizisinin ana çekim mekanlarından biri Göktürk ve çevresidir.
190,223,Bizim Okul dizisinin ana çekim mekanlarından biri Moda Sahili ve çevresidir.
728,225,Türk Malı dizisinin ana çekim mekanlarından biri Ortaköy ve çevresidir.
394,245,Kaderimin Yazıldığı Gün dizisinin ana çekim mekanlarından biri Tarabya ve çevresidir.
173,180,Bir Litre Gözyaşı dizisinin ana çekim mekanlarından biri Beykoz Kundura Fabrikası ve çevresidir.
857,218,Öğretmen Kemal dizisinin ana çekim mekanlarından biri Kuzguncuk ve çevresidir.
509,169,Kızım dizisinin ana çekim mekanlarından biri Balat ve çevresidir.
690,259,Sıdıka dizisinin ana çekim mekanlarından biri Çengelköy ve çevresidir.
152,209,Benim Tatlı Yalanım dizisinin ana çekim mekanlarından biri Kandilli ve çevresidir.
866,202,İkisini de Sevdim dizisinin ana çekim mekanlarından biri Göktürk ve çevresidir.
91,254,Ağır Roman Yeni Dünya dizisinin ana çekim mekanlarından biri Yeniköy ve çevresidir.
143,174,Ben Onu Çok Sevdim dizisinin ana çekim mekanlarından biri Bebek Sahili ve çevresidir.
452,180,Kocaman Ailem dizisinin ana çekim mekanlarından biri Beykoz Kundura Fabrikası ve çevresidir.
178,180,Bir Zamanlar Osmanlı dizisinin ana çekim mekanlarından biri Beykoz Kundura Fabrikası ve çevresidir.
80,224,Avrupa Yakası dizisinin ana çekim mekanlarından biri Nişantaşı ve çevresidir.
651,259,Sevda Çiçeği dizisinin ana çekim mekanlarından biri Çengelköy ve çevresidir.
70,209,Artist Palas dizisinin ana çekim mekanlarından biri Kandilli ve çevresidir.
243,213,Doludizgin Yıllar dizisinin ana çekim mekanlarından biri Kemerburgaz ve çevresidir.
807,202,Yüz Yıllık Mucize dizisinin ana çekim mekanlarından biri Göktürk ve çevresidir.
109,250,Aşkın Bedeli dizisinin ana çekim mekanlarından biri Vefa ve çevresidir.
159,180,Bez Bebek dizisinin ana çekim mekanlarından biri Beykoz Kundura Fabrikası ve çevresidir.
321,245,Gözleri KaraDeniz dizisinin ana çekim mekanlarından biri Tarabya ve çevresidir.
148,180,Benim Adım Gültepe dizisinin ana çekim mekanlarından biri Beykoz Kundura Fabrikası ve çevresidir.
214,165,Cennet'in Gözyaşları dizisinin ana çekim mekanlarından biri Arnavutköy Sahili ve çevresidir.
593,218,Perihan Abla dizisinin ana çekim mekanlarından biri Kuzguncuk ve çevresidir.
373,213,Haziran Gecesi dizisinin ana çekim mekanlarından biri Kemerburgaz ve çevresidir.
684,250,Süper Babaanne dizisinin ana çekim mekanlarından biri Vefa ve çevresidir.
44,180,Alev Alev dizisinin ana çekim mekanlarından biri Beykoz Kundura Fabrikası ve çevresidir.
66,245,Arka Sıradakiler dizisinin ana çekim mekanlarından biri Tarabya ve çevresidir.
377,246,Her Şey Yolunda dizisinin ana çekim mekanlarından biri Tarlabaşı ve çevresidir.
2,212,155 Polis İmdat dizisinin ana çekim mekanlarından biri Karaköy ve çevresidir.
335,165,Güneşi Beklerken dizisinin ana çekim mekanlarından biri Arnavutköy Sahili ve çevresidir.
231,224,Deli Gönül dizisinin ana çekim mekanlarından biri Nişantaşı ve çevresidir.
499,250,Kırgın Çiçekler dizisinin ana çekim mekanlarından biri Vefa ve çevresidir.
903,180,Şehrin Melekleri dizisinin ana çekim mekanlarından biri Beykoz Kundura Fabrikası ve çevresidir.
538,243,Mehmetçik Kut'ül Amare dizisinin ana çekim mekanlarından biri Süleymaniye ve çevresidir.
15,169,Acil Aşk Aranıyor dizisinin ana çekim mekanlarından biri Balat ve çevresidir.
331,259,Gülümse Yeter dizisinin ana çekim mekanlarından biri Çengelköy ve çevresidir.
650,198,Sevda Kuşun Kanadında dizisinin ana çekim mekanlarından biri Fener ve çevresidir.
271,194,Eski Hikâye dizisinin ana çekim mekanlarından biri Emirgan Korusu ve çevresidir.
142,225,Ben Olsaydım dizisinin ana çekim mekanlarından biri Ortaköy ve çevresidir.
150,250,Benim Annem Bir Melek dizisinin ana çekim mekanlarından biri Vefa ve çevresidir.
376,180,Her Yerde Sen dizisinin ana çekim mekanlarından biri Beykoz Kundura Fabrikası ve çevresidir.
541,202,Menekşe ile Halil dizisinin ana çekim mekanlarından biri Göktürk ve çevresidir.
51,174,Alın Yazım dizisinin ana çekim mekanlarından biri Bebek Sahili ve çevresidir.
409,246,Kara Para Aşk dizisinin ana çekim mekanlarından biri Tarlabaşı ve çevresidir.
284,225,Eşref Saati dizisinin ana çekim mekanlarından biri Ortaköy ve çevresidir.
432,176,Kayıp dizisinin ana çekim mekanlarından biri Belgrad Ormanı ve çevresidir.
446,215,Kimse Bilmez dizisinin ana çekim mekanlarından biri Kilyos Sahili ve çevresidir.
729,218,Türk'ün Uzayla İmtihanı dizisinin ana çekim mekanlarından biri Kuzguncuk ve çevresidir.
189,169,Bizim Kuruntu Ailesi dizisinin ana çekim mekanlarından biri Balat ve çevresidir.
788,254,Yemin dizisinin ana çekim mekanlarından biri Yeniköy ve çevresidir.
793,174,Yetim Gönüller dizisinin ana çekim mekanlarından biri Bebek Sahili ve çevresidir.
264,215,Emret Komutanım Yeniden dizisinin ana çekim mekanlarından biri Kilyos Sahili ve çevresidir.
681,267,Söz dizisinin ana çekim mekanlarından biri İstiklal Caddesi ve çevresidir.
196,180,Bu Şehir Arkandan Gelecek dizisinin ana çekim mekanlarından biri Beykoz Kundura Fabrikası ve çevresidir.
617,218,Ruhsar dizisinin ana çekim mekanlarından biri Kuzguncuk ve çevresidir.
408,213,Kara Melek dizisinin ana çekim mekanlarından biri Kemerburgaz ve çevresidir.
679,169,Suskunlar dizisinin ana çekim mekanlarından biri Balat ve çevresidir.
854,254,Öyle Bir Geçer Zaman ki dizisinin ana çekim mekanlarından biri Yeniköy ve çevresidir.
767,223,Yahşi Cazibe dizisinin ana çekim mekanlarından biri Moda Sahili ve çevresidir.
85,225,Ayrılsak da Beraberiz dizisinin ana çekim mekanlarından biri Ortaköy ve çevresidir.
450,250,Klavye Delikanlıları dizisinin ana çekim mekanlarından biri Vefa ve çevresidir.
540,180,Meleklerin Aşkı dizisinin ana çekim mekanlarından biri Beykoz Kundura Fabrikası ve çevresidir.
85,218,Ayrılsak da Beraberiz dizisinin ana çekim mekanlarından biri Kuzguncuk ve çevresidir.
119,169,Babam Sınıfta Kaldı dizisinin ana çekim mekanlarından biri Balat ve çevresidir.
513,213,Kış Güneşi dizisinin ana çekim mekanlarından biri Kemerburgaz ve çevresidir.
260,202,Elimi Bırakma dizisinin ana çekim mekanlarından biri Göktürk ve çevresidir.
404,246,Kanıt: Ateş Üstünde dizisinin ana çekim mekanlarından biri Tarlabaşı ve çevresidir.
246,174,Doğduğun Ev Kaderindir dizisinin ana çekim mekanlarından biri Bebek Sahili ve çevresidir.
511,176,Kızım Nerede? dizisinin ana çekim mekanlarından biri Belgrad Ormanı ve çevresidir.
508,180,Kızılcık Şerbeti dizisinin ana çekim mekanlarından biri Beykoz Kundura Fabrikası ve çevresidir.
270,194,Esir Şehrin Gözyaşları - Bir Ferhat ile Şirin Hikayesi dizisinin ana çekim mekanlarından biri Emirgan Korusu ve çevresidir.
213,169,Cennet Mahallesi dizisinin ana çekim mekanlarından biri Balat ve çevresidir.
19,212,Acı Hayat dizisinin ana çekim mekanlarından biri Karaköy ve çevresidir.
259,202,Elif dizisinin ana çekim mekanlarından biri Göktürk ve çevresidir.
95,254,Aşk Ekmek Hayaller dizisinin ana çekim mekanlarından biri Yeniköy ve çevresidir.
722,180,Tozkoparan dizisinin ana çekim mekanlarından biri Beykoz Kundura Fabrikası ve çevresidir.
801,199,Yunus Emre Aşkın Yolculuğu dizisinin ana çekim mekanlarından biri Galata Kulesi ve çevresidir.
139,246,Ben Bu Cihana Sığmazam dizisinin ana çekim mekanlarından biri Tarlabaşı ve çevresidir.
632,169,Saygılar Bizden dizisinin ana çekim mekanlarından biri Balat ve çevresidir.
750,209,Uğurlugiller dizisinin ana çekim mekanlarından biri Kandilli ve çevresidir.
344,267,Güzel Çirkin dizisinin ana çekim mekanlarından biri İstiklal Caddesi ve çevresidir.
25,225,Adı Mutluluk dizisinin ana çekim mekanlarından biri Ortaköy ve çevresidir.
804,250,Yüksek Sosyete dizisinin ana çekim mekanlarından biri Vefa ve çevresidir.
160,180,Beş Kardeş dizisinin ana çekim mekanlarından biri Beykoz Kundura Fabrikası ve çevresidir.
436,218,Kaçak Gelinler dizisinin ana çekim mekanlarından biri Kuzguncuk ve çevresidir.
273,180,Eve Düşen Yıldırım dizisinin ana çekim mekanlarından biri Beykoz Kundura Fabrikası ve çevresidir.
50,259,Altınsoylar dizisinin ana çekim mekanlarından biri Çengelköy ve çevresidir.
366,218,Hayat Bilgisi dizisinin ana çekim mekanlarından biri Kuzguncuk ve çevresidir.
218,224,Cesur ve Güzel dizisinin ana çekim mekanlarından biri Nişantaşı ve çevresidir.
527,213,Maral: En Güzel Hikayem dizisinin ana çekim mekanlarından biri Kemerburgaz ve çevresidir.
369,202,Hayat Türküsü dizisinin ana çekim mekanlarından biri Göktürk ve çevresidir.
721,254,Toprak ile Fidan dizisinin ana çekim mekanlarından biri Yeniköy ve çevresidir.
61,218,Aramızda Kalsın dizisinin ana çekim mekanlarından biri Kuzguncuk ve çevresidir.
472,180,Kurşun Bilal dizisinin ana çekim mekanlarından biri Beykoz Kundura Fabrikası ve çevresidir.
471,259,Kuruntu Ailesi dizisinin ana çekim mekanlarından biri Çengelköy ve çevresidir.
491,209,Küçük Gelin dizisinin ana çekim mekanlarından biri Kandilli ve çevresidir.
728,223,Türk Malı dizisinin ana çekim mekanlarından biri Moda Sahili ve çevresidir.
151,224,Benim Hala Umudum Var dizisinin ana çekim mekanlarından biri Nişantaşı ve çevresidir.
322,213,Gözlerinde Son Gece dizisinin ana çekim mekanlarından biri Kemerburgaz ve çevresidir.
396,180,Kalbim Ege'de Kaldı dizisinin ana çekim mekanlarından biri Beykoz Kundura Fabrikası ve çevresidir.
76,254,Ateş Kuşları dizisinin ana çekim mekanlarından biri Yeniköy ve çevresidir.
24,174,Adı Efsane dizisinin ana çekim mekanlarından biri Bebek Sahili ve çevresidir.
239,259,Doksanlar dizisinin ana çekim mekanlarından biri Çengelköy ve çevresidir.
110,199,Aşkın Yolculuğu: Hacı Bayram-ı Veli dizisinin ana çekim mekanlarından biri Galata Kulesi ve çevresidir.
803,225,Yuvamdaki Düşman dizisinin ana çekim mekanlarından biri Ortaköy ve çevresidir.
552,243,Muhteşem Yüzyıl dizisinin ana çekim mekanlarından biri Süleymaniye ve çevresidir.
84,224,Aynalı Tahir dizisinin ana çekim mekanlarından biri Nişantaşı ve çevresidir.
290,213,Fatih Harbiye dizisinin ana çekim mekanlarından biri Kemerburgaz ve çevresidir.
262,202,Emanet dizisinin ana çekim mekanlarından biri Göktürk ve çevresidir.
517,254,Lale Devri dizisinin ana çekim mekanlarından biri Yeniköy ve çevresidir.
636,259,Selena dizisinin ana çekim mekanlarından biri Çengelköy ve çevresidir.
743,240,Uyanış: Büyük Selçuklu dizisinin ana çekim mekanlarından biri Sultanahmet ve çevresidir.
574,224,O Hayat Benim dizisinin ana çekim mekanlarından biri Nişantaşı ve çevresidir.
453,250,Kocamın Ailesi dizisinin ana çekim mekanlarından biri Vefa ve çevresidir.
815,218,Zapping Ailesi dizisinin ana çekim mekanlarından biri Kuzguncuk ve çevresidir.
635,202,Seksenler dizisinin ana çekim mekanlarından biri Göktürk ve çevresidir.
572,254,Not Defteri dizisinin ana çekim mekanlarından biri Yeniköy ve çevresidir.
97,225,Aşk Laftan Anlamaz dizisinin ana çekim mekanlarından biri Ortaköy ve çevresidir.
265,250,En Son Babalar Duyar dizisinin ana çekim mekanlarından biri Vefa ve çevresidir.
661,218,Sihirli Annem dizisinin ana çekim mekanlarından biri Kuzguncuk ve çevresidir.
378,213,Hercai dizisinin ana çekim mekanlarından biri Kemerburgaz ve çevresidir.
662,209,Sihirli Safiye dizisinin ana çekim mekanlarından biri Kandilli ve çevresidir.
639,174,Sen Ağlama İstanbul dizisinin ana çekim mekanlarından biri Bebek Sahili ve çevresidir.
34,165,Akasya Durağı dizisinin ana çekim mekanlarından biri Arnavutköy Sahili ve çevresidir.
638,194,Sen Anlat Karadeniz dizisinin ana çekim mekanlarından biri Emirgan Korusu ve çevresidir.
302,218,Fırıldak Nuri dizisinin ana çekim mekanlarından biri Kuzguncuk ve çevresidir.
618,169,Ruhumun Aynası dizisinin ana çekim mekanlarından biri Balat ve çevresidir.
78,267,Avlu dizisinin ana çekim mekanlarından biri İstiklal Caddesi ve çevresidir.
233,246,Deli Yürek dizisinin ana çekim mekanlarından biri Tarlabaşı ve çevresidir.
395,174,Kadın dizisinin ana çekim mekanlarından biri Bebek Sahili ve çevresidir.
4,176,20 Dakika dizisinin ana çekim mekanlarından biri Belgrad Ormanı ve çevresidir.
505,180,Kızlar Yurdu dizisinin ana çekim mekanlarından biri Beykoz Kundura Fabrikası ve çevresidir.
492,165,Küçük Kadınlar dizisinin ana çekim mekanlarından biri Arnavutköy Sahili ve çevresidir.
146,259,Beni Böyle Sev dizisinin ana çekim mekanlarından biri Çengelköy ve çevresidir.
816,180,Zengin Kız Fakir Oğlan dizisinin ana çekim mekanlarından biri Beykoz Kundura Fabrikası ve çevresidir.
33,250,Aile İşi dizisinin ana çekim mekanlarından biri Vefa ve çevresidir.
868,180,İlişki Durumu: Karışık dizisinin ana çekim mekanlarından biri Beykoz Kundura Fabrikası ve çevresidir.
410,180,Kara Sevda dizisinin ana çekim mekanlarından biri Beykoz Kundura Fabrikası ve çevresidir.
79,209,Avrupa Avrupa dizisinin ana çekim mekanlarından biri Kandilli ve çevresidir.
534,245,Medcezir dizisinin ana çekim mekanlarından biri Tarabya ve çevresidir.
826,250,Çalıkuşu dizisinin ana çekim mekanlarından biri Vefa ve çevresidir.
873,180,İnci Taneleri dizisinin ana çekim mekanlarından biri Beykoz Kundura Fabrikası ve çevresidir.
293,194,Fazilet Hanım ve Kızları dizisinin ana çekim mekanlarından biri Emirgan Korusu ve çevresidir.
375,250,Hepimiz Birimiz İçin dizisinin ana çekim mekanlarından biri Vefa ve çevresidir.
309,254,Gel Dese Aşk dizisinin ana çekim mekanlarından biri Yeniköy ve çevresidir.
6,84,Operasyon timinin göreve hazırlandığı aksiyon sahneleri Kilis Kalesi çevresinde geçmektedir.
6,65,Ajan takibinin sürdüğü pazar ve sokak sahneleri Bakırcılar Çarşısı'nda çekilmiştir.
6,183,Filmin açılış ve son sahneleri Beyoğlu sokaklarında geçmektedir.
7,183,Hürmüz'ün kocalarıyla yaşadığı komedi sahnelerinin büyük kısmı Beyoğlu'nda çekilmiştir.
7,201,Kocaların Galata Köprüsü üzerinde karşılaştığı sahne filmde ikonik bir an olarak yer almaktadır.
10,182,Karakterlerin boğaz kıyısındaki villa yaşantısı Beykoz Sahili çevresinde çekilmiştir.
10,206,Kadıköy'deki pazar ve kafe sahneleri karakterlerin günlük hayatını yansıtmaktadır.
12,183,Abuzer'in mahallesindeki genel sokak sahneleri Beyoğlu çevresinde çekilmiştir.
20,246,Tarlabaşı'nın dar sokakları dramın geçtiği temel mekân olarak kullanılmıştır.
22,189,Ada atmosferini yansıtan düğün ve gerilim sahneleri Büyükada'da çekilmiştir.
22,189,Zombi kovalamaca sahneleri Büyükada'nın ıssız köşelerinde geçmektedir.
26,183,Karakterlerin geçmişiyle yüzleştiği duygusal sahneler Beyoğlu sokaklarında çekilmiştir.
26,206,Kadıköy sahnesinde karakterlerin ilk karşılaşması gerçekleşmektedir.
30,241,1960'lar İstanbul'unu yansıtan açılış sahneleri Sultanahmet Meydanı'nda çekilmiştir.
30,210,Kapalıçarşı'daki esnaf sahneleri dönemin İstanbul atmosferini aktarmaktadır.
30,201,Galata Köprüsü üzerinde geçen sahne filmin en tanınan karelerinden biridir.
32,183,Ailenin birlikte vakit geçirdiği dış mekan sahneleri Beyoğlu'nda çekilmiştir.
32,206,Kadıköy'deki sahil sahneleri aile birlikteliğini ön plana çıkarmaktadır.
40,183,Yurda dönen kadının şehirle yeniden buluşmasını anlatan sahneler Beyoğlu'nda çekilmiştir.
40,197,Fatih'teki mahalle dokusu karakterin köken sahneleri için kullanılmıştır.
45,241,Ali Baba'nın hazineye ulaştığı aksiyon sahneleri Sultanahmet çevresinde çekilmiştir.
45,210,Kapalıçarşı içindeki kovalamaca sahneleri filmin aksiyon kuşağını oluşturmaktadır.
49,267,Boks maçı sonrası İstiklal Caddesi'nde geçen kutlama sahneleri çekilmiştir.
49,183,Rakip karakterlerin sokak çatışmaları Beyoğlu genelinde geçmektedir.
52,183,Doktorun muayenehanesine gidip geldiği sahneler Beyoğlu çevresinde çekilmiştir.
52,263,Üsküdar'daki sahne karakterlerin özel hayatına odaklanmaktadır.
56,267,İstiklal Caddesi boyunca gelişen beş farklı hikayeden birinin ana mekânı bu caddedir.
56,169,Balat'taki yıkık apartmanlarda geçen Pamuk Prenses uyarlaması sahneleri burada çekilmiştir.
56,206,Kadıköy'ün kafe ve sokaklarında geçen aşk hikayesi segmenti burada çekilmiştir.
59,246,Annenin oğluyla birlikte yaşadığı yoksulluk sahneleri Tarlabaşı'nda çekilmiştir.
59,195,Esenyurt'taki yeni eve taşınma ve uyum sahneleri burada geçmektedir.
59,48,Annenin Doğubayazıt'taki köy hayatını anlatan geçmiş sahneleri İshak Paşa Sarayı çevresinde çekilmiştir.
60,183,Haber odası ve dış mekan brifing sahneleri Beyoğlu'nda çekilmiştir.
60,238,Sirkeci Garı'nda geçen sahne karakterin görev sonrası yorgunluğunu yansıtmaktadır.
63,238,Arif'in zaman yolculuğuyla çıktığı serüvenin açılış sahneleri Sirkeci Garı'nda geçmektedir.
63,189,Büyükada'daki köşk sahneleri filmin gerilim odağını oluşturmaktadır.
63,255,Yeniköy Sahili'nde geçen sahne Arif ile rakibinin son karşılaşmasını içermektedir.
68,206,Arkadaşlık ilişkisinin kurulduğu kafe ve sokak sahneleri Kadıköy'de çekilmiştir.
68,183,Karakterlerin şehirdeki buluşma sahneleri Beyoğlu genelinde geçmektedir.
69,183,Şeytan ile genç karakterin İstanbul'u gezdiği komedi sahneleri Beyoğlu'nda çekilmiştir.
69,267,İstiklal Caddesi kalabalığında geçen kovalamaca sahnesi filmin en eğlenceli bölümlerinden biridir.
74,135,Asmalı Konak'ın bağ evi ve çevresindeki tüm dış mekan sahneleri Mustafapaşa Köyü'nde çekilmiştir.
74,142,Karakterin hastaneye kaldırıldığı ve iyileşme sahneleri New York'ta geçmektedir.
111,183,İlk tanışma ve romantik buluşma sahneleri Beyoğlu'nda çekilmiştir.
111,206,Kadıköy sahil yürüyüşü sahnesi çiftin yakınlaşmasını anlatan duygusal bir sekans içermektedir.
96,183,Karakterlerin sürpriz karşılaşmaları Beyoğlu sokaklarında gerçekleşmektedir.
96,189,Balat'ın renkli sokaklarında geçen sahne filmin görsel kimliğini güçlendirmektedir.
98,22,Kuğulu Park'taki buluşma sahnesi iki karakter arasındaki ilk romantik anı oluşturmaktadır.
98,15,Ankara Garı'nda geçen veda sahnesi filmin duygusal doruk noktasını oluşturmaktadır.
98,183,İstanbul'daki hastane koridoru sahneleri Beyoğlu yakınlarındaki bir lokasyonda çekilmiştir.
99,22,Kuğulu Park sahnesi Ömer'in Ankara'da arkadaşlarıyla buluştuğu yeri yansıtmaktadır.
99,15,Ankara Garı'nda geçen sahne karakterlerin vedalaşma anını dramatik biçimde çerçeveler.
99,17,Esenboğa Havalimanı'nda geçen sahne karakterlerden birinin şehre dönüş anını içermektedir.
75,183,Genç çiftin ilk karşılaştığı kafenin bulunduğu Beyoğlu sahneleri filmde öne çıkmaktadır.
75,263,Üsküdar'daki sahil sahnesi çiftin romantik yürüyüşünü konu almaktadır.
77,212,Karaköy'deki sahne cinayetin ipuçlarının takip edildiği kilit anları içermektedir.
77,191,Cihangir'in dar sokaklarında geçen sahne polisin şüpheliyi kovaladığı gerilim anlarını içermektedir.
77,182,Beykoz'da çekilen bataklık sahnesi filmin en dramatik ve akılda kalıcı sekansını oluşturmaktadır.
81,183,Yabancı karakterin İstanbul'u keşfettiği komedi sahneleri Beyoğlu'nda çekilmiştir.
81,267,İstiklal Caddesi'nde geçen kalabalık sahne kültür çatışmasını mizahi biçimde yansıtmaktadır.
86,183,Ayrılık sürecinin işlendiği şehir sahneleri Beyoğlu'nda çekilmiştir.
86,206,Kadıköy'deki sahne karakterlerin son buluşmasını ve vedalaşmasını aktarmaktadır.
89,186,Beyoğlu'nun arka sokaklarındaki sahne karakterlerin geçmişe yolculuğunu çerçeveler.
89,191,Cihangir'deki apartman sahnesi ailenin mahalle ilişkilerini gözler önüne sermektedir.
114,183,Baba ve oğlunun birlikte dolaştığı İstanbul sahneleri Beyoğlu çevresinde çekilmiştir.
114,197,Fatih'teki mahalle sahneleri dönemin İstanbul dokusunu aktarmaktadır.
120,290,Seferihisar'ın sokak ve meydanlarında geçen sahneler filmin taşra atmosferini oluşturmaktadır.
120,49,Ayvalık'taki eski Rum evi sahneleri Hüseyin Efendi'nin çiftliği olarak kullanılmıştır.
120,183,İstanbul'daki sokak ve şehir sahneleri Sadık'ın gençliğindeki siyasi dönemi yansıtmaktadır.
127,180,Beykoz Kundura Fabrikası'nda kurulan 1950'ler Bandırma seti filmin büyük bölümünde kullanılmıştır.
127,50,Bandırma'da çekilen dış sahneler hikayenin geçtiği şehrin özgün atmosferini aktarmaktadır.
127,57,Mudanya'daki sokak çekimleri dönemin kasaba görünümünü yeniden hayata geçirmiştir.
128,183,Bilo'nun İstanbul'da maceraya atıldığı komedi sahneleri Beyoğlu çevresinde çekilmiştir.
128,267,İstiklal Caddesi'nde geçen kalabalık sahne Bilo'nun şehirle çatışmasını konu almaktadır.
131,180,Film tamamen Beykoz'daki eski Sümerbank Ayakkabı Fabrikası'nda kurulan bar setinde çekilmiştir.
131,191,Cihangir sokak sahneleri gençlerin eve dönüş güzergahını kısa bir sekansla aktarmaktadır.
138,183,Bekçinin semtini koruduğu komedi sahneleri Beyoğlu genelindeki sokak çekimlerinde geçmektedir.
138,197,Fatih'teki mahalle sahneleri bekçinin esnafla kurduğu ilişkiyi yansıtmaktadır.
624,183,Karakterin kimlik arayışını anlatan şehir sahneleri Beyoğlu'nda çekilmiştir.
153,183,LİSTAG aileleriyle gerçekleştirilen mahalle sahneleri Beyoğlu'nda yer almaktadır.
153,206,Kadıköy'deki sahne ebeveynlerin çocuklarıyla günlük hayatını yansıtan belgesel tarzı anlara ev sahipliği yapmıştır.
155,20,Ankara Feyman Kulüp sahnesi Bergen'in sahneye ilk çıkışını ve keşfedilmesini aktarmaktadır.
155,1,Adana'nın eski mahallelerinde çekilen sahneler Bergen ile Halis Serbest'in tanışma sürecini oluşturmaktadır.
155,103,Mersin sahneleri Bergen'in çocukluk ve aile geçmişini aktaran bölümlerde kullanılmıştır.
158,186,Beyoğlu'nun arka sokaklarında geçen aksiyon sahneleri filmin adıyla örtüşen lokasyonu oluşturmaktadır.
158,267,İstiklal Caddesi'nde geçen kovalamaca sahnesi filmin en hareketli bölümüdür.
203,183,Kemal Sunal'ın canlandırdığı Bıçkın karakterinin sokaklardaki komedi sahneleri Beyoğlu'nda çekilmiştir.
203,197,Fatih'teki mahalle sahneleri karakterin semtindeki komşuluk ilişkilerini aktarmaktadır.
161,160,Filmin büyük bölümü Bozcaada'da çekilmiş olup adanın bağları ve sahil şeridi arka plan oluşturmaktadır.
161,183,İstanbul'daki kısa bölüm Eylül'ün kaza öncesi şehirli hayatını yansıtmaktadır.
166,208,Kadıköy Moda sahilindeki sahneler çiftin romantik buluşma ve yürüyüşlerini içermektedir.
166,183,Beyoğlu'nda geçen karşılaşma sahneleri filmin açılış bölümünü oluşturmaktadır.
175,169,Fanis'in çocukluğunda büyükbabasıyla vakit geçirdiği baharat dükkanı sahneleri Balat'ta çekilmiştir.
175,204,Haydarpaşa Garı'ndaki sahne Fanis'in İstanbul'a dönüşünü simgeleyen duygusal bir sekans içermektedir.
184,183,Karakterlerin yıllar sonra bir araya geldiği şehir buluşması Beyoğlu'nda geçmektedir.
184,263,Üsküdar sahilindeki sahne annenin geçmişe özlemini anlatan duygusal bir sekans içermektedir.
185,183,Ailenin birlikte yaşadığı mahalle ve ev sahneleri Beyoğlu çevresinde çekilmiştir.
185,197,Fatih'teki pazaryeri sahneleri dönemin İstanbul mahalle hayatını yansıtmaktadır.
191,183,Şampiyon olmaya çalışan sporcunun kondisyon ve antrenman sahneleri Beyoğlu çevresinde geçmektedir.
191,206,Kadıköy'deki buluşma sahnesi sporcu ile ekibinin motivasyon konuşmalarını içermektedir.
210,183,Kardeşler arasındaki kavga ve barışma sahneleri Beyoğlu sokaklarında geçmektedir.
210,197,Fatih'teki mahalle sahneleri ailenin arka planda süregelen yaşamını aktarmaktadır.
211,183,İlahi türkücüsünün İstanbul'daki ilk sahne deneyimini anlatan sahneler Beyoğlu'nda çekilmiştir.
211,206,Kadıköy'deki konser mekanı sahnesi türkücünün şöhret yolculuğunun önemli bir durağını oluşturmaktadır.
212,177,Beyazıt Meydanı'ndaki kalabalık kovalamaca sahnesi filmin İstanbul bölümünün en hareketli sekansıdır.
212,210,Kapalıçarşı'da geçen sahne Langdon ile Sienna'nın ipucu peşinde koştuğu gerilim dolu bölümü oluşturmaktadır.
212,241,Sultanahmet Meydanı'ndaki sahne filmin doruk noktasını oluşturan aksiyon sekansını içermektedir.
215,241,Minyatür ustası Eflatun'un İstanbul'da vezir tarafından çağrıldığı saray sahneleri Sultanahmet çevresinde çekilmiştir.
215,137,Saruhan Kervansarayı sahneleri Eflatun'un Anadolu'ya zorlu yolculuğunun konak noktasını oluşturmaktadır.
215,135,Kapadokya'nın peri bacaları arasında çekilen dış mekan sahneleri isyancıların kovuşturma bölümünde yer almaktadır.
219,183,Charlie'nin ekibinin İstanbul'daki kısa sahne bölümü Beyoğlu'nda çekilmiştir.
220,200,Galata Kulesi çevresindeki dar sokak ve kovalamaca sahneleri filmde ikonik bir yer tutmaktadır.
220,252,Yedi Kule Zindanları sahnesi cinayetle bağlantılı ipuçlarının keşfedildiği kritik bölümü oluşturmaktadır.
220,169,Balat'taki tarihi yapılar arasında geçen sahne seri katilin operasyon bölgesini gözler önüne serer.
821,206,Çakalların Kadıköy'deki ilk toplanma sahnesi grubun oluşmasını konu alan açılış bölümündedir.
821,183,İstanbul sokaklarındaki kaçış ve kovalamaca sahneleri Beyoğlu genelinde çekilmiştir.
822,183,İkinci filmin şehir sahneleri Beyoğlu çevresinde çekilmiş olup önceki filmle süreklilik sağlamaktadır.
822,267,İstiklal Caddesi'ndeki sahne grubun şehir içindeki hareketliliğini anlatan komedi sekanslarından birini oluşturmaktadır.
823,183,Üçüncü filmin aksiyon ve komedi sahneleri İstanbul'un Beyoğlu semtinde çekilmiştir.
823,200,Galata Kulesi yakınlarındaki sahne serinin son filminde mekân olarak tercih edilen tarihi alanlardan biridir.
825,183,Çalgı çengi ikilisinin İstanbul'daki müzisyen hayatını anlatan sahneler Beyoğlu'nda geçmektedir.
825,206,Kadıköy'deki bar sahnesi ikilinin müzisyenlik serüveninde önemli bir dönüm noktasını oluşturmaktadır.
844,183,Öğrencilerin İstanbul'dan hareket ettiği açılış sahneleri Beyoğlu çevresinde çekilmiştir.
844,263,Üsküdar iskelesi sahnesi gençlerin kampa uğurlama törenini yansıtan kısa bir sekans içermektedir.
845,183,Vatandaşın bürokrasi labirentiyle boğuştuğu sahneler Beyoğlu'ndaki devlet dairesi önünde çekilmiştir.
845,197,Fatih'teki çarşı sahnesi karakterin gündelik yaşam mücadelesini aktarmaktadır.
833,197,Çiçek Abbas'ın mahallede satış yaptığı sokak ve pazar sahneleri Fatih'te çekilmiştir.
833,183,İstanbul'un renkli esnaf hayatını yansıtan geniş şehir sahneleri Beyoğlu çevresinde geçmektedir.
835,29,Ankara'nın büyükelçilik bölgesindeki sahneler İlyas Bazna'nın casusluğunun geçtiği temel ortamı oluşturmaktadır.
835,15,Ankara Garı çevresindeki sahne dönemin Ankara'sındaki gerilimi ve takip atmosferini aktarmaktadır.
835,183,İstanbul'daki sahne Bazna'nın savaş öncesi hayatına ait geçmiş sekanslardan birini oluşturmaktadır.
842,183,Çöpçü ekibinin günlük işlerini aktaran mahalle sahneleri Beyoğlu çevresinde çekilmiştir.
842,197,Fatih'teki sokak sahneleri karakterlerin birbirleriyle çatışmasını konu alan komedi sekanslarını içermektedir.
222,183,Damadın ailesiyle tanıştığı ev ve mahalle sahneleri Beyoğlu'nda çekilmiştir.
222,206,Kadıköy'deki sahne takım üyelerinin düğün hazırlıklarını aktaran eğlenceli bir sekansı oluşturmaktadır.
225,183,Dayı karakterinin İstanbul sokaklarındaki operasyon ve takip sahneleri Beyoğlu genelinde çekilmiştir.
225,246,Tarlabaşı'nın dar ve karanlık sokaklarındaki çatışma sahneleri filmin gerilim atmosferini pekiştirmektedir.
226,183,İkinci filmin İstanbul bölümündeki aksiyon sekansları Beyoğlu'nda çekilmiştir.
226,197,Fatih'teki mahalle sahneleri Dayı'nın geçmişiyle yüzleştiği dramayı çerçeveler.
241,183,Şaban'ın şehirdeki komedi maceraları Beyoğlu sokaklarında çekilmiştir.
241,206,Kadıköy'deki pazar sahnesi Şaban'ın hedef olduğu eğlenceli kovalamaca sekanslarını içermektedir.
250,221,Kız Kulesi'nin Boğaz ortasındaki görüntüsü Bond'un İstanbul sahnelerinin simgesi haline gelmiştir.
250,192,Dolmabahçe Sarayı çevresinde çekilen sahne Bond'un Elektra ile buluşma noktasını oluşturmaktadır.
250,236,Sarayburnu kıyısındaki denizaltı sahnesi filmin İstanbul finalinin geçtiği su altı sekansına zemin hazırlar.
281,206,Geleneksel düğün ritüellerini aktaran köy sahneleri Kadıköy çevresindeki bir lokasyonda çekilmiştir.
281,197,Fatih'teki mahalle dokusu gelin ve damatların geçmişini anlatan sekansların arka planını oluşturmaktadır.
282,303,Baran'ın hapisten çıkıp köyüne döndüğü açılış sahneleri Hilvan ilçesinde çekilmiştir.
282,169,Balat'ın tarihi dokusu Baran'ın İstanbul'da Cumali ile yollarının kesiştiği mahalle sahnelerine ev sahipliği yapmıştır.
282,246,Tarlabaşı'ndaki aksiyon ve gerilim sahneleri Baran'ın intikam yolculuğunun doruk noktasını oluşturmaktadır.
286,197,Eşrefpaşalı ailenin mahalle yaşantısını aktaran sahnelerin büyük bölümü Fatih'te çekilmiştir.
286,263,Üsküdar sahnesinde ailenin Anadolu yakasındaki akrabaları ziyareti konu alınmaktadır.
272,191,Cihangir'deki apartman sahnesi psikolojik gerilimin yoğun biçimde hissedildiği kapalı alan sekanslarını oluşturmaktadır.
272,186,Beyoğlu'nun arka sokaklarındaki sahne karakterlerin tehlikeli gece yürüyüşlerini aktarmaktadır.
278,162,Geyikli Beldesi'ndeki sahne Hüseyin'in klaretle büyüdüğü kasabayı tüm sıcaklığıyla yansıtmaktadır.
278,160,Bozcaada sahneleri Hüseyin'in Müjgan'la romantik anlarının geçtiği güzel Ege manzarası içermektedir.
278,183,İstanbul'daki gece kulübü sahneleri Hüseyin'in Firuzan ile tanışmasını ve babasını aramasını aktarmaktadır.
287,197,Melodramın geçtiği mahalle yaşantısı sahneleri Fatih'te çekilmiştir.
287,241,Sultanahmet'teki açık alan sahnesi dönemin İstanbul sokaklarını yansıtan bir sekans içermektedir.
296,183,Figüran olarak çalışan karakterlerin İstanbul'daki set hayatını anlatan sahneler Beyoğlu çevresinde çekilmiştir.
296,238,Kadıköy'deki lokanta sahnesi figüranların mesai dışı buluşmalarını konu alan eğlenceli bir sekansı oluşturmaktadır.
306,183,Gerilim ve erotik atmosferin egemen olduğu gece sahneleri Beyoğlu'nun gece mekanlarında çekilmiştir.
307,197,12 Eylül dönemini yansıtan polis baskını sahneleri Fatih'teki tarihi apartman bloklarında çekilmiştir.
307,246,Tarlabaşı'ndaki dar sokaklarda geçen sahne Gece'nin İstanbul'a gelişini aktaran karanlık atmosferi yansıtmaktadır.
312,183,Şaban'ın dedektiflik oynadığı komedi sahneleri Beyoğlu sokaklarında çekilmiştir.
312,197,Fatih'teki mahalle esnafıyla yaşanan komedi sekansları karakterin çevresindeki sosyal ilişkileri aktarmaktadır.
346,183,Seçim kampanyasının geçtiği mahalle toplantısı sahneleri Beyoğlu'nda çekilmiştir.
346,197,Fatih'teki sandık ve sandık kurulu sahneleri filmin siyasi komedi atmosferini tamamlamaktadır.
314,238,Gişe memurunun her gün aynı durakta inip bindiği vapur sahilindeki fantastik dönüşüm sahnesi Kadıköy'de geçmektedir.
314,208,Kadıköy Moda sahilindeki sahne karakterin hayal dünyasını gerçekle iç içe sunan görsel bir sekans içermektedir.
318,235,Filmin büyük bölümü Samatya'da çekilmiş olup Nazım'ın emeklilikte taksicilik yaptığı tüm mahalle sahneleri bu semtte geçmektedir.
318,95,Girmeli Köyü'ndeki sahneler Nazım'ın emekliliğini anlattığı kısa geçmiş sekanslarında yer almaktadır.
318,183,Dünya'nın çalıştığı pavyon ve İstanbul gece hayatı sahneleri Beyoğlu çevresinde çekilmiştir.
320,191,Hayalet karakterlerin göründüğü Cihangir apartmanı sahneleri filmin temel gerilim ortamını oluşturmaktadır.
320,186,Beyoğlu'nun arka sokaklarındaki gece sahneleri karakterlerin kaçış sekanslarını içermektedir.
325,183,Ailenin birlikte paylaştığı güldürü sahneleri Beyoğlu semtinin canlı sokaklarında çekilmiştir.
325,197,Fatih'teki mahalle ve komşuluk sahneleri dönemin İstanbul gündelik yaşamını tatlı bir dille aktarmaktadır.
327,183,Güllü'nün şehirdeki meyhanelerde sahne aldığı sahneler Beyoğlu'nda çekilmiştir.
327,197,Fatih'teki mahalle sahneleri Güllü'nün geleneksel çevresiyle çatışmasını konu alan dramayı zemine oturtur.
342,246,Tarlabaşı'nın arka sokaklarında geçen drama sahneleri gençlerin yoksullukla mücadelesini aktarmaktadır.
342,183,Beyoğlu genelindeki çeşitli dış mekan sahneleri karakterlerin şehirde hayatta kalma çabasını çerçeveler.
345,197,Güzel şoförün müşterileriyle yaşadığı komedi sahneleri Fatih semtinin kalabalık sokaklarında çekilmiştir.
345,183,İstanbul'un işlek caddeleri boyunca süren taksi yolculuğu sahneleri Beyoğlu'nda çekilmiştir.
353,241,Halıcı kızın tarihi yarımadanın çarşı ve meydanlarında dokuma sattığı sahneler Sultanahmet çevresinde çekilmiştir.
353,210,Kapalıçarşı içindeki esnaf sahneleri kızın el sanatlarını geçim kaynağı olarak kullandığı bölümü oluşturmaktadır.
357,212,Karaköy'deki sahne sekizli takımın soygun planını kurduğu ilk toplantı ortamını yansıtmaktadır.
357,200,Galata Kulesi çevresindeki dar sokaklarda gerçekleşen kovalamaca sahneleri filmin aksiyon bölümünü oluşturmaktadır.
357,183,Beyoğlu'ndaki bar ve lokanta sahneleri takımın operasyon sonrası buluşma noktalarını göstermektedir.
361,191,Cihangir'deki eski apartmanda geçen komedi sahneleri hayalet dayının yeniden görünür olduğu ortamı oluşturmaktadır.
361,183,Beyoğlu'ndaki meydan ve sokak sahneleri hayaletin şehirde dolaşarak gençlere yardım ettiği bölümleri içermektedir.
364,191,Cihangir'deki küçük dairede geçen yoğun sahne çiftinin ilişkisinin kırılma noktasını dramatik biçimde aktarmaktadır.
364,183,Beyoğlu'nun sisli sokaklarındaki yürüyüş sahnesi filmin varoluşsal atmosferini pekiştiren görsel bir sekans içermektedir.
388,197,1950'ler İstanbul'unda geçen dram sahnelerinin büyük bölümü Fatih'in eski mahalle dokusunda çekilmiştir.
388,241,Sultanahmet çevresindeki kısa sekans melodramın dönemsel atmosferini destekleyen görsel bir arka plan sunmaktadır.
389,197,1960'lar İstanbul'unu yansıtan mahalle sahneleri Fatih'te çekilmiş olup dönemin şehir yaşamını aktarmaktadır.
389,238,Kadıköy'deki sahil sahnesi karakterlerin buluşup ayrılığın acısını paylaştığı duygusal bir sekans içermektedir.
380,200,Galata Kulesi'nde geçen restoran sahnesi Ajan 47'nin İstanbul'daki görev hazırlığının kritik bir anını yansıtmaktadır.
380,210,Kapalıçarşı'daki takip ve kaçış sahnesi filmin İstanbul bölümünün en hareketli aksiyon sekansını oluşturmaktadır.
380,256,Yerebatan Sarnıcı'ndaki sahne Ajan 47'nin hedefini köşeye sıkıştırdığı gerilimli doruk noktasını içermektedir.
382,261,Çukurcuma'daki antika dükkanı sahnesi Hokkabaz karakterinin şehirdeki günlük hayatının arka planını oluşturmaktadır.
382,267,İstiklal Caddesi'nde geçen hokkabazlık sahnesi filmin açılış bölümünde karakteri tanıtan ikonik sekansı içermektedir.
382,183,Beyoğlu'ndaki gece sahneleri hokkabazın performanslarını ve şehir hayatıyla bütünleşmesini aktarmaktadır.
391,267,Ada'nın çocuk kostümleri sattığı küçük dükkanın bulunduğu arka sokak sahneleri İstiklal Caddesi yakınında çekilmiştir.
391,200,Alper'in Galata Kulesi çevresindeki sanat galerisi yakınında Ada'yı ilk fark ettiği sahne burada geçmektedir.
391,261,Çukurcuma'daki antika çarşısı sahneleri çiftin birlikte yaptığı ilk keşif yürüyüşünü aktarmaktadır.
876,241,1950'ler İstanbul atmosferini yansıtan film için Sultanahmet Meydanı'nın panoramik görüntüleri geniş kullanılmıştır.
876,201,Galata Köprüsü sahnesi yabancı oyuncuların İstanbul Boğazı'nı keşfettiği romantik sekansları içermektedir.
876,226,Ortaköy Meydanı çevresindeki sahneler filmin İstanbul'u egzotik bir arka plan olarak sunduğu bölümlerde yer almaktadır.
877,183,Fatih Akın'ın belgeselinin İstanbul boyutundaki sahneleri Beyoğlu'nda çekilmiştir.
877,238,Kadıköy'deki müzisyen ve kültürel yaşam sahneleri köprünün iki yakasını birleştiren anlatının bir parçasını oluşturmaktadır.
879,141,JFK Havalimanı sahnesi Mehmet ile Serin'in bavullarının karışmasıyla başlayan tesadüfi karşılaşmayı içermektedir.
879,142,New York şehir merkezindeki gece sahneleri çiftin şehrin ışıklarında birlikte geçirdiği unutulmaz geceyi aktarmaktadır.
891,197,İşportacı kızın mahallede seyyar satış yaptığı sahneler Fatih'in kalabalık çarşı ve sokak dokusunda çekilmiştir.
891,267,İstiklal Caddesi'nde geçen sahne kızın şehir merkezinde ticari faaliyetlerini aktaran enerjik bir sekansı içermektedir.
883,183,Mahkeme ve çevresiyle ilişkili adalet arayışı sahneleri Beyoğlu'nda çekilmiştir.
883,177,Beyazıt Meydanı'ndaki sahne İstanbul Üniversitesi yakınında avukatlık ve hukuk temali gerilim sekansını oluşturmaktadır.
392,246,Tarlabaşı sokaklarındaki gerilim sahneleri Ali Osman ile Devran'ın mücadelesinin kritik bir bölümünü oluşturmaktadır.
437,238,Erken dönem Türk sinemasının bu klasiğinin sahne çekimleri Sirkeci ve çevresindeki tarihi limanda yapılmıştır.
437,169,Balat'ın eski liman mahallesi kaçakçıların operasyon üssü olarak yansıtıldığı sahnelerin mekânı olmuştur.
438,183,Birader ikilisinin şehirden kaçış planı yapma sahneleri Beyoğlu'nda çekilmiştir.
438,12,Adana'nın geniş Çukurova ovalarında geçen yol sahneleri kaçış yolculuğunun en özgün bölümünü oluşturmaktadır.
402,183,Kanlı Nigâr karakterinin mahalle maceraları Beyoğlu'nun kalabalık sokaklarında çekilmiştir.
402,197,Fatih'teki komşuluk sahneleri filmin geleneksel İstanbul komedi atmosferini desteklemektedir.
406,183,Kapan operasyonunun kurulduğu şehir sahneleri Beyoğlu'ndaki arka sokalarda geçmektedir.
406,246,Tarlabaşı'nın karanlık sokaklarındaki sahne filmin gerilim atmosferinin yoğunlaştığı bölümü oluşturmaktadır.
420,206,Kardeşlerin Kadıköy'deki buluşma sahnesi uzun ayrılığın ardından yeniden bir araya gelişi aktarmaktadır.
420,183,Beyoğlu'ndaki iç mekan sahneleri kardeşler arasındaki gerilim ve uzlaşma sürecini çerçeveler.
423,197,Kasap dükkânının bulunduğu mahalle sahneleri Fatih'in geleneksel esnaf dokusunda çekilmiştir.
423,183,Beyoğlu'ndaki gece sahneleri kasabın iş çevresiyle olan çatışmasını aktarmaktadır.
427,183,Kavganın geçtiği sokak ve mahalle sahneleri Beyoğlu çevresinde çekilmiştir.
427,197,Fatih'teki mahalle dokusu dönemin İstanbul atmosferini yansıtan dış mekan sahnelerinde kullanılmıştır.
430,267,İstiklal Caddesi'ndeki kalabalık sahneler Kayhan karakterinin şehirle ilk karşılaşmasını aktarmaktadır.
430,183,Beyoğlu'ndaki sokak sahneleri Kayhan'ın İstanbul'daki maceralarını çerçeveleyen ana dış mekânı oluşturmaktadır.
441,159,Filmin büyük bölümü Zonguldak Ereğli'nin kömür madeni çevresinde ve tarihi sokak dokusunda çekilmiştir.
441,205,Heybeliada Sanatoryumu'ndaki sahne şairlerin verem tedavisi sürecini yansıtan en duygusal sekansları içermektedir.
441,189,Büyükada'daki sahne karakterlerin İstanbul'a yaptıkları kısa ziyaret sırasında geçen romantik anları içermektedir.
440,109,Filmin tamamı Milas'ın Hasanlar Köyü'nde çekilmiş olup köyün organik dokusu hikayelerin gerçekçiliğini pekiştirmektedir.
496,183,Kılıbık karakterinin ev içi ve komşuluk komedi sahneleri Beyoğlu çevresinde çekilmiştir.
496,197,Fatih'teki mahalle sahneleri karakterin karısından çekindği gündelik hayatını mizahi biçimde aktarmaktadır.
497,183,Hanzo'nun İstanbul maceralarının geçtiği aksiyon sahneleri Beyoğlu sokaklarında çekilmiştir.
497,197,Fatih'teki pazar ve esnaf sahneleri Hanzo'nun şehirdeki komedi serüveninin başlangıç bölümünü oluşturmaktadır.
445,70,Feyzo'nun yaşadığı köy ve ağalık sahnelerinin tamamı Hatay Reyhanlı'nın Harran Mahallesi'nde çekilmiştir.
445,183,Feyzo'nun başlık parası için İstanbul'a gelip çalıştığı fabrika ve sendika sahneleri Beyoğlu'nda geçmektedir.
447,197,İntikam sürecinin geçtiği aksiyon sahneleri Fatih'in tarihi dokusundaki set lokasyonlarında çekilmiştir.
447,183,Beyoğlu'ndaki gece sahneleri düşman karakterlerin karşılaşmasını aktaran gerilimli sekansları içermektedir.
448,183,Kiracı Musa'nın ev sahibiyle yaşadığı komedi sahneleri Beyoğlu semtinin mahalle dokusunda çekilmiştir.
448,197,Fatih'teki apartman sahneleri kiracı ile ev sahibi arasındaki kronik çatışmayı yansıtan iç mekân sekanslarını içermektedir.
512,183,Annenin kızı için mücadele ettiği hukuki ve sokak sahneleri Beyoğlu çevresinde çekilmiştir.
512,206,Kadıköy'deki sahne anne ile kızının barışma sürecini konu alan duygusal bir sekans içermektedir.
456,259,Filmin villa sahneleri Çengelköy'deki tarihi malikanede çekilmiş olup serideki diğer filmlerle devamlılık sağlamaktadır.
456,263,Üsküdar'daki arka sokak sahneleri Kolpaçino evreninin şehir atmosferini aktarmaktadır.
457,259,Serinin ilk filmindeki Çengelköy malikanesi bu filmde de ana çekim lokasyonu olarak kullanılmıştır.
457,263,Üsküdar çevresindeki dış mekan sahneleri mafya karakterlerinin şehirdeki hareketlerini aktarmaktadır.
458,259,Kolpaçino Bomba'nın villa sahneleri önceki filmlerle aynı Çengelköy malikanesinde çekilmiştir.
458,263,Üsküdar'daki kovalamaca sahneleri filmin en hareketli aksiyon-komedi sekanslarını oluşturmaktadır.
460,183,Korkak Memiş'in şehirdeki komedi maceraları Beyoğlu sokaklarında çekilmiştir.
460,197,Fatih'teki mahalle sahneleri karakterin felaket dolu günlük hayatını aktarmaktadır.
485,191,Cihangir'deki eski apartman sahneleri çiftin ilişkisinin çözülme sürecini konu alan iç mekân dramının odak noktasını oluşturmaktadır.
485,206,Kadıköy'deki sahne karakterlerin şehir yaşamına tutunma çabalarını aktaran günlük hayat kesitlerini içermektedir.
516,183,Labirent operasyonunun kritik toplantı ve takip sahneleri Beyoğlu'nun karanlık sokaklarında çekilmiştir.
516,197,Fatih'teki tarihi bina sahneleri siyasi komplonun geçtiği gizli buluşma ortamını çerçeveler.
514,183,Karakterlerin cevapsız çağrılar üzerine bir araya geldiği şehir sahneleri Beyoğlu'nda çekilmiştir.
523,197,Haksız yere mahkûm edilen karakterin mahalle ve çarşı sahneleri Fatih'te çekilmiştir.
523,183,Beyoğlu'ndaki sokak sahneleri karakterin suçsuzluğunu kanıtlamak için koşturduğu bölümleri oluşturmaktadır.
529,183,Maskeli beşlinin şehirdeki maceralarını başlatan toplanma ve çatışma sahneleri Beyoğlu'nda geçmektedir.
529,197,Fatih'teki arka sokak sahneleri komedi aksiyon sekanslarının geçtiği mahalle ortamını yansıtmaktadır.
542,183,Atatürk'ün hayatını anlatan biyografik sahnelerin İstanbul bölümü Beyoğlu'nda çekilmiştir.
542,241,Sultanahmet çevresindeki sahneler Kurtuluş Savaşı döneminin İstanbul atmosferini yansıtan tarihi sekansları içermektedir.
556,111,Maryem ve Cemal'in tekneyle birlikte sürdükleri yolculuğun büyük bölümü Marmaris koylarında çekilmiştir.
556,104,Bodrum'daki liman sahnesi Profesör İrfan'ın yelkenlisiyle denize açıldığı kritik sekansı içermektedir.
556,183,İrfan'ın İstanbul'daki entelektüel çevresini bırakıp kaçmasını anlatan açılış sahneleri Beyoğlu'nda çekilmiştir.
557,183,Müjdemi bildirme yarışının başladığı şehir sahneleri Beyoğlu sokaklarında koşturma ve kovalamaca sekanslarıyla yoğunlaşmaktadır.
557,206,Kadıköy'deki sahne haberci karakterlerin vapur iskelesini kullandığı espri dolu bir sekansı içermektedir.
559,238,Sirkeci Garı'nda başlayan tren yolculuğu sahnesi filmin gerilim atmosferinin ilk hissedildiği açılış sekansını oluşturmaktadır.
559,183,Trenin geceyi aşarken geçtiği İstanbul sahil hattı boyunca çekilen dış sahneler filmin görsel kimliğini pekiştirmektedir.
562,183,Beklenmedik olayların zincirleme geliştiği komedi sahneleri Beyoğlu sokaklarında çekilmiştir.
562,197,Fatih'teki mahalle ortamı birbirini tanımayan karakterlerin tesadüfen bir araya geldiği açılış sahnesine zemin oluşturmaktadır.
564,41,Filmin tamamı Tahtalı Dağı'na kurulan karakol setinde çekilmiş olup bölgenin zorlu coğrafyası gerçekçi bir savaş atmosferi yaratmaktadır.
566,191,Nergis Hanım'ın Cihangir'deki eski dairesinde geçen iç mekân sahneleri gerilimin yavaş yavaş biriktiği bölümleri oluşturmaktadır.
566,183,Beyoğlu sokaklarındaki sahne karakterin şüpheli komşuyla yüzleştiği kritik sekansı içermektedir.
568,183,Ailenin birlikte eğlenceli anlar yaşadığı Beyoğlu sahneleri dönemin İstanbul şehir hayatını tatlı bir dille aktarmaktadır.
568,197,Fatih'teki komşuluk sahneleri genişletilmiş aile dinamiklerini ve mahalle ilişkilerini yansıtan komedi sekanslarını içermektedir.
569,206,Kadıköy'deki meydan ve kafe sahneleri Yılmaz Erdoğan'ın canlandırdığı karakterin gündelik hayatını çerçeveler.
569,183,Beyoğlu'ndaki sahne karakterlerin şehir macerasını aktaran dış mekan sekanslarını içermektedir.
567,142,New York'taki sahne %50 çekim oranıyla filmin uluslararası boyutunu yansıtmakta ve Türk dedektiflerinin Amerika'daki operasyonunu aktarmaktadır.
567,55,Zeydan Mahallesi'nde çekilen Bitlis sahneleri Temmuz 2010'da gerçekleştirilmiş olup filmin kökler ve kimlik temasını güçlendirmektedir.
567,183,Beyoğlu'ndaki açılış sahneleri dedektiflerin İstanbul'dan New York'a gönderilmeden önceki hazırlık sürecini aktarmaktadır.
570,183,Niyazi'nin at üstünde şehirde koşturmaya başladığı komedi sahneleri Beyoğlu sokaklarında çekilmiştir.
570,206,Kadıköy'deki sahne Niyazi'nin koşu antrenmanını konu alan eğlenceli bir sokak sekansını içermektedir.
575,191,Cihangir'deki iç mekân sahneleri karakterlerin birbirlerine yakınlaştığı samimi ve sade anların arka planını oluşturmaktadır.
575,206,Kadıköy'deki sahne karakterlerin şehirle ve birbirleriyle sıradan ama anlamlı ilişkilerini aktarmaktadır.
576,152,Of ilçesinde çekilen sahneler Oflu Hoca'nın özgün dünyasını ve Karadeniz kültürünü tüm otantikliğiyle yansıtmaktadır.
576,183,İstanbul'daki sahneler Oflu Hoca'nın batı kültürüyle çatışmasını anlatan komedi bölümünü oluşturmaktadır.
582,200,Galata Kulesi yakınındaki dar sokaklarda dolandırıcılık planının kurulduğu sekans filmin en tanınan sahnelerinden biridir.
582,263,Üsküdar'daki sahne Asım Noyan'ın kızını dolandıranlarla hesaplaşma planını devreye soktuğu kritik anı içermektedir.
583,183,Şaban'ın şehirde iş bulmaya çalıştığı komedi sahneleri Beyoğlu'nun kalabalık sokaklarında çekilmiştir.
583,197,Fatih'teki ev ve mahalle sahneleri karakterin aile yaşantısını yansıtan iç ve dış mekân sekanslarını içermektedir.
584,183,Osman'ın satış turlarının geçtiği şehir sahneleri Beyoğlu sokaklarında çekilmiştir.
584,272,Şişli'deki ticari alan sahneleri Osman'ın büyük müşterilere ulaşmaya çalıştığı ofis ve iş çevresi bölümünü oluşturmaktadır.
856,183,Öğretmenin sınıf dışındaki komedi maceraları Beyoğlu semtinin sokaklarında çekilmiştir.
856,197,Fatih'teki okul ve mahalle sahneleri öğrencilerin Sunal'ı köşeye sıkıştırdığı eğlenceli sekansları içermektedir.
847,183,Çocukların şehirde hayatta kalmaya çalıştığı dram sahneleri Beyoğlu'ndaki sokak ve mahalle dokusunda çekilmiştir.
850,104,Bodrum'daki yat ve deniz sahneleri Türkan Şoray'ın canlandırdığı karakterin kaçış yolculuğunu yansıtmaktadır.
850,183,Beyoğlu'ndaki sahne karakterin geçmişteki yaşamını aktaran bir geçmiş sekansı olarak filme yerleştirilmiştir.
853,183,Ölümlü Dünya kahramanlarının şehirdeki aksiyon komedi maceraları Beyoğlu'nun kalabalık sokaklarında çekilmiştir.
853,212,Karaköy'deki sahne karakterlerin tarihi bölgedeki kovalamaca ve çatışma sekanslarını içermektedir.
855,183,Özür dileme serüveninin geçtiği sokak ve kafe sahneleri Beyoğlu çevresinde çekilmiştir.
587,200,Galata Kulesi çevresindeki sahne Atilla'nın İstanbul'daki narkotik operasyonunun kritik ilk adımını oluşturmaktadır.
587,183,Beyoğlu'nun arka sokaklarındaki kovalamaca ve baskın sahneleri filmin İstanbul bölümünün aksiyon yoğun sekanslarını oluşturmaktadır.
587,72,Amsterdam Şehir Merkezi'ndeki sahne operasyonun Avrupa ayağını aktaran uluslararası lokasyon bölümünü oluşturmaktadır.
589,191,Cihangir'deki sahne iki karakterin Pazar günleri sıkışıp kaldığı apartman dairesindeki kapışmayı aktarmaktadır.
589,183,Beyoğlu sokaklarındaki sahne karakterlerin birbirinden kaçmaya çalıştığı komedi sekanslarını içermektedir.
590,183,Film seti içinde film çeken sahne Beyoğlu'ndaki sinema stüdyosu yakınında çekilmiş olup meta bir anlatı yapısı sunmaktadır.
590,212,Karaköy'deki sahne karakterlerin proje planını aktardıkları toplantı sekansına ev sahipliği yapmaktadır.
591,246,Tarlabaşı'nın terk edilmiş binaları fantastik varlıkların ortaya çıktığı gerilim sahnelerinde temel mekân olarak kullanılmıştır.
591,183,Beyoğlu'ndaki sahne karakterlerin normal şehir yaşamından fantastik dünyaya geçişini simgeleyen açılış sekansını oluşturmaktadır.
595,183,Birbirine bağlanan hayatların geçtiği şehir sahneleri Beyoğlu'nda çekilmiş olup filmin dokunum noktalarını oluşturmaktadır.
595,259,Çengelköy'deki yalı sahnesinde karakterlerden birinin geçmiş hikayesi dramatik biçimde gün yüzüne çıkmaktadır.
594,183,Petrol zengini karakterlerin İstanbul'daki komedi sahneleri Beyoğlu çevresinde çekilmiştir.
598,191,Cihangir'deki dairede geçen psikolojik gerilim sahneleri polisin kimlik bunalımını anlatan iç mekân sekanslarını oluşturmaktadır.
598,183,Beyoğlu'ndaki sorgu ve sokak sahneleri karakterin dünyevî ve ahlaki çöküşünü çerçeveleyen dış mekân bölümlerini içermektedir.
600,197,Postacı Musa'nın mektupları dağıttığı mahalle sahneleri Fatih'in geleneksel apartman dokusunda çekilmiştir.
600,183,Beyoğlu'ndaki sahne Musa'nın şehrin kalabalığıyla komik biçimde boğuştuğu sekansları içermektedir.
602,63,Filmin büyük bölümü Eskişehir'de çekilmiş olup Odunpazarı'nın tarihi renkli evleri müzisyenlerin anlatısına özgün bir arka plan sunmaktadır.
602,183,İstanbul'daki sahne müzik endüstrisiyle hesaplaşmanın yaşandığı gerilimli bir bölümü oluşturmaktadır.
609,93,Maldivler'deki Robinson ve Fun adalarında çekilen ıssız ada sahneleri filmin büyük bölümünü oluşturmakta ve seyirciye egzotik bir macera sunmaktadır.
609,214,Kilyos'taki kısa sahne Recep'in İstanbul'da mahalledeki futbol sahasını kurtarmak için mücadele ettiği açılış bölümünü içermektedir.
609,183,Beyoğlu çevresindeki mahalle sahneleri Recep İvedik'in yaşadığı semtin gündelik hayatını yansıtmaktadır.
610,263,Üsküdar sokaklarındaki sahne Recep'in mahalle dostu İsmet'in cenazesine gittiği duygusal açılış sekansını içermektedir.
610,206,Kadıköy'deki sahne sporcu kafilesinin İstanbul'dan hareket etmeden önceki hazırlık bölümünü oluşturmaktadır.
610,37,Antalya Belek'teki Gloria Sports Arena'da çekilen spor sahneleri filmin atletizm ve güreş müsabakaları bölümünü oluşturmaktadır.
611,263,Recep'in mahallesindeki semt sahnelerinin büyük bölümü Üsküdar'da çekilmiştir.
611,206,Kadıköy'deki sahne altıncı filmin İstanbul bölümündeki günlük hayat kesitlerini aktarmaktadır.
612,263,Yedinci filmin mahalle ve komşuluk sahneleri serinin yerleşik lokasyonu olan Üsküdar'da çekilmiştir.
612,183,Beyoğlu'ndaki sahne Recep'in şehrin farklı bir köşesindeki komedi macerasını aktaran sekansı içermektedir.
616,183,Kovboy şapkalı Ringo Kazım'ın İstanbul sokaklarındaki aksiyon-komedi sahneleri Beyoğlu'nda çekilmiştir.
616,197,Fatih'teki arka mahalle sahneleri karakterin rakipleriyle hesaplaştığı dövüş ve kovalamaca sekanslarını içermektedir.
620,183,Rüzgar temalı dram sahnelerinin geçtiği şehir bölümü Beyoğlu sokaklarında çekilmiştir.
627,183,Milyonere dönen karakterlerin şehirdeki çılgın harcama ve komedi sahneleri Beyoğlu'nda çekilmiştir.
627,197,Fatih'teki mahalle sahneleri zenginliğin öncesindeki sıradan hayatı aktaran açılış bölümünü oluşturmaktadır.
646,183,Komedi aksiyon sekanslarının büyük bölümü Beyoğlu'nun kalabalık sokaklarında çekilmiştir.
657,183,Dayının İstanbul'daki sürpriz ziyaretini anlatan açılış sahneleri Beyoğlu'nda çekilmiştir.
657,206,Kadıköy'deki sahne yeğenin dayısıyla vapur iskelesinde buluştuğu duygusal karşılaşma anını içermektedir.
693,183,Sınav öncesindeki hazırlık ve gerilim sahneleri Beyoğlu'ndaki dershaneler çevresinde çekilmiştir.
660,183,Sihirbazlık öğrencisinin İstanbul'daki ilk maceraları Beyoğlu sokaklarında başlamaktadır.
670,193,Eminönü Meydanı'nda kurulan pazar seti Bond'un kovalamaca sahnesi için 250 dükkan ve tezgahla dekore edilerek filmin açılış sekansına zemin hazırlamıştır.
670,210,Kapalıçarşı çatılarındaki motosiklet kovalamaca sahnesi filmin en ikonik ve teknik açıdan en zorlu sekansını oluşturmaktadır.
670,11,Varda Viyadüğü üzerinde çekilen tren dövüşü sahnesi filmin Türkiye bölümündeki doruk noktasını ve en tehlikeli stunts'larını barındırmaktadır.
677,183,Türkan Şoray'ın canlandırdığı Sultan karakterinin İstanbul maceralarının geçtiği sokak sahneleri Beyoğlu'nda çekilmiştir.
677,197,Fatih'teki mahalle ortamı Sultan'ın çevresindeki komşuluk ilişkilerini ve dönemin sosyal dokusunu yansıtmaktadır.
685,183,Türk-İtalyan ortak yapımının İstanbul bölümündeki sahneler Beyoğlu çevresinde çekilmiştir.
689,183,Süt kardeşlerin İstanbul'da birbirini tanıdığı açılış sahneleri Beyoğlu'ndaki kalabalık ortamda geçmektedir.
689,197,Fatih'teki mahalle sahneleri iki karakterin birbirinden habersiz aynı mahalleye taşındığı komedi sekansını oluşturmaktadır.
893,183,Macera ve gerilimin yaşandığı şehir dışı sekanslar öncesinde geçen hazırlık sahneleri Beyoğlu'nda çekilmiştir.
897,183,Zeki ve Metin ikilisinin şehirdeki komedi maceraları Beyoğlu sokaklarında başlamaktadır.
897,197,Fatih'teki çarşı ve esnaf sahneleri ikilinin sıradan İstanbul mahallesi hayatına dair sekansları içermektedir.
899,234,Salacak İskelesi'ndeki açılış sahnesi Poirot'nun Üsküdar'dan Şark Ekspresi'ne geçiş hazırlığını aktarmakta olup 1970'lerin İstanbul'unu belgeleyen tarihi görüntüler içermektedir.
899,238,Sirkeci Garı'ndaki sahne Şark Ekspresi'nin ihtişamlı hareket törenini ve yolcuların trene binişini aktaran açılış sekansının ikinci durağını oluşturmaktadır.
901,183,Şaşkın damadın ailesinden kaçıp İstanbul sokaklarına daldığı komedi kovalamaca sahneleri Beyoğlu'nda çekilmiştir.
901,197,Fatih'teki ev ve mahalle sahneleri nişan ve düğün hazırlıklarının yaşandığı bölümü oluşturmaktadır.
904,183,Şekerpare karakterlerinin birbirini takip ettiği komedi sahneleri Beyoğlu'nun işlek caddelerinde çekilmiştir.
904,197,Fatih'teki mahalle sahneleri karakterlerin geleneksel çevresi içindeki ilişkilerini aktaran ev ve sokak sekanslarını içermektedir.
906,183,Şendul Şaban'ın şehirdeki esnaf ilişkilerini aktaran komedi sahneleri Beyoğlu çevresinde çekilmiştir.
906,197,Fatih'teki mahalle ortamı Şaban'ın çevresindeki komşuluk dinamiklerini yansıtan iç ve dış mekan sekanslarını içermektedir.
694,233,Mahsun'un geceleri araba çalıp sabaha kadar gezdiği sokaklar ve kale duvarları Rumelihisarı'nda çekilmiştir.
694,172,Bebek sahilindeki Reis'in balıkçı teknesi sahneleri Mahsun'un en yakın dostluğunu aktaran sıcak sekansları içermektedir.
694,201,Galata Köprüsü'nün altındaki sahne evsiz Mahsun'un Boğaz'a baktığı ve hayalini kurduğu yalnızlık sekansını oluşturmaktadır.
695,169,Balat'ın tarihi sokaklarındaki kovalamaca sahneleri filmin İstanbul bölümünün en yoğun aksiyon sekanslarını içermektedir.
695,204,Haydarpaşa Garı'ndaki kaçış sahnesi Bryan Mills'in kaçırılan karısının izini sürdüğü kritik bölümü oluşturmaktadır.
695,212,Karaköy'deki çatı koşusu ve dar sokak sahneleri yönetmenin şehrin tüm semtlerini bizzat keşfederek seçtiği lokasyonlardandır.
696,183,Talihli amele karakterinin İstanbul'a çalışmaya geldiği açılış sahneleri Beyoğlu çevresinde çekilmiştir.
696,197,Fatih'teki inşaat alanı yakınlarındaki sahneler işçi sınıfının gündelik mücadelesini aktarmaktadır.
704,183,Öğretmenin taşra okulundan İstanbul'a gelişini anlatan sahneler Beyoğlu'nda çekilmiştir.
706,183,Taşından toprağından altın beklentisiyle İstanbul'a gelen karakterlerin şehirle çatıştığı sahneler Beyoğlu'nda geçmektedir.
706,197,Fatih'teki mahalle sahneleri yeni gelenlerin geleneksel İstanbul dokusuna uyum sürecini aktarmaktadır.
700,183,Tatlı dilli karakterin şehirdeki komedi maceraları Beyoğlu sokaklarının kalabalık atmosferinde çekilmiştir.
709,201,Galata Köprüsü üzerinde yüzük bulan İsa'nın Juli ile ilk mistik bağlantısını simgeleyen sahne filmin açılış sekansını oluşturmaktadır.
709,183,İsa'nın İstanbul'daki gündelik yaşam ve ayrılık sahneleri Beyoğlu'nda çekilmiştir.
709,158,Rodos Adası'nın tarihi limanındaki sahne İsa'nın yüzüğün sahibiyle buluştuğu romantik doruk noktasını oluşturmaktadır.
717,241,Sultanahmet Meydanı'nın yoğun turist ortamı karakterin kimliğinin çalındığı açılış sahnesine zemin hazırlamaktadır.
717,210,Kapalıçarşı'daki kovalamaca sahnesi sahte kimlikle yaşayan karakterin maskesinin düşmeye başladığı gerilimli sekansı içermektedir.
717,183,Beyoğlu'ndaki aksiyon sahneleri karakterin gerçek kimliğini kanıtlamaya çalıştığı kritik bölümü oluşturmaktadır.
720,247,Topkapı Sarayı'ndaki hazine bölümü soygun planının tüm ayrıntılarıyla kurulduğu ve filmin odak noktasını oluşturan ana mekândır.
720,241,Sultanahmet Meydanı'nın geniş coğrafyası soygun öncesi gözetleme sahnelerinin ikonik arka planını sunmaktadır.
724,183,Turist Ömer'in uzay yolcularıyla tanışmadan önceki İstanbul sahneleri Beyoğlu çevresinde çekilmiştir.
733,247,Topkapı Sarayı avlularındaki sahne filmin İstanbul bölümünde uluslararası bankacılık krizini ele alan gerilim sekansının kilit noktasını oluşturmaktadır.
733,200,Galata Kulesi'nin ihtişamlı silüetinin kullanıldığı sahne filmin İstanbul görsel kimliğini pekiştiren panoramik açılış sekansında yer almaktadır.
735,183,Umut sokaklarının geçtiği şehir sahneleri Beyoğlu'nun arka meydanlarında ve pasajlarında çekilmiştir.
735,197,Fatih'teki yoksul mahalle dokusu karakterlerin yaşam mücadelesini ve dayanışmasını aktaran dış mekan sekanslarında kullanılmıştır.
741,183,Gazetecinin şehirdeki muhabir koşturmacasını anlatan sahneler Beyoğlu çevresinde çekilmiştir.
741,197,Fatih'teki esnaf ve mahalle sahneleri karakterin haber peşinde koştuğu komedi sekanslarını içermektedir.
744,183,Uykucu'nun İstanbul'daki aksiyon sahnelerinin büyük bölümü Beyoğlu'nun sembolik sokaklarında geçmektedir.
745,191,Mahmut'un Cihangir'deki dairesinde çekilen iç mekan sahneleri Nuri Bilge Ceylan'ın kendi evini kullandığı ve filmin büyük bölümüne ev sahipliği yapan ana lokasyondur.
745,233,Yusuf'un gemi işi bulmak için Rumelihisarı kıyılarında dolaştığı sahne taşralı karakterin umut ve hayal kırıklığını en iyi özetleyen dış mekan sekansıdır.
745,212,Karaköy rıhtımındaki sahne Yusuf'un seyir defterini tuttuğu ve gemileri izleyerek hayalini beslediği melankolik kış görüntülerini içermektedir.
751,183,Valinin şehirdeki toplantı ve brifing sahneleri Beyoğlu'ndaki resmi çevre mekânlarında çekilmiştir.
766,89,Konya Ovası'nın engin bozkırında çekilen Vahşi Batı sahneleri filmin Western parodi atmosferini özgün bir Anadolu coğrafyasıyla buluşturmaktadır.
766,183,İstanbul'daki açılış sahneleri Ata ile Lemi'nin görev için yola çıkmadan önceki hazırlık sürecini aktarmaktadır.
768,183,Yakışıklı karakterinin şehirdeki komedi maceraları Beyoğlu sokaklarında çekilmiştir.
768,197,Fatih'teki mahalle sahneleri karakterin görünüşünün çevresindeki insanlar üzerindeki komik etkisini aktarmaktadır.
773,183,Haluk Bilginer ve Feyyaz Yiğit'in canlandırdığı karakterlerin yan yana yaşadığı komedi dram sahneleri Beyoğlu'nda çekilmiştir.
781,183,Yarım kalan mutluluğun peşindeki karakterlerin İstanbul'daki romantik buluşma sahneleri Beyoğlu sokaklarında çekilmiştir.
781,197,Fatih'teki mahalle ortamı sevgililerin ailelerinin geleneksel çevresiyle çatışmasını aktaran ev ve sokak sekanslarını içermektedir.
795,191,Cihangir'deki daire sahneleri Yok Artık serisinin karakterlerinin bir araya geldiği sıradan ama beklenmedik komedi anlarını oluşturmaktadır.
795,183,Beyoğlu sokaklarındaki sahne karakterlerin şehirde birbirinden kaçmaya çalıştığı komedi kovalamaca sekansını içermektedir.
796,191,Cihangir'deki apartman dairesi sahnesinde sıradan bir günün aniden kontrolden çıktığı açılış sekansı çekilmiştir.
796,183,Beyoğlu'nun kalabalık sokak ve kafelerindeki sahneler karakterlerin giderek büyüyen kaosu kontrol etmeye çalıştığı bölümleri oluşturmaktadır.
797,272,Şişli'deki iş merkezi ve ofis sahneleri Mazhar'ın tekstil imparatorluğunu yönettiği soğuk ve prestijli iş ortamını yansıtmaktadır.
797,183,Kazanın gerçekleştiği Beyoğlu sokak sahnesi Mazhar'ın hayata bakışını kökten değiştiren dönüm noktasını oluşturmaktadır.
805,183,Yüz lirayla evlenmeye çalışan karakterlerin İstanbul'daki komedi sahneleri Beyoğlu'nun canlı mahalle dokusunda çekilmiştir.
805,197,Fatih'teki ev ve aile sahneleri karakterlerin sınırlı bütçeyle büyük düğün hazırlığı yapmasının yarattığı komedi ortamını aktarmaktadır.
424,233,Tarkan serisinin kale sahneleri Rumelihisarı'nda çekilmiş olup Osmanlı kalesinin yüksek surları dönemin fantastik atmosferini güçlendirmiştir.
424,104,Tarkan Altın Madalyon filminin kale sahneleri Bodrum Kalesi'nde çekilmiş ve Ege'nin mavi suları epik arka planı oluşturmuştur.
424,63,Tarkan Gümüş Eyer filminin Yazılıkaya Midas Anıtı çevresindeki sahneleri Eskişehir'de çekilmiş olup tarihi kaya oyma anıt seti doğal bir stüdyo işlevi görmüştür.
